posicion,columna,nombre,grupo,importancia
1,f739,header.characteristics.DLL,header,0.06496775356812605
2,f2478,authenticode.latest_signing_time,authenticode,0.04855311158757211
3,f2276,exports.has_exports,exports,0.03431840049041498
4,f2547,pefilewarnings.w67_Suspicious flags set for section,pefilewarnings,0.03299980762411691
5,f2474,authenticode.empty_program_name,authenticode,0.018374027464454826
6,f2437,datadirectories.has_relocs,datadirectories,0.018314616400226833
7,f743,header.dll_characteristics.DYNAMIC_BASE,header,0.014419534448174553
8,f745,header.dll_characteristics.NX_COMPAT,header,0.01379564982660338
9,f993,section.overlay.entropy,section,0.01362454116563032
10,f2477,authenticode.chain_max_depth,authenticode,0.01271377821194057
11,f2546,pefilewarnings.w66_SizeOfHeaders is smaller than AddressOfE,pefilewarnings,0.010939572149707593
12,f726,header.characteristics.RELOCS_STRIPPED,header,0.010128556616783572
13,f728,header.characteristics.LINE_NUMS_STRIPPED,header,0.008712471675295066
14,f729,header.characteristics.LOCAL_SYMS_STRIPPED,header,0.008600671775061535
15,f518,byteentropy.entropia15_byte15,byteentropy,0.008203884780944293
16,f517,byteentropy.entropia15_byte14,byteentropy,0.00786544389902055
17,f752,header.dll_characteristics.TERMINAL_SERVER_AWARE,header,0.007470504176044666
18,f515,byteentropy.entropia15_byte12,byteentropy,0.007461455082114384
19,f2480,pefilewarnings.w00_AddressOfEntryPoint lies outside the sec,pefilewarnings,0.007452256109780014
20,f992,section.overlay.size_ratio,section,0.006924404064606819
21,f507,byteentropy.entropia15_byte04,byteentropy,0.0065702618298040935
22,f514,byteentropy.entropia15_byte11,byteentropy,0.006165820882538984
23,f747,header.dll_characteristics.NO_SEH,header,0.006069570002359836
24,f513,byteentropy.entropia15_byte10,byteentropy,0.005953313891179901
25,f508,byteentropy.entropia15_byte05,byteentropy,0.005894385603351001
26,f2472,authenticode.num_certs,authenticode,0.005670640319899244
27,f504,byteentropy.entropia15_byte01,byteentropy,0.0055798290377846674
28,f512,byteentropy.entropia15_byte09,byteentropy,0.005542042974386303
29,f511,byteentropy.entropia15_byte08,byteentropy,0.005210914563428574
30,f2263,imports.func_hash_1011,imports,0.004831338664646008
31,f505,byteentropy.entropia15_byte02,byteentropy,0.00470464812642947
32,f506,byteentropy.entropia15_byte03,byteentropy,0.004614013317198757
33,f479,byteentropy.entropia13_byte08,byteentropy,0.004195248848175938
34,f1612,imports.func_hash_0360,imports,0.003870761375979587
35,f516,byteentropy.entropia15_byte13,byteentropy,0.003624445656873027
36,f2520,pefilewarnings.w40_Imported symbols contain entries typical,pefilewarnings,0.0035086775288527194
37,f2567,pefilewarnings.n_warnings,pefilewarnings,0.003295199417794763
38,f509,byteentropy.entropia15_byte06,byteentropy,0.00322446970463535
39,f510,byteentropy.entropia15_byte07,byteentropy,0.0031917265533479653
40,f503,byteentropy.entropia15_byte00,byteentropy,0.002922068337430812
41,f775,section.max_entropy,section,0.0029027769376553363
42,f471,byteentropy.entropia13_byte00,byteentropy,0.0027879897615896315
43,f1,general.entropy,general,0.0027303789431939994
44,f595,strings.printabledist_73_'i',strings,0.002206924154169775
45,f2417,datadirectories.DEBUG.size,datadirectories,0.0021871498046920033
46,f7,histogram.byte_0x00,histogram,0.0021170092274710854
47,f982,section.entry_hash_01,section,0.00201239392119828
48,f886,section.entropy_hash_05,section,0.0019459391874500117
49,f751,header.dll_characteristics.GUARD_CF,header,0.0019435155423642265
50,f123,histogram.byte_0x74,histogram,0.0019174139974807304
51,f472,byteentropy.entropia13_byte01,byteentropy,0.0019073776878105423
52,f475,byteentropy.entropia13_byte04,byteentropy,0.001885038952736675
53,f981,section.entry_hash_00,section,0.0018099080312656488
54,f2479,authenticode.signing_time_diff,authenticode,0.0017887364277315483
55,f2413,datadirectories.SECURITY.size,datadirectories,0.0017419486450903866
56,f618,strings.entropy,strings,0.0017313103221872031
57,f967,section.props_hash_36,section,0.0017110001241469174
58,f146,histogram.byte_0x8B,histogram,0.0016565848915733826
59,f2473,authenticode.self_signed,authenticode,0.0016434925027423524
60,f1004,imports.lib_hash_008,imports,0.0016403923075136184
61,f702,header.optional.subsystem,header,0.001632300425911832
62,f734,header.characteristics.32BIT_MACHINE,header,0.0016095268875339615
63,f706,header.optional.minor_linker_version,header,0.0015391168971556806
64,f774,section.n_w,section,0.0015343159705083472
65,f979,section.props_hash_48,section,0.0014896912330663
66,f112,histogram.byte_0x69,histogram,0.0014849424874517102
67,f483,byteentropy.entropia13_byte12,byteentropy,0.0013751873894679307
68,f485,byteentropy.entropia13_byte14,byteentropy,0.0013499310435416752
69,f1000,imports.lib_hash_004,imports,0.0013450136907771125
70,f1113,imports.lib_hash_117,imports,0.001344789151621306
71,f601,strings.printabledist_79_'o',strings,0.0013244047840957947
72,f731,header.characteristics.LARGE_ADDRESS_AWARE,header,0.001318237090584558
73,f476,byteentropy.entropia13_byte05,byteentropy,0.0012699143292963068
74,f989,section.entry_hash_08,section,0.0012698122204348216
75,f1026,imports.lib_hash_030,imports,0.00126614992419036
76,f2212,imports.func_hash_0960,imports,0.0012600850094569233
77,f895,section.entropy_hash_14,section,0.0012395596012331933
78,f8,histogram.byte_0x01,histogram,0.0012338171632970381
79,f1096,imports.lib_hash_100,imports,0.0012299985722844635
80,f2483,pefilewarnings.w03_Corrupt header,pefilewarnings,0.0012251769336934688
81,f2561,pefilewarnings.w81_SizeOfRawData is larger than file.,pefilewarnings,0.001200088025517555
82,f82,histogram.byte_0x4B,histogram,0.0011932562284833826
83,f947,section.props_hash_16,section,0.0011845923973355628
84,f1028,imports.lib_hash_032,imports,0.0011837168366614957
85,f2532,pefilewarnings.w52_Invalid resources directory. Can't parse,pefilewarnings,0.001180707460054563
86,f707,header.optional.major_operating_system_version,header,0.0011693183542572068
87,f1048,imports.lib_hash_052,imports,0.001167422479654498
88,f2484,pefilewarnings.w04_Damaged Import Table information,pefilewarnings,0.0011614132328729525
89,f696,header.coff.timestamp,header,0.0011610439030482168
90,f604,strings.printabledist_82_'r',strings,0.0011550173771120856
91,f2497,pefilewarnings.w17_Error parsing the import table. Invalid ,pefilewarnings,0.0011524885886184976
92,f1970,imports.func_hash_0718,imports,0.001151933714255498
93,f924,section.entropy_hash_43,section,0.0011401868024954083
94,f209,histogram.byte_0xCA,histogram,0.001132953279585499
95,f1498,imports.func_hash_0246,imports,0.0011230861356072701
96,f1285,imports.func_hash_0033,imports,0.001119264895700716
97,f1469,imports.func_hash_0217,imports,0.0011023296578104456
98,f606,strings.printabledist_84_'t',strings,0.0010937014915438697
99,f922,section.entropy_hash_41,section,0.001086724204713002
100,f391,byteentropy.entropia08_byte00,byteentropy,0.0010722300549943376
101,f957,section.props_hash_26,section,0.001071532166259396
102,f742,header.dll_characteristics.HIGH_ENTROPY_VA,header,0.001062848215826997
103,f1350,imports.func_hash_0098,imports,0.0010475579557232796
104,f1785,imports.func_hash_0533,imports,0.0010475429675944684
105,f2001,imports.func_hash_0749,imports,0.0010455631858243466
106,f773,section.n_rx,section,0.0010396619257650305
107,f487,byteentropy.entropia14_byte00,byteentropy,0.001026336709547509
108,f1390,imports.func_hash_0138,imports,0.0010199212051181605
109,f2559,pefilewarnings.w79_PointerToRawData points beyond the end o,pefilewarnings,0.0010185117627036528
110,f1569,imports.func_hash_0317,imports,0.00101433329082619
111,f963,section.props_hash_32,section,0.0010134734270297067
112,f709,header.optional.major_subsystem_version,header,0.0010084873084923547
113,f150,histogram.byte_0x8F,histogram,0.001002199032991956
114,f1506,imports.func_hash_0254,imports,0.0009979070621831169
115,f1343,imports.func_hash_0091,imports,0.0009806175202466169
116,f1994,imports.func_hash_0742,imports,0.0009764633739207356
117,f121,histogram.byte_0x72,histogram,0.0009758846098792501
118,f932,section.props_hash_01,section,0.0009738124226378435
119,f1773,imports.func_hash_0521,imports,0.0009736588228002652
120,f117,histogram.byte_0x6E,histogram,0.000962022592882459
121,f263,byteentropy.entropia00_byte00,byteentropy,0.0009616992304777729
122,f2553,pefilewarnings.w73_Too many errors parsing the import direc,pefilewarnings,0.0009600609313378441
123,f173,histogram.byte_0xA6,histogram,0.0009498597529089917
124,f1611,imports.func_hash_0359,imports,0.0009459913805050851
125,f919,section.entropy_hash_38,section,0.0009332299132012256
126,f375,byteentropy.entropia07_byte00,byteentropy,0.0009244306669697993
127,f735,header.characteristics.DEBUG_STRIPPED,header,0.0009128875416665186
128,f118,histogram.byte_0x6F,histogram,0.0009128783928754031
129,f705,header.optional.major_linker_version,header,0.0009117480680654968
130,f591,strings.printabledist_69_'e',strings,0.0008996749972047953
131,f571,strings.printabledist_49_'Q',strings,0.0008957897770946683
132,f478,byteentropy.entropia13_byte07,byteentropy,0.0008888359379964258
133,f1910,imports.func_hash_0658,imports,0.0008883195802856433
134,f565,strings.printabledist_43_'K',strings,0.0008753380769711586
135,f181,histogram.byte_0xAE,histogram,0.0008738632542131308
136,f948,section.props_hash_17,section,0.0008728386916391479
137,f616,strings.printabledist_94_'~',strings,0.000871736410850984
138,f2516,pefilewarnings.w36_Failed to process directory,pefilewarnings,0.0008685684979033455
139,f701,header.coff.machine,header,0.0008644023463511315
140,f2081,imports.func_hash_0829,imports,0.0008623827566877977
141,f1143,imports.lib_hash_147,imports,0.0008569719497352458
142,f596,strings.printabledist_74_'j',strings,0.0008523640892349141
143,f148,histogram.byte_0x8D,histogram,0.0008520303385555727
144,f1891,imports.func_hash_0639,imports,0.0008497670970800199
145,f153,histogram.byte_0x92,histogram,0.0008488320864213317
146,f81,histogram.byte_0x4A,histogram,0.0008273744518791546
147,f1873,imports.func_hash_0621,imports,0.0008209545903418972
148,f2439,richheader.n_pairs,richheader,0.000819642520444052
149,f176,histogram.byte_0xA9,histogram,0.000816883614627778
150,f1236,imports.lib_hash_240,imports,0.0008166172517399432
151,f486,byteentropy.entropia13_byte15,byteentropy,0.0008099869303738552
152,f493,byteentropy.entropia14_byte06,byteentropy,0.0008008909438202657
153,f23,histogram.byte_0x10,histogram,0.0007990283008222331
154,f2022,imports.func_hash_0770,imports,0.000796568128959526
155,f1039,imports.lib_hash_043,imports,0.0007964696960397821
156,f600,strings.printabledist_78_'n',strings,0.0007937772657121611
157,f579,strings.printabledist_57_'Y',strings,0.0007888851379516022
158,f108,histogram.byte_0x65,histogram,0.000786958104042166
159,f1729,imports.func_hash_0477,imports,0.0007855012581763635
160,f923,section.entropy_hash_42,section,0.0007764859210044253
161,f474,byteentropy.entropia13_byte03,byteentropy,0.000768609203752407
162,f2048,imports.func_hash_0796,imports,0.0007641067918547057
163,f943,section.props_hash_12,section,0.0007640286342962363
164,f1452,imports.func_hash_0200,imports,0.0007625094629163427
165,f1852,imports.func_hash_0600,imports,0.000748233164205427
166,f991,section.overlay.size,section,0.0007377589006905106
167,f1759,imports.func_hash_0507,imports,0.0007374855036009559
168,f2274,imports.func_hash_1022,imports,0.0007358930519087589
169,f2241,imports.func_hash_0989,imports,0.0007338042641320824
170,f1902,imports.func_hash_0650,imports,0.0007325578441867219
171,f1104,imports.lib_hash_108,imports,0.0007267730740171505
172,f1459,imports.func_hash_0207,imports,0.0007249489515138849
173,f1440,imports.func_hash_0188,imports,0.0007204333960667519
174,f1651,imports.func_hash_0399,imports,0.0007201486675796539
175,f1197,imports.lib_hash_201,imports,0.0007195790484221413
176,f941,section.props_hash_10,section,0.0007189440003817671
177,f1049,imports.lib_hash_053,imports,0.0007183929457257413
178,f473,byteentropy.entropia13_byte02,byteentropy,0.0007138087833821328
179,f1534,imports.func_hash_0282,imports,0.0007127972690107378
180,f161,histogram.byte_0x9A,histogram,0.0007096818662535274
181,f664,strings.count_http://,strings,0.0007052234329561758
182,f1227,imports.lib_hash_231,imports,0.0006989473472753409
183,f975,section.props_hash_44,section,0.0006924314784468945
184,f1864,imports.func_hash_0612,imports,0.0006924068616822297
185,f2121,imports.func_hash_0869,imports,0.0006920436966889449
186,f229,histogram.byte_0xDE,histogram,0.0006859688664171334
187,f15,histogram.byte_0x08,histogram,0.0006849460822474373
188,f2237,imports.func_hash_0985,imports,0.0006774836706131146
189,f589,strings.printabledist_67_'c',strings,0.0006739069497725319
190,f2178,imports.func_hash_0926,imports,0.0006690461553587704
191,f1365,imports.func_hash_0113,imports,0.0006645990585452912
192,f182,histogram.byte_0xAF,histogram,0.0006551896208481723
193,f612,strings.printabledist_90_'z',strings,0.0006528112759111162
194,f913,section.entropy_hash_32,section,0.0006526618812697881
195,f2128,imports.func_hash_0876,imports,0.0006510597750166306
196,f1504,imports.func_hash_0252,imports,0.000650389003263992
197,f439,byteentropy.entropia11_byte00,byteentropy,0.0006473522291312359
198,f489,byteentropy.entropia14_byte02,byteentropy,0.0006466693143799114
199,f1571,imports.func_hash_0319,imports,0.0006436643481116713
200,f523,strings.printabledist_01_'!',strings,0.0006397163009992815
201,f564,strings.printabledist_42_'J',strings,0.0006384813879474244
202,f722,header.optional.image_base,header,0.0006331214481316919
203,f1664,imports.func_hash_0412,imports,0.0006300058869613562
204,f1713,imports.func_hash_0461,imports,0.0006283083551067968
205,f1215,imports.lib_hash_219,imports,0.0006257196066697233
206,f1888,imports.func_hash_0636,imports,0.0006256485918531773
207,f1848,imports.func_hash_0596,imports,0.0006219261135613469
208,f1125,imports.lib_hash_129,imports,0.0006216279421608035
209,f1362,imports.func_hash_0110,imports,0.00061940626022586
210,f586,strings.printabledist_64_'`',strings,0.0006190685790636828
211,f2026,imports.func_hash_0774,imports,0.0006116557453271785
212,f1532,imports.func_hash_0280,imports,0.0006083559671747887
213,f1474,imports.func_hash_0222,imports,0.0006081054468193007
214,f1855,imports.func_hash_0603,imports,0.0006044817233678335
215,f382,byteentropy.entropia07_byte07,byteentropy,0.000604114954152111
216,f2235,imports.func_hash_0983,imports,0.0005979135733466028
217,f239,histogram.byte_0xE8,histogram,0.0005954615805197802
218,f1305,imports.func_hash_0053,imports,0.0005896294300948668
219,f1620,imports.func_hash_0368,imports,0.0005887181886308588
220,f2425,datadirectories.LOAD_CONFIG.size,datadirectories,0.0005877548413785894
221,f1687,imports.func_hash_0435,imports,0.0005867904787196824
222,f1464,imports.func_hash_0212,imports,0.0005842331747232249
223,f1728,imports.func_hash_0476,imports,0.0005839321915141363
224,f1268,imports.func_hash_0016,imports,0.0005832633416995376
225,f1567,imports.func_hash_0315,imports,0.000580971752827662
226,f1619,imports.func_hash_0367,imports,0.0005807485952605946
227,f699,header.coff.sizeof_optional_header,header,0.000580640973383576
228,f2147,imports.func_hash_0895,imports,0.0005796216601906258
229,f1989,imports.func_hash_0737,imports,0.0005769043003469956
230,f488,byteentropy.entropia14_byte01,byteentropy,0.0005730725945052046
231,f1833,imports.func_hash_0581,imports,0.0005720364691728593
232,f937,section.props_hash_06,section,0.0005713340991516956
233,f2037,imports.func_hash_0785,imports,0.0005710644882626702
234,f603,strings.printabledist_81_'q',strings,0.0005709019854753663
235,f969,section.props_hash_38,section,0.0005690509870469581
236,f104,histogram.byte_0x61,histogram,0.0005689030956538944
237,f994,imports.n_imports,imports,0.0005687363229794361
238,f2499,pefilewarnings.w19_Error parsing the resources directory. T,pefilewarnings,0.0005675444139260337
239,f529,"strings.printabledist_07_""'""",strings,0.000566985849701414
240,f2172,imports.func_hash_0920,imports,0.0005655179147876215
241,f1998,imports.func_hash_0746,imports,0.0005585799691111105
242,f1810,imports.func_hash_0558,imports,0.0005572980566235252
243,f1176,imports.lib_hash_180,imports,0.000555093013779791
244,f238,histogram.byte_0xE7,histogram,0.0005547213721953851
245,f2167,imports.func_hash_0915,imports,0.0005536092208762586
246,f46,histogram.byte_0x27,histogram,0.0005522726852132882
247,f230,histogram.byte_0xDF,histogram,0.0005522442352659572
248,f2269,imports.func_hash_1017,imports,0.0005519485350254372
249,f587,strings.printabledist_65_'a',strings,0.0005514776282556923
250,f1641,imports.func_hash_0389,imports,0.0005513947260731071
251,f1467,imports.func_hash_0215,imports,0.0005450026061778736
252,f2537,pefilewarnings.w57_Overlapping offsets in relocation data,pefilewarnings,0.0005442815052306584
253,f2211,imports.func_hash_0959,imports,0.0005401244372745425
254,f379,byteentropy.entropia07_byte04,byteentropy,0.0005389536719801308
255,f1626,imports.func_hash_0374,imports,0.00053691459717325
256,f144,histogram.byte_0x89,histogram,0.0005367378044477522
257,f380,byteentropy.entropia07_byte05,byteentropy,0.0005363734487581401
258,f2423,datadirectories.TLS.size,datadirectories,0.0005360003663402826
259,f1546,imports.func_hash_0294,imports,0.0005334277356511387
260,f1351,imports.func_hash_0099,imports,0.0005319144486261265
261,f1395,imports.func_hash_0143,imports,0.0005304732913797633
262,f40,histogram.byte_0x21,histogram,0.0005280463499988157
263,f2433,datadirectories.COM_DESCRIPTOR.size,datadirectories,0.0005268466698105428
264,f771,section.n_zero_size,section,0.0005267937535112805
265,f1383,imports.func_hash_0131,imports,0.0005254428832722255
266,f228,histogram.byte_0xDD,histogram,0.0005253850241071673
267,f964,section.props_hash_33,section,0.0005253342205969579
268,f129,histogram.byte_0x7A,histogram,0.0005242674824130461
269,f956,section.props_hash_25,section,0.0005233664863044218
270,f1622,imports.func_hash_0370,imports,0.0005227979755402812
271,f539,strings.printabledist_17_'1',strings,0.0005225236498563319
272,f2219,imports.func_hash_0967,imports,0.0005220690779075826
273,f692,strings.count_url,strings,0.0005201827223506462
274,f10,histogram.byte_0x03,histogram,0.0005190522193663279
275,f381,byteentropy.entropia07_byte06,byteentropy,0.0005183706427777216
276,f2109,imports.func_hash_0857,imports,0.0005156441200664753
277,f490,byteentropy.entropia14_byte03,byteentropy,0.0005112805855262576
278,f494,byteentropy.entropia14_byte07,byteentropy,0.0005106307150653922
279,f2082,imports.func_hash_0830,imports,0.0005095029000713511
280,f2138,imports.func_hash_0886,imports,0.0005090915984402617
281,f2073,imports.func_hash_0821,imports,0.0005080836658909224
282,f933,section.props_hash_02,section,0.0005076873504763313
283,f770,section.n_sections,section,0.0005049766975945935
284,f2047,imports.func_hash_0795,imports,0.0005040538871316824
285,f577,strings.printabledist_55_'W',strings,0.0005012031309237873
286,f1526,imports.func_hash_0274,imports,0.000500142880767922
287,f170,histogram.byte_0xA3,histogram,0.0004984890480296637
288,f608,strings.printabledist_86_'v',strings,0.0004951506757265808
289,f163,histogram.byte_0x9C,histogram,0.000494864522750925
290,f128,histogram.byte_0x79,histogram,0.0004944253129110923
291,f944,section.props_hash_13,section,0.000494234682604546
292,f2482,pefilewarnings.w02_Byte 0x,pefilewarnings,0.0004928551197053297
293,f178,histogram.byte_0xAB,histogram,0.0004926176308291047
294,f769,header.dos.e_lfanew,header,0.0004915454027028415
295,f1776,imports.func_hash_0524,imports,0.0004907523634220814
296,f712,header.optional.sizeof_headers,header,0.0004902767381136243
297,f1348,imports.func_hash_0096,imports,0.0004889858161452876
298,f2414,datadirectories.SECURITY.rva,datadirectories,0.00048718524167677533
299,f122,histogram.byte_0x73,histogram,0.0004861477687414051
300,f248,histogram.byte_0xF1,histogram,0.00048490831600160676
301,f2253,imports.func_hash_1001,imports,0.000483111396281858
302,f130,histogram.byte_0x7B,histogram,0.0004829548823190313
303,f1742,imports.func_hash_0490,imports,0.00048166638891866074
304,f554,strings.printabledist_32_'@',strings,0.0004808998123869379
305,f1890,imports.func_hash_0638,imports,0.0004786085159436413
306,f1408,imports.func_hash_0156,imports,0.00047823540320830185
307,f2100,imports.func_hash_0848,imports,0.0004781244491172303
308,f1871,imports.func_hash_0619,imports,0.00047645239010809436
309,f609,strings.printabledist_87_'w',strings,0.0004703141342792964
310,f1614,imports.func_hash_0362,imports,0.0004683932058783423
311,f233,histogram.byte_0xE2,histogram,0.0004683916981343924
312,f1640,imports.func_hash_0388,imports,0.00046825547138300587
313,f1683,imports.func_hash_0431,imports,0.00046782650762746504
314,f174,histogram.byte_0xA7,histogram,0.0004676928879718024
315,f2513,pefilewarnings.w33_Failed parsing FunctionEntry of UNWIND_I,pefilewarnings,0.00046742210219986673
316,f113,histogram.byte_0x6A,histogram,0.0004657865466418768
317,f1715,imports.func_hash_0463,imports,0.0004654817903190364
318,f649,strings.count_dos_msg,strings,0.00046534348860951944
319,f165,histogram.byte_0x9E,histogram,0.0004646423671336645
320,f1981,imports.func_hash_0729,imports,0.00046416617169023317
321,f1324,imports.func_hash_0072,imports,0.0004633563955455931
322,f1803,imports.func_hash_0551,imports,0.00046313678862859716
323,f697,header.coff.number_of_sections,header,0.00046131625236452313
324,f2149,imports.func_hash_0897,imports,0.0004598723924542077
325,f1661,imports.func_hash_0409,imports,0.0004596019309360877
326,f1294,imports.func_hash_0042,imports,0.0004558482900205692
327,f1952,imports.func_hash_0700,imports,0.0004557226507088716
328,f593,strings.printabledist_71_'g',strings,0.00045501220321754086
329,f680,strings.count_privilege,strings,0.00045489954271855
330,f1264,imports.func_hash_0012,imports,0.00045403942804178853
331,f37,histogram.byte_0x1E,histogram,0.00045230334829159086
332,f1868,imports.func_hash_0616,imports,0.000451346308002854
333,f180,histogram.byte_0xAD,histogram,0.00045031332834835847
334,f1889,imports.func_hash_0637,imports,0.0004500543489697927
335,f2063,imports.func_hash_0811,imports,0.0004495862155621429
336,f566,strings.printabledist_44_'L',strings,0.00044905880049286845
337,f1898,imports.func_hash_0646,imports,0.000447942841697812
338,f164,histogram.byte_0x9D,histogram,0.0004471284770902529
339,f1453,imports.func_hash_0201,imports,0.0004469774292271283
340,f1942,imports.func_hash_0690,imports,0.00044536081582243815
341,f9,histogram.byte_0x02,histogram,0.00044513961478723587
342,f1867,imports.func_hash_0615,imports,0.00044507824859300253
343,f407,byteentropy.entropia09_byte00,byteentropy,0.00044368066909837746
344,f538,strings.printabledist_16_'0',strings,0.0004432975703023954
345,f413,byteentropy.entropia09_byte06,byteentropy,0.0004418971728494848
346,f1703,imports.func_hash_0451,imports,0.00044138501234933773
347,f484,byteentropy.entropia13_byte13,byteentropy,0.00044128245757151603
348,f999,imports.lib_hash_003,imports,0.0004393834291325215
349,f559,strings.printabledist_37_'E',strings,0.0004390444365601201
350,f198,histogram.byte_0xBF,histogram,0.00043864620912686226
351,f1598,imports.func_hash_0346,imports,0.00043680514766968493
352,f1544,imports.func_hash_0292,imports,0.0004359985013572137
353,f1576,imports.func_hash_0324,imports,0.0004335013207873031
354,f2275,imports.func_hash_1023,imports,0.0004332279266140787
355,f1766,imports.func_hash_0514,imports,0.00043302436602330705
356,f590,strings.printabledist_68_'d',strings,0.0004330230419405687
357,f2113,imports.func_hash_0861,imports,0.00043224084068489395
358,f480,byteentropy.entropia13_byte09,byteentropy,0.0004301207406322603
359,f1897,imports.func_hash_0645,imports,0.000429304016021734
360,f116,histogram.byte_0x6D,histogram,0.00042876946917386834
361,f412,byteentropy.entropia09_byte05,byteentropy,0.00042854606420098456
362,f1417,imports.func_hash_0165,imports,0.0004275477530652173
363,f1319,imports.func_hash_0067,imports,0.0004271287704618335
364,f613,strings.printabledist_91_'{',strings,0.0004256023431291424
365,f1333,imports.func_hash_0081,imports,0.0004255127594141987
366,f2059,imports.func_hash_0807,imports,0.0004218459337924998
367,f1304,imports.func_hash_0052,imports,0.0004211929165223292
368,f1047,imports.lib_hash_051,imports,0.00042104794302431025
369,f1562,imports.func_hash_0310,imports,0.0004194511011480977
370,f536,strings.printabledist_14_'.',strings,0.0004184101538119855
371,f2129,imports.func_hash_0877,imports,0.0004163956278647449
372,f13,histogram.byte_0x06,histogram,0.0004153051231138841
373,f974,section.props_hash_43,section,0.0004149315798833846
374,f2203,imports.func_hash_0951,imports,0.0004141243454223627
375,f1358,imports.func_hash_0106,imports,0.0004139400559005132
376,f398,byteentropy.entropia08_byte07,byteentropy,0.00041361499775522965
377,f723,header.optional.section_alignment,header,0.0004106486559218266
378,f1578,imports.func_hash_0326,imports,0.00041011047035347133
379,f605,strings.printabledist_83_'s',strings,0.0004087069215061068
380,f141,histogram.byte_0x86,histogram,0.0004081970508133777
381,f2215,imports.func_hash_0963,imports,0.00040779883842622993
382,f1592,imports.func_hash_0340,imports,0.0004071123718581262
383,f777,section.max_size_ratio,section,0.00040701875344084263
384,f2046,imports.func_hash_0794,imports,0.00040658662582541364
385,f246,histogram.byte_0xEF,histogram,0.00040602726616096533
386,f1818,imports.func_hash_0566,imports,0.00040460783347314654
387,f96,histogram.byte_0x59,histogram,0.00040426291456658383
388,f568,strings.printabledist_46_'N',strings,0.0004035003062592282
389,f1438,imports.func_hash_0186,imports,0.00040194578942583505
390,f1312,imports.func_hash_0060,imports,0.00040143455670148135
391,f533,strings.printabledist_11_'+',strings,0.00040118988065522635
392,f995,imports.n_libraries,imports,0.0004011880487514267
393,f560,strings.printabledist_38_'F',strings,0.0004009267195218999
394,f79,histogram.byte_0x48,histogram,0.00040079320950062543
395,f1628,imports.func_hash_0376,imports,0.00040059447126345994
396,f138,histogram.byte_0x83,histogram,0.0004002913116805166
397,f39,histogram.byte_0x20,histogram,0.0003997926627621597
398,f2079,imports.func_hash_0827,imports,0.0003981740296895643
399,f2183,imports.func_hash_0931,imports,0.00039747035070077487
400,f1605,imports.func_hash_0353,imports,0.00039724235965503185
401,f2242,imports.func_hash_0990,imports,0.000395947484024132
402,f1786,imports.func_hash_0534,imports,0.00039535306932552485
403,f220,histogram.byte_0xD5,histogram,0.000395274202976578
404,f1752,imports.func_hash_0500,imports,0.00039491705161337547
405,f492,byteentropy.entropia14_byte05,byteentropy,0.0003944756036992421
406,f359,byteentropy.entropia06_byte00,byteentropy,0.0003934647294435963
407,f257,histogram.byte_0xFA,histogram,0.0003930729029148054
408,f1746,imports.func_hash_0494,imports,0.0003915972462716057
409,f1748,imports.func_hash_0496,imports,0.00039116757825994084
410,f1698,imports.func_hash_0446,imports,0.0003908120595936386
411,f1277,imports.func_hash_0025,imports,0.00039059595142983393
412,f169,histogram.byte_0xA2,histogram,0.0003893276775896998
413,f156,histogram.byte_0x95,histogram,0.00038923400373507136
414,f1327,imports.func_hash_0075,imports,0.0003892311984689381
415,f978,section.props_hash_47,section,0.00038896807289071945
416,f1787,imports.func_hash_0535,imports,0.00038752478464084593
417,f1771,imports.func_hash_0519,imports,0.0003864110830825782
418,f1941,imports.func_hash_0689,imports,0.0003850906357460179
419,f2140,imports.func_hash_0888,imports,0.0003847639743261372
420,f11,histogram.byte_0x04,histogram,0.00038432602451788446
421,f598,strings.printabledist_76_'l',strings,0.0003843249314241128
422,f537,strings.printabledist_15_'/',strings,0.00038399288696341476
423,f430,byteentropy.entropia10_byte07,byteentropy,0.0003830157090128508
424,f1954,imports.func_hash_0702,imports,0.00038198693703906425
425,f137,histogram.byte_0x82,histogram,0.00038168905489309197
426,f741,header.characteristics.BYTES_REVERSED_HI,header,0.0003814757086032408
427,f2185,imports.func_hash_0933,imports,0.00038130621708932
428,f1363,imports.func_hash_0111,imports,0.0003811678242347259
429,f1712,imports.func_hash_0460,imports,0.00038083336107546235
430,f1680,imports.func_hash_0428,imports,0.0003805855744851086
431,f211,histogram.byte_0xCC,histogram,0.00038047110702418504
432,f97,histogram.byte_0x5A,histogram,0.0003782946550374372
433,f525,strings.printabledist_03_'#',strings,0.00037645805128561365
434,f1707,imports.func_hash_0455,imports,0.0003757574972707123
435,f197,histogram.byte_0xBE,histogram,0.00037328542726777894
436,f0,general.size,general,0.0003729842216207216
437,f578,strings.printabledist_56_'X',strings,0.00037256021584879844
438,f576,strings.printabledist_54_'V',strings,0.0003723725256542598
439,f1513,imports.func_hash_0261,imports,0.00037135977971696984
440,f154,histogram.byte_0x93,histogram,0.00037067965041581735
441,f132,histogram.byte_0x7D,histogram,0.00037017592578124353
442,f599,strings.printabledist_77_'m',strings,0.00037011304152102044
443,f1940,imports.func_hash_0688,imports,0.0003698874179664635
444,f115,histogram.byte_0x6C,histogram,0.00036982584291074674
445,f1252,imports.func_hash_0000,imports,0.00036982362975508215
446,f581,strings.printabledist_59_'[',strings,0.0003694244669534415
447,f1326,imports.func_hash_0074,imports,0.0003683441326795296
448,f477,byteentropy.entropia13_byte06,byteentropy,0.0003680888546118663
449,f1663,imports.func_hash_0411,imports,0.00036751644255833093
450,f1369,imports.func_hash_0117,imports,0.00036546243846515567
451,f610,strings.printabledist_88_'x',strings,0.000364806956818432
452,f1770,imports.func_hash_0518,imports,0.0003646366099461019
453,f157,histogram.byte_0x96,histogram,0.00036425323585484134
454,f2105,imports.func_hash_0853,imports,0.000364073838913861
455,f1701,imports.func_hash_0449,imports,0.00036374266324861186
456,f186,histogram.byte_0xB3,histogram,0.0003637067409458143
457,f162,histogram.byte_0x9B,histogram,0.0003618940440796817
458,f1961,imports.func_hash_0709,imports,0.0003618708443757448
459,f147,histogram.byte_0x8C,histogram,0.0003614623637174413
460,f208,histogram.byte_0xC9,histogram,0.00036129647776503624
461,f2108,imports.func_hash_0856,imports,0.0003612730569366798
462,f62,histogram.byte_0x37,histogram,0.0003611828255746674
463,f1816,imports.func_hash_0564,imports,0.0003611733148906701
464,f1627,imports.func_hash_0375,imports,0.00036017390475665163
465,f1780,imports.func_hash_0528,imports,0.00035921438546397433
466,f1674,imports.func_hash_0422,imports,0.00035873162307671093
467,f2204,imports.func_hash_0952,imports,0.00035868065152467433
468,f55,histogram.byte_0x30,histogram,0.000357636256241584
469,f1732,imports.func_hash_0480,imports,0.00035725574166565484
470,f1314,imports.func_hash_0062,imports,0.0003570422464407937
471,f392,byteentropy.entropia08_byte01,byteentropy,0.00035679165956321114
472,f1575,imports.func_hash_0323,imports,0.00035649668759339263
473,f106,histogram.byte_0x63,histogram,0.00035639408907850635
474,f53,histogram.byte_0x2E,histogram,0.0003563197980851073
475,f30,histogram.byte_0x17,histogram,0.0003557224645160257
476,f1682,imports.func_hash_0430,imports,0.0003551150503404992
477,f2091,imports.func_hash_0839,imports,0.0003544876637289141
478,f236,histogram.byte_0xE5,histogram,0.00035384838610540674
479,f733,header.characteristics.BYTES_REVERSED_LO,header,0.0003529797097286109
480,f615,strings.printabledist_93_'}',strings,0.00035288142956542743
481,f580,strings.printabledist_58_'Z',strings,0.00035161259587483814
482,f1839,imports.func_hash_0587,imports,0.00035088644397980714
483,f1529,imports.func_hash_0277,imports,0.0003502948418945773
484,f245,histogram.byte_0xEE,histogram,0.0003498208963387299
485,f1777,imports.func_hash_0525,imports,0.00034903270521057287
486,f949,section.props_hash_18,section,0.0003484679714730273
487,f1265,imports.func_hash_0013,imports,0.0003471636007381268
488,f76,histogram.byte_0x45,histogram,0.0003448952211180334
489,f936,section.props_hash_05,section,0.00034485934894538516
490,f1339,imports.func_hash_0087,imports,0.00034421215844721107
491,f446,byteentropy.entropia11_byte07,byteentropy,0.0003438617585395537
492,f158,histogram.byte_0x97,histogram,0.00034326632557523756
493,f1528,imports.func_hash_0276,imports,0.0003428690040742461
494,f94,histogram.byte_0x57,histogram,0.00034279601500624394
495,f1955,imports.func_hash_0703,imports,0.00034268966450353593
496,f708,header.optional.minor_operating_system_version,header,0.0003425263706750725
497,f617,strings.printabledist_95_'\x7f',strings,0.00034132109786625867
498,f716,header.optional.sizeof_stack_reserve,header,0.00034082941711080684
499,f140,histogram.byte_0x85,histogram,0.00034059201025596407
500,f1067,imports.lib_hash_071,imports,0.0003404263600799859
501,f1355,imports.func_hash_0103,imports,0.0003401599212895872
502,f449,byteentropy.entropia11_byte10,byteentropy,0.00033994081528862947
503,f166,histogram.byte_0x9F,histogram,0.00033990432745436227
504,f1830,imports.func_hash_0578,imports,0.0003395967385392526
505,f1798,imports.func_hash_0546,imports,0.0003394565314199313
506,f1666,imports.func_hash_0414,imports,0.0003392922165523533
507,f611,strings.printabledist_89_'y',strings,0.00033886157896823016
508,f1721,imports.func_hash_0469,imports,0.00033801601260048225
509,f1457,imports.func_hash_0205,imports,0.0003379156522580855
510,f1710,imports.func_hash_0458,imports,0.00033780919505396756
511,f214,histogram.byte_0xCF,histogram,0.0003377704458949532
512,f1379,imports.func_hash_0127,imports,0.0003369996746656164
513,f1437,imports.func_hash_0185,imports,0.00033652696867818603
514,f1950,imports.func_hash_0698,imports,0.0003365040690226513
515,f2104,imports.func_hash_0852,imports,0.0003362347955386851
516,f1999,imports.func_hash_0747,imports,0.0003358626607522907
517,f1933,imports.func_hash_0681,imports,0.00033568868923853783
518,f2234,imports.func_hash_0982,imports,0.0003355723979619182
519,f1353,imports.func_hash_0101,imports,0.00033502187319010574
520,f1685,imports.func_hash_0433,imports,0.0003346851106197749
521,f1258,imports.func_hash_0006,imports,0.00033449832432170314
522,f2187,imports.func_hash_0935,imports,0.00033432078064100516
523,f1971,imports.func_hash_0719,imports,0.00033340385793362976
524,f2107,imports.func_hash_0855,imports,0.0003330357970518846
525,f1574,imports.func_hash_0322,imports,0.0003324333595024747
526,f532,strings.printabledist_10_'*',strings,0.0003312957422379141
527,f1904,imports.func_hash_0652,imports,0.0003306223344451159
528,f585,strings.printabledist_63_'_',strings,0.0003303658138951803
529,f429,byteentropy.entropia10_byte06,byteentropy,0.00033016971255630926
530,f71,histogram.byte_0x40,histogram,0.0003301467680208278
531,f2099,imports.func_hash_0847,imports,0.0003297151845000666
532,f1672,imports.func_hash_0420,imports,0.00032956378210429257
533,f92,histogram.byte_0x55,histogram,0.0003292051802131432
534,f2078,imports.func_hash_0826,imports,0.00032776733996031686
535,f1194,imports.lib_hash_198,imports,0.0003274789586866011
536,f1376,imports.func_hash_0124,imports,0.0003271330958251626
537,f2062,imports.func_hash_0810,imports,0.00032667357209024376
538,f1784,imports.func_hash_0532,imports,0.0003263657393499314
539,f1419,imports.func_hash_0167,imports,0.00032629410066614656
540,f110,histogram.byte_0x67,histogram,0.0003255568113989283
541,f1478,imports.func_hash_0226,imports,0.0003254988433809278
542,f561,strings.printabledist_39_'G',strings,0.00032537024423714116
543,f1336,imports.func_hash_0084,imports,0.00032516667920634963
544,f2146,imports.func_hash_0894,imports,0.0003249161099389421
545,f2207,imports.func_hash_0955,imports,0.00032476309784548296
546,f584,strings.printabledist_62_'^',strings,0.00032404520716235917
547,f1021,imports.lib_hash_025,imports,0.0003235921779336493
548,f2122,imports.func_hash_0870,imports,0.0003232100618598323
549,f1706,imports.func_hash_0454,imports,0.00032280168688458475
550,f522,strings.printabledist_00_' ',strings,0.0003224929260141859
551,f1921,imports.func_hash_0669,imports,0.0003224057912495538
552,f1114,imports.lib_hash_118,imports,0.00032232712920055896
553,f2024,imports.func_hash_0772,imports,0.0003221560901317622
554,f1284,imports.func_hash_0032,imports,0.00032156295387519173
555,f2084,imports.func_hash_0832,imports,0.00032088318637108685
556,f2150,imports.func_hash_0898,imports,0.0003206559438000726
557,f1629,imports.func_hash_0377,imports,0.00031965280116328656
558,f501,byteentropy.entropia14_byte14,byteentropy,0.0003188901503126318
559,f426,byteentropy.entropia10_byte03,byteentropy,0.00031869157738242514
560,f95,histogram.byte_0x58,histogram,0.00031851143248127285
561,f1520,imports.func_hash_0268,imports,0.00031843420973395815
562,f1988,imports.func_hash_0736,imports,0.0003182678571064898
563,f1454,imports.func_hash_0202,imports,0.00031803959304013804
564,f63,histogram.byte_0x38,histogram,0.0003179961473151988
565,f520,strings.avlength,strings,0.0003178270704519493
566,f597,strings.printabledist_75_'k',strings,0.00031777452525291126
567,f2006,imports.func_hash_0754,imports,0.0003174117464432966
568,f88,histogram.byte_0x51,histogram,0.00031636326203838975
569,f250,histogram.byte_0xF3,histogram,0.0003152320332152884
570,f524,"strings.printabledist_02_'""'",strings,0.00031499003368132896
571,f759,header.dos.e_maxalloc,header,0.0003142468320523291
572,f1828,imports.func_hash_0576,imports,0.00031357097796693085
573,f119,histogram.byte_0x70,histogram,0.0003131227650936971
574,f1584,imports.func_hash_0332,imports,0.00031293791217442204
575,f67,histogram.byte_0x3C,histogram,0.0003124975648790223
576,f602,strings.printabledist_80_'p',strings,0.0003123965153587708
577,f1980,imports.func_hash_0728,imports,0.0003122067372568178
578,f583,strings.printabledist_61_']',strings,0.0003120085721999746
579,f703,header.optional.major_image_version,header,0.0003114287725799426
580,f133,histogram.byte_0x7E,histogram,0.00031122890037645827
581,f1716,imports.func_hash_0464,imports,0.0003108481870174659
582,f1354,imports.func_hash_0102,imports,0.0003105682560358359
583,f145,histogram.byte_0x8A,histogram,0.00031022758948374073
584,f423,byteentropy.entropia10_byte00,byteentropy,0.0003097162077654204
585,f160,histogram.byte_0x99,histogram,0.00030956264474826865
586,f1346,imports.func_hash_0094,imports,0.00030848431042030614
587,f528,strings.printabledist_06_'&',strings,0.0003082079084709472
588,f1983,imports.func_hash_0731,imports,0.0003066839892206309
589,f2134,imports.func_hash_0882,imports,0.00030620811548881787
590,f168,histogram.byte_0xA1,histogram,0.000305886543003204
591,f87,histogram.byte_0x50,histogram,0.00030578729328481464
592,f227,histogram.byte_0xDC,histogram,0.00030553338570498594
593,f2189,imports.func_hash_0937,imports,0.00030485567231527597
594,f1805,imports.func_hash_0553,imports,0.00030458588188415464
595,f2225,imports.func_hash_0973,imports,0.000303334357361504
596,f1371,imports.func_hash_0119,imports,0.00030235832143314954
597,f175,histogram.byte_0xA8,histogram,0.00030228191529780044
598,f127,histogram.byte_0x78,histogram,0.0003012822873899056
599,f557,strings.printabledist_35_'C',strings,0.0003002329531263711
600,f970,section.props_hash_39,section,0.0002998843840338519
601,f724,header.optional.checksum,header,0.00029894218254396086
602,f959,section.props_hash_28,section,0.0002984570459323883
603,f190,histogram.byte_0xB7,histogram,0.00029832169966229803
604,f1342,imports.func_hash_0090,imports,0.00029801304852427793
605,f2045,imports.func_hash_0793,imports,0.0002979335016476193
606,f2191,imports.func_hash_0939,imports,0.0002978539548388738
607,f2161,imports.func_hash_0909,imports,0.00029728639108639397
608,f2090,imports.func_hash_0838,imports,0.00029673372777968264
609,f1914,imports.func_hash_0662,imports,0.000296665971103013
610,f2264,imports.func_hash_1012,imports,0.00029631170995676314
611,f1496,imports.func_hash_0244,imports,0.0002961811030121584
612,f1599,imports.func_hash_0347,imports,0.00029601928244280164
613,f152,histogram.byte_0x91,histogram,0.000295574583737322
614,f553,strings.printabledist_31_'?',strings,0.0002955582783984965
615,f2065,imports.func_hash_0813,imports,0.0002950579154962646
616,f1303,imports.func_hash_0051,imports,0.0002949821129383172
617,f1903,imports.func_hash_0651,imports,0.00029461935015677747
618,f1676,imports.func_hash_0424,imports,0.0002939473709631134
619,f569,strings.printabledist_47_'O',strings,0.00029222082337721395
620,f1799,imports.func_hash_0547,imports,0.00029186749340356466
621,f1320,imports.func_hash_0068,imports,0.00029182780034907226
622,f540,strings.printabledist_18_'2',strings,0.00029169415848779125
623,f2057,imports.func_hash_0805,imports,0.00029142805021251545
624,f409,byteentropy.entropia09_byte02,byteentropy,0.00029129421622181887
625,f1653,imports.func_hash_0401,imports,0.0002909768357739385
626,f1719,imports.func_hash_0467,imports,0.00029026256348395693
627,f171,histogram.byte_0xA4,histogram,0.00029019357656801567
628,f1558,imports.func_hash_0306,imports,0.00029008319663021353
629,f1790,imports.func_hash_0538,imports,0.0002900499365340632
630,f519,strings.numstrings,strings,0.00028978750025734185
631,f442,byteentropy.entropia11_byte03,byteentropy,0.00028956434099697986
632,f124,histogram.byte_0x75,histogram,0.00028943569045240277
633,f142,histogram.byte_0x87,histogram,0.0002892110809743487
634,f962,section.props_hash_31,section,0.00028823156176423616
635,f414,byteentropy.entropia09_byte07,byteentropy,0.00028733156986209256
636,f262,histogram.byte_0xFF,histogram,0.0002873246936227827
637,f786,section.size_hash_05,section,0.00028718806964335853
638,f1444,imports.func_hash_0192,imports,0.0002866482278352189
639,f495,byteentropy.entropia14_byte08,byteentropy,0.0002866034536303212
640,f2007,imports.func_hash_0755,imports,0.00028633454475380946
641,f1518,imports.func_hash_0266,imports,0.00028554922418536094
642,f531,strings.printabledist_09_')',strings,0.000285341550417522
643,f56,histogram.byte_0x31,histogram,0.00028519086869134737
644,f1926,imports.func_hash_0674,imports,0.0002851059948029117
645,f1967,imports.func_hash_0715,imports,0.0002845857420646164
646,f1894,imports.func_hash_0642,imports,0.0002836202617237864
647,f2231,imports.func_hash_0979,imports,0.00028355686066032065
648,f1881,imports.func_hash_0629,imports,0.0002834225896450968
649,f199,histogram.byte_0xC0,histogram,0.0002825250024832849
650,f1296,imports.func_hash_0044,imports,0.00028209196385168466
651,f2119,imports.func_hash_0867,imports,0.00028191905544676626
652,f1533,imports.func_hash_0281,imports,0.00028161860445330677
653,f1465,imports.func_hash_0213,imports,0.0002809821654434606
654,f203,histogram.byte_0xC4,histogram,0.00028085153046752834
655,f1922,imports.func_hash_0670,imports,0.00028069482364775266
656,f1774,imports.func_hash_0522,imports,0.000279714748125093
657,f558,strings.printabledist_36_'D',strings,0.00027970027547581113
658,f1637,imports.func_hash_0385,imports,0.00027909573498564064
659,f1593,imports.func_hash_0341,imports,0.0002788813975499296
660,f2115,imports.func_hash_0863,imports,0.000277992211662537
661,f2164,imports.func_hash_0912,imports,0.0002769117588012006
662,f1400,imports.func_hash_0148,imports,0.000276483533620431
663,f542,strings.printabledist_20_'4',strings,0.00027643000013110366
664,f549,strings.printabledist_27_';',strings,0.0002763501751267277
665,f172,histogram.byte_0xA5,histogram,0.00027616606561714485
666,f210,histogram.byte_0xCB,histogram,0.00027600026079147445
667,f1995,imports.func_hash_0743,imports,0.000275949517976491
668,f254,histogram.byte_0xF7,histogram,0.0002752306043453235
669,f1973,imports.func_hash_0721,imports,0.00027409464293998745
670,f179,histogram.byte_0xAC,histogram,0.0002740059577798207
671,f78,histogram.byte_0x47,histogram,0.00027388149348417216
672,f1557,imports.func_hash_0305,imports,0.00027370233447998415
673,f1996,imports.func_hash_0744,imports,0.0002736646915391547
674,f614,strings.printabledist_92_'|',strings,0.00027325831943021895
675,f219,histogram.byte_0xD4,histogram,0.00027290266578245147
676,f1794,imports.func_hash_0542,imports,0.00027282135821719416
677,f377,byteentropy.entropia07_byte02,byteentropy,0.00027279931105809346
678,f1631,imports.func_hash_0379,imports,0.00027277369848523626
679,f49,histogram.byte_0x2A,histogram,0.0002719742572930467
680,f1750,imports.func_hash_0498,imports,0.00027178950604036086
681,f1579,imports.func_hash_0327,imports,0.00027178294756600324
682,f545,strings.printabledist_23_'7',strings,0.0002714661395704635
683,f184,histogram.byte_0xB1,histogram,0.00027109721928318887
684,f1500,imports.func_hash_0248,imports,0.0002709124924343541
685,f2148,imports.func_hash_0896,imports,0.0002707011106864088
686,f448,byteentropy.entropia11_byte09,byteentropy,0.00027026503125090996
687,f1392,imports.func_hash_0140,imports,0.0002700841027705884
688,f195,histogram.byte_0xBC,histogram,0.0002694931337334393
689,f1885,imports.func_hash_0633,imports,0.00026937832170683253
690,f43,histogram.byte_0x24,histogram,0.0002690920748330355
691,f251,histogram.byte_0xF4,histogram,0.00026906522923886257
692,f425,byteentropy.entropia10_byte02,byteentropy,0.00026901478597912123
693,f552,strings.printabledist_30_'>',strings,0.0002685802478103945
694,f1472,imports.func_hash_0220,imports,0.0002681469395108241
695,f2236,imports.func_hash_0984,imports,0.00026773321005023126
696,f36,histogram.byte_0x1D,histogram,0.00026744580031683857
697,f433,byteentropy.entropia10_byte10,byteentropy,0.00026724660627909535
698,f1826,imports.func_hash_0574,imports,0.0002672464445880927
699,f397,byteentropy.entropia08_byte06,byteentropy,0.0002669325635075171
700,f1704,imports.func_hash_0452,imports,0.00026663373156699595
701,f1561,imports.func_hash_0309,imports,0.00026629681597345386
702,f1869,imports.func_hash_0617,imports,0.0002658623164472178
703,f120,histogram.byte_0x71,histogram,0.00026533142720170885
704,f535,strings.printabledist_13_'-',strings,0.00026511383415343446
705,f2268,imports.func_hash_1016,imports,0.0002646879356498408
706,f491,byteentropy.entropia14_byte04,byteentropy,0.00026466488138838205
707,f1374,imports.func_hash_0122,imports,0.00026462251013705294
708,f1089,imports.lib_hash_093,imports,0.00026456960464136186
709,f1733,imports.func_hash_0481,imports,0.00026381853544216985
710,f5,general.start_byte_2,general,0.00026334521015064033
711,f1404,imports.func_hash_0152,imports,0.00026210490909327184
712,f1430,imports.func_hash_0178,imports,0.00026197686145771606
713,f467,byteentropy.entropia12_byte12,byteentropy,0.0002609988762265532
714,f99,histogram.byte_0x5C,histogram,0.0002604189206274623
715,f1645,imports.func_hash_0393,imports,0.0002602231544655273
716,f977,section.props_hash_46,section,0.0002599162854222301
717,f2020,imports.func_hash_0768,imports,0.0002598481520405492
718,f530,strings.printabledist_08_'(',strings,0.0002596369850227067
719,f2005,imports.func_hash_0753,imports,0.00025953909063692075
720,f710,header.optional.minor_subsystem_version,header,0.0002589697969217856
721,f1788,imports.func_hash_0536,imports,0.00025880378881855284
722,f1876,imports.func_hash_0624,imports,0.0002580968815001625
723,f1537,imports.func_hash_0285,imports,0.00025807567548443686
724,f2151,imports.func_hash_0899,imports,0.0002579598173303675
725,f1747,imports.func_hash_0495,imports,0.0002578094456629895
726,f1607,imports.func_hash_0355,imports,0.0002574272769101815
727,f567,strings.printabledist_45_'M',strings,0.0002571241612878483
728,f1600,imports.func_hash_0348,imports,0.00025650875826774863
729,f2202,imports.func_hash_0950,imports,0.0002563262403259734
730,f1017,imports.lib_hash_021,imports,0.0002553855399399896
731,f455,byteentropy.entropia12_byte00,byteentropy,0.0002550705972600758
732,f2152,imports.func_hash_0900,imports,0.00025461575524175013
733,f1650,imports.func_hash_0398,imports,0.000254412568910119
734,f502,byteentropy.entropia14_byte15,byteentropy,0.00025398714155193186
735,f68,histogram.byte_0x3D,histogram,0.00025380920187682734
736,f2145,imports.func_hash_0893,imports,0.0002537284611129068
737,f149,histogram.byte_0x8E,histogram,0.00025357305118289456
738,f235,histogram.byte_0xE4,histogram,0.0002533875783680085
739,f22,histogram.byte_0x0F,histogram,0.00025336081508220486
740,f2131,imports.func_hash_0879,imports,0.00025331667062697606
741,f222,histogram.byte_0xD7,histogram,0.0002528392222634373
742,f1484,imports.func_hash_0232,imports,0.000252566739712209
743,f1906,imports.func_hash_0654,imports,0.00025255787434091633
744,f192,histogram.byte_0xB9,histogram,0.0002525414233820526
745,f1768,imports.func_hash_0516,imports,0.00025220068237557624
746,f1872,imports.func_hash_0620,imports,0.00025218985036008453
747,f1845,imports.func_hash_0593,imports,0.00025189968921028567
748,f114,histogram.byte_0x6B,histogram,0.0002517286305866259
749,f556,strings.printabledist_34_'B',strings,0.00025162401940426795
750,f2092,imports.func_hash_0840,imports,0.0002512361290694714
751,f2154,imports.func_hash_0902,imports,0.0002511448266776818
752,f1951,imports.func_hash_0699,imports,0.0002510018505474587
753,f34,histogram.byte_0x1B,histogram,0.0002509813752882758
754,f2249,imports.func_hash_0997,imports,0.0002508618631562996
755,f107,histogram.byte_0x64,histogram,0.00025071454768170096
756,f1929,imports.func_hash_0677,imports,0.0002506851691984474
757,f952,section.props_hash_21,section,0.00025058928134644745
758,f547,strings.printabledist_25_'9',strings,0.00025048979460851934
759,f1307,imports.func_hash_0055,imports,0.0002503324507403844
760,f544,strings.printabledist_22_'6',strings,0.0002502281504480898
761,f90,histogram.byte_0x53,histogram,0.0002500972245754237
762,f2039,imports.func_hash_0787,imports,0.00024929235123199154
763,f721,header.optional.base_of_code,header,0.00024880359940778287
764,f551,strings.printabledist_29_'=',strings,0.00024871741314235694
765,f136,histogram.byte_0x81,histogram,0.0002486600416249481
766,f2125,imports.func_hash_0873,imports,0.00024808281519290244
767,f1415,imports.func_hash_0163,imports,0.0002476540649952147
768,f2208,imports.func_hash_0956,imports,0.0002474147101841427
769,f2538,pefilewarnings.w58_Possibly corrupt file. AddressOfEntryPoi,pefilewarnings,0.00024705154190095166
770,f45,histogram.byte_0x26,histogram,0.0002468769812299114
771,f1490,imports.func_hash_0238,imports,0.00024590209668092156
772,f29,histogram.byte_0x16,histogram,0.0002458678470745606
773,f1380,imports.func_hash_0128,imports,0.0002458479602165088
774,f1585,imports.func_hash_0333,imports,0.000245743020480147
775,f241,histogram.byte_0xEA,histogram,0.00024541379561451024
776,f445,byteentropy.entropia11_byte06,byteentropy,0.00024505037657494193
777,f217,histogram.byte_0xD2,histogram,0.0002449565748855746
778,f64,histogram.byte_0x39,histogram,0.0002449379212302963
779,f1420,imports.func_hash_0168,imports,0.00024481602142008985
780,f1825,imports.func_hash_0573,imports,0.00024408482050350316
781,f1356,imports.func_hash_0104,imports,0.0002439487488278929
782,f1396,imports.func_hash_0144,imports,0.00024388557609008436
783,f1718,imports.func_hash_0466,imports,0.00024306430513452133
784,f1644,imports.func_hash_0392,imports,0.00024268084462254405
785,f2120,imports.func_hash_0868,imports,0.00024218492117552916
786,f1166,imports.lib_hash_170,imports,0.00024215397146328527
787,f1931,imports.func_hash_0679,imports,0.00024179333018415993
788,f2182,imports.func_hash_0930,imports,0.00024167545879981428
789,f1859,imports.func_hash_0607,imports,0.00024160471863460977
790,f1862,imports.func_hash_0610,imports,0.0002414314983797118
791,f111,histogram.byte_0x68,histogram,0.00024135992384035815
792,f1977,imports.func_hash_0725,imports,0.00024128783566312374
793,f563,strings.printabledist_41_'I',strings,0.0002411300853725564
794,f19,histogram.byte_0x0C,histogram,0.000240069514763483
795,f1754,imports.func_hash_0502,imports,0.00023933423125746777
796,f51,histogram.byte_0x2C,histogram,0.00023931063413303394
797,f188,histogram.byte_0xB5,histogram,0.0002391171168034724
798,f244,histogram.byte_0xED,histogram,0.00023835733508657513
799,f155,histogram.byte_0x94,histogram,0.0002381009234751107
800,f1616,imports.func_hash_0364,imports,0.00023802232995123106
801,f25,histogram.byte_0x12,histogram,0.00023786610577609978
802,f54,histogram.byte_0x2F,histogram,0.00023754743329830116
803,f12,histogram.byte_0x05,histogram,0.00023726480836415613
804,f1634,imports.func_hash_0382,imports,0.00023705006538235005
805,f655,strings.count_exit,strings,0.00023681416335766698
806,f101,histogram.byte_0x5E,histogram,0.0002368025142371042
807,f261,histogram.byte_0xFE,histogram,0.00023657990577838074
808,f980,section.props_hash_49,section,0.00023647385526820355
809,f237,histogram.byte_0xE6,histogram,0.00023636772793593266
810,f951,section.props_hash_20,section,0.00023635687249373713
811,f548,strings.printabledist_26_':',strings,0.0002362667070024721
812,f213,histogram.byte_0xCE,histogram,0.0002352921555854161
813,f594,strings.printabledist_72_'h',strings,0.00023524684201346212
814,f836,section.vsize_hash_05,section,0.00023479461408023778
815,f1722,imports.func_hash_0470,imports,0.0002347320471265917
816,f607,strings.printabledist_85_'u',strings,0.00023448720000754082
817,f588,strings.printabledist_66_'b',strings,0.00023431528680336567
818,f2262,imports.func_hash_1010,imports,0.0002342603038284748
819,f1908,imports.func_hash_0656,imports,0.00023378571161264988
820,f85,histogram.byte_0x4E,histogram,0.0002336395648891528
821,f159,histogram.byte_0x98,histogram,0.0002333135802860374
822,f83,histogram.byte_0x4C,histogram,0.0002331777806436107
823,f2135,imports.func_hash_0883,imports,0.0002331730340481495
824,f942,section.props_hash_11,section,0.00023296475804467662
825,f1538,imports.func_hash_0286,imports,0.00023292148118215955
826,f2017,imports.func_hash_0765,imports,0.00023287398026825774
827,f1064,imports.lib_hash_068,imports,0.00023259711211732472
828,f1838,imports.func_hash_0586,imports,0.00023234441078054025
829,f2102,imports.func_hash_0850,imports,0.00023228452946058158
830,f212,histogram.byte_0xCD,histogram,0.00023222686129063317
831,f41,histogram.byte_0x22,histogram,0.00023177392637516005
832,f226,histogram.byte_0xDB,histogram,0.00023164500021111977
833,f1886,imports.func_hash_0634,imports,0.0002314745763996164
834,f2085,imports.func_hash_0833,imports,0.00023134494791504442
835,f26,histogram.byte_0x13,histogram,0.00023117759685245797
836,f654,strings.count_environment,strings,0.0002306552045938847
837,f105,histogram.byte_0x62,histogram,0.00023057530543263996
838,f1655,imports.func_hash_0403,imports,0.00023041876095850706
839,f2004,imports.func_hash_0752,imports,0.00022993842840233244
840,f411,byteentropy.entropia09_byte04,byteentropy,0.00022981528573257572
841,f200,histogram.byte_0xC1,histogram,0.0002296499731576037
842,f255,histogram.byte_0xF8,histogram,0.00022960750229284588
843,f1725,imports.func_hash_0473,imports,0.00022957757520831738
844,f2184,imports.func_hash_0932,imports,0.0002294547919075355
845,f189,histogram.byte_0xB6,histogram,0.00022945058306443454
846,f2096,imports.func_hash_0844,imports,0.00022843679956698244
847,f736,header.characteristics.REMOVABLE_RUN_FROM_SWAP,header,0.00022775068095957348
848,f647,strings.count_directory,strings,0.00022773215006518784
849,f1936,imports.func_hash_0684,imports,0.00022763461310662346
850,f206,histogram.byte_0xC7,histogram,0.0002275438979042763
851,f2044,imports.func_hash_0792,imports,0.00022725814388083743
852,f2462,richheader.hash_22,richheader,0.00022695420220573132
853,f80,histogram.byte_0x49,histogram,0.00022692879868040384
854,f125,histogram.byte_0x76,histogram,0.000226670982921322
855,f1812,imports.func_hash_0560,imports,0.0002262099904286135
856,f900,section.entropy_hash_19,section,0.00022590276903818035
857,f1439,imports.func_hash_0187,imports,0.00022570159653378496
858,f1851,imports.func_hash_0599,imports,0.00022516341138191994
859,f725,header.optional.number_of_rvas_and_sizes,header,0.00022514898579342057
860,f1858,imports.func_hash_0606,imports,0.00022489022677061552
861,f562,strings.printabledist_40_'H',strings,0.00022421074050186276
862,f461,byteentropy.entropia12_byte06,byteentropy,0.00022358953657699855
863,f61,histogram.byte_0x36,histogram,0.0002235183347506417
864,f1507,imports.func_hash_0255,imports,0.00022349938515230946
865,f972,section.props_hash_41,section,0.00022335847147754296
866,f2197,imports.func_hash_0945,imports,0.00022303850903393572
867,f550,strings.printabledist_28_'<',strings,0.00022293180685429046
868,f2475,authenticode.no_countersigner,authenticode,0.00022227523916160943
869,f58,histogram.byte_0x33,histogram,0.0002218711026953494
870,f2193,imports.func_hash_0941,imports,0.0002215892004906401
871,f1253,imports.func_hash_0001,imports,0.0002212753027798375
872,f194,histogram.byte_0xBB,histogram,0.00022110457298829008
873,f234,histogram.byte_0xE3,histogram,0.00022058056664192675
874,f1522,imports.func_hash_0270,imports,0.0002203634030610722
875,f546,strings.printabledist_24_'8',strings,0.00022006267392689525
876,f1357,imports.func_hash_0105,imports,0.0002200298555005345
877,f408,byteentropy.entropia09_byte01,byteentropy,0.0002193568533271784
878,f1823,imports.func_hash_0571,imports,0.0002190488437375352
879,f526,strings.printabledist_04_'$',strings,0.00021871116532660732
880,f1503,imports.func_hash_0251,imports,0.00021797455006422278
881,f2054,imports.func_hash_0802,imports,0.0002179535107009096
882,f2070,imports.func_hash_0818,imports,0.00021749891198028222
883,f1781,imports.func_hash_0529,imports,0.00021720887766180834
884,f2003,imports.func_hash_0751,imports,0.00021693841676271854
885,f1274,imports.func_hash_0022,imports,0.0002160482837342329
886,f2029,imports.func_hash_0777,imports,0.00021586032452106587
887,f1639,imports.func_hash_0387,imports,0.00021501423997789384
888,f24,histogram.byte_0x11,histogram,0.00021424823454239123
889,f1755,imports.func_hash_0503,imports,0.00021421568963261113
890,f499,byteentropy.entropia14_byte12,byteentropy,0.0002133806508107633
891,f1399,imports.func_hash_0147,imports,0.000213096844220332
892,f2272,imports.func_hash_1020,imports,0.0002130557480765991
893,f225,histogram.byte_0xDA,histogram,0.00021287178633939933
894,f2002,imports.func_hash_0750,imports,0.00021234662211796674
895,f1548,imports.func_hash_0296,imports,0.0002123215796864201
896,f1299,imports.func_hash_0047,imports,0.0002120283270872594
897,f1311,imports.func_hash_0059,imports,0.00021162574417888486
898,f1849,imports.func_hash_0597,imports,0.00021133393643711182
899,f1471,imports.func_hash_0219,imports,0.0002106961185087744
900,f1515,imports.func_hash_0263,imports,0.00021048749045996808
901,f2194,imports.func_hash_0942,imports,0.00021036578443795362
902,f2214,imports.func_hash_0962,imports,0.00021016055998059725
903,f73,histogram.byte_0x42,histogram,0.0002099222176552632
904,f428,byteentropy.entropia10_byte05,byteentropy,0.00020986245099747873
905,f534,"strings.printabledist_12_','",strings,0.00020957430880141987
906,f2461,richheader.hash_21,richheader,0.0002094675358260239
907,f2429,datadirectories.IAT.size,datadirectories,0.0002094466943872695
908,f1905,imports.func_hash_0653,imports,0.00020935851094867504
909,f16,histogram.byte_0x09,histogram,0.00020931358823783063
910,f1470,imports.func_hash_0218,imports,0.00020912223352969925
911,f86,histogram.byte_0x4F,histogram,0.00020907262152055356
912,f396,byteentropy.entropia08_byte05,byteentropy,0.00020887490346788455
913,f2123,imports.func_hash_0871,imports,0.0002085720975003415
914,f1744,imports.func_hash_0492,imports,0.00020849179411121767
915,f685,strings.count_security,strings,0.00020828792719180495
916,f1260,imports.func_hash_0008,imports,0.00020797729196465973
917,f1499,imports.func_hash_0247,imports,0.00020796726615696638
918,f2040,imports.func_hash_0788,imports,0.0002078502274993345
919,f737,header.characteristics.NET_RUN_FROM_SWAP,header,0.00020767566965989293
920,f2247,imports.func_hash_0995,imports,0.00020743624824349377
921,f966,section.props_hash_35,section,0.00020717120301887322
922,f1590,imports.func_hash_0338,imports,0.00020674714439756914
923,f1964,imports.func_hash_0712,imports,0.00020630561393540327
924,f674,strings.count_module,strings,0.00020609119700652003
925,f1865,imports.func_hash_0613,imports,0.00020528795717124877
926,f2144,imports.func_hash_0892,imports,0.000205204312599648
927,f2156,imports.func_hash_0904,imports,0.00020516453922969058
928,f1505,imports.func_hash_0253,imports,0.00020503788671722407
929,f258,histogram.byte_0xFB,histogram,0.00020433007342755252
930,f521,strings.printables,strings,0.00020419791172854315
931,f465,byteentropy.entropia12_byte10,byteentropy,0.0002037285245874467
932,f1900,imports.func_hash_0648,imports,0.00020358034492428735
933,f42,histogram.byte_0x23,histogram,0.00020353776260477124
934,f971,section.props_hash_40,section,0.00020320073696632033
935,f1720,imports.func_hash_0468,imports,0.00020307481055478846
936,f720,header.optional.address_of_entrypoint,header,0.00020290841873810603
937,f1709,imports.func_hash_0457,imports,0.00020283690437935853
938,f193,histogram.byte_0xBA,histogram,0.0002027624636967352
939,f1789,imports.func_hash_0537,imports,0.0002027495896335306
940,f1949,imports.func_hash_0697,imports,0.00020259285625873815
941,f1091,imports.lib_hash_095,imports,0.00020233605974129493
942,f1809,imports.func_hash_0557,imports,0.00020218593638724844
943,f1705,imports.func_hash_0453,imports,0.00020132544648744906
944,f1455,imports.func_hash_0203,imports,0.00020124450714506867
945,f185,histogram.byte_0xB2,histogram,0.00020105834112584092
946,f93,histogram.byte_0x56,histogram,0.000200557196134357
947,f231,histogram.byte_0xE0,histogram,0.00020004468652987548
948,f1624,imports.func_hash_0372,imports,0.0001999364671973922
949,f779,section.max_vsize_ratio,section,0.00019979326743726992
950,f1667,imports.func_hash_0415,imports,0.00019928750636103655
951,f2222,imports.func_hash_0970,imports,0.00019910173527011728
952,f681,strings.count_process,strings,0.00019890049845532046
953,f1554,imports.func_hash_0302,imports,0.00019882922797867059
954,f1275,imports.func_hash_0023,imports,0.00019844776267590936
955,f1976,imports.func_hash_0724,imports,0.00019820135701123208
956,f482,byteentropy.entropia13_byte11,byteentropy,0.00019737029444923438
957,f592,strings.printabledist_70_'f',strings,0.00019720674113768842
958,f656,strings.count_file,strings,0.00019678811099259436
959,f75,histogram.byte_0x44,histogram,0.00019653259443482032
960,f2407,datadirectories.IMPORT.size,datadirectories,0.00019626172392211137
961,f965,section.props_hash_34,section,0.00019623221076258684
962,f1974,imports.func_hash_0722,imports,0.0001960876750167715
963,f1092,imports.lib_hash_096,imports,0.00019593376744132901
964,f1610,imports.func_hash_0358,imports,0.00019577248818796202
965,f695,strings.count_window,strings,0.00019559128838063082
966,f1625,imports.func_hash_0373,imports,0.0001945985191287173
967,f939,section.props_hash_08,section,0.00019434146933919351
968,f247,histogram.byte_0xF0,histogram,0.00019356600507088796
969,f33,histogram.byte_0x1A,histogram,0.0001934292962186882
970,f1480,imports.func_hash_0228,imports,0.00019294177748499074
971,f1414,imports.func_hash_0162,imports,0.00019292879444638363
972,f713,header.optional.sizeof_image,header,0.00019279895238198382
973,f1745,imports.func_hash_0493,imports,0.00019279530095801082
974,f1489,imports.func_hash_0237,imports,0.00019246453660517728
975,f527,strings.printabledist_05_'%',strings,0.0001922462008393661
976,f2460,richheader.hash_20,richheader,0.0001921825952406712
977,f60,histogram.byte_0x35,histogram,0.00019202903185246058
978,f1139,imports.lib_hash_143,imports,0.00019182973943647502
979,f218,histogram.byte_0xD3,histogram,0.0001917506473814492
980,f1861,imports.func_hash_0609,imports,0.0001916854578071215
981,f1257,imports.func_hash_0005,imports,0.00019124928115199732
982,f2042,imports.func_hash_0790,imports,0.0001912136890693467
983,f216,histogram.byte_0xD1,histogram,0.0001910390701800695
984,f481,byteentropy.entropia13_byte10,byteentropy,0.0001909945183922349
985,f543,strings.printabledist_21_'5',strings,0.00019082655732167566
986,f207,histogram.byte_0xC8,histogram,0.0001905666360642686
987,f249,histogram.byte_0xF2,histogram,0.00018992212345818722
988,f59,histogram.byte_0x34,histogram,0.00018983905422518258
989,f205,histogram.byte_0xC6,histogram,0.00018978760020999178
990,f202,histogram.byte_0xC3,histogram,0.0001895965414937597
991,f2530,pefilewarnings.w50_Invalid relocation information. VirtualA,pefilewarnings,0.00018954288634674568
992,f1340,imports.func_hash_0088,imports,0.00018920691856868108
993,f177,histogram.byte_0xAA,histogram,0.00018879222242360253
994,f221,histogram.byte_0xD6,histogram,0.0001885655634735779
995,f1449,imports.func_hash_0197,imports,0.00018835296891421086
996,f1883,imports.func_hash_0631,imports,0.0001880169130968937
997,f572,strings.printabledist_50_'R',strings,0.00018801043761739735
998,f500,byteentropy.entropia14_byte13,byteentropy,0.00018724901580680805
999,f498,byteentropy.entropia14_byte11,byteentropy,0.00018640172204054635
1000,f1956,imports.func_hash_0704,imports,0.00018638101991840658
1001,f1263,imports.func_hash_0011,imports,0.0001863366905942164
1002,f74,histogram.byte_0x43,histogram,0.0001859701313951418
1003,f570,strings.printabledist_48_'P',strings,0.0001858445138040617
1004,f1407,imports.func_hash_0155,imports,0.0001857409173339756
1005,f256,histogram.byte_0xF9,histogram,0.00018572947343553327
1006,f224,histogram.byte_0xD9,histogram,0.0001855578703642122
1007,f260,histogram.byte_0xFD,histogram,0.00018554062840424727
1008,f687,strings.count_shell,strings,0.000185141134209951
1009,f1297,imports.func_hash_0045,imports,0.00018511813622983355
1010,f1602,imports.func_hash_0350,imports,0.00018466312136116537
1011,f824,section.size_hash_43,section,0.00018451071330001853
1012,f1375,imports.func_hash_0123,imports,0.00018426732289796596
1013,f1761,imports.func_hash_0509,imports,0.00018419575837388066
1014,f2227,imports.func_hash_0975,imports,0.0001836331785192918
1015,f100,histogram.byte_0x5D,histogram,0.00018344904233974415
1016,f874,section.vsize_hash_43,section,0.00018300962780433617
1017,f215,histogram.byte_0xD0,histogram,0.00018298943139263962
1018,f443,byteentropy.entropia11_byte04,byteentropy,0.0001825613358624121
1019,f252,histogram.byte_0xF5,histogram,0.0001824968420800094
1020,f98,histogram.byte_0x5B,histogram,0.00018226159283706099
1021,f187,histogram.byte_0xB4,histogram,0.00018221146442729317
1022,f641,strings.count_create,strings,0.00018219711601718438
1023,f1758,imports.func_hash_0506,imports,0.00018207587121797092
1024,f1262,imports.func_hash_0010,imports,0.00018195447982564773
1025,f432,byteentropy.entropia10_byte09,byteentropy,0.00018191525155059017
1026,f1723,imports.func_hash_0471,imports,0.00018186728413895414
1027,f242,histogram.byte_0xEB,histogram,0.00018132867198217856
1028,f28,histogram.byte_0x15,histogram,0.00018117660574101636
1029,f77,histogram.byte_0x46,histogram,0.0001811226625466284
1030,f1446,imports.func_hash_0194,imports,0.0001810839122629893
1031,f393,byteentropy.entropia08_byte02,byteentropy,0.00018076746237781816
1032,f1827,imports.func_hash_0575,imports,0.00018057525786320321
1033,f1654,imports.func_hash_0402,imports,0.0001804724587023147
1034,f204,histogram.byte_0xC5,histogram,0.00018044943179202583
1035,f1256,imports.func_hash_0004,imports,0.00018026132258200104
1036,f1485,imports.func_hash_0233,imports,0.0001802382001155109
1037,f424,byteentropy.entropia10_byte01,byteentropy,0.0001797756955391076
1038,f665,strings.count_https://,strings,0.00017976529357497927
1039,f1662,imports.func_hash_0410,imports,0.0001796503159040427
1040,f66,histogram.byte_0x3B,histogram,0.00017940756166676773
1041,f555,strings.printabledist_33_'A',strings,0.00017934143346056338
1042,f1928,imports.func_hash_0676,imports,0.00017933900232947755
1043,f582,strings.printabledist_60_'\\',strings,0.00017903946865259463
1044,f1778,imports.func_hash_0526,imports,0.00017892465118453575
1045,f1377,imports.func_hash_0125,imports,0.00017868425468833886
1046,f376,byteentropy.entropia07_byte01,byteentropy,0.0001786078291312755
1047,f684,strings.count_resource,strings,0.00017842337416845908
1048,f1477,imports.func_hash_0225,imports,0.00017838532804399313
1049,f960,section.props_hash_29,section,0.00017825071956649292
1050,f444,byteentropy.entropia11_byte05,byteentropy,0.00017824139235095177
1051,f1817,imports.func_hash_0565,imports,0.0001781506644193999
1052,f2218,imports.func_hash_0966,imports,0.00017799879290599895
1053,f1321,imports.func_hash_0069,imports,0.00017786045589510255
1054,f1695,imports.func_hash_0443,imports,0.00017758763009222858
1055,f1714,imports.func_hash_0462,imports,0.00017754737098806247
1056,f1272,imports.func_hash_0020,imports,0.0001775349409330096
1057,f958,section.props_hash_27,section,0.0001774902531111602
1058,f69,histogram.byte_0x3E,histogram,0.0001772723417981931
1059,f986,section.entry_hash_05,section,0.0001772549664415797
1060,f935,section.props_hash_04,section,0.00017697500074172968
1061,f1938,imports.func_hash_0686,imports,0.00017678180706346214
1062,f44,histogram.byte_0x25,histogram,0.00017663812300342015
1063,f2409,datadirectories.RESOURCE.size,datadirectories,0.0001764419504396639
1064,f1552,imports.func_hash_0300,imports,0.0001764244777816622
1065,f940,section.props_hash_09,section,0.0001764054195182007
1066,f1243,imports.lib_hash_247,imports,0.00017616480523201556
1067,f17,histogram.byte_0x0A,histogram,0.0001757827396910975
1068,f1318,imports.func_hash_0066,imports,0.0001757741598529314
1069,f2410,datadirectories.RESOURCE.rva,datadirectories,0.00017571996868434483
1070,f896,section.entropy_hash_15,section,0.00017557509854720991
1071,f690,strings.count_thread,strings,0.00017556589597038605
1072,f711,header.optional.sizeof_code,header,0.00017520044637641945
1073,f447,byteentropy.entropia11_byte08,byteentropy,0.00017513158911047167
1074,f2221,imports.func_hash_0969,imports,0.00017503527160514894
1075,f1135,imports.lib_hash_139,imports,0.00017455711755402382
1076,f1919,imports.func_hash_0667,imports,0.0001744741094970919
1077,f496,byteentropy.entropia14_byte09,byteentropy,0.00017443404588369312
1078,f2415,datadirectories.BASERELOC.size,datadirectories,0.00017436459484689493
1079,f1669,imports.func_hash_0417,imports,0.0001742295720254111
1080,f1853,imports.func_hash_0601,imports,0.0001741200601123193
1081,f954,section.props_hash_23,section,0.00017410361872041743
1082,f1385,imports.func_hash_0133,imports,0.00017385965237957961
1083,f2032,imports.func_hash_0780,imports,0.00017365183272232527
1084,f2265,imports.func_hash_1013,imports,0.00017361557552243633
1085,f2087,imports.func_hash_0835,imports,0.0001735728841469687
1086,f1688,imports.func_hash_0436,imports,0.00017347394149148481
1087,f72,histogram.byte_0x41,histogram,0.00017338030287243825
1088,f459,byteentropy.entropia12_byte04,byteentropy,0.00017336239841251303
1089,f2170,imports.func_hash_0918,imports,0.0001733518351997221
1090,f1460,imports.func_hash_0208,imports,0.00017329021246776128
1091,f1918,imports.func_hash_0666,imports,0.0001723045946610514
1092,f573,strings.printabledist_51_'S',strings,0.00017225987840054497
1093,f102,histogram.byte_0x5F,histogram,0.00017218560227472642
1094,f1424,imports.func_hash_0172,imports,0.0001719617777123627
1095,f2209,imports.func_hash_0957,imports,0.00017191334808161745
1096,f1510,imports.func_hash_0258,imports,0.00017186188824091315
1097,f131,histogram.byte_0x7C,histogram,0.00017143988620641864
1098,f103,histogram.byte_0x60,histogram,0.00017142340532151724
1099,f575,strings.printabledist_53_'U',strings,0.00017129622980256192
1100,f1930,imports.func_hash_0678,imports,0.00017082107400160544
1101,f1932,imports.func_hash_0680,imports,0.00017038170074446023
1102,f126,histogram.byte_0x77,histogram,0.0001702892749210974
1103,f2132,imports.func_hash_0880,imports,0.00016950470253625295
1104,f232,histogram.byte_0xE1,histogram,0.0001695001803446642
1105,f2010,imports.func_hash_0758,imports,0.0001694305439210489
1106,f2021,imports.func_hash_0769,imports,0.00016927247859213547
1107,f427,byteentropy.entropia10_byte04,byteentropy,0.0001691059859158635
1108,f2220,imports.func_hash_0968,imports,0.00016840671462323728
1109,f1413,imports.func_hash_0161,imports,0.00016818766989181336
1110,f431,byteentropy.entropia10_byte08,byteentropy,0.0001679714766888292
1111,f1422,imports.func_hash_0170,imports,0.0001671639218072824
1112,f945,section.props_hash_14,section,0.0001671019540956802
1113,f109,histogram.byte_0x66,histogram,0.00016703453293161208
1114,f1165,imports.lib_hash_169,imports,0.00016645527174861531
1115,f2251,imports.func_hash_0999,imports,0.00016562820100889268
1116,f410,byteentropy.entropia09_byte03,byteentropy,0.0001654413146620476
1117,f2165,imports.func_hash_0913,imports,0.00016466831920499935
1118,f1539,imports.func_hash_0287,imports,0.00016447328722205573
1119,f52,histogram.byte_0x2D,histogram,0.0001643615020109651
1120,f2080,imports.func_hash_0828,imports,0.00016431028899554573
1121,f57,histogram.byte_0x32,histogram,0.00016420015765192174
1122,f1373,imports.func_hash_0121,imports,0.00016393710529951521
1123,f1317,imports.func_hash_0065,imports,0.00016357623398070408
1124,f454,byteentropy.entropia11_byte15,byteentropy,0.00016351999013761056
1125,f135,histogram.byte_0x80,histogram,0.00016337559726139873
1126,f2267,imports.func_hash_1015,imports,0.00016333913811877697
1127,f668,strings.count_ipv4_addr,strings,0.00016317045024171376
1128,f1138,imports.lib_hash_142,imports,0.0001629674265062898
1129,f1367,imports.func_hash_0115,imports,0.00016292732453475356
1130,f1795,imports.func_hash_0543,imports,0.00016241888803145528
1131,f632,strings.count_base64,strings,0.00016218819172073639
1132,f2162,imports.func_hash_0910,imports,0.000162177911687786
1133,f1594,imports.func_hash_0342,imports,0.00016183380061147426
1134,f2444,richheader.hash_04,richheader,0.0001617795739755834
1135,f2033,imports.func_hash_0781,imports,0.0001614680233150416
1136,f259,histogram.byte_0xFC,histogram,0.00016135282782168706
1137,f50,histogram.byte_0x2B,histogram,0.00016129747882491093
1138,f47,histogram.byte_0x28,histogram,0.00016116665206737215
1139,f196,histogram.byte_0xBD,histogram,0.00016047205081481936
1140,f2259,imports.func_hash_1007,imports,0.00016047190141632044
1141,f1273,imports.func_hash_0021,imports,0.0001603474995893237
1142,f2188,imports.func_hash_0936,imports,0.0001599919377089971
1143,f2166,imports.func_hash_0914,imports,0.00015998098908146405
1144,f541,strings.printabledist_19_'3',strings,0.00015979425223735738
1145,f1909,imports.func_hash_0657,imports,0.00015977431415953376
1146,f638,strings.count_command,strings,0.0001593051715570354
1147,f497,byteentropy.entropia14_byte10,byteentropy,0.0001592920085396475
1148,f1349,imports.func_hash_0097,imports,0.00015928945469594549
1149,f2043,imports.func_hash_0791,imports,0.00015893081802641177
1150,f1796,imports.func_hash_0544,imports,0.00015890930839118945
1151,f1935,imports.func_hash_0683,imports,0.0001588543364316352
1152,f2316,exports.hash_039,exports,0.00015867840524977337
1153,f21,histogram.byte_0x0E,histogram,0.00015862752408638898
1154,f2266,imports.func_hash_1014,imports,0.00015855139352962552
1155,f645,strings.count_delete,strings,0.00015836150518893505
1156,f91,histogram.byte_0x54,histogram,0.00015815825440442183
1157,f1726,imports.func_hash_0474,imports,0.00015815027782002908
1158,f395,byteentropy.entropia08_byte04,byteentropy,0.00015810597445469165
1159,f1842,imports.func_hash_0590,imports,0.00015792820375890365
1160,f440,byteentropy.entropia11_byte01,byteentropy,0.00015780385629996738
1161,f1708,imports.func_hash_0456,imports,0.000157751675340706
1162,f48,histogram.byte_0x29,histogram,0.00015756500321877973
1163,f1692,imports.func_hash_0440,imports,0.0001574499526482745
1164,f1671,imports.func_hash_0419,imports,0.00015720601974394545
1165,f1516,imports.func_hash_0264,imports,0.0001570776302351081
1166,f1690,imports.func_hash_0438,imports,0.00015633259873586107
1167,f2284,exports.hash_007,exports,0.00015615930374187286
1168,f1814,imports.func_hash_0562,imports,0.00015603206250432025
1169,f134,histogram.byte_0x7F,histogram,0.00015595889397242805
1170,f1779,imports.func_hash_0527,imports,0.00015589329654762236
1171,f2023,imports.func_hash_0771,imports,0.0001558869914262577
1172,f2245,imports.func_hash_0993,imports,0.0001556658077153904
1173,f20,histogram.byte_0x0D,histogram,0.0001555568727759193
1174,f822,section.size_hash_41,section,0.00015531036850724314
1175,f65,histogram.byte_0x3A,histogram,0.00015530796947043872
1176,f746,header.dll_characteristics.NO_ISOLATION,header,0.00015508662991294721
1177,f1763,imports.func_hash_0511,imports,0.00015480629291820925
1178,f240,histogram.byte_0xE9,histogram,0.00015471668231653587
1179,f1447,imports.func_hash_0195,imports,0.00015462448159355439
1180,f1783,imports.func_hash_0531,imports,0.00015363284869611787
1181,f1261,imports.func_hash_0009,imports,0.00015299325055479293
1182,f754,header.dos.e_cblp,header,0.00015281405386691712
1183,f2279,exports.hash_002,exports,0.00015280588838726197
1184,f1583,imports.func_hash_0331,imports,0.0001523647388970117
1185,f691,strings.count_token,strings,0.00015217449164007174
1186,f343,byteentropy.entropia05_byte00,byteentropy,0.00015167578201068365
1187,f139,histogram.byte_0x84,histogram,0.00015101932205202945
1188,f89,histogram.byte_0x52,histogram,0.0001509557753765577
1189,f38,histogram.byte_0x1F,histogram,0.00015073859247687787
1190,f2228,imports.func_hash_0976,imports,0.00015028266002512273
1191,f2139,imports.func_hash_0887,imports,0.00015017285088989463
1192,f1220,imports.lib_hash_224,imports,0.00015002962317484792
1193,f417,byteentropy.entropia09_byte10,byteentropy,0.00014991722458100723
1194,f758,header.dos.e_minalloc,header,0.0001498619171751694
1195,f464,byteentropy.entropia12_byte09,byteentropy,0.00014983807093952694
1196,f2186,imports.func_hash_0934,imports,0.00014973302124833036
1197,f2124,imports.func_hash_0872,imports,0.00014966425221027378
1198,f2126,imports.func_hash_0874,imports,0.00014945113364977876
1199,f1530,imports.func_hash_0278,imports,0.00014938331631377845
1200,f1765,imports.func_hash_0513,imports,0.00014924586978879917
1201,f686,strings.count_service,strings,0.00014910492596551295
1202,f1475,imports.func_hash_0223,imports,0.0001489327860151118
1203,f1508,imports.func_hash_0256,imports,0.00014867776039008176
1204,f1386,imports.func_hash_0134,imports,0.00014866150096477887
1205,f1953,imports.func_hash_0701,imports,0.00014865281347958189
1206,f872,section.vsize_hash_41,section,0.00014858432716762518
1207,f1581,imports.func_hash_0329,imports,0.00014834492458177335
1208,f2248,imports.func_hash_0996,imports,0.0001480115283946808
1209,f666,strings.count_install,strings,0.00014774067627041642
1210,f1495,imports.func_hash_0243,imports,0.00014765234583651596
1211,f191,histogram.byte_0xB8,histogram,0.000147626503297965
1212,f2288,exports.hash_011,exports,0.00014730649249951376
1213,f1213,imports.lib_hash_217,imports,0.00014711924631000502
1214,f2216,imports.func_hash_0964,imports,0.00014707958384415398
1215,f1269,imports.func_hash_0017,imports,0.00014677243895439885
1216,f689,strings.count_system,strings,0.00014637011787197354
1217,f1564,imports.func_hash_0312,imports,0.00014602685136849304
1218,f675,strings.count_mutex,strings,0.0001456223219255109
1219,f253,histogram.byte_0xF6,histogram,0.00014483203235549948
1220,f434,byteentropy.entropia10_byte11,byteentropy,0.0001444481482225897
1221,f27,histogram.byte_0x14,histogram,0.0001441403141564685
1222,f931,section.props_hash_00,section,0.00014408761880639742
1223,f1832,imports.func_hash_0580,imports,0.00014406498110624546
1224,f1286,imports.func_hash_0034,imports,0.0001438762000434072
1225,f2195,imports.func_hash_0943,imports,0.0001438464021178628
1226,f167,histogram.byte_0xA0,histogram,0.0001438244194970265
1227,f1486,imports.func_hash_0234,imports,0.00014361482722709853
1228,f70,histogram.byte_0x3F,histogram,0.00014348067190458986
1229,f1254,imports.func_hash_0002,imports,0.00014336844538731852
1230,f1749,imports.func_hash_0497,imports,0.0001433197887821439
1231,f84,histogram.byte_0x4D,histogram,0.0001432292268211172
1232,f2416,datadirectories.BASERELOC.rva,datadirectories,0.0001431835590692848
1233,f451,byteentropy.entropia11_byte12,byteentropy,0.00014300033927966917
1234,f32,histogram.byte_0x19,histogram,0.000142637516366001
1235,f1609,imports.func_hash_0357,imports,0.0001424776145750456
1236,f364,byteentropy.entropia06_byte05,byteentropy,0.00014239101200774336
1237,f1242,imports.lib_hash_246,imports,0.00014231917292455482
1238,f1735,imports.func_hash_0483,imports,0.00014217962611816137
1239,f1821,imports.func_hash_0569,imports,0.00014183322142475883
1240,f1907,imports.func_hash_0655,imports,0.00014181220557665558
1241,f1813,imports.func_hash_0561,imports,0.00014121699858498176
1242,f1255,imports.func_hash_0003,imports,0.00014105014909370455
1243,f667,strings.count_internet,strings,0.00014098958825574707
1244,f1837,imports.func_hash_0585,imports,0.00014083233661256917
1245,f415,byteentropy.entropia09_byte08,byteentropy,0.0001407428763078706
1246,f1315,imports.func_hash_0063,imports,0.00014036437061400007
1247,f898,section.entropy_hash_17,section,0.00014035408959485013
1248,f1659,imports.func_hash_0407,imports,0.00014006993636691756
1249,f201,histogram.byte_0xC2,histogram,0.00013978606010123901
1250,f1434,imports.func_hash_0182,imports,0.00013951321390151054
1251,f463,byteentropy.entropia12_byte08,byteentropy,0.0001394704047804723
1252,f1846,imports.func_hash_0594,imports,0.0001394031389619103
1253,f946,section.props_hash_15,section,0.00013935979455941073
1254,f2168,imports.func_hash_0916,imports,0.00013917948579543618
1255,f2069,imports.func_hash_0817,imports,0.00013912839392386
1256,f1800,imports.func_hash_0548,imports,0.0001391159371549436
1257,f1287,imports.func_hash_0035,imports,0.000139041797515826
1258,f18,histogram.byte_0x0B,histogram,0.00013902985838590274
1259,f950,section.props_hash_19,section,0.0001387335346977577
1260,f2306,exports.hash_029,exports,0.0001386610928365982
1261,f1433,imports.func_hash_0181,imports,0.00013860173082755946
1262,f1406,imports.func_hash_0154,imports,0.00013859127306576661
1263,f2431,datadirectories.DELAY_IMPORT.size,datadirectories,0.0001385850634894935
1264,f1801,imports.func_hash_0549,imports,0.00013831205087432393
1265,f961,section.props_hash_30,section,0.00013829203076960042
1266,f31,histogram.byte_0x18,histogram,0.0001381561416221948
1267,f470,byteentropy.entropia12_byte15,byteentropy,0.00013800981786669635
1268,f968,section.props_hash_37,section,0.00013766262851148015
1269,f460,byteentropy.entropia12_byte05,byteentropy,0.0001376290374005115
1270,f243,histogram.byte_0xEC,histogram,0.00013727711780993492
1271,f714,header.optional.sizeof_initialized_data,header,0.00013719666249498242
1272,f385,byteentropy.entropia07_byte10,byteentropy,0.00013715362830671673
1273,f2440,richheader.hash_00,richheader,0.00013712921334539595
1274,f2031,imports.func_hash_0779,imports,0.00013685932269925493
1275,f2240,imports.func_hash_0988,imports,0.00013681655837606487
1276,f416,byteentropy.entropia09_byte09,byteentropy,0.00013658710271643255
1277,f1271,imports.func_hash_0019,imports,0.00013655110455546368
1278,f1208,imports.lib_hash_212,imports,0.00013632226879088527
1279,f1700,imports.func_hash_0448,imports,0.00013620169325541216
1280,f1423,imports.func_hash_0171,imports,0.00013579886139972574
1281,f441,byteentropy.entropia11_byte02,byteentropy,0.00013577977462859672
1282,f574,strings.printabledist_52_'T',strings,0.000135589560825817
1283,f1912,imports.func_hash_0660,imports,0.00013536753411095003
1284,f1527,imports.func_hash_0275,imports,0.0001353604114568775
1285,f2314,exports.hash_037,exports,0.00013518803553907836
1286,f14,histogram.byte_0x07,histogram,0.00013457813558301934
1287,f2052,imports.func_hash_0800,imports,0.00013444905755079218
1288,f673,strings.count_memory,strings,0.00013429478321073238
1289,f2155,imports.func_hash_0903,imports,0.0001342632864158611
1290,f1301,imports.func_hash_0049,imports,0.00013405630484958567
1291,f2041,imports.func_hash_0789,imports,0.00013402261052423718
1292,f1525,imports.func_hash_0273,imports,0.00013394150181495322
1293,f2163,imports.func_hash_0911,imports,0.00013361615252938024
1294,f1675,imports.func_hash_0423,imports,0.00013338733395606777
1295,f717,header.optional.sizeof_stack_commit,header,0.0001330606934713738
1296,f1468,imports.func_hash_0216,imports,0.00013284049206458903
1297,f1757,imports.func_hash_0505,imports,0.00013270443270995425
1298,f1099,imports.lib_hash_103,imports,0.00013265260425114072
1299,f2434,datadirectories.COM_DESCRIPTOR.rva,datadirectories,0.00013235326365992078
1300,f1563,imports.func_hash_0311,imports,0.00013222014215006391
1301,f1322,imports.func_hash_0070,imports,0.00013170218468983234
1302,f671,strings.count_keyboard,strings,0.0001316974635395547
1303,f365,byteentropy.entropia06_byte06,byteentropy,0.00013168973594047105
1304,f1497,imports.func_hash_0245,imports,0.0001313887686101356
1305,f644,strings.count_decode,strings,0.00013132780999186447
1306,f35,histogram.byte_0x1C,histogram,0.00013128256624799894
1307,f1403,imports.func_hash_0151,imports,0.00013120054834389564
1308,f2116,imports.func_hash_0864,imports,0.00013111162667196435
1309,f2233,imports.func_hash_0981,imports,0.00013107746474223534
1310,f295,byteentropy.entropia02_byte00,byteentropy,0.00013096810531959923
1311,f1772,imports.func_hash_0520,imports,0.00013094409599884345
1312,f976,section.props_hash_45,section,0.00013093928145476003
1313,f1684,imports.func_hash_0432,imports,0.00013093542619570228
1314,f2258,imports.func_hash_1006,imports,0.00013090132845712386
1315,f1738,imports.func_hash_0486,imports,0.00013086078021512886
1316,f2028,imports.func_hash_0776,imports,0.00013038672519445114
1317,f2447,richheader.hash_07,richheader,0.0001302968482770603
1318,f2408,datadirectories.IMPORT.rva,datadirectories,0.00013015020126047632
1319,f1214,imports.lib_hash_218,imports,0.00013006148076447792
1320,f1361,imports.func_hash_0109,imports,0.0001298025711717877
1321,f223,histogram.byte_0xD8,histogram,0.0001297139315015807
1322,f2143,imports.func_hash_0891,imports,0.00012953791770234114
1323,f2270,imports.func_hash_1018,imports,0.00012949122684375396
1324,f2111,imports.func_hash_0859,imports,0.00012912178085749257
1325,f453,byteentropy.entropia11_byte14,byteentropy,0.00012896527622548306
1326,f1191,imports.lib_hash_195,imports,0.0001288947042671131
1327,f1366,imports.func_hash_0114,imports,0.0001287852631650393
1328,f1519,imports.func_hash_0267,imports,0.0001285973331019651
1329,f327,byteentropy.entropia04_byte00,byteentropy,0.00012854107388675552
1330,f2171,imports.func_hash_0919,imports,0.00012845625618246778
1331,f378,byteentropy.entropia07_byte03,byteentropy,0.00012840386802917208
1332,f1829,imports.func_hash_0577,imports,0.0001284029334135809
1333,f1577,imports.func_hash_0325,imports,0.00012815616443734426
1334,f718,header.optional.sizeof_heap_reserve,header,0.00012791773289921385
1335,f1431,imports.func_hash_0179,imports,0.00012773365995416702
1336,f1736,imports.func_hash_0484,imports,0.00012749886194901754
1337,f1844,imports.func_hash_0592,imports,0.00012741609296925766
1338,f2468,richheader.hash_28,richheader,0.0001271576610205984
1339,f1802,imports.func_hash_0550,imports,0.00012713278689099243
1340,f143,histogram.byte_0x88,histogram,0.000127050737918645
1341,f1775,imports.func_hash_0523,imports,0.00012688646244156328
1342,f1638,imports.func_hash_0386,imports,0.0001268606286723518
1343,f438,byteentropy.entropia10_byte15,byteentropy,0.0001268318805102091
1344,f458,byteentropy.entropia12_byte03,byteentropy,0.00012652654698665862
1345,f636,strings.count_certificate,strings,0.0001264838424145323
1346,f366,byteentropy.entropia06_byte07,byteentropy,0.00012647189563513777
1347,f953,section.props_hash_22,section,0.00012643180188362724
1348,f719,header.optional.sizeof_heap_commit,header,0.00012472689796022804
1349,f2198,imports.func_hash_0946,imports,0.00012463428461000357
1350,f2038,imports.func_hash_0786,imports,0.00012461341465940328
1351,f1547,imports.func_hash_0295,imports,0.0001245788007600613
1352,f2160,imports.func_hash_0908,imports,0.00012452114103522283
1353,f2103,imports.func_hash_0851,imports,0.0001240740981105557
1354,f1693,imports.func_hash_0441,imports,0.00012382121168487225
1355,f1352,imports.func_hash_0100,imports,0.00012380586807221822
1356,f466,byteentropy.entropia12_byte11,byteentropy,0.0001237461446359279
1357,f1969,imports.func_hash_0717,imports,0.00012309182764725366
1358,f1673,imports.func_hash_0421,imports,0.0001230883453152719
1359,f1920,imports.func_hash_0668,imports,0.0001229451831604957
1360,f2053,imports.func_hash_0801,imports,0.00012281486824616128
1361,f1378,imports.func_hash_0126,imports,0.00012203031389130215
1362,f1822,imports.func_hash_0570,imports,0.0001216660972919289
1363,f2397,exports.hash_120,exports,0.00012155768568942291
1364,f462,byteentropy.entropia12_byte07,byteentropy,0.00012148341434800496
1365,f1660,imports.func_hash_0408,imports,0.00012122666301024975
1366,f2230,imports.func_hash_0978,imports,0.00012116519336697975
1367,f1878,imports.func_hash_0626,imports,0.00012078790649767234
1368,f1330,imports.func_hash_0078,imports,0.00012069687557375179
1369,f653,strings.count_enum,strings,0.00012069636779478169
1370,f1819,imports.func_hash_0567,imports,0.00012052087143486344
1371,f1990,imports.func_hash_0738,imports,0.00012026287241776158
1372,f1887,imports.func_hash_0635,imports,0.00012015775187663374
1373,f468,byteentropy.entropia12_byte13,byteentropy,0.0001199254531159906
1374,f437,byteentropy.entropia10_byte14,byteentropy,0.00011971404354629625
1375,f973,section.props_hash_42,section,0.00011962899086987148
1376,f1511,imports.func_hash_0259,imports,0.0001193266585924622
1377,f795,section.size_hash_14,section,0.00011899590646709166
1378,f755,header.dos.e_cp,header,0.00011888290490160607
1379,f1840,imports.func_hash_0588,imports,0.00011878319834956354
1380,f2153,imports.func_hash_0901,imports,0.00011868363666700544
1381,f1875,imports.func_hash_0623,imports,0.00011862001227314126
1382,f311,byteentropy.entropia03_byte00,byteentropy,0.00011855389514452831
1383,f2068,imports.func_hash_0816,imports,0.00011803145616669414
1384,f2000,imports.func_hash_0748,imports,0.00011785232503146815
1385,f2076,imports.func_hash_0824,imports,0.00011770828202113064
1386,f1398,imports.func_hash_0146,imports,0.0001176884188021478
1387,f394,byteentropy.entropia08_byte03,byteentropy,0.0001176247473576271
1388,f983,section.entry_hash_02,section,0.00011756603254755464
1389,f2049,imports.func_hash_0797,imports,0.00011756589720711868
1390,f1041,imports.lib_hash_045,imports,0.0001172840090317462
1391,f390,byteentropy.entropia07_byte15,byteentropy,0.0001169012347181094
1392,f2118,imports.func_hash_0866,imports,0.0001168907051118154
1393,f646,strings.count_desktop,strings,0.00011687404868226755
1394,f1850,imports.func_hash_0598,imports,0.000116829215636281
1395,f401,byteentropy.entropia08_byte10,byteentropy,0.00011680717251767034
1396,f1643,imports.func_hash_0391,imports,0.00011655342714344002
1397,f643,strings.count_debug,strings,0.00011651024939514604
1398,f1572,imports.func_hash_0320,imports,0.00011649700510640298
1399,f1473,imports.func_hash_0221,imports,0.00011628300528820584
1400,f2418,datadirectories.DEBUG.rva,datadirectories,0.00011626336333061415
1401,f1290,imports.func_hash_0038,imports,0.00011591831791276297
1402,f1421,imports.func_hash_0169,imports,0.00011580558259990538
1403,f2130,imports.func_hash_0878,imports,0.00011563188809565065
1404,f2206,imports.func_hash_0954,imports,0.0001153951210249934
1405,f2261,imports.func_hash_1009,imports,0.00011528885129992665
1406,f1487,imports.func_hash_0235,imports,0.0001152027716246571
1407,f1270,imports.func_hash_0018,imports,0.00011506680971139431
1408,f1409,imports.func_hash_0157,imports,0.00011497055179751964
1409,f363,byteentropy.entropia06_byte04,byteentropy,0.00011491830892166218
1410,f1494,imports.func_hash_0242,imports,0.00011475743090293679
1411,f1668,imports.func_hash_0416,imports,0.00011474157491911894
1412,f1836,imports.func_hash_0584,imports,0.00011467964893206067
1413,f457,byteentropy.entropia12_byte02,byteentropy,0.00011463634642193135
1414,f349,byteentropy.entropia05_byte06,byteentropy,0.00011457819886732876
1415,f1963,imports.func_hash_0711,imports,0.00011449807130089492
1416,f2014,imports.func_hash_0762,imports,0.000114321027971387
1417,f2190,imports.func_hash_0938,imports,0.00011427189859934346
1418,f2083,imports.func_hash_0831,imports,0.00011421447684279833
1419,f2254,imports.func_hash_1002,imports,0.0001141585766051708
1420,f1435,imports.func_hash_0183,imports,0.00011404534763285898
1421,f1288,imports.func_hash_0036,imports,0.00011358572383162966
1422,f1860,imports.func_hash_0608,imports,0.00011348982586232336
1423,f1451,imports.func_hash_0199,imports,0.00011342685163289877
1424,f406,byteentropy.entropia08_byte15,byteentropy,0.00011328705246293646
1425,f1476,imports.func_hash_0224,imports,0.00011308546595254557
1426,f1649,imports.func_hash_0397,imports,0.00011298972044318842
1427,f2071,imports.func_hash_0819,imports,0.00011288466550356648
1428,f2137,imports.func_hash_0885,imports,0.00011255879841847854
1429,f845,section.vsize_hash_14,section,0.00011232290274050388
1430,f151,histogram.byte_0x90,histogram,0.00011229088544404973
1431,f715,header.optional.sizeof_uninitialized_data,header,0.0001122434116307557
1432,f873,section.vsize_hash_42,section,0.00011224224222975661
1433,f1804,imports.func_hash_0552,imports,0.00011211489385662658
1434,f2027,imports.func_hash_0775,imports,0.00011178757375892175
1435,f2034,imports.func_hash_0782,imports,0.00011166999007303944
1436,f1259,imports.func_hash_0007,imports,0.00011115556721627754
1437,f1566,imports.func_hash_0314,imports,0.000111075095743776
1438,f1278,imports.func_hash_0026,imports,0.00011097191001386575
1439,f1483,imports.func_hash_0231,imports,0.00011095511483747025
1440,f1535,imports.func_hash_0283,imports,0.00011088638401330943
1441,f1401,imports.func_hash_0149,imports,0.00011080430967514293
1442,f1059,imports.lib_hash_063,imports,0.00011065394816420961
1443,f2158,imports.func_hash_0906,imports,0.00011053815869052611
1444,f1266,imports.func_hash_0014,imports,0.00011047373663335034
1445,f1621,imports.func_hash_0369,imports,0.00011045097999546359
1446,f1608,imports.func_hash_0356,imports,0.00011035016244418106
1447,f835,section.vsize_hash_04,section,0.00011029196351936894
1448,f1267,imports.func_hash_0015,imports,0.00011013433073913471
1449,f1302,imports.func_hash_0050,imports,0.00011003456015985895
1450,f339,byteentropy.entropia04_byte12,byteentropy,0.0001098983593369511
1451,f2136,imports.func_hash_0884,imports,0.00010986807618326717
1452,f1665,imports.func_hash_0413,imports,0.00010970134638041948
1453,f934,section.props_hash_03,section,0.00010940793860935057
1454,f1841,imports.func_hash_0589,imports,0.000109344113089162
1455,f297,byteentropy.entropia02_byte02,byteentropy,0.00010931723339184826
1456,f2232,imports.func_hash_0980,imports,0.00010926358615598805
1457,f1332,imports.func_hash_0080,imports,0.00010902768075485178
1458,f1917,imports.func_hash_0665,imports,0.0001090233421892965
1459,f688,strings.count_snapshot,strings,0.0001087377171404652
1460,f2556,pefilewarnings.w76_Unsupported version of UNWIND_INFO,pefilewarnings,0.00010873680405003796
1461,f422,byteentropy.entropia09_byte15,byteentropy,0.00010864399576704283
1462,f1306,imports.func_hash_0054,imports,0.00010858907477174239
1463,f469,byteentropy.entropia12_byte14,byteentropy,0.00010830541129769125
1464,f1882,imports.func_hash_0630,imports,0.00010812848176743125
1465,f1250,imports.lib_hash_254,imports,0.00010753441018551552
1466,f1880,imports.func_hash_0628,imports,0.00010739731731616446
1467,f2450,richheader.hash_10,richheader,0.00010729878851645875
1468,f456,byteentropy.entropia12_byte01,byteentropy,0.00010700871054636354
1469,f450,byteentropy.entropia11_byte11,byteentropy,0.00010693707928596967
1470,f1323,imports.func_hash_0071,imports,0.00010669191491162473
1471,f2309,exports.hash_032,exports,0.00010659805945236691
1472,f1540,imports.func_hash_0288,imports,0.00010609217125361341
1473,f1702,imports.func_hash_0450,imports,0.00010593028464559816
1474,f1282,imports.func_hash_0030,imports,0.00010579338631891102
1475,f2255,imports.func_hash_1003,imports,0.00010579005343528766
1476,f399,byteentropy.entropia08_byte08,byteentropy,0.0001057296253215452
1477,f2030,imports.func_hash_0778,imports,0.0001056925833610178
1478,f2179,imports.func_hash_0927,imports,0.00010566216906426512
1479,f2180,imports.func_hash_0928,imports,0.00010522353159333815
1480,f2430,datadirectories.IAT.rva,datadirectories,0.00010516660268296926
1481,f1874,imports.func_hash_0622,imports,0.00010510209927737999
1482,f2312,exports.hash_035,exports,0.00010503515926855613
1483,f452,byteentropy.entropia11_byte13,byteentropy,0.00010483321610019512
1484,f346,byteentropy.entropia05_byte03,byteentropy,0.00010476036187769886
1485,f1279,imports.func_hash_0027,imports,0.00010464676581616962
1486,f767,header.dos.e_oemid,header,0.00010413928113394978
1487,f1652,imports.func_hash_0400,imports,0.00010380526081847279
1488,f2406,datadirectories.EXPORT.rva,datadirectories,0.00010380309482196448
1489,f1418,imports.func_hash_0166,imports,0.0001036879040559878
1490,f335,byteentropy.entropia04_byte08,byteentropy,0.00010335662132141755
1491,f279,byteentropy.entropia01_byte00,byteentropy,0.00010320647775951432
1492,f1517,imports.func_hash_0265,imports,0.000103086779370358
1493,f300,byteentropy.entropia02_byte05,byteentropy,0.0001030170613698363
1494,f1769,imports.func_hash_0517,imports,0.00010300488948463026
1495,f1344,imports.func_hash_0092,imports,0.00010271529097051706
1496,f652,strings.count_encode,strings,0.00010264687142600404
1497,f1924,imports.func_hash_0672,imports,0.00010218059850789025
1498,f1283,imports.func_hash_0031,imports,0.00010213674027410917
1499,f2239,imports.func_hash_0987,imports,0.00010195501710307641
1500,f2246,imports.func_hash_0994,imports,0.00010190801301485993
1501,f1760,imports.func_hash_0508,imports,0.00010184835840537418
1502,f1175,imports.lib_hash_179,imports,0.00010125011401039662
1503,f1491,imports.func_hash_0239,imports,0.00010123591476682532
1504,f2325,exports.hash_048,exports,0.00010113969921456448
1505,f435,byteentropy.entropia10_byte12,byteentropy,0.00010107883121576099
1506,f1834,imports.func_hash_0582,imports,0.00010070402202879164
1507,f2056,imports.func_hash_0804,imports,0.00010057488416813406
1508,f1586,imports.func_hash_0334,imports,0.00010021559219689653
1509,f863,section.vsize_hash_32,section,0.00010018508298039822
1510,f2390,exports.hash_113,exports,0.0001000373686443891
1511,f316,byteentropy.entropia03_byte05,byteentropy,9.986208156911981e-05
1512,f1993,imports.func_hash_0741,imports,9.977930681929428e-05
1513,f1870,imports.func_hash_0618,imports,9.964760906117511e-05
1514,f183,histogram.byte_0xB0,histogram,9.959486464950352e-05
1515,f383,byteentropy.entropia07_byte08,byteentropy,9.95595293182172e-05
1516,f1007,imports.lib_hash_011,imports,9.922783957917512e-05
1517,f1102,imports.lib_hash_106,imports,9.91005791419685e-05
1518,f2066,imports.func_hash_0814,imports,9.90742426975342e-05
1519,f1824,imports.func_hash_0572,imports,9.877550189134035e-05
1520,f2361,exports.hash_084,exports,9.867827112841221e-05
1521,f2384,exports.hash_107,exports,9.867460943591516e-05
1522,f400,byteentropy.entropia08_byte09,byteentropy,9.803386400365046e-05
1523,f661,strings.count_hostname,strings,9.752108474523201e-05
1524,f2013,imports.func_hash_0761,imports,9.751054002768824e-05
1525,f1568,imports.func_hash_0316,imports,9.747571185037378e-05
1526,f1831,imports.func_hash_0579,imports,9.685258901226161e-05
1527,f2035,imports.func_hash_0783,imports,9.666850583955331e-05
1528,f1751,imports.func_hash_0499,imports,9.660082323176698e-05
1529,f1298,imports.func_hash_0046,imports,9.65454626876135e-05
1530,f384,byteentropy.entropia07_byte09,byteentropy,9.653834508643816e-05
1531,f650,strings.count_download,strings,9.653317560719505e-05
1532,f1694,imports.func_hash_0442,imports,9.636515908785422e-05
1533,f1633,imports.func_hash_0381,imports,9.628884541334917e-05
1534,f1727,imports.func_hash_0475,imports,9.613737318319412e-05
1535,f1972,imports.func_hash_0720,imports,9.607028690010261e-05
1536,f766,header.dos.e_ovno,header,9.583589371944131e-05
1537,f419,byteentropy.entropia09_byte12,byteentropy,9.563279886313489e-05
1538,f315,byteentropy.entropia03_byte04,byteentropy,9.561933156714228e-05
1539,f1251,imports.lib_hash_255,imports,9.558726446617351e-05
1540,f1450,imports.func_hash_0198,imports,9.535202212453193e-05
1541,f2452,richheader.hash_12,richheader,9.511522456628977e-05
1542,f1416,imports.func_hash_0164,imports,9.497351284032309e-05
1543,f955,section.props_hash_24,section,9.496256573196972e-05
1544,f361,byteentropy.entropia06_byte02,byteentropy,9.481122617472834e-05
1545,f436,byteentropy.entropia10_byte13,byteentropy,9.479953569235006e-05
1546,f2223,imports.func_hash_0971,imports,9.442537453747854e-05
1547,f1587,imports.func_hash_0335,imports,9.430947959345823e-05
1548,f2405,datadirectories.EXPORT.size,datadirectories,9.428940980070233e-05
1549,f2424,datadirectories.TLS.rva,datadirectories,9.421328365372937e-05
1550,f374,byteentropy.entropia06_byte15,byteentropy,9.407314383625408e-05
1551,f2453,richheader.hash_13,richheader,9.403664158722412e-05
1552,f1965,imports.func_hash_0713,imports,9.394240137485051e-05
1553,f420,byteentropy.entropia09_byte13,byteentropy,9.34019855088397e-05
1554,f1309,imports.func_hash_0057,imports,9.316834665620553e-05
1555,f813,section.size_hash_32,section,9.293541802642717e-05
1556,f1925,imports.func_hash_0673,imports,9.291347146210645e-05
1557,f1630,imports.func_hash_0378,imports,9.274116418397604e-05
1558,f2388,exports.hash_111,exports,9.246431274919793e-05
1559,f1425,imports.func_hash_0173,imports,9.224612496184431e-05
1560,f1345,imports.func_hash_0093,imports,9.222006355119127e-05
1561,f1412,imports.func_hash_0160,imports,9.216017122038727e-05
1562,f823,section.size_hash_42,section,9.207103742449453e-05
1563,f1591,imports.func_hash_0339,imports,9.189752213895035e-05
1564,f1402,imports.func_hash_0150,imports,9.159743477786819e-05
1565,f669,strings.count_ipv6_addr,strings,9.157321602363245e-05
1566,f1730,imports.func_hash_0478,imports,9.149521705062765e-05
1567,f635,strings.count_cache,strings,9.14821072781981e-05
1568,f1245,imports.lib_hash_249,imports,9.137880966575864e-05
1569,f2398,exports.hash_121,exports,9.134497992964803e-05
1570,f2428,datadirectories.BOUND_IMPORT.rva,datadirectories,9.126158426159832e-05
1571,f1943,imports.func_hash_0691,imports,9.103705339976111e-05
1572,f768,header.dos.e_oeminfo,header,9.074634759260489e-05
1573,f2018,imports.func_hash_0766,imports,9.064037619463547e-05
1574,f1731,imports.func_hash_0479,imports,9.060688653014131e-05
1575,f1461,imports.func_hash_0209,imports,9.054271241318297e-05
1576,f1815,imports.func_hash_0563,imports,9.048310570886266e-05
1577,f360,byteentropy.entropia06_byte01,byteentropy,9.046938616382492e-05
1578,f693,strings.count_useragent,strings,9.038539262311796e-05
1579,f1911,imports.func_hash_0659,imports,9.037932805818581e-05
1580,f1025,imports.lib_hash_029,imports,9.029113902445194e-05
1581,f350,byteentropy.entropia05_byte07,byteentropy,9.019205079269678e-05
1582,f1372,imports.func_hash_0120,imports,9.015739422629286e-05
1583,f1466,imports.func_hash_0214,imports,9.011410096993136e-05
1584,f2359,exports.hash_082,exports,9.010277897090776e-05
1585,f1646,imports.func_hash_0394,imports,9.00580089641527e-05
1586,f642,strings.count_crypt,strings,8.966451972035028e-05
1587,f890,section.entropy_hash_09,section,8.952929408898594e-05
1588,f1937,imports.func_hash_0685,imports,8.950641485259041e-05
1589,f367,byteentropy.entropia06_byte08,byteentropy,8.931983812530019e-05
1590,f1843,imports.func_hash_0591,imports,8.906951216769092e-05
1591,f1734,imports.func_hash_0482,imports,8.880902143025496e-05
1592,f1739,imports.func_hash_0487,imports,8.87881982966283e-05
1593,f637,strings.count_clipboard,strings,8.877888004712618e-05
1594,f2393,exports.hash_116,exports,8.874192599059672e-05
1595,f761,header.dos.e_sp,header,8.869615334773678e-05
1596,f2051,imports.func_hash_0799,imports,8.866427540354126e-05
1597,f1657,imports.func_hash_0405,imports,8.861249578313517e-05
1598,f1856,imports.func_hash_0604,imports,8.82724357420054e-05
1599,f334,byteentropy.entropia04_byte07,byteentropy,8.82685885740295e-05
1600,f1432,imports.func_hash_0180,imports,8.806191553881256e-05
1601,f1521,imports.func_hash_0269,imports,8.787034278679153e-05
1602,f1545,imports.func_hash_0293,imports,8.785525280492797e-05
1603,f2133,imports.func_hash_0881,imports,8.716305671841468e-05
1604,f2015,imports.func_hash_0763,imports,8.711791205824605e-05
1605,f328,byteentropy.entropia04_byte01,byteentropy,8.702859187795834e-05
1606,f2458,richheader.hash_18,richheader,8.686673268672462e-05
1607,f1947,imports.func_hash_0695,imports,8.684695653379532e-05
1608,f1341,imports.func_hash_0089,imports,8.681808823061518e-05
1609,f1502,imports.func_hash_0250,imports,8.667061002534142e-05
1610,f2256,imports.func_hash_1004,imports,8.599189568013078e-05
1611,f1648,imports.func_hash_0396,imports,8.588919810352689e-05
1612,f1762,imports.func_hash_0510,imports,8.578018632881872e-05
1613,f1601,imports.func_hash_0349,imports,8.558423638008784e-05
1614,f1108,imports.lib_hash_112,imports,8.517296374969252e-05
1615,f2058,imports.func_hash_0806,imports,8.460780611144833e-05
1616,f1127,imports.lib_hash_131,imports,8.459394780859349e-05
1617,f331,byteentropy.entropia04_byte04,byteentropy,8.428995702458686e-05
1618,f1555,imports.func_hash_0303,imports,8.428018340572912e-05
1619,f1613,imports.func_hash_0361,imports,8.412950021650338e-05
1620,f421,byteentropy.entropia09_byte14,byteentropy,8.401521183923577e-05
1621,f1677,imports.func_hash_0425,imports,8.331378252735943e-05
1622,f1359,imports.func_hash_0107,imports,8.329727288274548e-05
1623,f2401,exports.hash_124,exports,8.313313217483978e-05
1624,f2117,imports.func_hash_0865,imports,8.309471019816571e-05
1625,f1986,imports.func_hash_0734,imports,8.309100536174898e-05
1626,f658,strings.count_ftp,strings,8.29700371989879e-05
1627,f1550,imports.func_hash_0298,imports,8.284492407567906e-05
1628,f2448,richheader.hash_08,richheader,8.263346163178547e-05
1629,f639,strings.count_connect,strings,8.258981185663383e-05
1630,f1405,imports.func_hash_0153,imports,8.238621382474759e-05
1631,f2426,datadirectories.LOAD_CONFIG.rva,datadirectories,8.226446943644444e-05
1632,f1806,imports.func_hash_0554,imports,8.22629466655333e-05
1633,f2324,exports.hash_047,exports,8.222532260510988e-05
1634,f1316,imports.func_hash_0064,imports,8.217256687827299e-05
1635,f985,section.entry_hash_04,section,8.205487576675333e-05
1636,f1549,imports.func_hash_0297,imports,8.18782202401939e-05
1637,f677,strings.count_password,strings,8.16901311701402e-05
1638,f358,byteentropy.entropia05_byte15,byteentropy,8.164623565333765e-05
1639,f386,byteentropy.entropia07_byte11,byteentropy,8.14766522311174e-05
1640,f1308,imports.func_hash_0056,imports,8.120425811033504e-05
1641,f1893,imports.func_hash_0641,imports,8.103234294524286e-05
1642,f927,section.entropy_hash_46,section,8.0987207891838e-05
1643,f648,strings.count_disk,strings,8.083412589994725e-05
1644,f2159,imports.func_hash_0907,imports,8.081494136913803e-05
1645,f663,strings.count_http,strings,8.075590840143679e-05
1646,f1077,imports.lib_hash_081,imports,8.0733027358854e-05
1647,f2257,imports.func_hash_1005,imports,8.064347797877043e-05
1648,f2540,pefilewarnings.w60_Resource size,pefilewarnings,8.058613774009051e-05
1649,f418,byteentropy.entropia09_byte11,byteentropy,8.039252911945184e-05
1650,f1580,imports.func_hash_0328,imports,8.031189736886914e-05
1651,f2271,imports.func_hash_1019,imports,8.023793079926035e-05
1652,f1370,imports.func_hash_0118,imports,7.985191997644857e-05
1653,f1606,imports.func_hash_0354,imports,7.981440383759972e-05
1654,f1397,imports.func_hash_0145,imports,7.978325444253204e-05
1655,f302,byteentropy.entropia02_byte07,byteentropy,7.969067372392344e-05
1656,f1553,imports.func_hash_0301,imports,7.95760602682065e-05
1657,f881,section.entropy_hash_00,section,7.939036859180122e-05
1658,f1360,imports.func_hash_0108,imports,7.93521515355883e-05
1659,f2252,imports.func_hash_1000,imports,7.929352741226588e-05
1660,f1391,imports.func_hash_0139,imports,7.862448356907425e-05
1661,f2315,exports.hash_038,exports,7.846142568684201e-05
1662,f1493,imports.func_hash_0241,imports,7.845261728308222e-05
1663,f1857,imports.func_hash_0605,imports,7.836529047558671e-05
1664,f988,section.entry_hash_07,section,7.830553818014651e-05
1665,f2112,imports.func_hash_0860,imports,7.815343728605254e-05
1666,f1177,imports.lib_hash_181,imports,7.812697339940703e-05
1667,f2446,richheader.hash_06,richheader,7.801344204638978e-05
1668,f2064,imports.func_hash_0812,imports,7.785842751377679e-05
1669,f1541,imports.func_hash_0289,imports,7.775343359766188e-05
1670,f354,byteentropy.entropia05_byte11,byteentropy,7.744841215642946e-05
1671,f1536,imports.func_hash_0284,imports,7.744347891832852e-05
1672,f1436,imports.func_hash_0184,imports,7.74085273129298e-05
1673,f2370,exports.hash_093,exports,7.73169418150892e-05
1674,f2210,imports.func_hash_0958,imports,7.726373549993889e-05
1675,f1923,imports.func_hash_0671,imports,7.717970919520495e-05
1676,f1896,imports.func_hash_0644,imports,7.711158955319736e-05
1677,f326,byteentropy.entropia03_byte15,byteentropy,7.690672640637288e-05
1678,f2036,imports.func_hash_0784,imports,7.631217973364488e-05
1679,f1368,imports.func_hash_0116,imports,7.605917433514974e-05
1680,f2050,imports.func_hash_0798,imports,7.602691582579165e-05
1681,f333,byteentropy.entropia04_byte06,byteentropy,7.592074202205943e-05
1682,f1632,imports.func_hash_0380,imports,7.589013708238957e-05
1683,f373,byteentropy.entropia06_byte14,byteentropy,7.575466124097463e-05
1684,f1509,imports.func_hash_0257,imports,7.567605625244122e-05
1685,f362,byteentropy.entropia06_byte03,byteentropy,7.562133334860203e-05
1686,f2127,imports.func_hash_0875,imports,7.550733220249988e-05
1687,f1958,imports.func_hash_0706,imports,7.548795395932055e-05
1688,f2467,richheader.hash_27,richheader,7.52201737457251e-05
1689,f351,byteentropy.entropia05_byte08,byteentropy,7.519881842987877e-05
1690,f2061,imports.func_hash_0809,imports,7.519676906224998e-05
1691,f1543,imports.func_hash_0291,imports,7.513002358692799e-05
1692,f1647,imports.func_hash_0395,imports,7.506737436098263e-05
1693,f357,byteentropy.entropia05_byte14,byteentropy,7.503502911001827e-05
1694,f2451,richheader.hash_11,richheader,7.492536462060638e-05
1695,f1927,imports.func_hash_0675,imports,7.46586969531412e-05
1696,f1488,imports.func_hash_0236,imports,7.459157715983572e-05
1697,f303,byteentropy.entropia02_byte08,byteentropy,7.45346128410042e-05
1698,f1337,imports.func_hash_0085,imports,7.444978938982493e-05
1699,f1443,imports.func_hash_0191,imports,7.43393081820383e-05
1700,f1281,imports.func_hash_0029,imports,7.430384431470136e-05
1701,f1678,imports.func_hash_0426,imports,7.418411158694446e-05
1702,f345,byteentropy.entropia05_byte02,byteentropy,7.408957119849588e-05
1703,f1335,imports.func_hash_0083,imports,7.406795258093169e-05
1704,f319,byteentropy.entropia03_byte08,byteentropy,7.361821926983174e-05
1705,f2334,exports.hash_057,exports,7.356196759572919e-05
1706,f369,byteentropy.entropia06_byte10,byteentropy,7.351048024066662e-05
1707,f2106,imports.func_hash_0854,imports,7.339244880859678e-05
1708,f1331,imports.func_hash_0079,imports,7.310350148998721e-05
1709,f1559,imports.func_hash_0307,imports,7.308023438037204e-05
1710,f783,section.size_hash_02,section,7.282078206719312e-05
1711,f1966,imports.func_hash_0714,imports,7.281429811736936e-05
1712,f404,byteentropy.entropia08_byte13,byteentropy,7.262272526581604e-05
1713,f344,byteentropy.entropia05_byte01,byteentropy,7.248838571386418e-05
1714,f2304,exports.hash_027,exports,7.246651837034488e-05
1715,f662,strings.count_html,strings,7.23104338261574e-05
1716,f1913,imports.func_hash_0661,imports,7.227504812694208e-05
1717,f1987,imports.func_hash_0735,imports,7.219304939157554e-05
1718,f1636,imports.func_hash_0384,imports,7.204228704597226e-05
1719,f1456,imports.func_hash_0204,imports,7.200897817052257e-05
1720,f405,byteentropy.entropia08_byte14,byteentropy,7.190930135600353e-05
1721,f1295,imports.func_hash_0043,imports,7.189453838075607e-05
1722,f2196,imports.func_hash_0944,imports,7.149743922259513e-05
1723,f2101,imports.func_hash_0849,imports,7.140554964668368e-05
1724,f2459,richheader.hash_19,richheader,7.13628600594619e-05
1725,f1691,imports.func_hash_0439,imports,7.132895288331094e-05
1726,f1481,imports.func_hash_0229,imports,7.111782699102213e-05
1727,f1310,imports.func_hash_0058,imports,7.105565105675445e-05
1728,f1103,imports.lib_hash_107,imports,7.095695611208721e-05
1729,f2438,datadirectories.has_dynamic_relocs,datadirectories,7.075428088150312e-05
1730,f938,section.props_hash_07,section,7.043411552324885e-05
1731,f1946,imports.func_hash_0694,imports,7.041741453082723e-05
1732,f324,byteentropy.entropia03_byte13,byteentropy,7.040111288902685e-05
1733,f1658,imports.func_hash_0406,imports,6.981454251046355e-05
1734,f325,byteentropy.entropia03_byte14,byteentropy,6.960634650054001e-05
1735,f403,byteentropy.entropia08_byte12,byteentropy,6.936888204667782e-05
1736,f1793,imports.func_hash_0541,imports,6.90320715000173e-05
1737,f1811,imports.func_hash_0559,imports,6.897219260183309e-05
1738,f402,byteentropy.entropia08_byte11,byteentropy,6.88453251173098e-05
1739,f329,byteentropy.entropia04_byte02,byteentropy,6.863491787067947e-05
1740,f2339,exports.hash_062,exports,6.778456720633237e-05
1741,f1863,imports.func_hash_0611,imports,6.750489313016058e-05
1742,f1512,imports.func_hash_0260,imports,6.749914629775383e-05
1743,f2445,richheader.hash_05,richheader,6.73586769345291e-05
1744,f2098,imports.func_hash_0846,imports,6.705412285354957e-05
1745,f2072,imports.func_hash_0820,imports,6.692616340017016e-05
1746,f1740,imports.func_hash_0488,imports,6.688524477309259e-05
1747,f2224,imports.func_hash_0972,imports,6.682057657572171e-05
1748,f1656,imports.func_hash_0404,imports,6.677379364383726e-05
1749,f1556,imports.func_hash_0304,imports,6.663518803373724e-05
1750,f2345,exports.hash_068,exports,6.643212143760103e-05
1751,f312,byteentropy.entropia03_byte01,byteentropy,6.631570275469289e-05
1752,f1604,imports.func_hash_0352,imports,6.62474477036792e-05
1753,f1492,imports.func_hash_0240,imports,6.614162414012084e-05
1754,f2454,richheader.hash_14,richheader,6.610481189622503e-05
1755,f332,byteentropy.entropia04_byte05,byteentropy,6.609445469901705e-05
1756,f1501,imports.func_hash_0249,imports,6.604365143852073e-05
1757,f2094,imports.func_hash_0842,imports,6.589650921043664e-05
1758,f299,byteentropy.entropia02_byte04,byteentropy,6.571828867089522e-05
1759,f1603,imports.func_hash_0351,imports,6.570593815133056e-05
1760,f2088,imports.func_hash_0836,imports,6.564130587631418e-05
1761,f1192,imports.lib_hash_196,imports,6.553042539568023e-05
1762,f1463,imports.func_hash_0211,imports,6.54063520158591e-05
1763,f304,byteentropy.entropia02_byte09,byteentropy,6.535957988858163e-05
1764,f1347,imports.func_hash_0095,imports,6.531294820519944e-05
1765,f1756,imports.func_hash_0504,imports,6.527902049661388e-05
1766,f1388,imports.func_hash_0136,imports,6.51692963947317e-05
1767,f2466,richheader.hash_26,richheader,6.495433303511259e-05
1768,f389,byteentropy.entropia07_byte14,byteentropy,6.476855971462042e-05
1769,f321,byteentropy.entropia03_byte10,byteentropy,6.472089407092411e-05
1770,f2093,imports.func_hash_0841,imports,6.459757126446834e-05
1771,f1588,imports.func_hash_0336,imports,6.451201949433068e-05
1772,f1642,imports.func_hash_0390,imports,6.445333344245113e-05
1773,f296,byteentropy.entropia02_byte01,byteentropy,6.444468377870562e-05
1774,f640,strings.count_cookie,strings,6.444171132113046e-05
1775,f370,byteentropy.entropia06_byte11,byteentropy,6.410519616284333e-05
1776,f1670,imports.func_hash_0418,imports,6.388279528270255e-05
1777,f352,byteentropy.entropia05_byte09,byteentropy,6.387970647788448e-05
1778,f2075,imports.func_hash_0823,imports,6.385841702195313e-05
1779,f368,byteentropy.entropia06_byte09,byteentropy,6.363270572333909e-05
1780,f1462,imports.func_hash_0210,imports,6.356784565531626e-05
1781,f2356,exports.hash_079,exports,6.355128694455673e-05
1782,f348,byteentropy.entropia05_byte05,byteentropy,6.353403956237115e-05
1783,f388,byteentropy.entropia07_byte13,byteentropy,6.348448185432741e-05
1784,f1482,imports.func_hash_0230,imports,6.345704690785496e-05
1785,f2174,imports.func_hash_0922,imports,6.34152634086698e-05
1786,f1589,imports.func_hash_0337,imports,6.322581603958595e-05
1787,f2400,exports.hash_123,exports,6.317608634037911e-05
1788,f338,byteentropy.entropia04_byte11,byteentropy,6.28452850700847e-05
1789,f889,section.entropy_hash_08,section,6.270759036177897e-05
1790,f320,byteentropy.entropia03_byte09,byteentropy,6.263370090587008e-05
1791,f353,byteentropy.entropia05_byte10,byteentropy,6.251539325513059e-05
1792,f2055,imports.func_hash_0803,imports,6.231621362604371e-05
1793,f869,section.vsize_hash_38,section,6.231413873130327e-05
1794,f1741,imports.func_hash_0489,imports,6.223817368587316e-05
1795,f2375,exports.hash_098,exports,6.206574899166297e-05
1796,f301,byteentropy.entropia02_byte06,byteentropy,6.200673871725065e-05
1797,f1429,imports.func_hash_0177,imports,6.196627227072632e-05
1798,f281,byteentropy.entropia01_byte02,byteentropy,6.196003973122078e-05
1799,f1879,imports.func_hash_0627,imports,6.192923247990137e-05
1800,f772,section.n_empty_name,section,6.192420147337216e-05
1801,f340,byteentropy.entropia04_byte13,byteentropy,6.191733678472833e-05
1802,f839,section.vsize_hash_08,section,6.180473780319586e-05
1803,f317,byteentropy.entropia03_byte06,byteentropy,6.17965993742238e-05
1804,f2432,datadirectories.DELAY_IMPORT.rva,datadirectories,6.177268688735712e-05
1805,f1293,imports.func_hash_0041,imports,6.144202932749865e-05
1806,f1334,imports.func_hash_0082,imports,6.130540512174166e-05
1807,f2302,exports.hash_025,exports,6.130389410338902e-05
1808,f1073,imports.lib_hash_077,imports,6.104608890068212e-05
1809,f1618,imports.func_hash_0366,imports,6.104047811748947e-05
1810,f2368,exports.hash_091,exports,6.076800385904541e-05
1811,f1389,imports.func_hash_0137,imports,6.066892339930899e-05
1812,f1792,imports.func_hash_0540,imports,6.0637912942130235e-05
1813,f1615,imports.func_hash_0363,imports,6.056864274156765e-05
1814,f1985,imports.func_hash_0733,imports,6.0547523828051487e-05
1815,f355,byteentropy.entropia05_byte12,byteentropy,6.034019990591816e-05
1816,f2470,richheader.hash_30,richheader,6.002393567306603e-05
1817,f2281,exports.hash_004,exports,5.985768765748407e-05
1818,f387,byteentropy.entropia07_byte12,byteentropy,5.974411391234759e-05
1819,f280,byteentropy.entropia01_byte01,byteentropy,5.947245776762508e-05
1820,f1944,imports.func_hash_0692,imports,5.931016963397291e-05
1821,f1289,imports.func_hash_0037,imports,5.926998090000142e-05
1822,f287,byteentropy.entropia01_byte08,byteentropy,5.925369273475943e-05
1823,f2077,imports.func_hash_0825,imports,5.91519680570695e-05
1824,f2011,imports.func_hash_0759,imports,5.9124501817343645e-05
1825,f1997,imports.func_hash_0745,imports,5.907813800985438e-05
1826,f356,byteentropy.entropia05_byte13,byteentropy,5.8973923263205044e-05
1827,f2169,imports.func_hash_0917,imports,5.888015126021007e-05
1828,f1699,imports.func_hash_0447,imports,5.8799605880509226e-05
1829,f2317,exports.hash_040,exports,5.875489564634916e-05
1830,f1737,imports.func_hash_0485,imports,5.8744930207707775e-05
1831,f1328,imports.func_hash_0076,imports,5.872519422632791e-05
1832,f298,byteentropy.entropia02_byte03,byteentropy,5.865373532074129e-05
1833,f307,byteentropy.entropia02_byte12,byteentropy,5.851411053118717e-05
1834,f1387,imports.func_hash_0135,imports,5.849695616396453e-05
1835,f347,byteentropy.entropia05_byte04,byteentropy,5.846613019109954e-05
1836,f322,byteentropy.entropia03_byte11,byteentropy,5.824093378619437e-05
1837,f1514,imports.func_hash_0262,imports,5.8064754009390174e-05
1838,f305,byteentropy.entropia02_byte10,byteentropy,5.7953634610194024e-05
1839,f2289,exports.hash_012,exports,5.7578908959920125e-05
1840,f342,byteentropy.entropia04_byte15,byteentropy,5.747668468565514e-05
1841,f1791,imports.func_hash_0539,imports,5.7446072629398954e-05
1842,f372,byteentropy.entropia06_byte13,byteentropy,5.731460387082882e-05
1843,f634,strings.count_btc_wallet,strings,5.7306173193185376e-05
1844,f2350,exports.hash_073,exports,5.718824944521849e-05
1845,f318,byteentropy.entropia03_byte07,byteentropy,5.7128012693577085e-05
1846,f660,strings.count_hidden,strings,5.706465795608155e-05
1847,f1797,imports.func_hash_0545,imports,5.6995319602049604e-05
1848,f2463,richheader.hash_23,richheader,5.698475665309652e-05
1849,f2200,imports.func_hash_0948,imports,5.67189293466317e-05
1850,f1329,imports.func_hash_0077,imports,5.6569002871006066e-05
1851,f920,section.entropy_hash_39,section,5.649678178713814e-05
1852,f2328,exports.hash_051,exports,5.6272569667710633e-05
1853,f2175,imports.func_hash_0923,imports,5.621753623668723e-05
1854,f309,byteentropy.entropia02_byte14,byteentropy,5.5968163092992714e-05
1855,f2456,richheader.hash_16,richheader,5.595125913979792e-05
1856,f2443,richheader.hash_03,richheader,5.589661503556912e-05
1857,f323,byteentropy.entropia03_byte12,byteentropy,5.587849714182628e-05
1858,f2305,exports.hash_028,exports,5.577235111594146e-05
1859,f1968,imports.func_hash_0716,imports,5.573167353198885e-05
1860,f2229,imports.func_hash_0977,imports,5.5721098417420674e-05
1861,f1939,imports.func_hash_0687,imports,5.5633199633096655e-05
1862,f1479,imports.func_hash_0227,imports,5.560243605164618e-05
1863,f330,byteentropy.entropia04_byte03,byteentropy,5.5592179653122876e-05
1864,f1854,imports.func_hash_0602,imports,5.551889940448717e-05
1865,f336,byteentropy.entropia04_byte09,byteentropy,5.5474157779372634e-05
1866,f2243,imports.func_hash_0991,imports,5.5254775067938985e-05
1867,f2394,exports.hash_117,exports,5.5003317789759204e-05
1868,f800,section.size_hash_19,section,5.492459380625136e-05
1869,f1209,imports.lib_hash_213,imports,5.479719664630864e-05
1870,f284,byteentropy.entropia01_byte05,byteentropy,5.4705573523076204e-05
1871,f882,section.entropy_hash_01,section,5.469033146800023e-05
1872,f1782,imports.func_hash_0530,imports,5.46430845456916e-05
1873,f1382,imports.func_hash_0130,imports,5.4593286174127476e-05
1874,f313,byteentropy.entropia03_byte02,byteentropy,5.454101681410231e-05
1875,f1895,imports.func_hash_0643,imports,5.4480450020507634e-05
1876,f1948,imports.func_hash_0696,imports,5.444002911233013e-05
1877,f623,strings.count_/bin/,strings,5.435200616745145e-05
1878,f1223,imports.lib_hash_227,imports,5.42441945682261e-05
1879,f283,byteentropy.entropia01_byte04,byteentropy,5.423752323791265e-05
1880,f371,byteentropy.entropia06_byte12,byteentropy,5.4233359338211436e-05
1881,f2457,richheader.hash_17,richheader,5.422207934340972e-05
1882,f2201,imports.func_hash_0949,imports,5.410760451110515e-05
1883,f2331,exports.hash_054,exports,5.360274393738149e-05
1884,f1717,imports.func_hash_0465,imports,5.353965254634509e-05
1885,f1325,imports.func_hash_0073,imports,5.34419880375129e-05
1886,f306,byteentropy.entropia02_byte11,byteentropy,5.3165077111884034e-05
1887,f899,section.entropy_hash_18,section,5.313868237936188e-05
1888,f2354,exports.hash_077,exports,5.3049269017685156e-05
1889,f1442,imports.func_hash_0190,imports,5.297550631645942e-05
1890,f903,section.entropy_hash_22,section,5.284741871994834e-05
1891,f1901,imports.func_hash_0649,imports,5.27522582962623e-05
1892,f2455,richheader.hash_15,richheader,5.2590293424328003e-05
1893,f1978,imports.func_hash_0726,imports,5.255125933663727e-05
1894,f1724,imports.func_hash_0472,imports,5.236735154398224e-05
1895,f308,byteentropy.entropia02_byte13,byteentropy,5.2136042743245734e-05
1896,f337,byteentropy.entropia04_byte10,byteentropy,5.199521987653891e-05
1897,f2374,exports.hash_097,exports,5.169386881833236e-05
1898,f757,header.dos.e_cparhdr,header,5.163415796373191e-05
1899,f819,section.size_hash_38,section,5.157746013182778e-05
1900,f2199,imports.func_hash_0947,imports,5.133140560341289e-05
1901,f1411,imports.func_hash_0159,imports,5.1313699941266366e-05
1902,f1617,imports.func_hash_0365,imports,5.125455990879078e-05
1903,f2342,exports.hash_065,exports,5.1131996579091835e-05
1904,f1428,imports.func_hash_0176,imports,5.049440081769709e-05
1905,f2411,datadirectories.EXCEPTION.size,datadirectories,5.0398012862383055e-05
1906,f683,strings.count_remote,strings,5.030212925163299e-05
1907,f1899,imports.func_hash_0647,imports,5.0201384822627475e-05
1908,f810,section.size_hash_29,section,5.006500076874597e-05
1909,f916,section.entropy_hash_35,section,4.9991820766565874e-05
1910,f619,strings.count_.click(,strings,4.995066039007132e-05
1911,f1196,imports.lib_hash_200,imports,4.994700296297717e-05
1912,f1292,imports.func_hash_0040,imports,4.93650893942974e-05
1913,f2176,imports.func_hash_0924,imports,4.915279606525178e-05
1914,f789,section.size_hash_08,section,4.909251299614759e-05
1915,f1458,imports.func_hash_0206,imports,4.85373055018005e-05
1916,f1445,imports.func_hash_0193,imports,4.850530191215123e-05
1917,f1184,imports.lib_hash_188,imports,4.844770799622241e-05
1918,f1807,imports.func_hash_0555,imports,4.837446559504932e-05
1919,f2012,imports.func_hash_0760,imports,4.835410651930351e-05
1920,f314,byteentropy.entropia03_byte03,byteentropy,4.825031250175028e-05
1921,f1072,imports.lib_hash_076,imports,4.822813691561411e-05
1922,f2114,imports.func_hash_0862,imports,4.811301787899922e-05
1923,f2488,pefilewarnings.w08_Error parsing export directory at RVA,pefilewarnings,4.8012367160472775e-05
1924,f1523,imports.func_hash_0271,imports,4.792205221113707e-05
1925,f796,section.size_hash_15,section,4.778863771472958e-05
1926,f2019,imports.func_hash_0767,imports,4.773459580187089e-05
1927,f2060,imports.func_hash_0808,imports,4.75258749060117e-05
1928,f1448,imports.func_hash_0196,imports,4.7515773768111435e-05
1929,f850,section.vsize_hash_19,section,4.7498384934656224e-05
1930,f1230,imports.lib_hash_234,imports,4.749727883441407e-05
1931,f1991,imports.func_hash_0739,imports,4.744060440467457e-05
1932,f1681,imports.func_hash_0429,imports,4.7375286131513624e-05
1933,f1767,imports.func_hash_0515,imports,4.734453730908747e-05
1934,f790,section.size_hash_09,section,4.734255926831809e-05
1935,f1982,imports.func_hash_0730,imports,4.731539985853396e-05
1936,f1551,imports.func_hash_0299,imports,4.7249425267457724e-05
1937,f2213,imports.func_hash_0961,imports,4.7054135260065694e-05
1938,f1022,imports.lib_hash_026,imports,4.6890575146872694e-05
1939,f1560,imports.func_hash_0308,imports,4.651413136770233e-05
1940,f628,strings.count_<script,strings,4.642488472318999e-05
1941,f2299,exports.hash_022,exports,4.640664449097465e-05
1942,f987,section.entry_hash_06,section,4.619621176919382e-05
1943,f2340,exports.hash_063,exports,4.5661723832359755e-05
1944,f1248,imports.lib_hash_252,imports,4.554842799289925e-05
1945,f1847,imports.func_hash_0595,imports,4.546569707319085e-05
1946,f2347,exports.hash_070,exports,4.518260743194553e-05
1947,f846,section.vsize_hash_15,section,4.512518518984571e-05
1948,f2009,imports.func_hash_0757,imports,4.497180785152164e-05
1949,f1820,imports.func_hash_0568,imports,4.474633748032875e-05
1950,f1126,imports.lib_hash_130,imports,4.47274686301183e-05
1951,f1753,imports.func_hash_0501,imports,4.46250999422232e-05
1952,f888,section.entropy_hash_07,section,4.4595956079346846e-05
1953,f1531,imports.func_hash_0279,imports,4.459110102244976e-05
1954,f908,section.entropy_hash_27,section,4.4541116136458285e-05
1955,f1884,imports.func_hash_0632,imports,4.432710445353524e-05
1956,f1060,imports.lib_hash_064,imports,4.431269658910687e-05
1957,f2141,imports.func_hash_0889,imports,4.423410184714592e-05
1958,f1689,imports.func_hash_0437,imports,4.3872439316154075e-05
1959,f285,byteentropy.entropia01_byte06,byteentropy,4.372482252545354e-05
1960,f912,section.entropy_hash_31,section,4.372227763575424e-05
1961,f2441,richheader.hash_01,richheader,4.360368364273239e-05
1962,f2280,exports.hash_003,exports,4.358577097992022e-05
1963,f286,byteentropy.entropia01_byte07,byteentropy,4.34488396646842e-05
1964,f341,byteentropy.entropia04_byte14,byteentropy,4.342955708337259e-05
1965,f2205,imports.func_hash_0953,imports,4.337143116739883e-05
1966,f2273,imports.func_hash_1021,imports,4.3139749143264134e-05
1967,f2363,exports.hash_086,exports,4.302320451588007e-05
1968,f310,byteentropy.entropia02_byte15,byteentropy,4.290338598945983e-05
1969,f2323,exports.hash_046,exports,4.279244773772229e-05
1970,f2383,exports.hash_106,exports,4.263128727215798e-05
1971,f1596,imports.func_hash_0344,imports,4.260596390780254e-05
1972,f1280,imports.func_hash_0028,imports,4.258495341836896e-05
1973,f1957,imports.func_hash_0705,imports,4.243648554643583e-05
1974,f282,byteentropy.entropia01_byte03,byteentropy,4.230410854057922e-05
1975,f1134,imports.lib_hash_138,imports,4.211647502011499e-05
1976,f2326,exports.hash_049,exports,4.211076483106722e-05
1977,f2157,imports.func_hash_0905,imports,4.202256202066423e-05
1978,f2295,exports.hash_018,exports,4.177266387992361e-05
1979,f294,byteentropy.entropia01_byte15,byteentropy,4.168504958321818e-05
1980,f2362,exports.hash_085,exports,4.1498707298399335e-05
1981,f892,section.entropy_hash_11,section,4.0979312528709646e-05
1982,f2311,exports.hash_034,exports,4.09604619510718e-05
1983,f2142,imports.func_hash_0890,imports,4.0507953156293703e-05
1984,f1012,imports.lib_hash_016,imports,4.0417100128059763e-05
1985,f2412,datadirectories.EXCEPTION.rva,datadirectories,4.041619659461751e-05
1986,f1524,imports.func_hash_0272,imports,4.0376598915322285e-05
1987,f1219,imports.lib_hash_223,imports,4.020139454222842e-05
1988,f275,byteentropy.entropia00_byte12,byteentropy,4.017805543311364e-05
1989,f268,byteentropy.entropia00_byte05,byteentropy,4.016155536184707e-05
1990,f1160,imports.lib_hash_164,imports,4.0123867618763606e-05
1991,f1381,imports.func_hash_0129,imports,4.007574145112801e-05
1992,f833,section.vsize_hash_02,section,3.986484652620868e-05
1993,f1697,imports.func_hash_0445,imports,3.982927676116276e-05
1994,f2403,exports.hash_126,exports,3.976554287717651e-05
1995,f2008,imports.func_hash_0756,imports,3.971304287461917e-05
1996,f928,section.entropy_hash_47,section,3.969911444896807e-05
1997,f2260,imports.func_hash_1008,imports,3.959830808842737e-05
1998,f1565,imports.func_hash_0313,imports,3.9455114187861146e-05
1999,f2321,exports.hash_044,exports,3.9188940357782824e-05
2000,f2291,exports.hash_014,exports,3.914795988410302e-05
2001,f765,header.dos.e_lfarlc,header,3.8816028516809705e-05
2002,f2226,imports.func_hash_0974,imports,3.8559473894061153e-05
2003,f269,byteentropy.entropia00_byte06,byteentropy,3.8554927835310824e-05
2004,f887,section.entropy_hash_06,section,3.830221499957957e-05
2005,f860,section.vsize_hash_29,section,3.808190822546109e-05
2006,f1962,imports.func_hash_0710,imports,3.798681157980308e-05
2007,f1300,imports.func_hash_0048,imports,3.7893179045518874e-05
2008,f2285,exports.hash_008,exports,3.785502914561276e-05
2009,f289,byteentropy.entropia01_byte10,byteentropy,3.7831428963617026e-05
2010,f624,strings.count_/dev/,strings,3.773504513412549e-05
2011,f2244,imports.func_hash_0992,imports,3.760784198928223e-05
2012,f2449,richheader.hash_09,richheader,3.7301423401156855e-05
2013,f1226,imports.lib_hash_230,imports,3.7209237381549044e-05
2014,f2528,pefilewarnings.w48_Invalid relocation information. Can't re,pefilewarnings,3.6695694784098425e-05
2015,f2296,exports.hash_019,exports,3.6667517656201494e-05
2016,f2074,imports.func_hash_0822,imports,3.6586400270071304e-05
2017,f2283,exports.hash_006,exports,3.6382913421743934e-05
2018,f291,byteentropy.entropia01_byte12,byteentropy,3.629083142178914e-05
2019,f2300,exports.hash_023,exports,3.611012254896556e-05
2020,f1892,imports.func_hash_0640,imports,3.608322496128411e-05
2021,f2344,exports.hash_067,exports,3.6056633769123636e-05
2022,f1394,imports.func_hash_0142,imports,3.590132597906202e-05
2023,f290,byteentropy.entropia01_byte11,byteentropy,3.574753009276075e-05
2024,f2318,exports.hash_041,exports,3.571605134897141e-05
2025,f2395,exports.hash_118,exports,3.570041521663672e-05
2026,f2427,datadirectories.BOUND_IMPORT.size,datadirectories,3.5604031437648464e-05
2027,f1427,imports.func_hash_0175,imports,3.551165561108196e-05
2028,f682,strings.count_registry_key,strings,3.5506973008517415e-05
2029,f1570,imports.func_hash_0318,imports,3.548160293129637e-05
2030,f1016,imports.lib_hash_020,imports,3.525786944418622e-05
2031,f1082,imports.lib_hash_086,imports,3.5203977726661e-05
2032,f2301,exports.hash_024,exports,3.50018091179329e-05
2033,f2372,exports.hash_095,exports,3.497804001118089e-05
2034,f1364,imports.func_hash_0112,imports,3.4921056983830963e-05
2035,f1185,imports.lib_hash_189,imports,3.4917771951941996e-05
2036,f1743,imports.func_hash_0491,imports,3.469818820433662e-05
2037,f278,byteentropy.entropia00_byte15,byteentropy,3.459057302653543e-05
2038,f749,header.dll_characteristics.APPCONTAINER,header,3.448185457843563e-05
2039,f2016,imports.func_hash_0764,imports,3.447473684282231e-05
2040,f288,byteentropy.entropia01_byte09,byteentropy,3.4360422487825435e-05
2041,f1291,imports.func_hash_0039,imports,3.42813272292218e-05
2042,f727,header.characteristics.EXECUTABLE_IMAGE,header,3.425975753659895e-05
2043,f1597,imports.func_hash_0345,imports,3.4093305368064304e-05
2044,f2308,exports.hash_031,exports,3.407009864835299e-05
2045,f2471,richheader.hash_31,richheader,3.394383573361847e-05
2046,f2551,pefilewarnings.w71_Too many warnings parsing section. Abort,pefilewarnings,3.3590635446240645e-05
2047,f277,byteentropy.entropia00_byte14,byteentropy,3.3576480965340456e-05
2048,f2250,imports.func_hash_0998,imports,3.3058864170773685e-05
2049,f1635,imports.func_hash_0383,imports,3.294874716530275e-05
2050,f1808,imports.func_hash_0556,imports,3.27671493528048e-05
2051,f2298,exports.hash_021,exports,3.2622297936107724e-05
2052,f2177,imports.func_hash_0925,imports,3.25194017055414e-05
2053,f1121,imports.lib_hash_125,imports,3.244338390706463e-05
2054,f2330,exports.hash_053,exports,3.24037129662717e-05
2055,f1076,imports.lib_hash_080,imports,3.2367414159556494e-05
2056,f264,byteentropy.entropia00_byte01,byteentropy,3.232041445283494e-05
2057,f2217,imports.func_hash_0965,imports,3.225022213944646e-05
2058,f2329,exports.hash_052,exports,3.220705025208612e-05
2059,f2380,exports.hash_103,exports,3.210147273886133e-05
2060,f2389,exports.hash_112,exports,3.205226555428083e-05
2061,f2552,pefilewarnings.w72_Too many errors parsing the Delay import,pefilewarnings,3.1966732255155e-05
2062,f1992,imports.func_hash_0740,imports,3.18378716074774e-05
2063,f840,section.vsize_hash_09,section,3.1809146875544624e-05
2064,f2469,richheader.hash_29,richheader,3.179932646449852e-05
2065,f270,byteentropy.entropia00_byte07,byteentropy,3.176304274275395e-05
2066,f2335,exports.hash_058,exports,3.174669116167017e-05
2067,f2464,richheader.hash_24,richheader,3.154065183321132e-05
2068,f2365,exports.hash_088,exports,3.131082682163868e-05
2069,f1679,imports.func_hash_0427,imports,3.1308286368946384e-05
2070,f2402,exports.hash_125,exports,3.065287378191564e-05
2071,f2404,exports.hash_127,exports,3.059993165623888e-05
2072,f1014,imports.lib_hash_018,imports,3.0508924780786566e-05
2073,f1686,imports.func_hash_0434,imports,3.0430169005811904e-05
2074,f893,section.entropy_hash_12,section,3.037355612707124e-05
2075,f704,header.optional.minor_image_version,header,3.023381855942559e-05
2076,f1582,imports.func_hash_0330,imports,3.0220122282426337e-05
2077,f1696,imports.func_hash_0444,imports,3.0204194308984407e-05
2078,f1410,imports.func_hash_0158,imports,3.0127775899844884e-05
2079,f990,section.entry_hash_09,section,3.0068838170121715e-05
2080,f799,section.size_hash_18,section,3.006384693868201e-05
2081,f700,header.coff.pointer_to_symbol_table,header,3.0052260101785846e-05
2082,f793,section.size_hash_12,section,3.0024826597380573e-05
2083,f2282,exports.hash_005,exports,2.9889062796290843e-05
2084,f1623,imports.func_hash_0371,imports,2.9803260331297744e-05
2085,f883,section.entropy_hash_02,section,2.9797704931712412e-05
2086,f1313,imports.func_hash_0061,imports,2.9778413084304632e-05
2087,f2095,imports.func_hash_0843,imports,2.9748036657100563e-05
2088,f267,byteentropy.entropia00_byte04,byteentropy,2.9729672138178813e-05
2089,f1542,imports.func_hash_0290,imports,2.9464495873256127e-05
2090,f1009,imports.lib_hash_013,imports,2.9425171570849793e-05
2091,f2086,imports.func_hash_0834,imports,2.93779226157058e-05
2092,f1153,imports.lib_hash_157,imports,2.9339673300969657e-05
2093,f1595,imports.func_hash_0343,imports,2.9313146271643878e-05
2094,f2277,exports.hash_000,exports,2.8990987898186536e-05
2095,f293,byteentropy.entropia01_byte14,byteentropy,2.8983470575534204e-05
2096,f1915,imports.func_hash_0663,imports,2.8758200009339404e-05
2097,f2110,imports.func_hash_0858,imports,2.8357619135003597e-05
2098,f271,byteentropy.entropia00_byte08,byteentropy,2.828901670031637e-05
2099,f1338,imports.func_hash_0086,imports,2.820669865875726e-05
2100,f2353,exports.hash_076,exports,2.8197143420607297e-05
2101,f842,section.vsize_hash_11,section,2.8159389637730845e-05
2102,f2303,exports.hash_026,exports,2.7882647313506198e-05
2103,f1023,imports.lib_hash_027,imports,2.7877029719423897e-05
2104,f2351,exports.hash_074,exports,2.7782436827830706e-05
2105,f858,section.vsize_hash_27,section,2.7678493657015644e-05
2106,f292,byteentropy.entropia01_byte13,byteentropy,2.7674711054525626e-05
2107,f1218,imports.lib_hash_222,imports,2.764994385505936e-05
2108,f1441,imports.func_hash_0189,imports,2.755715536700642e-05
2109,f2238,imports.func_hash_0986,imports,2.7496818104314733e-05
2110,f2290,exports.hash_013,exports,2.7493195896871088e-05
2111,f2332,exports.hash_055,exports,2.7486578475282633e-05
2112,f266,byteentropy.entropia00_byte03,byteentropy,2.7392953994790464e-05
2113,f2360,exports.hash_083,exports,2.7234930195932793e-05
2114,f1137,imports.lib_hash_141,imports,2.7020158316771008e-05
2115,f2386,exports.hash_109,exports,2.7011402037973933e-05
2116,f2341,exports.hash_064,exports,2.6755081496553982e-05
2117,f2338,exports.hash_061,exports,2.6749059339414324e-05
2118,f2297,exports.hash_020,exports,2.6738603769893836e-05
2119,f2392,exports.hash_115,exports,2.6697622209712144e-05
2120,f1573,imports.func_hash_0321,imports,2.667754657205168e-05
2121,f2366,exports.hash_089,exports,2.659813177808417e-05
2122,f2320,exports.hash_043,exports,2.6580479767253015e-05
2123,f1233,imports.lib_hash_237,imports,2.65645701533514e-05
2124,f2319,exports.hash_042,exports,2.6324843231632964e-05
2125,f2355,exports.hash_078,exports,2.6219467738235758e-05
2126,f909,section.entropy_hash_28,section,2.617461183805139e-05
2127,f670,strings.count_javascript,strings,2.6154850117765277e-05
2128,f815,section.size_hash_34,section,2.610884517861057e-05
2129,f1426,imports.func_hash_0174,imports,2.575440418515045e-05
2130,f274,byteentropy.entropia00_byte11,byteentropy,2.5620996936798253e-05
2131,f1960,imports.func_hash_0708,imports,2.559088156170703e-05
2132,f2358,exports.hash_081,exports,2.529041178839851e-05
2133,f2385,exports.hash_108,exports,2.4997597738684807e-05
2134,f2292,exports.hash_015,exports,2.4972405611888943e-05
2135,f1129,imports.lib_hash_133,imports,2.4779638400395537e-05
2136,f2442,richheader.hash_02,richheader,2.4508405432076054e-05
2137,f2327,exports.hash_050,exports,2.433790653016021e-05
2138,f2367,exports.hash_090,exports,2.4255743030553468e-05
2139,f265,byteentropy.entropia00_byte02,byteentropy,2.4189188704289447e-05
2140,f657,strings.count_file_path,strings,2.4139801624431437e-05
2141,f843,section.vsize_hash_12,section,2.3992101616231726e-05
2142,f2181,imports.func_hash_0929,imports,2.394466460061978e-05
2143,f2336,exports.hash_059,exports,2.3855023699638993e-05
2144,f2357,exports.hash_080,exports,2.3560524558963193e-05
2145,f1979,imports.func_hash_0727,imports,2.3469279913558012e-05
2146,f1959,imports.func_hash_0707,imports,2.3395162426272687e-05
2147,f2287,exports.hash_010,exports,2.3328538363354318e-05
2148,f276,byteentropy.entropia00_byte13,byteentropy,2.330624572024682e-05
2149,f2364,exports.hash_087,exports,2.3213254879680458e-05
2150,f1200,imports.lib_hash_204,imports,2.2870577682616196e-05
2151,f2396,exports.hash_119,exports,2.2747996089923703e-05
2152,f676,strings.count_onlick,strings,2.256265923585824e-05
2153,f651,strings.count_email_addr,strings,2.2137744940445472e-05
2154,f1934,imports.func_hash_0682,imports,2.2129530503588257e-05
2155,f2310,exports.hash_033,exports,2.205575434973654e-05
2156,f1945,imports.func_hash_0693,imports,2.2021214541193108e-05
2157,f2025,imports.func_hash_0773,imports,2.1855158267982846e-05
2158,f1211,imports.lib_hash_215,imports,2.1853748790398944e-05
2159,f1975,imports.func_hash_0723,imports,2.1841338961545118e-05
2160,f1384,imports.func_hash_0132,imports,2.15249864461369e-05
2161,f2337,exports.hash_060,exports,2.142915937594006e-05
2162,f272,byteentropy.entropia00_byte09,byteentropy,2.1370484875910483e-05
2163,f2333,exports.hash_056,exports,2.1345691422043185e-05
2164,f866,section.vsize_hash_35,section,2.134375704675172e-05
2165,f1916,imports.func_hash_0664,imports,2.124696124238617e-05
2166,f2560,pefilewarnings.w80_PointerToRawData should normally be a mu,pefilewarnings,2.1154673888262092e-05
2167,f781,section.size_hash_00,section,2.1063455737966914e-05
2168,f816,section.size_hash_35,section,2.1018550057431072e-05
2169,f2369,exports.hash_092,exports,2.0953295149507256e-05
2170,f2322,exports.hash_045,exports,2.0940740246228233e-05
2171,f2465,richheader.hash_25,richheader,2.0891162014447082e-05
2172,f1866,imports.func_hash_0614,imports,2.0753041634411907e-05
2173,f2089,imports.func_hash_0837,imports,2.066977005605496e-05
2174,f2346,exports.hash_069,exports,2.0525240940982478e-05
2175,f2097,imports.func_hash_0845,imports,2.0511454364864872e-05
2176,f2399,exports.hash_122,exports,2.0476756499937416e-05
2177,f1003,imports.lib_hash_007,imports,2.0448688389939254e-05
2178,f698,header.coff.number_of_symbols,header,2.025398223097979e-05
2179,f1224,imports.lib_hash_228,imports,2.0128509989805853e-05
2180,f859,section.vsize_hash_28,section,2.011540721842617e-05
2181,f2352,exports.hash_075,exports,1.9957987615077578e-05
2182,f1238,imports.lib_hash_242,imports,1.9932179140240654e-05
2183,f2544,pefilewarnings.w64_RVA AddressOfNames in the export directo,pefilewarnings,1.975738554907014e-05
2184,f1107,imports.lib_hash_111,imports,1.9699013431398598e-05
2185,f915,section.entropy_hash_34,section,1.9682904048259118e-05
2186,f1276,imports.func_hash_0024,imports,1.9673223122691617e-05
2187,f2307,exports.hash_030,exports,1.9643761929447444e-05
2188,f2278,exports.hash_001,exports,1.9472455596395655e-05
2189,f1711,imports.func_hash_0459,imports,1.941131937145368e-05
2190,f1984,imports.func_hash_0732,imports,1.917573694637929e-05
2191,f2,general.is_pe,general,1.8809068943778514e-05
2192,f1244,imports.lib_hash_248,imports,1.870629810466916e-05
2193,f812,section.size_hash_31,section,1.859547285397353e-05
2194,f1764,imports.func_hash_0512,imports,1.849780223890805e-05
2195,f273,byteentropy.entropia00_byte10,byteentropy,1.8491208213343187e-05
2196,f2294,exports.hash_017,exports,1.839087355366327e-05
2197,f2381,exports.hash_104,exports,1.8353775474488093e-05
2198,f865,section.vsize_hash_34,section,1.8241505166438527e-05
2199,f2493,pefilewarnings.w13_Error parsing the import directory at RV,pefilewarnings,1.821769800823016e-05
2200,f848,section.vsize_hash_17,section,1.8127534524543074e-05
2201,f910,section.entropy_hash_29,section,1.8028005946518164e-05
2202,f2293,exports.hash_016,exports,1.7828981106930083e-05
2203,f672,strings.count_mac_addr,strings,1.7207805776011127e-05
2204,f984,section.entry_hash_03,section,1.7165060959294374e-05
2205,f1118,imports.lib_hash_122,imports,1.7018126635688367e-05
2206,f1877,imports.func_hash_0625,imports,1.689426372679105e-05
2207,f1078,imports.lib_hash_082,imports,1.6852165333562624e-05
2208,f2373,exports.hash_096,exports,1.6847367083774747e-05
2209,f831,section.vsize_hash_00,section,1.6678705091750897e-05
2210,f792,section.size_hash_11,section,1.6503130823963263e-05
2211,f679,strings.count_powershell,strings,1.6448484363819777e-05
2212,f1835,imports.func_hash_0583,imports,1.6442333907852756e-05
2213,f2313,exports.hash_036,exports,1.6405376038836035e-05
2214,f1190,imports.lib_hash_194,imports,1.6248592277491307e-05
2215,f1249,imports.lib_hash_253,imports,1.610832081294664e-05
2216,f2173,imports.func_hash_0921,imports,1.6077849061982562e-05
2217,f849,section.vsize_hash_18,section,1.5959312498883572e-05
2218,f2487,pefilewarnings.w07_Error parsing a resource directory data ,pefilewarnings,1.5859860800564606e-05
2219,f1032,imports.lib_hash_036,imports,1.583541363141567e-05
2220,f785,section.size_hash_04,section,1.563185577376535e-05
2221,f1090,imports.lib_hash_094,imports,1.5189753914297514e-05
2222,f2192,imports.func_hash_0940,imports,1.5016546867181307e-05
2223,f798,section.size_hash_17,section,1.5013259886557109e-05
2224,f838,section.vsize_hash_07,section,1.4897572594988785e-05
2225,f1093,imports.lib_hash_097,imports,1.4837666590233383e-05
2226,f764,header.dos.e_cs,header,1.4808005444237053e-05
2227,f2377,exports.hash_100,exports,1.4801241881607415e-05
2228,f2379,exports.hash_102,exports,1.4717702973589079e-05
2229,f828,section.size_hash_47,section,1.4572272707236774e-05
2230,f2067,imports.func_hash_0815,imports,1.4517964250965075e-05
2231,f1008,imports.lib_hash_012,imports,1.4429086411192018e-05
2232,f827,section.size_hash_46,section,1.4406373046827774e-05
2233,f6,general.start_byte_3,general,1.4210316342518625e-05
2234,f760,header.dos.e_ss,header,1.4085232498432353e-05
2235,f763,header.dos.e_ip,header,1.3989077374786084e-05
2236,f1116,imports.lib_hash_120,imports,1.397025175654972e-05
2237,f2371,exports.hash_094,exports,1.3650230014866676e-05
2238,f2518,pefilewarnings.w38_If SectionAlignment,pefilewarnings,1.3272588971473655e-05
2239,f878,section.vsize_hash_47,section,1.322641382927251e-05
2240,f753,header.dos.e_magic,header,1.3015595048180932e-05
2241,f832,section.vsize_hash_01,section,1.296597032615803e-05
2242,f627,strings.count_/usr/,strings,1.2590578841669495e-05
2243,f1034,imports.lib_hash_038,imports,1.25476361968965e-05
2244,f1157,imports.lib_hash_161,imports,1.246439990092859e-05
2245,f871,section.vsize_hash_40,section,1.2401807414144774e-05
2246,f2378,exports.hash_101,exports,1.2248521624425832e-05
2247,f2376,exports.hash_099,exports,1.22365539441434e-05
2248,f2387,exports.hash_110,exports,1.2173627986551082e-05
2249,f2286,exports.hash_009,exports,1.217171769391537e-05
2250,f1204,imports.lib_hash_208,imports,1.2155993406884368e-05
2251,f748,header.dll_characteristics.NO_BIND,header,1.2145559446830251e-05
2252,f2349,exports.hash_072,exports,1.1827847135124285e-05
2253,f901,section.entropy_hash_20,section,1.1815711967391497e-05
2254,f2391,exports.hash_114,exports,1.1737949918230382e-05
2255,f750,header.dll_characteristics.WDM_DRIVER,header,1.1702306601455717e-05
2256,f1393,imports.func_hash_0141,imports,1.1679638677944105e-05
2257,f809,section.size_hash_28,section,1.1662522694732934e-05
2258,f2343,exports.hash_066,exports,1.165284737450529e-05
2259,f1183,imports.lib_hash_187,imports,1.1625134238301278e-05
2260,f1044,imports.lib_hash_048,imports,1.1620949361387108e-05
2261,f626,strings.count_/tmp/,strings,1.1459042056532424e-05
2262,f1174,imports.lib_hash_178,imports,1.1205366859262934e-05
2263,f1018,imports.lib_hash_022,imports,1.1152616391416435e-05
2264,f1167,imports.lib_hash_171,imports,1.1134289302134365e-05
2265,f791,section.size_hash_10,section,1.1071529327585474e-05
2266,f1193,imports.lib_hash_197,imports,1.0963609960298116e-05
2267,f756,header.dos.e_crlc,header,1.0874929328926837e-05
2268,f921,section.entropy_hash_40,section,1.083886083620359e-05
2269,f1112,imports.lib_hash_116,imports,1.082688414821598e-05
2270,f2348,exports.hash_071,exports,1.0820006408375927e-05
2271,f862,section.vsize_hash_31,section,1.046757446564567e-05
2272,f787,section.size_hash_06,section,1.0072477178525498e-05
2273,f2382,exports.hash_105,exports,1.006625726251049e-05
2274,f1036,imports.lib_hash_040,imports,1.0064119654544513e-05
2275,f1115,imports.lib_hash_119,imports,9.911197979664455e-06
2276,f788,section.size_hash_07,section,9.802094518799228e-06
2277,f877,section.vsize_hash_46,section,9.718025112411195e-06
2278,f917,section.entropy_hash_36,section,9.67124559223262e-06
2279,f803,section.size_hash_22,section,9.53049510850762e-06
2280,f929,section.entropy_hash_48,section,9.504912886357631e-06
2281,f844,section.vsize_hash_13,section,9.375593613227186e-06
2282,f797,section.size_hash_16,section,9.29355441953932e-06
2283,f801,section.size_hash_20,section,9.271733903134343e-06
2284,f2527,pefilewarnings.w47_Invalid LOAD_CONFIG information,pefilewarnings,9.158433431850682e-06
2285,f1074,imports.lib_hash_078,imports,9.071067902564658e-06
2286,f870,section.vsize_hash_39,section,8.982157659460416e-06
2287,f1155,imports.lib_hash_159,imports,8.810297243082658e-06
2288,f837,section.vsize_hash_06,section,8.718529537825048e-06
2289,f808,section.size_hash_27,section,8.704581775154195e-06
2290,f1056,imports.lib_hash_060,imports,8.625151548524267e-06
2291,f794,section.size_hash_13,section,8.264920441145756e-06
2292,f1052,imports.lib_hash_056,imports,8.158062353223402e-06
2293,f897,section.entropy_hash_16,section,8.116210762616266e-06
2294,f694,strings.count_wallet,strings,7.86114925825528e-06
2295,f625,strings.count_/proc/,strings,7.659865515174338e-06
2296,f1006,imports.lib_hash_010,imports,7.559238649216425e-06
2297,f1043,imports.lib_hash_047,imports,7.543732907841409e-06
2298,f853,section.vsize_hash_22,section,7.21920991623807e-06
2299,f855,section.vsize_hash_24,section,7.200352846304437e-06
2300,f914,section.entropy_hash_33,section,7.12920125559468e-06
2301,f884,section.entropy_hash_03,section,7.119735393502708e-06
2302,f820,section.size_hash_39,section,7.017558368463186e-06
2303,f894,section.entropy_hash_13,section,7.013189658405059e-06
2304,f2549,pefilewarnings.w69_Suspicious value found parsing section,pefilewarnings,6.981909570258177e-06
2305,f1050,imports.lib_hash_054,imports,6.798690126854647e-06
2306,f830,section.size_hash_49,section,6.374829262580679e-06
2307,f834,section.vsize_hash_03,section,6.351465544797275e-06
2308,f2494,pefilewarnings.w14_Error parsing the import directory. Inva,pefilewarnings,6.3177553607596435e-06
2309,f1235,imports.lib_hash_239,imports,6.290257416198801e-06
2310,f1170,imports.lib_hash_174,imports,6.2151347597359425e-06
2311,f1221,imports.lib_hash_225,imports,6.214922119455495e-06
2312,f1162,imports.lib_hash_166,imports,6.206227305567159e-06
2313,f1033,imports.lib_hash_037,imports,6.1493516261230015e-06
2314,f885,section.entropy_hash_04,section,5.919253064103262e-06
2315,f1210,imports.lib_hash_214,imports,5.773135530892699e-06
2316,f2419,datadirectories.COPYRIGHT.size,datadirectories,5.749849651345136e-06
2317,f805,section.size_hash_24,section,5.6076599872990445e-06
2318,f1247,imports.lib_hash_251,imports,5.573277247122963e-06
2319,f1069,imports.lib_hash_073,imports,5.551525762765545e-06
2320,f1216,imports.lib_hash_220,imports,5.5370200043477644e-06
2321,f851,section.vsize_hash_20,section,5.527256989031222e-06
2322,f2550,pefilewarnings.w70_The Bound Imports directory exists but c,pefilewarnings,5.371486034790441e-06
2323,f2542,"pefilewarnings.w62_Rich Header is not in Microsoft format, ",pefilewarnings,5.314170091896121e-06
2324,f630,strings.count_Invoke-Expression,strings,5.286947233964871e-06
2325,f807,section.size_hash_26,section,5.263830423104222e-06
2326,f1024,imports.lib_hash_028,imports,5.254131055402635e-06
2327,f826,section.size_hash_45,section,4.925109492938767e-06
2328,f930,section.entropy_hash_49,section,4.84508026083804e-06
2329,f817,section.size_hash_36,section,4.806615126179291e-06
2330,f1159,imports.lib_hash_163,imports,4.7727318287379985e-06
2331,f880,section.vsize_hash_49,section,4.6699635148613865e-06
2332,f904,section.entropy_hash_23,section,4.656112796622152e-06
2333,f1070,imports.lib_hash_074,imports,4.647365017966459e-06
2334,f1128,imports.lib_hash_132,imports,4.6230488435462506e-06
2335,f1212,imports.lib_hash_216,imports,4.6020199104255195e-06
2336,f782,section.size_hash_01,section,4.58024967867995e-06
2337,f622,strings.count_/URI,strings,4.579025698987e-06
2338,f902,section.entropy_hash_21,section,4.527116890866719e-06
2339,f1130,imports.lib_hash_134,imports,4.47750893078638e-06
2340,f911,section.entropy_hash_30,section,4.455566035331259e-06
2341,f1164,imports.lib_hash_168,imports,4.3692477964785226e-06
2342,f2535,pefilewarnings.w55_Invalid VS_VERSION_INFO block,pefilewarnings,4.30292992357261e-06
2343,f1061,imports.lib_hash_065,imports,4.279784258768352e-06
2344,f1148,imports.lib_hash_152,imports,4.270982330535615e-06
2345,f1124,imports.lib_hash_128,imports,4.263674481753861e-06
2346,f847,section.vsize_hash_16,section,4.163758408851603e-06
2347,f1001,imports.lib_hash_005,imports,4.071841342140293e-06
2348,f1207,imports.lib_hash_211,imports,3.929650907419085e-06
2349,f1098,imports.lib_hash_102,imports,3.901451827059273e-06
2350,f2531,pefilewarnings.w51_Invalid resources directory. Can't read,pefilewarnings,3.8391647743059355e-06
2351,f1187,imports.lib_hash_191,imports,3.6783900074064484e-06
2352,f1201,imports.lib_hash_205,imports,3.628433752763085e-06
2353,f1057,imports.lib_hash_061,imports,3.5545249468069544e-06
2354,f1136,imports.lib_hash_140,imports,3.4847634353796424e-06
2355,f891,section.entropy_hash_10,section,3.480053617961939e-06
2356,f621,strings.count_/FlateDecode,strings,3.424256163891323e-06
2357,f1120,imports.lib_hash_124,imports,3.3745292719819158e-06
2358,f1146,imports.lib_hash_150,imports,3.329399624865088e-06
2359,f829,section.size_hash_48,section,3.3158925577439663e-06
2360,f1094,imports.lib_hash_098,imports,3.308940899174226e-06
2361,f1030,imports.lib_hash_034,imports,3.3026599778217072e-06
2362,f1011,imports.lib_hash_015,imports,3.2886109448879464e-06
2363,f821,section.size_hash_40,section,3.227513261369189e-06
2364,f1031,imports.lib_hash_035,imports,3.1462977904996373e-06
2365,f1100,imports.lib_hash_104,imports,3.1012557471347138e-06
2366,f1106,imports.lib_hash_110,imports,3.060693935956495e-06
2367,f1020,imports.lib_hash_024,imports,2.8315876559364207e-06
2368,f814,section.size_hash_33,section,2.7793626215031273e-06
2369,f1199,imports.lib_hash_203,imports,2.740046934663502e-06
2370,f1027,imports.lib_hash_031,imports,2.712734421570772e-06
2371,f2566,pefilewarnings.w86_Assuming corrupt.,pefilewarnings,2.6568490699787217e-06
2372,f1046,imports.lib_hash_050,imports,2.6468756408952716e-06
2373,f841,section.vsize_hash_10,section,2.6417919939638082e-06
2374,f867,section.vsize_hash_36,section,2.59330694861647e-06
2375,f825,section.size_hash_44,section,2.5398728116452114e-06
2376,f744,header.dll_characteristics.FORCE_INTEGRITY,header,2.516773666636236e-06
2377,f876,section.vsize_hash_45,section,2.500960746644016e-06
2378,f1205,imports.lib_hash_209,imports,2.4588740903343067e-06
2379,f2523,pefilewarnings.w43_Invalid debug information,pefilewarnings,2.1950946390494084e-06
2380,f659,strings.count_get,strings,2.04060319939966e-06
2381,f784,section.size_hash_03,section,1.9574201399693847e-06
2382,f1045,imports.lib_hash_049,imports,1.9427762431138118e-06
2383,f857,section.vsize_hash_26,section,1.9389941088354127e-06
2384,f905,section.entropy_hash_24,section,1.937333645548597e-06
2385,f1186,imports.lib_hash_190,imports,1.928645185806296e-06
2386,f2533,pefilewarnings.w53_Invalid TLS information. Can't read,pefilewarnings,1.924932245016218e-06
2387,f1172,imports.lib_hash_176,imports,1.897414082607594e-06
2388,f925,section.entropy_hash_44,section,1.884681857779778e-06
2389,f1053,imports.lib_hash_057,imports,1.8693816645950998e-06
2390,f1038,imports.lib_hash_042,imports,1.7922834503040711e-06
2391,f1058,imports.lib_hash_062,imports,1.7800539350157923e-06
2392,f1005,imports.lib_hash_009,imports,1.7733122693494195e-06
2393,f804,section.size_hash_23,section,1.7630633943964558e-06
2394,f879,section.vsize_hash_48,section,1.7589385586192744e-06
2395,f1163,imports.lib_hash_167,imports,1.7154161085754017e-06
2396,f1002,imports.lib_hash_006,imports,1.711705201115204e-06
2397,f1156,imports.lib_hash_160,imports,1.7108477803838136e-06
2398,f998,imports.lib_hash_002,imports,1.6671267990056455e-06
2399,f1188,imports.lib_hash_192,imports,1.6210680795522106e-06
2400,f1234,imports.lib_hash_238,imports,1.6154598221557263e-06
2401,f1151,imports.lib_hash_155,imports,1.607663365840292e-06
2402,f1055,imports.lib_hash_059,imports,1.5484704494535928e-06
2403,f1228,imports.lib_hash_232,imports,1.5374493106605115e-06
2404,f1097,imports.lib_hash_101,imports,1.4963563843538132e-06
2405,f1065,imports.lib_hash_069,imports,1.4306422290754784e-06
2406,f1217,imports.lib_hash_221,imports,1.3899826113878703e-06
2407,f1237,imports.lib_hash_241,imports,1.3674291383588178e-06
2408,f1083,imports.lib_hash_087,imports,1.286346040018472e-06
2409,f1051,imports.lib_hash_055,imports,1.258273358843276e-06
2410,f762,header.dos.e_csum,header,1.2277059547301012e-06
2411,f875,section.vsize_hash_44,section,1.1744917364405876e-06
2412,f1133,imports.lib_hash_137,imports,1.1521045128776792e-06
2413,f864,section.vsize_hash_33,section,1.1483979538420477e-06
2414,f1117,imports.lib_hash_121,imports,1.1373238133385267e-06
2415,f1231,imports.lib_hash_235,imports,1.1269643805508276e-06
2416,f1095,imports.lib_hash_099,imports,1.0848745422907624e-06
2417,f806,section.size_hash_25,section,1.0711522773727385e-06
2418,f907,section.entropy_hash_26,section,1.0690173354172206e-06
2419,f1062,imports.lib_hash_066,imports,1.0332209990234274e-06
2420,f818,section.size_hash_37,section,1.0191874313007655e-06
2421,f926,section.entropy_hash_45,section,9.952501876802277e-07
2422,f1141,imports.lib_hash_145,imports,9.919557123201326e-07
2423,f2421,datadirectories.GLOBALPTR.size,datadirectories,8.694129165243548e-07
2424,f1123,imports.lib_hash_127,imports,8.615023518533276e-07
2425,f1140,imports.lib_hash_144,imports,8.582645279070201e-07
2426,f811,section.size_hash_30,section,8.336670795213135e-07
2427,f906,section.entropy_hash_25,section,8.244948393866747e-07
2428,f1037,imports.lib_hash_041,imports,8.0642303521545e-07
2429,f1149,imports.lib_hash_153,imports,7.832853205031464e-07
2430,f868,section.vsize_hash_37,section,7.726060987868058e-07
2431,f2476,authenticode.parse_error,authenticode,7.47728914071453e-07
2432,f2517,pefilewarnings.w37_FunctionEntry of UNWIND_INFO at,pefilewarnings,7.439403869262197e-07
2433,f1079,imports.lib_hash_083,imports,6.993045688920406e-07
2434,f1179,imports.lib_hash_183,imports,6.943750426469798e-07
2435,f1087,imports.lib_hash_091,imports,6.857232038218554e-07
2436,f1150,imports.lib_hash_154,imports,6.81914665775737e-07
2437,f1168,imports.lib_hash_172,imports,5.992661098052336e-07
2438,f856,section.vsize_hash_25,section,5.575515957495973e-07
2439,f854,section.vsize_hash_23,section,5.387535910125031e-07
2440,f997,imports.lib_hash_001,imports,5.24056909650367e-07
2441,f1182,imports.lib_hash_186,imports,4.888679210571248e-07
2442,f2489,pefilewarnings.w09_Error parsing resource of type RT_STRING,pefilewarnings,4.669956289658558e-07
2443,f1246,imports.lib_hash_250,imports,4.654323275338567e-07
2444,f1239,imports.lib_hash_243,imports,4.474938228112895e-07
2445,f1035,imports.lib_hash_039,imports,4.4511046391686433e-07
2446,f1054,imports.lib_hash_058,imports,4.401551036625852e-07
2447,f1145,imports.lib_hash_149,imports,4.38394377080921e-07
2448,f2422,datadirectories.GLOBALPTR.rva,datadirectories,4.3490397717292896e-07
2449,f996,imports.lib_hash_000,imports,4.2872684005001044e-07
2450,f1225,imports.lib_hash_229,imports,4.2214852299964863e-07
2451,f1088,imports.lib_hash_092,imports,3.9932009593757577e-07
2452,f2555,pefilewarnings.w75_Unknown UNWIND_CODE at,pefilewarnings,3.67691537144683e-07
2453,f730,header.characteristics.AGGRESIVE_WS_TRIM,header,3.4625531537385274e-07
2454,f852,section.vsize_hash_21,section,3.2723549246991357e-07
2455,f1178,imports.lib_hash_182,imports,3.0850368159136516e-07
2456,f1105,imports.lib_hash_109,imports,3.059339644903442e-07
2457,f1206,imports.lib_hash_210,imports,3.0592865675223046e-07
2458,f1040,imports.lib_hash_044,imports,3.0144080631908434e-07
2459,f1068,imports.lib_hash_072,imports,3.0119674355826175e-07
2460,f2490,pefilewarnings.w10_Error parsing StringFileInfo/VarFileInfo,pefilewarnings,2.807999281550193e-07
2461,f2486,"pefilewarnings.w06_Error, too many imported symbols",pefilewarnings,2.604097906522938e-07
2462,f1075,imports.lib_hash_079,imports,2.6024363330286733e-07
2463,f2481,pefilewarnings.w01_Bad RVA in relocation data,pefilewarnings,2.560158381416696e-07
2464,f918,section.entropy_hash_37,section,2.5584737720996244e-07
2465,f1071,imports.lib_hash_075,imports,2.4331687787409045e-07
2466,f1198,imports.lib_hash_202,imports,2.3971423158898586e-07
2467,f1080,imports.lib_hash_084,imports,2.3736377928700285e-07
2468,f1119,imports.lib_hash_123,imports,2.138803678839572e-07
2469,f802,section.size_hash_21,section,2.061540619742451e-07
2470,f2529,pefilewarnings.w49_Invalid relocation information. SizeOfBl,pefilewarnings,1.96262963023822e-07
2471,f1154,imports.lib_hash_158,imports,1.804559209406822e-07
2472,f1152,imports.lib_hash_156,imports,1.467120741759648e-07
2473,f1171,imports.lib_hash_175,imports,1.4663880072756608e-07
2474,f1086,imports.lib_hash_090,imports,1.4009478176833478e-07
2475,f1189,imports.lib_hash_193,imports,1.375500904985026e-07
2476,f678,strings.count_post,strings,1.2126469256863774e-07
2477,f1240,imports.lib_hash_244,imports,1.2052230155430922e-07
2478,f2420,datadirectories.COPYRIGHT.rva,datadirectories,1.1377384305626708e-07
2479,f1241,imports.lib_hash_245,imports,1.0719095780323882e-07
2480,f1109,imports.lib_hash_113,imports,1.0539784813423042e-07
2481,f1111,imports.lib_hash_115,imports,9.883195624177959e-08
2482,f1142,imports.lib_hash_146,imports,9.234865006779043e-08
2483,f1013,imports.lib_hash_017,imports,8.675982515239267e-08
2484,f1158,imports.lib_hash_162,imports,8.021904657447018e-08
2485,f1042,imports.lib_hash_046,imports,7.49423292726024e-08
2486,f1229,imports.lib_hash_233,imports,7.484983955047175e-08
2487,f2511,pefilewarnings.w31_Excessive number of imports,pefilewarnings,7.378716217513692e-08
2488,f1147,imports.lib_hash_151,imports,7.312477535617207e-08
2489,f1180,imports.lib_hash_184,imports,6.968731048680621e-08
2490,f1063,imports.lib_hash_067,imports,6.913042929139109e-08
2491,f1203,imports.lib_hash_207,imports,6.181986576092033e-08
2492,f1202,imports.lib_hash_206,imports,5.522345286353881e-08
2493,f620,strings.count_/EmbeddedFile,strings,5.3382506146633556e-08
2494,f1010,imports.lib_hash_014,imports,4.316945255265304e-08
2495,f1019,imports.lib_hash_023,imports,4.137762881917177e-08
2496,f2564,pefilewarnings.w84_symbol entries. Assuming corrupt.,pefilewarnings,4.010075850215698e-08
2497,f1169,imports.lib_hash_173,imports,2.585266602457147e-08
2498,f1085,imports.lib_hash_089,imports,2.5634137662170723e-08
2499,f1195,imports.lib_hash_199,imports,2.5260995590348e-08
2500,f1084,imports.lib_hash_088,imports,2.469714011868874e-08
2501,f1222,imports.lib_hash_226,imports,2.4193272699789502e-08
2502,f1232,imports.lib_hash_236,imports,2.1954953092945318e-08
2503,f1144,imports.lib_hash_148,imports,2.1061488444101633e-08
2504,f861,section.vsize_hash_30,section,1.9208796234323937e-08
2505,f1181,imports.lib_hash_185,imports,1.589537886895311e-08
2506,f1015,imports.lib_hash_019,imports,1.4716496842164232e-08
2507,f1029,imports.lib_hash_033,imports,5.731342164593879e-09
2508,f629,strings.count_Invoke-Command,strings,0.0
2509,f633,strings.count_base64string,strings,0.0
2510,f1122,imports.lib_hash_126,imports,0.0
2511,f1131,imports.lib_hash_135,imports,0.0
2512,f1101,imports.lib_hash_105,imports,0.0
2513,f2543,pefilewarnings.w63_RVA AddressOfFunctions in the export dir,pefilewarnings,0.0
2514,f3,general.start_byte_0,general,0.0
2515,f2565,pefilewarnings.w85_ordinal entries. Assuming corrupt.,pefilewarnings,0.0
2516,f1110,imports.lib_hash_114,imports,0.0
2517,f2526,pefilewarnings.w46_Invalid IMAGE_DYNAMIC_RELOCATION_TABLE i,pefilewarnings,0.0
2518,f2545,pefilewarnings.w65_RVA of IMAGE_BOUND_IMPORT_DESCRIPTOR poi,pefilewarnings,0.0
2519,f2548,pefilewarnings.w68_Suspicious NumberOfRvaAndSizes in the Op,pefilewarnings,0.0
2520,f2491,pefilewarnings.w11_Error parsing the Delay import directory,pefilewarnings,0.0
2521,f2536,pefilewarnings.w56_No parsing available for IMAGE_DYNAMIC_R,pefilewarnings,0.0
2522,f2534,pefilewarnings.w54_Invalid type 0x,pefilewarnings,0.0
2523,f740,header.characteristics.UP_SYSTEM_ONLY,header,0.0
2524,f1161,imports.lib_hash_165,imports,0.0
2525,f1081,imports.lib_hash_085,imports,0.0
2526,f732,header.characteristics.16BIT_MACHINE,header,0.0
2527,f1132,imports.lib_hash_136,imports,0.0
2528,f738,header.characteristics.SYSTEM,header,0.0
2529,f1066,imports.lib_hash_070,imports,0.0
2530,f1173,imports.lib_hash_177,imports,0.0
2531,f2485,pefilewarnings.w05_Don't know how to parse LOAD_CONFIG info,pefilewarnings,0.0
2532,f2557,pefilewarnings.w77_Contents are null-bytes.,pefilewarnings,0.0
2533,f2558,pefilewarnings.w78_No data in the file (is this corkami's v,pefilewarnings,0.0
2534,f4,general.start_byte_1,general,0.0
2535,f2492,pefilewarnings.w12_Error parsing the Delay import directory,pefilewarnings,0.0
2536,f2504,"pefilewarnings.w24_Error parsing the version information, a",pefilewarnings,0.0
2537,f2502,"pefilewarnings.w22_Error parsing the resources directory, a",pefilewarnings,0.0
2538,f2496,pefilewarnings.w16_Error parsing the import table. AddressO,pefilewarnings,0.0
2539,f2519,pefilewarnings.w39_If FileAlignment > 0x200 it should be a ,pefilewarnings,0.0
