columna,indice,grupo,nombre
f0,0,general,general.size
f1,1,general,general.entropy
f2,2,general,general.is_pe
f3,3,general,general.start_byte_0
f4,4,general,general.start_byte_1
f5,5,general,general.start_byte_2
f6,6,general,general.start_byte_3
f7,7,histogram,histogram.byte_0x00
f8,8,histogram,histogram.byte_0x01
f9,9,histogram,histogram.byte_0x02
f10,10,histogram,histogram.byte_0x03
f11,11,histogram,histogram.byte_0x04
f12,12,histogram,histogram.byte_0x05
f13,13,histogram,histogram.byte_0x06
f14,14,histogram,histogram.byte_0x07
f15,15,histogram,histogram.byte_0x08
f16,16,histogram,histogram.byte_0x09
f17,17,histogram,histogram.byte_0x0A
f18,18,histogram,histogram.byte_0x0B
f19,19,histogram,histogram.byte_0x0C
f20,20,histogram,histogram.byte_0x0D
f21,21,histogram,histogram.byte_0x0E
f22,22,histogram,histogram.byte_0x0F
f23,23,histogram,histogram.byte_0x10
f24,24,histogram,histogram.byte_0x11
f25,25,histogram,histogram.byte_0x12
f26,26,histogram,histogram.byte_0x13
f27,27,histogram,histogram.byte_0x14
f28,28,histogram,histogram.byte_0x15
f29,29,histogram,histogram.byte_0x16
f30,30,histogram,histogram.byte_0x17
f31,31,histogram,histogram.byte_0x18
f32,32,histogram,histogram.byte_0x19
f33,33,histogram,histogram.byte_0x1A
f34,34,histogram,histogram.byte_0x1B
f35,35,histogram,histogram.byte_0x1C
f36,36,histogram,histogram.byte_0x1D
f37,37,histogram,histogram.byte_0x1E
f38,38,histogram,histogram.byte_0x1F
f39,39,histogram,histogram.byte_0x20
f40,40,histogram,histogram.byte_0x21
f41,41,histogram,histogram.byte_0x22
f42,42,histogram,histogram.byte_0x23
f43,43,histogram,histogram.byte_0x24
f44,44,histogram,histogram.byte_0x25
f45,45,histogram,histogram.byte_0x26
f46,46,histogram,histogram.byte_0x27
f47,47,histogram,histogram.byte_0x28
f48,48,histogram,histogram.byte_0x29
f49,49,histogram,histogram.byte_0x2A
f50,50,histogram,histogram.byte_0x2B
f51,51,histogram,histogram.byte_0x2C
f52,52,histogram,histogram.byte_0x2D
f53,53,histogram,histogram.byte_0x2E
f54,54,histogram,histogram.byte_0x2F
f55,55,histogram,histogram.byte_0x30
f56,56,histogram,histogram.byte_0x31
f57,57,histogram,histogram.byte_0x32
f58,58,histogram,histogram.byte_0x33
f59,59,histogram,histogram.byte_0x34
f60,60,histogram,histogram.byte_0x35
f61,61,histogram,histogram.byte_0x36
f62,62,histogram,histogram.byte_0x37
f63,63,histogram,histogram.byte_0x38
f64,64,histogram,histogram.byte_0x39
f65,65,histogram,histogram.byte_0x3A
f66,66,histogram,histogram.byte_0x3B
f67,67,histogram,histogram.byte_0x3C
f68,68,histogram,histogram.byte_0x3D
f69,69,histogram,histogram.byte_0x3E
f70,70,histogram,histogram.byte_0x3F
f71,71,histogram,histogram.byte_0x40
f72,72,histogram,histogram.byte_0x41
f73,73,histogram,histogram.byte_0x42
f74,74,histogram,histogram.byte_0x43
f75,75,histogram,histogram.byte_0x44
f76,76,histogram,histogram.byte_0x45
f77,77,histogram,histogram.byte_0x46
f78,78,histogram,histogram.byte_0x47
f79,79,histogram,histogram.byte_0x48
f80,80,histogram,histogram.byte_0x49
f81,81,histogram,histogram.byte_0x4A
f82,82,histogram,histogram.byte_0x4B
f83,83,histogram,histogram.byte_0x4C
f84,84,histogram,histogram.byte_0x4D
f85,85,histogram,histogram.byte_0x4E
f86,86,histogram,histogram.byte_0x4F
f87,87,histogram,histogram.byte_0x50
f88,88,histogram,histogram.byte_0x51
f89,89,histogram,histogram.byte_0x52
f90,90,histogram,histogram.byte_0x53
f91,91,histogram,histogram.byte_0x54
f92,92,histogram,histogram.byte_0x55
f93,93,histogram,histogram.byte_0x56
f94,94,histogram,histogram.byte_0x57
f95,95,histogram,histogram.byte_0x58
f96,96,histogram,histogram.byte_0x59
f97,97,histogram,histogram.byte_0x5A
f98,98,histogram,histogram.byte_0x5B
f99,99,histogram,histogram.byte_0x5C
f100,100,histogram,histogram.byte_0x5D
f101,101,histogram,histogram.byte_0x5E
f102,102,histogram,histogram.byte_0x5F
f103,103,histogram,histogram.byte_0x60
f104,104,histogram,histogram.byte_0x61
f105,105,histogram,histogram.byte_0x62
f106,106,histogram,histogram.byte_0x63
f107,107,histogram,histogram.byte_0x64
f108,108,histogram,histogram.byte_0x65
f109,109,histogram,histogram.byte_0x66
f110,110,histogram,histogram.byte_0x67
f111,111,histogram,histogram.byte_0x68
f112,112,histogram,histogram.byte_0x69
f113,113,histogram,histogram.byte_0x6A
f114,114,histogram,histogram.byte_0x6B
f115,115,histogram,histogram.byte_0x6C
f116,116,histogram,histogram.byte_0x6D
f117,117,histogram,histogram.byte_0x6E
f118,118,histogram,histogram.byte_0x6F
f119,119,histogram,histogram.byte_0x70
f120,120,histogram,histogram.byte_0x71
f121,121,histogram,histogram.byte_0x72
f122,122,histogram,histogram.byte_0x73
f123,123,histogram,histogram.byte_0x74
f124,124,histogram,histogram.byte_0x75
f125,125,histogram,histogram.byte_0x76
f126,126,histogram,histogram.byte_0x77
f127,127,histogram,histogram.byte_0x78
f128,128,histogram,histogram.byte_0x79
f129,129,histogram,histogram.byte_0x7A
f130,130,histogram,histogram.byte_0x7B
f131,131,histogram,histogram.byte_0x7C
f132,132,histogram,histogram.byte_0x7D
f133,133,histogram,histogram.byte_0x7E
f134,134,histogram,histogram.byte_0x7F
f135,135,histogram,histogram.byte_0x80
f136,136,histogram,histogram.byte_0x81
f137,137,histogram,histogram.byte_0x82
f138,138,histogram,histogram.byte_0x83
f139,139,histogram,histogram.byte_0x84
f140,140,histogram,histogram.byte_0x85
f141,141,histogram,histogram.byte_0x86
f142,142,histogram,histogram.byte_0x87
f143,143,histogram,histogram.byte_0x88
f144,144,histogram,histogram.byte_0x89
f145,145,histogram,histogram.byte_0x8A
f146,146,histogram,histogram.byte_0x8B
f147,147,histogram,histogram.byte_0x8C
f148,148,histogram,histogram.byte_0x8D
f149,149,histogram,histogram.byte_0x8E
f150,150,histogram,histogram.byte_0x8F
f151,151,histogram,histogram.byte_0x90
f152,152,histogram,histogram.byte_0x91
f153,153,histogram,histogram.byte_0x92
f154,154,histogram,histogram.byte_0x93
f155,155,histogram,histogram.byte_0x94
f156,156,histogram,histogram.byte_0x95
f157,157,histogram,histogram.byte_0x96
f158,158,histogram,histogram.byte_0x97
f159,159,histogram,histogram.byte_0x98
f160,160,histogram,histogram.byte_0x99
f161,161,histogram,histogram.byte_0x9A
f162,162,histogram,histogram.byte_0x9B
f163,163,histogram,histogram.byte_0x9C
f164,164,histogram,histogram.byte_0x9D
f165,165,histogram,histogram.byte_0x9E
f166,166,histogram,histogram.byte_0x9F
f167,167,histogram,histogram.byte_0xA0
f168,168,histogram,histogram.byte_0xA1
f169,169,histogram,histogram.byte_0xA2
f170,170,histogram,histogram.byte_0xA3
f171,171,histogram,histogram.byte_0xA4
f172,172,histogram,histogram.byte_0xA5
f173,173,histogram,histogram.byte_0xA6
f174,174,histogram,histogram.byte_0xA7
f175,175,histogram,histogram.byte_0xA8
f176,176,histogram,histogram.byte_0xA9
f177,177,histogram,histogram.byte_0xAA
f178,178,histogram,histogram.byte_0xAB
f179,179,histogram,histogram.byte_0xAC
f180,180,histogram,histogram.byte_0xAD
f181,181,histogram,histogram.byte_0xAE
f182,182,histogram,histogram.byte_0xAF
f183,183,histogram,histogram.byte_0xB0
f184,184,histogram,histogram.byte_0xB1
f185,185,histogram,histogram.byte_0xB2
f186,186,histogram,histogram.byte_0xB3
f187,187,histogram,histogram.byte_0xB4
f188,188,histogram,histogram.byte_0xB5
f189,189,histogram,histogram.byte_0xB6
f190,190,histogram,histogram.byte_0xB7
f191,191,histogram,histogram.byte_0xB8
f192,192,histogram,histogram.byte_0xB9
f193,193,histogram,histogram.byte_0xBA
f194,194,histogram,histogram.byte_0xBB
f195,195,histogram,histogram.byte_0xBC
f196,196,histogram,histogram.byte_0xBD
f197,197,histogram,histogram.byte_0xBE
f198,198,histogram,histogram.byte_0xBF
f199,199,histogram,histogram.byte_0xC0
f200,200,histogram,histogram.byte_0xC1
f201,201,histogram,histogram.byte_0xC2
f202,202,histogram,histogram.byte_0xC3
f203,203,histogram,histogram.byte_0xC4
f204,204,histogram,histogram.byte_0xC5
f205,205,histogram,histogram.byte_0xC6
f206,206,histogram,histogram.byte_0xC7
f207,207,histogram,histogram.byte_0xC8
f208,208,histogram,histogram.byte_0xC9
f209,209,histogram,histogram.byte_0xCA
f210,210,histogram,histogram.byte_0xCB
f211,211,histogram,histogram.byte_0xCC
f212,212,histogram,histogram.byte_0xCD
f213,213,histogram,histogram.byte_0xCE
f214,214,histogram,histogram.byte_0xCF
f215,215,histogram,histogram.byte_0xD0
f216,216,histogram,histogram.byte_0xD1
f217,217,histogram,histogram.byte_0xD2
f218,218,histogram,histogram.byte_0xD3
f219,219,histogram,histogram.byte_0xD4
f220,220,histogram,histogram.byte_0xD5
f221,221,histogram,histogram.byte_0xD6
f222,222,histogram,histogram.byte_0xD7
f223,223,histogram,histogram.byte_0xD8
f224,224,histogram,histogram.byte_0xD9
f225,225,histogram,histogram.byte_0xDA
f226,226,histogram,histogram.byte_0xDB
f227,227,histogram,histogram.byte_0xDC
f228,228,histogram,histogram.byte_0xDD
f229,229,histogram,histogram.byte_0xDE
f230,230,histogram,histogram.byte_0xDF
f231,231,histogram,histogram.byte_0xE0
f232,232,histogram,histogram.byte_0xE1
f233,233,histogram,histogram.byte_0xE2
f234,234,histogram,histogram.byte_0xE3
f235,235,histogram,histogram.byte_0xE4
f236,236,histogram,histogram.byte_0xE5
f237,237,histogram,histogram.byte_0xE6
f238,238,histogram,histogram.byte_0xE7
f239,239,histogram,histogram.byte_0xE8
f240,240,histogram,histogram.byte_0xE9
f241,241,histogram,histogram.byte_0xEA
f242,242,histogram,histogram.byte_0xEB
f243,243,histogram,histogram.byte_0xEC
f244,244,histogram,histogram.byte_0xED
f245,245,histogram,histogram.byte_0xEE
f246,246,histogram,histogram.byte_0xEF
f247,247,histogram,histogram.byte_0xF0
f248,248,histogram,histogram.byte_0xF1
f249,249,histogram,histogram.byte_0xF2
f250,250,histogram,histogram.byte_0xF3
f251,251,histogram,histogram.byte_0xF4
f252,252,histogram,histogram.byte_0xF5
f253,253,histogram,histogram.byte_0xF6
f254,254,histogram,histogram.byte_0xF7
f255,255,histogram,histogram.byte_0xF8
f256,256,histogram,histogram.byte_0xF9
f257,257,histogram,histogram.byte_0xFA
f258,258,histogram,histogram.byte_0xFB
f259,259,histogram,histogram.byte_0xFC
f260,260,histogram,histogram.byte_0xFD
f261,261,histogram,histogram.byte_0xFE
f262,262,histogram,histogram.byte_0xFF
f263,263,byteentropy,byteentropy.entropia00_byte00
f264,264,byteentropy,byteentropy.entropia00_byte01
f265,265,byteentropy,byteentropy.entropia00_byte02
f266,266,byteentropy,byteentropy.entropia00_byte03
f267,267,byteentropy,byteentropy.entropia00_byte04
f268,268,byteentropy,byteentropy.entropia00_byte05
f269,269,byteentropy,byteentropy.entropia00_byte06
f270,270,byteentropy,byteentropy.entropia00_byte07
f271,271,byteentropy,byteentropy.entropia00_byte08
f272,272,byteentropy,byteentropy.entropia00_byte09
f273,273,byteentropy,byteentropy.entropia00_byte10
f274,274,byteentropy,byteentropy.entropia00_byte11
f275,275,byteentropy,byteentropy.entropia00_byte12
f276,276,byteentropy,byteentropy.entropia00_byte13
f277,277,byteentropy,byteentropy.entropia00_byte14
f278,278,byteentropy,byteentropy.entropia00_byte15
f279,279,byteentropy,byteentropy.entropia01_byte00
f280,280,byteentropy,byteentropy.entropia01_byte01
f281,281,byteentropy,byteentropy.entropia01_byte02
f282,282,byteentropy,byteentropy.entropia01_byte03
f283,283,byteentropy,byteentropy.entropia01_byte04
f284,284,byteentropy,byteentropy.entropia01_byte05
f285,285,byteentropy,byteentropy.entropia01_byte06
f286,286,byteentropy,byteentropy.entropia01_byte07
f287,287,byteentropy,byteentropy.entropia01_byte08
f288,288,byteentropy,byteentropy.entropia01_byte09
f289,289,byteentropy,byteentropy.entropia01_byte10
f290,290,byteentropy,byteentropy.entropia01_byte11
f291,291,byteentropy,byteentropy.entropia01_byte12
f292,292,byteentropy,byteentropy.entropia01_byte13
f293,293,byteentropy,byteentropy.entropia01_byte14
f294,294,byteentropy,byteentropy.entropia01_byte15
f295,295,byteentropy,byteentropy.entropia02_byte00
f296,296,byteentropy,byteentropy.entropia02_byte01
f297,297,byteentropy,byteentropy.entropia02_byte02
f298,298,byteentropy,byteentropy.entropia02_byte03
f299,299,byteentropy,byteentropy.entropia02_byte04
f300,300,byteentropy,byteentropy.entropia02_byte05
f301,301,byteentropy,byteentropy.entropia02_byte06
f302,302,byteentropy,byteentropy.entropia02_byte07
f303,303,byteentropy,byteentropy.entropia02_byte08
f304,304,byteentropy,byteentropy.entropia02_byte09
f305,305,byteentropy,byteentropy.entropia02_byte10
f306,306,byteentropy,byteentropy.entropia02_byte11
f307,307,byteentropy,byteentropy.entropia02_byte12
f308,308,byteentropy,byteentropy.entropia02_byte13
f309,309,byteentropy,byteentropy.entropia02_byte14
f310,310,byteentropy,byteentropy.entropia02_byte15
f311,311,byteentropy,byteentropy.entropia03_byte00
f312,312,byteentropy,byteentropy.entropia03_byte01
f313,313,byteentropy,byteentropy.entropia03_byte02
f314,314,byteentropy,byteentropy.entropia03_byte03
f315,315,byteentropy,byteentropy.entropia03_byte04
f316,316,byteentropy,byteentropy.entropia03_byte05
f317,317,byteentropy,byteentropy.entropia03_byte06
f318,318,byteentropy,byteentropy.entropia03_byte07
f319,319,byteentropy,byteentropy.entropia03_byte08
f320,320,byteentropy,byteentropy.entropia03_byte09
f321,321,byteentropy,byteentropy.entropia03_byte10
f322,322,byteentropy,byteentropy.entropia03_byte11
f323,323,byteentropy,byteentropy.entropia03_byte12
f324,324,byteentropy,byteentropy.entropia03_byte13
f325,325,byteentropy,byteentropy.entropia03_byte14
f326,326,byteentropy,byteentropy.entropia03_byte15
f327,327,byteentropy,byteentropy.entropia04_byte00
f328,328,byteentropy,byteentropy.entropia04_byte01
f329,329,byteentropy,byteentropy.entropia04_byte02
f330,330,byteentropy,byteentropy.entropia04_byte03
f331,331,byteentropy,byteentropy.entropia04_byte04
f332,332,byteentropy,byteentropy.entropia04_byte05
f333,333,byteentropy,byteentropy.entropia04_byte06
f334,334,byteentropy,byteentropy.entropia04_byte07
f335,335,byteentropy,byteentropy.entropia04_byte08
f336,336,byteentropy,byteentropy.entropia04_byte09
f337,337,byteentropy,byteentropy.entropia04_byte10
f338,338,byteentropy,byteentropy.entropia04_byte11
f339,339,byteentropy,byteentropy.entropia04_byte12
f340,340,byteentropy,byteentropy.entropia04_byte13
f341,341,byteentropy,byteentropy.entropia04_byte14
f342,342,byteentropy,byteentropy.entropia04_byte15
f343,343,byteentropy,byteentropy.entropia05_byte00
f344,344,byteentropy,byteentropy.entropia05_byte01
f345,345,byteentropy,byteentropy.entropia05_byte02
f346,346,byteentropy,byteentropy.entropia05_byte03
f347,347,byteentropy,byteentropy.entropia05_byte04
f348,348,byteentropy,byteentropy.entropia05_byte05
f349,349,byteentropy,byteentropy.entropia05_byte06
f350,350,byteentropy,byteentropy.entropia05_byte07
f351,351,byteentropy,byteentropy.entropia05_byte08
f352,352,byteentropy,byteentropy.entropia05_byte09
f353,353,byteentropy,byteentropy.entropia05_byte10
f354,354,byteentropy,byteentropy.entropia05_byte11
f355,355,byteentropy,byteentropy.entropia05_byte12
f356,356,byteentropy,byteentropy.entropia05_byte13
f357,357,byteentropy,byteentropy.entropia05_byte14
f358,358,byteentropy,byteentropy.entropia05_byte15
f359,359,byteentropy,byteentropy.entropia06_byte00
f360,360,byteentropy,byteentropy.entropia06_byte01
f361,361,byteentropy,byteentropy.entropia06_byte02
f362,362,byteentropy,byteentropy.entropia06_byte03
f363,363,byteentropy,byteentropy.entropia06_byte04
f364,364,byteentropy,byteentropy.entropia06_byte05
f365,365,byteentropy,byteentropy.entropia06_byte06
f366,366,byteentropy,byteentropy.entropia06_byte07
f367,367,byteentropy,byteentropy.entropia06_byte08
f368,368,byteentropy,byteentropy.entropia06_byte09
f369,369,byteentropy,byteentropy.entropia06_byte10
f370,370,byteentropy,byteentropy.entropia06_byte11
f371,371,byteentropy,byteentropy.entropia06_byte12
f372,372,byteentropy,byteentropy.entropia06_byte13
f373,373,byteentropy,byteentropy.entropia06_byte14
f374,374,byteentropy,byteentropy.entropia06_byte15
f375,375,byteentropy,byteentropy.entropia07_byte00
f376,376,byteentropy,byteentropy.entropia07_byte01
f377,377,byteentropy,byteentropy.entropia07_byte02
f378,378,byteentropy,byteentropy.entropia07_byte03
f379,379,byteentropy,byteentropy.entropia07_byte04
f380,380,byteentropy,byteentropy.entropia07_byte05
f381,381,byteentropy,byteentropy.entropia07_byte06
f382,382,byteentropy,byteentropy.entropia07_byte07
f383,383,byteentropy,byteentropy.entropia07_byte08
f384,384,byteentropy,byteentropy.entropia07_byte09
f385,385,byteentropy,byteentropy.entropia07_byte10
f386,386,byteentropy,byteentropy.entropia07_byte11
f387,387,byteentropy,byteentropy.entropia07_byte12
f388,388,byteentropy,byteentropy.entropia07_byte13
f389,389,byteentropy,byteentropy.entropia07_byte14
f390,390,byteentropy,byteentropy.entropia07_byte15
f391,391,byteentropy,byteentropy.entropia08_byte00
f392,392,byteentropy,byteentropy.entropia08_byte01
f393,393,byteentropy,byteentropy.entropia08_byte02
f394,394,byteentropy,byteentropy.entropia08_byte03
f395,395,byteentropy,byteentropy.entropia08_byte04
f396,396,byteentropy,byteentropy.entropia08_byte05
f397,397,byteentropy,byteentropy.entropia08_byte06
f398,398,byteentropy,byteentropy.entropia08_byte07
f399,399,byteentropy,byteentropy.entropia08_byte08
f400,400,byteentropy,byteentropy.entropia08_byte09
f401,401,byteentropy,byteentropy.entropia08_byte10
f402,402,byteentropy,byteentropy.entropia08_byte11
f403,403,byteentropy,byteentropy.entropia08_byte12
f404,404,byteentropy,byteentropy.entropia08_byte13
f405,405,byteentropy,byteentropy.entropia08_byte14
f406,406,byteentropy,byteentropy.entropia08_byte15
f407,407,byteentropy,byteentropy.entropia09_byte00
f408,408,byteentropy,byteentropy.entropia09_byte01
f409,409,byteentropy,byteentropy.entropia09_byte02
f410,410,byteentropy,byteentropy.entropia09_byte03
f411,411,byteentropy,byteentropy.entropia09_byte04
f412,412,byteentropy,byteentropy.entropia09_byte05
f413,413,byteentropy,byteentropy.entropia09_byte06
f414,414,byteentropy,byteentropy.entropia09_byte07
f415,415,byteentropy,byteentropy.entropia09_byte08
f416,416,byteentropy,byteentropy.entropia09_byte09
f417,417,byteentropy,byteentropy.entropia09_byte10
f418,418,byteentropy,byteentropy.entropia09_byte11
f419,419,byteentropy,byteentropy.entropia09_byte12
f420,420,byteentropy,byteentropy.entropia09_byte13
f421,421,byteentropy,byteentropy.entropia09_byte14
f422,422,byteentropy,byteentropy.entropia09_byte15
f423,423,byteentropy,byteentropy.entropia10_byte00
f424,424,byteentropy,byteentropy.entropia10_byte01
f425,425,byteentropy,byteentropy.entropia10_byte02
f426,426,byteentropy,byteentropy.entropia10_byte03
f427,427,byteentropy,byteentropy.entropia10_byte04
f428,428,byteentropy,byteentropy.entropia10_byte05
f429,429,byteentropy,byteentropy.entropia10_byte06
f430,430,byteentropy,byteentropy.entropia10_byte07
f431,431,byteentropy,byteentropy.entropia10_byte08
f432,432,byteentropy,byteentropy.entropia10_byte09
f433,433,byteentropy,byteentropy.entropia10_byte10
f434,434,byteentropy,byteentropy.entropia10_byte11
f435,435,byteentropy,byteentropy.entropia10_byte12
f436,436,byteentropy,byteentropy.entropia10_byte13
f437,437,byteentropy,byteentropy.entropia10_byte14
f438,438,byteentropy,byteentropy.entropia10_byte15
f439,439,byteentropy,byteentropy.entropia11_byte00
f440,440,byteentropy,byteentropy.entropia11_byte01
f441,441,byteentropy,byteentropy.entropia11_byte02
f442,442,byteentropy,byteentropy.entropia11_byte03
f443,443,byteentropy,byteentropy.entropia11_byte04
f444,444,byteentropy,byteentropy.entropia11_byte05
f445,445,byteentropy,byteentropy.entropia11_byte06
f446,446,byteentropy,byteentropy.entropia11_byte07
f447,447,byteentropy,byteentropy.entropia11_byte08
f448,448,byteentropy,byteentropy.entropia11_byte09
f449,449,byteentropy,byteentropy.entropia11_byte10
f450,450,byteentropy,byteentropy.entropia11_byte11
f451,451,byteentropy,byteentropy.entropia11_byte12
f452,452,byteentropy,byteentropy.entropia11_byte13
f453,453,byteentropy,byteentropy.entropia11_byte14
f454,454,byteentropy,byteentropy.entropia11_byte15
f455,455,byteentropy,byteentropy.entropia12_byte00
f456,456,byteentropy,byteentropy.entropia12_byte01
f457,457,byteentropy,byteentropy.entropia12_byte02
f458,458,byteentropy,byteentropy.entropia12_byte03
f459,459,byteentropy,byteentropy.entropia12_byte04
f460,460,byteentropy,byteentropy.entropia12_byte05
f461,461,byteentropy,byteentropy.entropia12_byte06
f462,462,byteentropy,byteentropy.entropia12_byte07
f463,463,byteentropy,byteentropy.entropia12_byte08
f464,464,byteentropy,byteentropy.entropia12_byte09
f465,465,byteentropy,byteentropy.entropia12_byte10
f466,466,byteentropy,byteentropy.entropia12_byte11
f467,467,byteentropy,byteentropy.entropia12_byte12
f468,468,byteentropy,byteentropy.entropia12_byte13
f469,469,byteentropy,byteentropy.entropia12_byte14
f470,470,byteentropy,byteentropy.entropia12_byte15
f471,471,byteentropy,byteentropy.entropia13_byte00
f472,472,byteentropy,byteentropy.entropia13_byte01
f473,473,byteentropy,byteentropy.entropia13_byte02
f474,474,byteentropy,byteentropy.entropia13_byte03
f475,475,byteentropy,byteentropy.entropia13_byte04
f476,476,byteentropy,byteentropy.entropia13_byte05
f477,477,byteentropy,byteentropy.entropia13_byte06
f478,478,byteentropy,byteentropy.entropia13_byte07
f479,479,byteentropy,byteentropy.entropia13_byte08
f480,480,byteentropy,byteentropy.entropia13_byte09
f481,481,byteentropy,byteentropy.entropia13_byte10
f482,482,byteentropy,byteentropy.entropia13_byte11
f483,483,byteentropy,byteentropy.entropia13_byte12
f484,484,byteentropy,byteentropy.entropia13_byte13
f485,485,byteentropy,byteentropy.entropia13_byte14
f486,486,byteentropy,byteentropy.entropia13_byte15
f487,487,byteentropy,byteentropy.entropia14_byte00
f488,488,byteentropy,byteentropy.entropia14_byte01
f489,489,byteentropy,byteentropy.entropia14_byte02
f490,490,byteentropy,byteentropy.entropia14_byte03
f491,491,byteentropy,byteentropy.entropia14_byte04
f492,492,byteentropy,byteentropy.entropia14_byte05
f493,493,byteentropy,byteentropy.entropia14_byte06
f494,494,byteentropy,byteentropy.entropia14_byte07
f495,495,byteentropy,byteentropy.entropia14_byte08
f496,496,byteentropy,byteentropy.entropia14_byte09
f497,497,byteentropy,byteentropy.entropia14_byte10
f498,498,byteentropy,byteentropy.entropia14_byte11
f499,499,byteentropy,byteentropy.entropia14_byte12
f500,500,byteentropy,byteentropy.entropia14_byte13
f501,501,byteentropy,byteentropy.entropia14_byte14
f502,502,byteentropy,byteentropy.entropia14_byte15
f503,503,byteentropy,byteentropy.entropia15_byte00
f504,504,byteentropy,byteentropy.entropia15_byte01
f505,505,byteentropy,byteentropy.entropia15_byte02
f506,506,byteentropy,byteentropy.entropia15_byte03
f507,507,byteentropy,byteentropy.entropia15_byte04
f508,508,byteentropy,byteentropy.entropia15_byte05
f509,509,byteentropy,byteentropy.entropia15_byte06
f510,510,byteentropy,byteentropy.entropia15_byte07
f511,511,byteentropy,byteentropy.entropia15_byte08
f512,512,byteentropy,byteentropy.entropia15_byte09
f513,513,byteentropy,byteentropy.entropia15_byte10
f514,514,byteentropy,byteentropy.entropia15_byte11
f515,515,byteentropy,byteentropy.entropia15_byte12
f516,516,byteentropy,byteentropy.entropia15_byte13
f517,517,byteentropy,byteentropy.entropia15_byte14
f518,518,byteentropy,byteentropy.entropia15_byte15
f519,519,strings,strings.numstrings
f520,520,strings,strings.avlength
f521,521,strings,strings.printables
f522,522,strings,strings.printabledist_00_' '
f523,523,strings,strings.printabledist_01_'!'
f524,524,strings,"strings.printabledist_02_'""'"
f525,525,strings,strings.printabledist_03_'#'
f526,526,strings,strings.printabledist_04_'$'
f527,527,strings,strings.printabledist_05_'%'
f528,528,strings,strings.printabledist_06_'&'
f529,529,strings,"strings.printabledist_07_""'"""
f530,530,strings,strings.printabledist_08_'('
f531,531,strings,strings.printabledist_09_')'
f532,532,strings,strings.printabledist_10_'*'
f533,533,strings,strings.printabledist_11_'+'
f534,534,strings,"strings.printabledist_12_','"
f535,535,strings,strings.printabledist_13_'-'
f536,536,strings,strings.printabledist_14_'.'
f537,537,strings,strings.printabledist_15_'/'
f538,538,strings,strings.printabledist_16_'0'
f539,539,strings,strings.printabledist_17_'1'
f540,540,strings,strings.printabledist_18_'2'
f541,541,strings,strings.printabledist_19_'3'
f542,542,strings,strings.printabledist_20_'4'
f543,543,strings,strings.printabledist_21_'5'
f544,544,strings,strings.printabledist_22_'6'
f545,545,strings,strings.printabledist_23_'7'
f546,546,strings,strings.printabledist_24_'8'
f547,547,strings,strings.printabledist_25_'9'
f548,548,strings,strings.printabledist_26_':'
f549,549,strings,strings.printabledist_27_';'
f550,550,strings,strings.printabledist_28_'<'
f551,551,strings,strings.printabledist_29_'='
f552,552,strings,strings.printabledist_30_'>'
f553,553,strings,strings.printabledist_31_'?'
f554,554,strings,strings.printabledist_32_'@'
f555,555,strings,strings.printabledist_33_'A'
f556,556,strings,strings.printabledist_34_'B'
f557,557,strings,strings.printabledist_35_'C'
f558,558,strings,strings.printabledist_36_'D'
f559,559,strings,strings.printabledist_37_'E'
f560,560,strings,strings.printabledist_38_'F'
f561,561,strings,strings.printabledist_39_'G'
f562,562,strings,strings.printabledist_40_'H'
f563,563,strings,strings.printabledist_41_'I'
f564,564,strings,strings.printabledist_42_'J'
f565,565,strings,strings.printabledist_43_'K'
f566,566,strings,strings.printabledist_44_'L'
f567,567,strings,strings.printabledist_45_'M'
f568,568,strings,strings.printabledist_46_'N'
f569,569,strings,strings.printabledist_47_'O'
f570,570,strings,strings.printabledist_48_'P'
f571,571,strings,strings.printabledist_49_'Q'
f572,572,strings,strings.printabledist_50_'R'
f573,573,strings,strings.printabledist_51_'S'
f574,574,strings,strings.printabledist_52_'T'
f575,575,strings,strings.printabledist_53_'U'
f576,576,strings,strings.printabledist_54_'V'
f577,577,strings,strings.printabledist_55_'W'
f578,578,strings,strings.printabledist_56_'X'
f579,579,strings,strings.printabledist_57_'Y'
f580,580,strings,strings.printabledist_58_'Z'
f581,581,strings,strings.printabledist_59_'['
f582,582,strings,strings.printabledist_60_'\\'
f583,583,strings,strings.printabledist_61_']'
f584,584,strings,strings.printabledist_62_'^'
f585,585,strings,strings.printabledist_63_'_'
f586,586,strings,strings.printabledist_64_'`'
f587,587,strings,strings.printabledist_65_'a'
f588,588,strings,strings.printabledist_66_'b'
f589,589,strings,strings.printabledist_67_'c'
f590,590,strings,strings.printabledist_68_'d'
f591,591,strings,strings.printabledist_69_'e'
f592,592,strings,strings.printabledist_70_'f'
f593,593,strings,strings.printabledist_71_'g'
f594,594,strings,strings.printabledist_72_'h'
f595,595,strings,strings.printabledist_73_'i'
f596,596,strings,strings.printabledist_74_'j'
f597,597,strings,strings.printabledist_75_'k'
f598,598,strings,strings.printabledist_76_'l'
f599,599,strings,strings.printabledist_77_'m'
f600,600,strings,strings.printabledist_78_'n'
f601,601,strings,strings.printabledist_79_'o'
f602,602,strings,strings.printabledist_80_'p'
f603,603,strings,strings.printabledist_81_'q'
f604,604,strings,strings.printabledist_82_'r'
f605,605,strings,strings.printabledist_83_'s'
f606,606,strings,strings.printabledist_84_'t'
f607,607,strings,strings.printabledist_85_'u'
f608,608,strings,strings.printabledist_86_'v'
f609,609,strings,strings.printabledist_87_'w'
f610,610,strings,strings.printabledist_88_'x'
f611,611,strings,strings.printabledist_89_'y'
f612,612,strings,strings.printabledist_90_'z'
f613,613,strings,strings.printabledist_91_'{'
f614,614,strings,strings.printabledist_92_'|'
f615,615,strings,strings.printabledist_93_'}'
f616,616,strings,strings.printabledist_94_'~'
f617,617,strings,strings.printabledist_95_'\x7f'
f618,618,strings,strings.entropy
f619,619,strings,strings.count_.click(
f620,620,strings,strings.count_/EmbeddedFile
f621,621,strings,strings.count_/FlateDecode
f622,622,strings,strings.count_/URI
f623,623,strings,strings.count_/bin/
f624,624,strings,strings.count_/dev/
f625,625,strings,strings.count_/proc/
f626,626,strings,strings.count_/tmp/
f627,627,strings,strings.count_/usr/
f628,628,strings,strings.count_<script
f629,629,strings,strings.count_Invoke-Command
f630,630,strings,strings.count_Invoke-Expression
f631,631,strings,strings.count_Start-process
f632,632,strings,strings.count_base64
f633,633,strings,strings.count_base64string
f634,634,strings,strings.count_btc_wallet
f635,635,strings,strings.count_cache
f636,636,strings,strings.count_certificate
f637,637,strings,strings.count_clipboard
f638,638,strings,strings.count_command
f639,639,strings,strings.count_connect
f640,640,strings,strings.count_cookie
f641,641,strings,strings.count_create
f642,642,strings,strings.count_crypt
f643,643,strings,strings.count_debug
f644,644,strings,strings.count_decode
f645,645,strings,strings.count_delete
f646,646,strings,strings.count_desktop
f647,647,strings,strings.count_directory
f648,648,strings,strings.count_disk
f649,649,strings,strings.count_dos_msg
f650,650,strings,strings.count_download
f651,651,strings,strings.count_email_addr
f652,652,strings,strings.count_encode
f653,653,strings,strings.count_enum
f654,654,strings,strings.count_environment
f655,655,strings,strings.count_exit
f656,656,strings,strings.count_file
f657,657,strings,strings.count_file_path
f658,658,strings,strings.count_ftp
f659,659,strings,strings.count_get
f660,660,strings,strings.count_hidden
f661,661,strings,strings.count_hostname
f662,662,strings,strings.count_html
f663,663,strings,strings.count_http
f664,664,strings,strings.count_http://
f665,665,strings,strings.count_https://
f666,666,strings,strings.count_install
f667,667,strings,strings.count_internet
f668,668,strings,strings.count_ipv4_addr
f669,669,strings,strings.count_ipv6_addr
f670,670,strings,strings.count_javascript
f671,671,strings,strings.count_keyboard
f672,672,strings,strings.count_mac_addr
f673,673,strings,strings.count_memory
f674,674,strings,strings.count_module
f675,675,strings,strings.count_mutex
f676,676,strings,strings.count_onlick
f677,677,strings,strings.count_password
f678,678,strings,strings.count_post
f679,679,strings,strings.count_powershell
f680,680,strings,strings.count_privilege
f681,681,strings,strings.count_process
f682,682,strings,strings.count_registry_key
f683,683,strings,strings.count_remote
f684,684,strings,strings.count_resource
f685,685,strings,strings.count_security
f686,686,strings,strings.count_service
f687,687,strings,strings.count_shell
f688,688,strings,strings.count_snapshot
f689,689,strings,strings.count_system
f690,690,strings,strings.count_thread
f691,691,strings,strings.count_token
f692,692,strings,strings.count_url
f693,693,strings,strings.count_useragent
f694,694,strings,strings.count_wallet
f695,695,strings,strings.count_window
f696,696,header,header.coff.timestamp
f697,697,header,header.coff.number_of_sections
f698,698,header,header.coff.number_of_symbols
f699,699,header,header.coff.sizeof_optional_header
f700,700,header,header.coff.pointer_to_symbol_table
f701,701,header,header.coff.machine
f702,702,header,header.optional.subsystem
f703,703,header,header.optional.major_image_version
f704,704,header,header.optional.minor_image_version
f705,705,header,header.optional.major_linker_version
f706,706,header,header.optional.minor_linker_version
f707,707,header,header.optional.major_operating_system_version
f708,708,header,header.optional.minor_operating_system_version
f709,709,header,header.optional.major_subsystem_version
f710,710,header,header.optional.minor_subsystem_version
f711,711,header,header.optional.sizeof_code
f712,712,header,header.optional.sizeof_headers
f713,713,header,header.optional.sizeof_image
f714,714,header,header.optional.sizeof_initialized_data
f715,715,header,header.optional.sizeof_uninitialized_data
f716,716,header,header.optional.sizeof_stack_reserve
f717,717,header,header.optional.sizeof_stack_commit
f718,718,header,header.optional.sizeof_heap_reserve
f719,719,header,header.optional.sizeof_heap_commit
f720,720,header,header.optional.address_of_entrypoint
f721,721,header,header.optional.base_of_code
f722,722,header,header.optional.image_base
f723,723,header,header.optional.section_alignment
f724,724,header,header.optional.checksum
f725,725,header,header.optional.number_of_rvas_and_sizes
f726,726,header,header.characteristics.RELOCS_STRIPPED
f727,727,header,header.characteristics.EXECUTABLE_IMAGE
f728,728,header,header.characteristics.LINE_NUMS_STRIPPED
f729,729,header,header.characteristics.LOCAL_SYMS_STRIPPED
f730,730,header,header.characteristics.AGGRESIVE_WS_TRIM
f731,731,header,header.characteristics.LARGE_ADDRESS_AWARE
f732,732,header,header.characteristics.16BIT_MACHINE
f733,733,header,header.characteristics.BYTES_REVERSED_LO
f734,734,header,header.characteristics.32BIT_MACHINE
f735,735,header,header.characteristics.DEBUG_STRIPPED
f736,736,header,header.characteristics.REMOVABLE_RUN_FROM_SWAP
f737,737,header,header.characteristics.NET_RUN_FROM_SWAP
f738,738,header,header.characteristics.SYSTEM
f739,739,header,header.characteristics.DLL
f740,740,header,header.characteristics.UP_SYSTEM_ONLY
f741,741,header,header.characteristics.BYTES_REVERSED_HI
f742,742,header,header.dll_characteristics.HIGH_ENTROPY_VA
f743,743,header,header.dll_characteristics.DYNAMIC_BASE
f744,744,header,header.dll_characteristics.FORCE_INTEGRITY
f745,745,header,header.dll_characteristics.NX_COMPAT
f746,746,header,header.dll_characteristics.NO_ISOLATION
f747,747,header,header.dll_characteristics.NO_SEH
f748,748,header,header.dll_characteristics.NO_BIND
f749,749,header,header.dll_characteristics.APPCONTAINER
f750,750,header,header.dll_characteristics.WDM_DRIVER
f751,751,header,header.dll_characteristics.GUARD_CF
f752,752,header,header.dll_characteristics.TERMINAL_SERVER_AWARE
f753,753,header,header.dos.e_magic
f754,754,header,header.dos.e_cblp
f755,755,header,header.dos.e_cp
f756,756,header,header.dos.e_crlc
f757,757,header,header.dos.e_cparhdr
f758,758,header,header.dos.e_minalloc
f759,759,header,header.dos.e_maxalloc
f760,760,header,header.dos.e_ss
f761,761,header,header.dos.e_sp
f762,762,header,header.dos.e_csum
f763,763,header,header.dos.e_ip
f764,764,header,header.dos.e_cs
f765,765,header,header.dos.e_lfarlc
f766,766,header,header.dos.e_ovno
f767,767,header,header.dos.e_oemid
f768,768,header,header.dos.e_oeminfo
f769,769,header,header.dos.e_lfanew
f770,770,section,section.n_sections
f771,771,section,section.n_zero_size
f772,772,section,section.n_empty_name
f773,773,section,section.n_rx
f774,774,section,section.n_w
f775,775,section,section.max_entropy
f776,776,section,section.min_entropy
f777,777,section,section.max_size_ratio
f778,778,section,section.min_size_ratio
f779,779,section,section.max_vsize_ratio
f780,780,section,section.min_vsize_ratio
f781,781,section,section.size_hash_00
f782,782,section,section.size_hash_01
f783,783,section,section.size_hash_02
f784,784,section,section.size_hash_03
f785,785,section,section.size_hash_04
f786,786,section,section.size_hash_05
f787,787,section,section.size_hash_06
f788,788,section,section.size_hash_07
f789,789,section,section.size_hash_08
f790,790,section,section.size_hash_09
f791,791,section,section.size_hash_10
f792,792,section,section.size_hash_11
f793,793,section,section.size_hash_12
f794,794,section,section.size_hash_13
f795,795,section,section.size_hash_14
f796,796,section,section.size_hash_15
f797,797,section,section.size_hash_16
f798,798,section,section.size_hash_17
f799,799,section,section.size_hash_18
f800,800,section,section.size_hash_19
f801,801,section,section.size_hash_20
f802,802,section,section.size_hash_21
f803,803,section,section.size_hash_22
f804,804,section,section.size_hash_23
f805,805,section,section.size_hash_24
f806,806,section,section.size_hash_25
f807,807,section,section.size_hash_26
f808,808,section,section.size_hash_27
f809,809,section,section.size_hash_28
f810,810,section,section.size_hash_29
f811,811,section,section.size_hash_30
f812,812,section,section.size_hash_31
f813,813,section,section.size_hash_32
f814,814,section,section.size_hash_33
f815,815,section,section.size_hash_34
f816,816,section,section.size_hash_35
f817,817,section,section.size_hash_36
f818,818,section,section.size_hash_37
f819,819,section,section.size_hash_38
f820,820,section,section.size_hash_39
f821,821,section,section.size_hash_40
f822,822,section,section.size_hash_41
f823,823,section,section.size_hash_42
f824,824,section,section.size_hash_43
f825,825,section,section.size_hash_44
f826,826,section,section.size_hash_45
f827,827,section,section.size_hash_46
f828,828,section,section.size_hash_47
f829,829,section,section.size_hash_48
f830,830,section,section.size_hash_49
f831,831,section,section.vsize_hash_00
f832,832,section,section.vsize_hash_01
f833,833,section,section.vsize_hash_02
f834,834,section,section.vsize_hash_03
f835,835,section,section.vsize_hash_04
f836,836,section,section.vsize_hash_05
f837,837,section,section.vsize_hash_06
f838,838,section,section.vsize_hash_07
f839,839,section,section.vsize_hash_08
f840,840,section,section.vsize_hash_09
f841,841,section,section.vsize_hash_10
f842,842,section,section.vsize_hash_11
f843,843,section,section.vsize_hash_12
f844,844,section,section.vsize_hash_13
f845,845,section,section.vsize_hash_14
f846,846,section,section.vsize_hash_15
f847,847,section,section.vsize_hash_16
f848,848,section,section.vsize_hash_17
f849,849,section,section.vsize_hash_18
f850,850,section,section.vsize_hash_19
f851,851,section,section.vsize_hash_20
f852,852,section,section.vsize_hash_21
f853,853,section,section.vsize_hash_22
f854,854,section,section.vsize_hash_23
f855,855,section,section.vsize_hash_24
f856,856,section,section.vsize_hash_25
f857,857,section,section.vsize_hash_26
f858,858,section,section.vsize_hash_27
f859,859,section,section.vsize_hash_28
f860,860,section,section.vsize_hash_29
f861,861,section,section.vsize_hash_30
f862,862,section,section.vsize_hash_31
f863,863,section,section.vsize_hash_32
f864,864,section,section.vsize_hash_33
f865,865,section,section.vsize_hash_34
f866,866,section,section.vsize_hash_35
f867,867,section,section.vsize_hash_36
f868,868,section,section.vsize_hash_37
f869,869,section,section.vsize_hash_38
f870,870,section,section.vsize_hash_39
f871,871,section,section.vsize_hash_40
f872,872,section,section.vsize_hash_41
f873,873,section,section.vsize_hash_42
f874,874,section,section.vsize_hash_43
f875,875,section,section.vsize_hash_44
f876,876,section,section.vsize_hash_45
f877,877,section,section.vsize_hash_46
f878,878,section,section.vsize_hash_47
f879,879,section,section.vsize_hash_48
f880,880,section,section.vsize_hash_49
f881,881,section,section.entropy_hash_00
f882,882,section,section.entropy_hash_01
f883,883,section,section.entropy_hash_02
f884,884,section,section.entropy_hash_03
f885,885,section,section.entropy_hash_04
f886,886,section,section.entropy_hash_05
f887,887,section,section.entropy_hash_06
f888,888,section,section.entropy_hash_07
f889,889,section,section.entropy_hash_08
f890,890,section,section.entropy_hash_09
f891,891,section,section.entropy_hash_10
f892,892,section,section.entropy_hash_11
f893,893,section,section.entropy_hash_12
f894,894,section,section.entropy_hash_13
f895,895,section,section.entropy_hash_14
f896,896,section,section.entropy_hash_15
f897,897,section,section.entropy_hash_16
f898,898,section,section.entropy_hash_17
f899,899,section,section.entropy_hash_18
f900,900,section,section.entropy_hash_19
f901,901,section,section.entropy_hash_20
f902,902,section,section.entropy_hash_21
f903,903,section,section.entropy_hash_22
f904,904,section,section.entropy_hash_23
f905,905,section,section.entropy_hash_24
f906,906,section,section.entropy_hash_25
f907,907,section,section.entropy_hash_26
f908,908,section,section.entropy_hash_27
f909,909,section,section.entropy_hash_28
f910,910,section,section.entropy_hash_29
f911,911,section,section.entropy_hash_30
f912,912,section,section.entropy_hash_31
f913,913,section,section.entropy_hash_32
f914,914,section,section.entropy_hash_33
f915,915,section,section.entropy_hash_34
f916,916,section,section.entropy_hash_35
f917,917,section,section.entropy_hash_36
f918,918,section,section.entropy_hash_37
f919,919,section,section.entropy_hash_38
f920,920,section,section.entropy_hash_39
f921,921,section,section.entropy_hash_40
f922,922,section,section.entropy_hash_41
f923,923,section,section.entropy_hash_42
f924,924,section,section.entropy_hash_43
f925,925,section,section.entropy_hash_44
f926,926,section,section.entropy_hash_45
f927,927,section,section.entropy_hash_46
f928,928,section,section.entropy_hash_47
f929,929,section,section.entropy_hash_48
f930,930,section,section.entropy_hash_49
f931,931,section,section.props_hash_00
f932,932,section,section.props_hash_01
f933,933,section,section.props_hash_02
f934,934,section,section.props_hash_03
f935,935,section,section.props_hash_04
f936,936,section,section.props_hash_05
f937,937,section,section.props_hash_06
f938,938,section,section.props_hash_07
f939,939,section,section.props_hash_08
f940,940,section,section.props_hash_09
f941,941,section,section.props_hash_10
f942,942,section,section.props_hash_11
f943,943,section,section.props_hash_12
f944,944,section,section.props_hash_13
f945,945,section,section.props_hash_14
f946,946,section,section.props_hash_15
f947,947,section,section.props_hash_16
f948,948,section,section.props_hash_17
f949,949,section,section.props_hash_18
f950,950,section,section.props_hash_19
f951,951,section,section.props_hash_20
f952,952,section,section.props_hash_21
f953,953,section,section.props_hash_22
f954,954,section,section.props_hash_23
f955,955,section,section.props_hash_24
f956,956,section,section.props_hash_25
f957,957,section,section.props_hash_26
f958,958,section,section.props_hash_27
f959,959,section,section.props_hash_28
f960,960,section,section.props_hash_29
f961,961,section,section.props_hash_30
f962,962,section,section.props_hash_31
f963,963,section,section.props_hash_32
f964,964,section,section.props_hash_33
f965,965,section,section.props_hash_34
f966,966,section,section.props_hash_35
f967,967,section,section.props_hash_36
f968,968,section,section.props_hash_37
f969,969,section,section.props_hash_38
f970,970,section,section.props_hash_39
f971,971,section,section.props_hash_40
f972,972,section,section.props_hash_41
f973,973,section,section.props_hash_42
f974,974,section,section.props_hash_43
f975,975,section,section.props_hash_44
f976,976,section,section.props_hash_45
f977,977,section,section.props_hash_46
f978,978,section,section.props_hash_47
f979,979,section,section.props_hash_48
f980,980,section,section.props_hash_49
f981,981,section,section.entry_hash_00
f982,982,section,section.entry_hash_01
f983,983,section,section.entry_hash_02
f984,984,section,section.entry_hash_03
f985,985,section,section.entry_hash_04
f986,986,section,section.entry_hash_05
f987,987,section,section.entry_hash_06
f988,988,section,section.entry_hash_07
f989,989,section,section.entry_hash_08
f990,990,section,section.entry_hash_09
f991,991,section,section.overlay.size
f992,992,section,section.overlay.size_ratio
f993,993,section,section.overlay.entropy
f994,994,imports,imports.n_imports
f995,995,imports,imports.n_libraries
f996,996,imports,imports.lib_hash_000
f997,997,imports,imports.lib_hash_001
f998,998,imports,imports.lib_hash_002
f999,999,imports,imports.lib_hash_003
f1000,1000,imports,imports.lib_hash_004
f1001,1001,imports,imports.lib_hash_005
f1002,1002,imports,imports.lib_hash_006
f1003,1003,imports,imports.lib_hash_007
f1004,1004,imports,imports.lib_hash_008
f1005,1005,imports,imports.lib_hash_009
f1006,1006,imports,imports.lib_hash_010
f1007,1007,imports,imports.lib_hash_011
f1008,1008,imports,imports.lib_hash_012
f1009,1009,imports,imports.lib_hash_013
f1010,1010,imports,imports.lib_hash_014
f1011,1011,imports,imports.lib_hash_015
f1012,1012,imports,imports.lib_hash_016
f1013,1013,imports,imports.lib_hash_017
f1014,1014,imports,imports.lib_hash_018
f1015,1015,imports,imports.lib_hash_019
f1016,1016,imports,imports.lib_hash_020
f1017,1017,imports,imports.lib_hash_021
f1018,1018,imports,imports.lib_hash_022
f1019,1019,imports,imports.lib_hash_023
f1020,1020,imports,imports.lib_hash_024
f1021,1021,imports,imports.lib_hash_025
f1022,1022,imports,imports.lib_hash_026
f1023,1023,imports,imports.lib_hash_027
f1024,1024,imports,imports.lib_hash_028
f1025,1025,imports,imports.lib_hash_029
f1026,1026,imports,imports.lib_hash_030
f1027,1027,imports,imports.lib_hash_031
f1028,1028,imports,imports.lib_hash_032
f1029,1029,imports,imports.lib_hash_033
f1030,1030,imports,imports.lib_hash_034
f1031,1031,imports,imports.lib_hash_035
f1032,1032,imports,imports.lib_hash_036
f1033,1033,imports,imports.lib_hash_037
f1034,1034,imports,imports.lib_hash_038
f1035,1035,imports,imports.lib_hash_039
f1036,1036,imports,imports.lib_hash_040
f1037,1037,imports,imports.lib_hash_041
f1038,1038,imports,imports.lib_hash_042
f1039,1039,imports,imports.lib_hash_043
f1040,1040,imports,imports.lib_hash_044
f1041,1041,imports,imports.lib_hash_045
f1042,1042,imports,imports.lib_hash_046
f1043,1043,imports,imports.lib_hash_047
f1044,1044,imports,imports.lib_hash_048
f1045,1045,imports,imports.lib_hash_049
f1046,1046,imports,imports.lib_hash_050
f1047,1047,imports,imports.lib_hash_051
f1048,1048,imports,imports.lib_hash_052
f1049,1049,imports,imports.lib_hash_053
f1050,1050,imports,imports.lib_hash_054
f1051,1051,imports,imports.lib_hash_055
f1052,1052,imports,imports.lib_hash_056
f1053,1053,imports,imports.lib_hash_057
f1054,1054,imports,imports.lib_hash_058
f1055,1055,imports,imports.lib_hash_059
f1056,1056,imports,imports.lib_hash_060
f1057,1057,imports,imports.lib_hash_061
f1058,1058,imports,imports.lib_hash_062
f1059,1059,imports,imports.lib_hash_063
f1060,1060,imports,imports.lib_hash_064
f1061,1061,imports,imports.lib_hash_065
f1062,1062,imports,imports.lib_hash_066
f1063,1063,imports,imports.lib_hash_067
f1064,1064,imports,imports.lib_hash_068
f1065,1065,imports,imports.lib_hash_069
f1066,1066,imports,imports.lib_hash_070
f1067,1067,imports,imports.lib_hash_071
f1068,1068,imports,imports.lib_hash_072
f1069,1069,imports,imports.lib_hash_073
f1070,1070,imports,imports.lib_hash_074
f1071,1071,imports,imports.lib_hash_075
f1072,1072,imports,imports.lib_hash_076
f1073,1073,imports,imports.lib_hash_077
f1074,1074,imports,imports.lib_hash_078
f1075,1075,imports,imports.lib_hash_079
f1076,1076,imports,imports.lib_hash_080
f1077,1077,imports,imports.lib_hash_081
f1078,1078,imports,imports.lib_hash_082
f1079,1079,imports,imports.lib_hash_083
f1080,1080,imports,imports.lib_hash_084
f1081,1081,imports,imports.lib_hash_085
f1082,1082,imports,imports.lib_hash_086
f1083,1083,imports,imports.lib_hash_087
f1084,1084,imports,imports.lib_hash_088
f1085,1085,imports,imports.lib_hash_089
f1086,1086,imports,imports.lib_hash_090
f1087,1087,imports,imports.lib_hash_091
f1088,1088,imports,imports.lib_hash_092
f1089,1089,imports,imports.lib_hash_093
f1090,1090,imports,imports.lib_hash_094
f1091,1091,imports,imports.lib_hash_095
f1092,1092,imports,imports.lib_hash_096
f1093,1093,imports,imports.lib_hash_097
f1094,1094,imports,imports.lib_hash_098
f1095,1095,imports,imports.lib_hash_099
f1096,1096,imports,imports.lib_hash_100
f1097,1097,imports,imports.lib_hash_101
f1098,1098,imports,imports.lib_hash_102
f1099,1099,imports,imports.lib_hash_103
f1100,1100,imports,imports.lib_hash_104
f1101,1101,imports,imports.lib_hash_105
f1102,1102,imports,imports.lib_hash_106
f1103,1103,imports,imports.lib_hash_107
f1104,1104,imports,imports.lib_hash_108
f1105,1105,imports,imports.lib_hash_109
f1106,1106,imports,imports.lib_hash_110
f1107,1107,imports,imports.lib_hash_111
f1108,1108,imports,imports.lib_hash_112
f1109,1109,imports,imports.lib_hash_113
f1110,1110,imports,imports.lib_hash_114
f1111,1111,imports,imports.lib_hash_115
f1112,1112,imports,imports.lib_hash_116
f1113,1113,imports,imports.lib_hash_117
f1114,1114,imports,imports.lib_hash_118
f1115,1115,imports,imports.lib_hash_119
f1116,1116,imports,imports.lib_hash_120
f1117,1117,imports,imports.lib_hash_121
f1118,1118,imports,imports.lib_hash_122
f1119,1119,imports,imports.lib_hash_123
f1120,1120,imports,imports.lib_hash_124
f1121,1121,imports,imports.lib_hash_125
f1122,1122,imports,imports.lib_hash_126
f1123,1123,imports,imports.lib_hash_127
f1124,1124,imports,imports.lib_hash_128
f1125,1125,imports,imports.lib_hash_129
f1126,1126,imports,imports.lib_hash_130
f1127,1127,imports,imports.lib_hash_131
f1128,1128,imports,imports.lib_hash_132
f1129,1129,imports,imports.lib_hash_133
f1130,1130,imports,imports.lib_hash_134
f1131,1131,imports,imports.lib_hash_135
f1132,1132,imports,imports.lib_hash_136
f1133,1133,imports,imports.lib_hash_137
f1134,1134,imports,imports.lib_hash_138
f1135,1135,imports,imports.lib_hash_139
f1136,1136,imports,imports.lib_hash_140
f1137,1137,imports,imports.lib_hash_141
f1138,1138,imports,imports.lib_hash_142
f1139,1139,imports,imports.lib_hash_143
f1140,1140,imports,imports.lib_hash_144
f1141,1141,imports,imports.lib_hash_145
f1142,1142,imports,imports.lib_hash_146
f1143,1143,imports,imports.lib_hash_147
f1144,1144,imports,imports.lib_hash_148
f1145,1145,imports,imports.lib_hash_149
f1146,1146,imports,imports.lib_hash_150
f1147,1147,imports,imports.lib_hash_151
f1148,1148,imports,imports.lib_hash_152
f1149,1149,imports,imports.lib_hash_153
f1150,1150,imports,imports.lib_hash_154
f1151,1151,imports,imports.lib_hash_155
f1152,1152,imports,imports.lib_hash_156
f1153,1153,imports,imports.lib_hash_157
f1154,1154,imports,imports.lib_hash_158
f1155,1155,imports,imports.lib_hash_159
f1156,1156,imports,imports.lib_hash_160
f1157,1157,imports,imports.lib_hash_161
f1158,1158,imports,imports.lib_hash_162
f1159,1159,imports,imports.lib_hash_163
f1160,1160,imports,imports.lib_hash_164
f1161,1161,imports,imports.lib_hash_165
f1162,1162,imports,imports.lib_hash_166
f1163,1163,imports,imports.lib_hash_167
f1164,1164,imports,imports.lib_hash_168
f1165,1165,imports,imports.lib_hash_169
f1166,1166,imports,imports.lib_hash_170
f1167,1167,imports,imports.lib_hash_171
f1168,1168,imports,imports.lib_hash_172
f1169,1169,imports,imports.lib_hash_173
f1170,1170,imports,imports.lib_hash_174
f1171,1171,imports,imports.lib_hash_175
f1172,1172,imports,imports.lib_hash_176
f1173,1173,imports,imports.lib_hash_177
f1174,1174,imports,imports.lib_hash_178
f1175,1175,imports,imports.lib_hash_179
f1176,1176,imports,imports.lib_hash_180
f1177,1177,imports,imports.lib_hash_181
f1178,1178,imports,imports.lib_hash_182
f1179,1179,imports,imports.lib_hash_183
f1180,1180,imports,imports.lib_hash_184
f1181,1181,imports,imports.lib_hash_185
f1182,1182,imports,imports.lib_hash_186
f1183,1183,imports,imports.lib_hash_187
f1184,1184,imports,imports.lib_hash_188
f1185,1185,imports,imports.lib_hash_189
f1186,1186,imports,imports.lib_hash_190
f1187,1187,imports,imports.lib_hash_191
f1188,1188,imports,imports.lib_hash_192
f1189,1189,imports,imports.lib_hash_193
f1190,1190,imports,imports.lib_hash_194
f1191,1191,imports,imports.lib_hash_195
f1192,1192,imports,imports.lib_hash_196
f1193,1193,imports,imports.lib_hash_197
f1194,1194,imports,imports.lib_hash_198
f1195,1195,imports,imports.lib_hash_199
f1196,1196,imports,imports.lib_hash_200
f1197,1197,imports,imports.lib_hash_201
f1198,1198,imports,imports.lib_hash_202
f1199,1199,imports,imports.lib_hash_203
f1200,1200,imports,imports.lib_hash_204
f1201,1201,imports,imports.lib_hash_205
f1202,1202,imports,imports.lib_hash_206
f1203,1203,imports,imports.lib_hash_207
f1204,1204,imports,imports.lib_hash_208
f1205,1205,imports,imports.lib_hash_209
f1206,1206,imports,imports.lib_hash_210
f1207,1207,imports,imports.lib_hash_211
f1208,1208,imports,imports.lib_hash_212
f1209,1209,imports,imports.lib_hash_213
f1210,1210,imports,imports.lib_hash_214
f1211,1211,imports,imports.lib_hash_215
f1212,1212,imports,imports.lib_hash_216
f1213,1213,imports,imports.lib_hash_217
f1214,1214,imports,imports.lib_hash_218
f1215,1215,imports,imports.lib_hash_219
f1216,1216,imports,imports.lib_hash_220
f1217,1217,imports,imports.lib_hash_221
f1218,1218,imports,imports.lib_hash_222
f1219,1219,imports,imports.lib_hash_223
f1220,1220,imports,imports.lib_hash_224
f1221,1221,imports,imports.lib_hash_225
f1222,1222,imports,imports.lib_hash_226
f1223,1223,imports,imports.lib_hash_227
f1224,1224,imports,imports.lib_hash_228
f1225,1225,imports,imports.lib_hash_229
f1226,1226,imports,imports.lib_hash_230
f1227,1227,imports,imports.lib_hash_231
f1228,1228,imports,imports.lib_hash_232
f1229,1229,imports,imports.lib_hash_233
f1230,1230,imports,imports.lib_hash_234
f1231,1231,imports,imports.lib_hash_235
f1232,1232,imports,imports.lib_hash_236
f1233,1233,imports,imports.lib_hash_237
f1234,1234,imports,imports.lib_hash_238
f1235,1235,imports,imports.lib_hash_239
f1236,1236,imports,imports.lib_hash_240
f1237,1237,imports,imports.lib_hash_241
f1238,1238,imports,imports.lib_hash_242
f1239,1239,imports,imports.lib_hash_243
f1240,1240,imports,imports.lib_hash_244
f1241,1241,imports,imports.lib_hash_245
f1242,1242,imports,imports.lib_hash_246
f1243,1243,imports,imports.lib_hash_247
f1244,1244,imports,imports.lib_hash_248
f1245,1245,imports,imports.lib_hash_249
f1246,1246,imports,imports.lib_hash_250
f1247,1247,imports,imports.lib_hash_251
f1248,1248,imports,imports.lib_hash_252
f1249,1249,imports,imports.lib_hash_253
f1250,1250,imports,imports.lib_hash_254
f1251,1251,imports,imports.lib_hash_255
f1252,1252,imports,imports.func_hash_0000
f1253,1253,imports,imports.func_hash_0001
f1254,1254,imports,imports.func_hash_0002
f1255,1255,imports,imports.func_hash_0003
f1256,1256,imports,imports.func_hash_0004
f1257,1257,imports,imports.func_hash_0005
f1258,1258,imports,imports.func_hash_0006
f1259,1259,imports,imports.func_hash_0007
f1260,1260,imports,imports.func_hash_0008
f1261,1261,imports,imports.func_hash_0009
f1262,1262,imports,imports.func_hash_0010
f1263,1263,imports,imports.func_hash_0011
f1264,1264,imports,imports.func_hash_0012
f1265,1265,imports,imports.func_hash_0013
f1266,1266,imports,imports.func_hash_0014
f1267,1267,imports,imports.func_hash_0015
f1268,1268,imports,imports.func_hash_0016
f1269,1269,imports,imports.func_hash_0017
f1270,1270,imports,imports.func_hash_0018
f1271,1271,imports,imports.func_hash_0019
f1272,1272,imports,imports.func_hash_0020
f1273,1273,imports,imports.func_hash_0021
f1274,1274,imports,imports.func_hash_0022
f1275,1275,imports,imports.func_hash_0023
f1276,1276,imports,imports.func_hash_0024
f1277,1277,imports,imports.func_hash_0025
f1278,1278,imports,imports.func_hash_0026
f1279,1279,imports,imports.func_hash_0027
f1280,1280,imports,imports.func_hash_0028
f1281,1281,imports,imports.func_hash_0029
f1282,1282,imports,imports.func_hash_0030
f1283,1283,imports,imports.func_hash_0031
f1284,1284,imports,imports.func_hash_0032
f1285,1285,imports,imports.func_hash_0033
f1286,1286,imports,imports.func_hash_0034
f1287,1287,imports,imports.func_hash_0035
f1288,1288,imports,imports.func_hash_0036
f1289,1289,imports,imports.func_hash_0037
f1290,1290,imports,imports.func_hash_0038
f1291,1291,imports,imports.func_hash_0039
f1292,1292,imports,imports.func_hash_0040
f1293,1293,imports,imports.func_hash_0041
f1294,1294,imports,imports.func_hash_0042
f1295,1295,imports,imports.func_hash_0043
f1296,1296,imports,imports.func_hash_0044
f1297,1297,imports,imports.func_hash_0045
f1298,1298,imports,imports.func_hash_0046
f1299,1299,imports,imports.func_hash_0047
f1300,1300,imports,imports.func_hash_0048
f1301,1301,imports,imports.func_hash_0049
f1302,1302,imports,imports.func_hash_0050
f1303,1303,imports,imports.func_hash_0051
f1304,1304,imports,imports.func_hash_0052
f1305,1305,imports,imports.func_hash_0053
f1306,1306,imports,imports.func_hash_0054
f1307,1307,imports,imports.func_hash_0055
f1308,1308,imports,imports.func_hash_0056
f1309,1309,imports,imports.func_hash_0057
f1310,1310,imports,imports.func_hash_0058
f1311,1311,imports,imports.func_hash_0059
f1312,1312,imports,imports.func_hash_0060
f1313,1313,imports,imports.func_hash_0061
f1314,1314,imports,imports.func_hash_0062
f1315,1315,imports,imports.func_hash_0063
f1316,1316,imports,imports.func_hash_0064
f1317,1317,imports,imports.func_hash_0065
f1318,1318,imports,imports.func_hash_0066
f1319,1319,imports,imports.func_hash_0067
f1320,1320,imports,imports.func_hash_0068
f1321,1321,imports,imports.func_hash_0069
f1322,1322,imports,imports.func_hash_0070
f1323,1323,imports,imports.func_hash_0071
f1324,1324,imports,imports.func_hash_0072
f1325,1325,imports,imports.func_hash_0073
f1326,1326,imports,imports.func_hash_0074
f1327,1327,imports,imports.func_hash_0075
f1328,1328,imports,imports.func_hash_0076
f1329,1329,imports,imports.func_hash_0077
f1330,1330,imports,imports.func_hash_0078
f1331,1331,imports,imports.func_hash_0079
f1332,1332,imports,imports.func_hash_0080
f1333,1333,imports,imports.func_hash_0081
f1334,1334,imports,imports.func_hash_0082
f1335,1335,imports,imports.func_hash_0083
f1336,1336,imports,imports.func_hash_0084
f1337,1337,imports,imports.func_hash_0085
f1338,1338,imports,imports.func_hash_0086
f1339,1339,imports,imports.func_hash_0087
f1340,1340,imports,imports.func_hash_0088
f1341,1341,imports,imports.func_hash_0089
f1342,1342,imports,imports.func_hash_0090
f1343,1343,imports,imports.func_hash_0091
f1344,1344,imports,imports.func_hash_0092
f1345,1345,imports,imports.func_hash_0093
f1346,1346,imports,imports.func_hash_0094
f1347,1347,imports,imports.func_hash_0095
f1348,1348,imports,imports.func_hash_0096
f1349,1349,imports,imports.func_hash_0097
f1350,1350,imports,imports.func_hash_0098
f1351,1351,imports,imports.func_hash_0099
f1352,1352,imports,imports.func_hash_0100
f1353,1353,imports,imports.func_hash_0101
f1354,1354,imports,imports.func_hash_0102
f1355,1355,imports,imports.func_hash_0103
f1356,1356,imports,imports.func_hash_0104
f1357,1357,imports,imports.func_hash_0105
f1358,1358,imports,imports.func_hash_0106
f1359,1359,imports,imports.func_hash_0107
f1360,1360,imports,imports.func_hash_0108
f1361,1361,imports,imports.func_hash_0109
f1362,1362,imports,imports.func_hash_0110
f1363,1363,imports,imports.func_hash_0111
f1364,1364,imports,imports.func_hash_0112
f1365,1365,imports,imports.func_hash_0113
f1366,1366,imports,imports.func_hash_0114
f1367,1367,imports,imports.func_hash_0115
f1368,1368,imports,imports.func_hash_0116
f1369,1369,imports,imports.func_hash_0117
f1370,1370,imports,imports.func_hash_0118
f1371,1371,imports,imports.func_hash_0119
f1372,1372,imports,imports.func_hash_0120
f1373,1373,imports,imports.func_hash_0121
f1374,1374,imports,imports.func_hash_0122
f1375,1375,imports,imports.func_hash_0123
f1376,1376,imports,imports.func_hash_0124
f1377,1377,imports,imports.func_hash_0125
f1378,1378,imports,imports.func_hash_0126
f1379,1379,imports,imports.func_hash_0127
f1380,1380,imports,imports.func_hash_0128
f1381,1381,imports,imports.func_hash_0129
f1382,1382,imports,imports.func_hash_0130
f1383,1383,imports,imports.func_hash_0131
f1384,1384,imports,imports.func_hash_0132
f1385,1385,imports,imports.func_hash_0133
f1386,1386,imports,imports.func_hash_0134
f1387,1387,imports,imports.func_hash_0135
f1388,1388,imports,imports.func_hash_0136
f1389,1389,imports,imports.func_hash_0137
f1390,1390,imports,imports.func_hash_0138
f1391,1391,imports,imports.func_hash_0139
f1392,1392,imports,imports.func_hash_0140
f1393,1393,imports,imports.func_hash_0141
f1394,1394,imports,imports.func_hash_0142
f1395,1395,imports,imports.func_hash_0143
f1396,1396,imports,imports.func_hash_0144
f1397,1397,imports,imports.func_hash_0145
f1398,1398,imports,imports.func_hash_0146
f1399,1399,imports,imports.func_hash_0147
f1400,1400,imports,imports.func_hash_0148
f1401,1401,imports,imports.func_hash_0149
f1402,1402,imports,imports.func_hash_0150
f1403,1403,imports,imports.func_hash_0151
f1404,1404,imports,imports.func_hash_0152
f1405,1405,imports,imports.func_hash_0153
f1406,1406,imports,imports.func_hash_0154
f1407,1407,imports,imports.func_hash_0155
f1408,1408,imports,imports.func_hash_0156
f1409,1409,imports,imports.func_hash_0157
f1410,1410,imports,imports.func_hash_0158
f1411,1411,imports,imports.func_hash_0159
f1412,1412,imports,imports.func_hash_0160
f1413,1413,imports,imports.func_hash_0161
f1414,1414,imports,imports.func_hash_0162
f1415,1415,imports,imports.func_hash_0163
f1416,1416,imports,imports.func_hash_0164
f1417,1417,imports,imports.func_hash_0165
f1418,1418,imports,imports.func_hash_0166
f1419,1419,imports,imports.func_hash_0167
f1420,1420,imports,imports.func_hash_0168
f1421,1421,imports,imports.func_hash_0169
f1422,1422,imports,imports.func_hash_0170
f1423,1423,imports,imports.func_hash_0171
f1424,1424,imports,imports.func_hash_0172
f1425,1425,imports,imports.func_hash_0173
f1426,1426,imports,imports.func_hash_0174
f1427,1427,imports,imports.func_hash_0175
f1428,1428,imports,imports.func_hash_0176
f1429,1429,imports,imports.func_hash_0177
f1430,1430,imports,imports.func_hash_0178
f1431,1431,imports,imports.func_hash_0179
f1432,1432,imports,imports.func_hash_0180
f1433,1433,imports,imports.func_hash_0181
f1434,1434,imports,imports.func_hash_0182
f1435,1435,imports,imports.func_hash_0183
f1436,1436,imports,imports.func_hash_0184
f1437,1437,imports,imports.func_hash_0185
f1438,1438,imports,imports.func_hash_0186
f1439,1439,imports,imports.func_hash_0187
f1440,1440,imports,imports.func_hash_0188
f1441,1441,imports,imports.func_hash_0189
f1442,1442,imports,imports.func_hash_0190
f1443,1443,imports,imports.func_hash_0191
f1444,1444,imports,imports.func_hash_0192
f1445,1445,imports,imports.func_hash_0193
f1446,1446,imports,imports.func_hash_0194
f1447,1447,imports,imports.func_hash_0195
f1448,1448,imports,imports.func_hash_0196
f1449,1449,imports,imports.func_hash_0197
f1450,1450,imports,imports.func_hash_0198
f1451,1451,imports,imports.func_hash_0199
f1452,1452,imports,imports.func_hash_0200
f1453,1453,imports,imports.func_hash_0201
f1454,1454,imports,imports.func_hash_0202
f1455,1455,imports,imports.func_hash_0203
f1456,1456,imports,imports.func_hash_0204
f1457,1457,imports,imports.func_hash_0205
f1458,1458,imports,imports.func_hash_0206
f1459,1459,imports,imports.func_hash_0207
f1460,1460,imports,imports.func_hash_0208
f1461,1461,imports,imports.func_hash_0209
f1462,1462,imports,imports.func_hash_0210
f1463,1463,imports,imports.func_hash_0211
f1464,1464,imports,imports.func_hash_0212
f1465,1465,imports,imports.func_hash_0213
f1466,1466,imports,imports.func_hash_0214
f1467,1467,imports,imports.func_hash_0215
f1468,1468,imports,imports.func_hash_0216
f1469,1469,imports,imports.func_hash_0217
f1470,1470,imports,imports.func_hash_0218
f1471,1471,imports,imports.func_hash_0219
f1472,1472,imports,imports.func_hash_0220
f1473,1473,imports,imports.func_hash_0221
f1474,1474,imports,imports.func_hash_0222
f1475,1475,imports,imports.func_hash_0223
f1476,1476,imports,imports.func_hash_0224
f1477,1477,imports,imports.func_hash_0225
f1478,1478,imports,imports.func_hash_0226
f1479,1479,imports,imports.func_hash_0227
f1480,1480,imports,imports.func_hash_0228
f1481,1481,imports,imports.func_hash_0229
f1482,1482,imports,imports.func_hash_0230
f1483,1483,imports,imports.func_hash_0231
f1484,1484,imports,imports.func_hash_0232
f1485,1485,imports,imports.func_hash_0233
f1486,1486,imports,imports.func_hash_0234
f1487,1487,imports,imports.func_hash_0235
f1488,1488,imports,imports.func_hash_0236
f1489,1489,imports,imports.func_hash_0237
f1490,1490,imports,imports.func_hash_0238
f1491,1491,imports,imports.func_hash_0239
f1492,1492,imports,imports.func_hash_0240
f1493,1493,imports,imports.func_hash_0241
f1494,1494,imports,imports.func_hash_0242
f1495,1495,imports,imports.func_hash_0243
f1496,1496,imports,imports.func_hash_0244
f1497,1497,imports,imports.func_hash_0245
f1498,1498,imports,imports.func_hash_0246
f1499,1499,imports,imports.func_hash_0247
f1500,1500,imports,imports.func_hash_0248
f1501,1501,imports,imports.func_hash_0249
f1502,1502,imports,imports.func_hash_0250
f1503,1503,imports,imports.func_hash_0251
f1504,1504,imports,imports.func_hash_0252
f1505,1505,imports,imports.func_hash_0253
f1506,1506,imports,imports.func_hash_0254
f1507,1507,imports,imports.func_hash_0255
f1508,1508,imports,imports.func_hash_0256
f1509,1509,imports,imports.func_hash_0257
f1510,1510,imports,imports.func_hash_0258
f1511,1511,imports,imports.func_hash_0259
f1512,1512,imports,imports.func_hash_0260
f1513,1513,imports,imports.func_hash_0261
f1514,1514,imports,imports.func_hash_0262
f1515,1515,imports,imports.func_hash_0263
f1516,1516,imports,imports.func_hash_0264
f1517,1517,imports,imports.func_hash_0265
f1518,1518,imports,imports.func_hash_0266
f1519,1519,imports,imports.func_hash_0267
f1520,1520,imports,imports.func_hash_0268
f1521,1521,imports,imports.func_hash_0269
f1522,1522,imports,imports.func_hash_0270
f1523,1523,imports,imports.func_hash_0271
f1524,1524,imports,imports.func_hash_0272
f1525,1525,imports,imports.func_hash_0273
f1526,1526,imports,imports.func_hash_0274
f1527,1527,imports,imports.func_hash_0275
f1528,1528,imports,imports.func_hash_0276
f1529,1529,imports,imports.func_hash_0277
f1530,1530,imports,imports.func_hash_0278
f1531,1531,imports,imports.func_hash_0279
f1532,1532,imports,imports.func_hash_0280
f1533,1533,imports,imports.func_hash_0281
f1534,1534,imports,imports.func_hash_0282
f1535,1535,imports,imports.func_hash_0283
f1536,1536,imports,imports.func_hash_0284
f1537,1537,imports,imports.func_hash_0285
f1538,1538,imports,imports.func_hash_0286
f1539,1539,imports,imports.func_hash_0287
f1540,1540,imports,imports.func_hash_0288
f1541,1541,imports,imports.func_hash_0289
f1542,1542,imports,imports.func_hash_0290
f1543,1543,imports,imports.func_hash_0291
f1544,1544,imports,imports.func_hash_0292
f1545,1545,imports,imports.func_hash_0293
f1546,1546,imports,imports.func_hash_0294
f1547,1547,imports,imports.func_hash_0295
f1548,1548,imports,imports.func_hash_0296
f1549,1549,imports,imports.func_hash_0297
f1550,1550,imports,imports.func_hash_0298
f1551,1551,imports,imports.func_hash_0299
f1552,1552,imports,imports.func_hash_0300
f1553,1553,imports,imports.func_hash_0301
f1554,1554,imports,imports.func_hash_0302
f1555,1555,imports,imports.func_hash_0303
f1556,1556,imports,imports.func_hash_0304
f1557,1557,imports,imports.func_hash_0305
f1558,1558,imports,imports.func_hash_0306
f1559,1559,imports,imports.func_hash_0307
f1560,1560,imports,imports.func_hash_0308
f1561,1561,imports,imports.func_hash_0309
f1562,1562,imports,imports.func_hash_0310
f1563,1563,imports,imports.func_hash_0311
f1564,1564,imports,imports.func_hash_0312
f1565,1565,imports,imports.func_hash_0313
f1566,1566,imports,imports.func_hash_0314
f1567,1567,imports,imports.func_hash_0315
f1568,1568,imports,imports.func_hash_0316
f1569,1569,imports,imports.func_hash_0317
f1570,1570,imports,imports.func_hash_0318
f1571,1571,imports,imports.func_hash_0319
f1572,1572,imports,imports.func_hash_0320
f1573,1573,imports,imports.func_hash_0321
f1574,1574,imports,imports.func_hash_0322
f1575,1575,imports,imports.func_hash_0323
f1576,1576,imports,imports.func_hash_0324
f1577,1577,imports,imports.func_hash_0325
f1578,1578,imports,imports.func_hash_0326
f1579,1579,imports,imports.func_hash_0327
f1580,1580,imports,imports.func_hash_0328
f1581,1581,imports,imports.func_hash_0329
f1582,1582,imports,imports.func_hash_0330
f1583,1583,imports,imports.func_hash_0331
f1584,1584,imports,imports.func_hash_0332
f1585,1585,imports,imports.func_hash_0333
f1586,1586,imports,imports.func_hash_0334
f1587,1587,imports,imports.func_hash_0335
f1588,1588,imports,imports.func_hash_0336
f1589,1589,imports,imports.func_hash_0337
f1590,1590,imports,imports.func_hash_0338
f1591,1591,imports,imports.func_hash_0339
f1592,1592,imports,imports.func_hash_0340
f1593,1593,imports,imports.func_hash_0341
f1594,1594,imports,imports.func_hash_0342
f1595,1595,imports,imports.func_hash_0343
f1596,1596,imports,imports.func_hash_0344
f1597,1597,imports,imports.func_hash_0345
f1598,1598,imports,imports.func_hash_0346
f1599,1599,imports,imports.func_hash_0347
f1600,1600,imports,imports.func_hash_0348
f1601,1601,imports,imports.func_hash_0349
f1602,1602,imports,imports.func_hash_0350
f1603,1603,imports,imports.func_hash_0351
f1604,1604,imports,imports.func_hash_0352
f1605,1605,imports,imports.func_hash_0353
f1606,1606,imports,imports.func_hash_0354
f1607,1607,imports,imports.func_hash_0355
f1608,1608,imports,imports.func_hash_0356
f1609,1609,imports,imports.func_hash_0357
f1610,1610,imports,imports.func_hash_0358
f1611,1611,imports,imports.func_hash_0359
f1612,1612,imports,imports.func_hash_0360
f1613,1613,imports,imports.func_hash_0361
f1614,1614,imports,imports.func_hash_0362
f1615,1615,imports,imports.func_hash_0363
f1616,1616,imports,imports.func_hash_0364
f1617,1617,imports,imports.func_hash_0365
f1618,1618,imports,imports.func_hash_0366
f1619,1619,imports,imports.func_hash_0367
f1620,1620,imports,imports.func_hash_0368
f1621,1621,imports,imports.func_hash_0369
f1622,1622,imports,imports.func_hash_0370
f1623,1623,imports,imports.func_hash_0371
f1624,1624,imports,imports.func_hash_0372
f1625,1625,imports,imports.func_hash_0373
f1626,1626,imports,imports.func_hash_0374
f1627,1627,imports,imports.func_hash_0375
f1628,1628,imports,imports.func_hash_0376
f1629,1629,imports,imports.func_hash_0377
f1630,1630,imports,imports.func_hash_0378
f1631,1631,imports,imports.func_hash_0379
f1632,1632,imports,imports.func_hash_0380
f1633,1633,imports,imports.func_hash_0381
f1634,1634,imports,imports.func_hash_0382
f1635,1635,imports,imports.func_hash_0383
f1636,1636,imports,imports.func_hash_0384
f1637,1637,imports,imports.func_hash_0385
f1638,1638,imports,imports.func_hash_0386
f1639,1639,imports,imports.func_hash_0387
f1640,1640,imports,imports.func_hash_0388
f1641,1641,imports,imports.func_hash_0389
f1642,1642,imports,imports.func_hash_0390
f1643,1643,imports,imports.func_hash_0391
f1644,1644,imports,imports.func_hash_0392
f1645,1645,imports,imports.func_hash_0393
f1646,1646,imports,imports.func_hash_0394
f1647,1647,imports,imports.func_hash_0395
f1648,1648,imports,imports.func_hash_0396
f1649,1649,imports,imports.func_hash_0397
f1650,1650,imports,imports.func_hash_0398
f1651,1651,imports,imports.func_hash_0399
f1652,1652,imports,imports.func_hash_0400
f1653,1653,imports,imports.func_hash_0401
f1654,1654,imports,imports.func_hash_0402
f1655,1655,imports,imports.func_hash_0403
f1656,1656,imports,imports.func_hash_0404
f1657,1657,imports,imports.func_hash_0405
f1658,1658,imports,imports.func_hash_0406
f1659,1659,imports,imports.func_hash_0407
f1660,1660,imports,imports.func_hash_0408
f1661,1661,imports,imports.func_hash_0409
f1662,1662,imports,imports.func_hash_0410
f1663,1663,imports,imports.func_hash_0411
f1664,1664,imports,imports.func_hash_0412
f1665,1665,imports,imports.func_hash_0413
f1666,1666,imports,imports.func_hash_0414
f1667,1667,imports,imports.func_hash_0415
f1668,1668,imports,imports.func_hash_0416
f1669,1669,imports,imports.func_hash_0417
f1670,1670,imports,imports.func_hash_0418
f1671,1671,imports,imports.func_hash_0419
f1672,1672,imports,imports.func_hash_0420
f1673,1673,imports,imports.func_hash_0421
f1674,1674,imports,imports.func_hash_0422
f1675,1675,imports,imports.func_hash_0423
f1676,1676,imports,imports.func_hash_0424
f1677,1677,imports,imports.func_hash_0425
f1678,1678,imports,imports.func_hash_0426
f1679,1679,imports,imports.func_hash_0427
f1680,1680,imports,imports.func_hash_0428
f1681,1681,imports,imports.func_hash_0429
f1682,1682,imports,imports.func_hash_0430
f1683,1683,imports,imports.func_hash_0431
f1684,1684,imports,imports.func_hash_0432
f1685,1685,imports,imports.func_hash_0433
f1686,1686,imports,imports.func_hash_0434
f1687,1687,imports,imports.func_hash_0435
f1688,1688,imports,imports.func_hash_0436
f1689,1689,imports,imports.func_hash_0437
f1690,1690,imports,imports.func_hash_0438
f1691,1691,imports,imports.func_hash_0439
f1692,1692,imports,imports.func_hash_0440
f1693,1693,imports,imports.func_hash_0441
f1694,1694,imports,imports.func_hash_0442
f1695,1695,imports,imports.func_hash_0443
f1696,1696,imports,imports.func_hash_0444
f1697,1697,imports,imports.func_hash_0445
f1698,1698,imports,imports.func_hash_0446
f1699,1699,imports,imports.func_hash_0447
f1700,1700,imports,imports.func_hash_0448
f1701,1701,imports,imports.func_hash_0449
f1702,1702,imports,imports.func_hash_0450
f1703,1703,imports,imports.func_hash_0451
f1704,1704,imports,imports.func_hash_0452
f1705,1705,imports,imports.func_hash_0453
f1706,1706,imports,imports.func_hash_0454
f1707,1707,imports,imports.func_hash_0455
f1708,1708,imports,imports.func_hash_0456
f1709,1709,imports,imports.func_hash_0457
f1710,1710,imports,imports.func_hash_0458
f1711,1711,imports,imports.func_hash_0459
f1712,1712,imports,imports.func_hash_0460
f1713,1713,imports,imports.func_hash_0461
f1714,1714,imports,imports.func_hash_0462
f1715,1715,imports,imports.func_hash_0463
f1716,1716,imports,imports.func_hash_0464
f1717,1717,imports,imports.func_hash_0465
f1718,1718,imports,imports.func_hash_0466
f1719,1719,imports,imports.func_hash_0467
f1720,1720,imports,imports.func_hash_0468
f1721,1721,imports,imports.func_hash_0469
f1722,1722,imports,imports.func_hash_0470
f1723,1723,imports,imports.func_hash_0471
f1724,1724,imports,imports.func_hash_0472
f1725,1725,imports,imports.func_hash_0473
f1726,1726,imports,imports.func_hash_0474
f1727,1727,imports,imports.func_hash_0475
f1728,1728,imports,imports.func_hash_0476
f1729,1729,imports,imports.func_hash_0477
f1730,1730,imports,imports.func_hash_0478
f1731,1731,imports,imports.func_hash_0479
f1732,1732,imports,imports.func_hash_0480
f1733,1733,imports,imports.func_hash_0481
f1734,1734,imports,imports.func_hash_0482
f1735,1735,imports,imports.func_hash_0483
f1736,1736,imports,imports.func_hash_0484
f1737,1737,imports,imports.func_hash_0485
f1738,1738,imports,imports.func_hash_0486
f1739,1739,imports,imports.func_hash_0487
f1740,1740,imports,imports.func_hash_0488
f1741,1741,imports,imports.func_hash_0489
f1742,1742,imports,imports.func_hash_0490
f1743,1743,imports,imports.func_hash_0491
f1744,1744,imports,imports.func_hash_0492
f1745,1745,imports,imports.func_hash_0493
f1746,1746,imports,imports.func_hash_0494
f1747,1747,imports,imports.func_hash_0495
f1748,1748,imports,imports.func_hash_0496
f1749,1749,imports,imports.func_hash_0497
f1750,1750,imports,imports.func_hash_0498
f1751,1751,imports,imports.func_hash_0499
f1752,1752,imports,imports.func_hash_0500
f1753,1753,imports,imports.func_hash_0501
f1754,1754,imports,imports.func_hash_0502
f1755,1755,imports,imports.func_hash_0503
f1756,1756,imports,imports.func_hash_0504
f1757,1757,imports,imports.func_hash_0505
f1758,1758,imports,imports.func_hash_0506
f1759,1759,imports,imports.func_hash_0507
f1760,1760,imports,imports.func_hash_0508
f1761,1761,imports,imports.func_hash_0509
f1762,1762,imports,imports.func_hash_0510
f1763,1763,imports,imports.func_hash_0511
f1764,1764,imports,imports.func_hash_0512
f1765,1765,imports,imports.func_hash_0513
f1766,1766,imports,imports.func_hash_0514
f1767,1767,imports,imports.func_hash_0515
f1768,1768,imports,imports.func_hash_0516
f1769,1769,imports,imports.func_hash_0517
f1770,1770,imports,imports.func_hash_0518
f1771,1771,imports,imports.func_hash_0519
f1772,1772,imports,imports.func_hash_0520
f1773,1773,imports,imports.func_hash_0521
f1774,1774,imports,imports.func_hash_0522
f1775,1775,imports,imports.func_hash_0523
f1776,1776,imports,imports.func_hash_0524
f1777,1777,imports,imports.func_hash_0525
f1778,1778,imports,imports.func_hash_0526
f1779,1779,imports,imports.func_hash_0527
f1780,1780,imports,imports.func_hash_0528
f1781,1781,imports,imports.func_hash_0529
f1782,1782,imports,imports.func_hash_0530
f1783,1783,imports,imports.func_hash_0531
f1784,1784,imports,imports.func_hash_0532
f1785,1785,imports,imports.func_hash_0533
f1786,1786,imports,imports.func_hash_0534
f1787,1787,imports,imports.func_hash_0535
f1788,1788,imports,imports.func_hash_0536
f1789,1789,imports,imports.func_hash_0537
f1790,1790,imports,imports.func_hash_0538
f1791,1791,imports,imports.func_hash_0539
f1792,1792,imports,imports.func_hash_0540
f1793,1793,imports,imports.func_hash_0541
f1794,1794,imports,imports.func_hash_0542
f1795,1795,imports,imports.func_hash_0543
f1796,1796,imports,imports.func_hash_0544
f1797,1797,imports,imports.func_hash_0545
f1798,1798,imports,imports.func_hash_0546
f1799,1799,imports,imports.func_hash_0547
f1800,1800,imports,imports.func_hash_0548
f1801,1801,imports,imports.func_hash_0549
f1802,1802,imports,imports.func_hash_0550
f1803,1803,imports,imports.func_hash_0551
f1804,1804,imports,imports.func_hash_0552
f1805,1805,imports,imports.func_hash_0553
f1806,1806,imports,imports.func_hash_0554
f1807,1807,imports,imports.func_hash_0555
f1808,1808,imports,imports.func_hash_0556
f1809,1809,imports,imports.func_hash_0557
f1810,1810,imports,imports.func_hash_0558
f1811,1811,imports,imports.func_hash_0559
f1812,1812,imports,imports.func_hash_0560
f1813,1813,imports,imports.func_hash_0561
f1814,1814,imports,imports.func_hash_0562
f1815,1815,imports,imports.func_hash_0563
f1816,1816,imports,imports.func_hash_0564
f1817,1817,imports,imports.func_hash_0565
f1818,1818,imports,imports.func_hash_0566
f1819,1819,imports,imports.func_hash_0567
f1820,1820,imports,imports.func_hash_0568
f1821,1821,imports,imports.func_hash_0569
f1822,1822,imports,imports.func_hash_0570
f1823,1823,imports,imports.func_hash_0571
f1824,1824,imports,imports.func_hash_0572
f1825,1825,imports,imports.func_hash_0573
f1826,1826,imports,imports.func_hash_0574
f1827,1827,imports,imports.func_hash_0575
f1828,1828,imports,imports.func_hash_0576
f1829,1829,imports,imports.func_hash_0577
f1830,1830,imports,imports.func_hash_0578
f1831,1831,imports,imports.func_hash_0579
f1832,1832,imports,imports.func_hash_0580
f1833,1833,imports,imports.func_hash_0581
f1834,1834,imports,imports.func_hash_0582
f1835,1835,imports,imports.func_hash_0583
f1836,1836,imports,imports.func_hash_0584
f1837,1837,imports,imports.func_hash_0585
f1838,1838,imports,imports.func_hash_0586
f1839,1839,imports,imports.func_hash_0587
f1840,1840,imports,imports.func_hash_0588
f1841,1841,imports,imports.func_hash_0589
f1842,1842,imports,imports.func_hash_0590
f1843,1843,imports,imports.func_hash_0591
f1844,1844,imports,imports.func_hash_0592
f1845,1845,imports,imports.func_hash_0593
f1846,1846,imports,imports.func_hash_0594
f1847,1847,imports,imports.func_hash_0595
f1848,1848,imports,imports.func_hash_0596
f1849,1849,imports,imports.func_hash_0597
f1850,1850,imports,imports.func_hash_0598
f1851,1851,imports,imports.func_hash_0599
f1852,1852,imports,imports.func_hash_0600
f1853,1853,imports,imports.func_hash_0601
f1854,1854,imports,imports.func_hash_0602
f1855,1855,imports,imports.func_hash_0603
f1856,1856,imports,imports.func_hash_0604
f1857,1857,imports,imports.func_hash_0605
f1858,1858,imports,imports.func_hash_0606
f1859,1859,imports,imports.func_hash_0607
f1860,1860,imports,imports.func_hash_0608
f1861,1861,imports,imports.func_hash_0609
f1862,1862,imports,imports.func_hash_0610
f1863,1863,imports,imports.func_hash_0611
f1864,1864,imports,imports.func_hash_0612
f1865,1865,imports,imports.func_hash_0613
f1866,1866,imports,imports.func_hash_0614
f1867,1867,imports,imports.func_hash_0615
f1868,1868,imports,imports.func_hash_0616
f1869,1869,imports,imports.func_hash_0617
f1870,1870,imports,imports.func_hash_0618
f1871,1871,imports,imports.func_hash_0619
f1872,1872,imports,imports.func_hash_0620
f1873,1873,imports,imports.func_hash_0621
f1874,1874,imports,imports.func_hash_0622
f1875,1875,imports,imports.func_hash_0623
f1876,1876,imports,imports.func_hash_0624
f1877,1877,imports,imports.func_hash_0625
f1878,1878,imports,imports.func_hash_0626
f1879,1879,imports,imports.func_hash_0627
f1880,1880,imports,imports.func_hash_0628
f1881,1881,imports,imports.func_hash_0629
f1882,1882,imports,imports.func_hash_0630
f1883,1883,imports,imports.func_hash_0631
f1884,1884,imports,imports.func_hash_0632
f1885,1885,imports,imports.func_hash_0633
f1886,1886,imports,imports.func_hash_0634
f1887,1887,imports,imports.func_hash_0635
f1888,1888,imports,imports.func_hash_0636
f1889,1889,imports,imports.func_hash_0637
f1890,1890,imports,imports.func_hash_0638
f1891,1891,imports,imports.func_hash_0639
f1892,1892,imports,imports.func_hash_0640
f1893,1893,imports,imports.func_hash_0641
f1894,1894,imports,imports.func_hash_0642
f1895,1895,imports,imports.func_hash_0643
f1896,1896,imports,imports.func_hash_0644
f1897,1897,imports,imports.func_hash_0645
f1898,1898,imports,imports.func_hash_0646
f1899,1899,imports,imports.func_hash_0647
f1900,1900,imports,imports.func_hash_0648
f1901,1901,imports,imports.func_hash_0649
f1902,1902,imports,imports.func_hash_0650
f1903,1903,imports,imports.func_hash_0651
f1904,1904,imports,imports.func_hash_0652
f1905,1905,imports,imports.func_hash_0653
f1906,1906,imports,imports.func_hash_0654
f1907,1907,imports,imports.func_hash_0655
f1908,1908,imports,imports.func_hash_0656
f1909,1909,imports,imports.func_hash_0657
f1910,1910,imports,imports.func_hash_0658
f1911,1911,imports,imports.func_hash_0659
f1912,1912,imports,imports.func_hash_0660
f1913,1913,imports,imports.func_hash_0661
f1914,1914,imports,imports.func_hash_0662
f1915,1915,imports,imports.func_hash_0663
f1916,1916,imports,imports.func_hash_0664
f1917,1917,imports,imports.func_hash_0665
f1918,1918,imports,imports.func_hash_0666
f1919,1919,imports,imports.func_hash_0667
f1920,1920,imports,imports.func_hash_0668
f1921,1921,imports,imports.func_hash_0669
f1922,1922,imports,imports.func_hash_0670
f1923,1923,imports,imports.func_hash_0671
f1924,1924,imports,imports.func_hash_0672
f1925,1925,imports,imports.func_hash_0673
f1926,1926,imports,imports.func_hash_0674
f1927,1927,imports,imports.func_hash_0675
f1928,1928,imports,imports.func_hash_0676
f1929,1929,imports,imports.func_hash_0677
f1930,1930,imports,imports.func_hash_0678
f1931,1931,imports,imports.func_hash_0679
f1932,1932,imports,imports.func_hash_0680
f1933,1933,imports,imports.func_hash_0681
f1934,1934,imports,imports.func_hash_0682
f1935,1935,imports,imports.func_hash_0683
f1936,1936,imports,imports.func_hash_0684
f1937,1937,imports,imports.func_hash_0685
f1938,1938,imports,imports.func_hash_0686
f1939,1939,imports,imports.func_hash_0687
f1940,1940,imports,imports.func_hash_0688
f1941,1941,imports,imports.func_hash_0689
f1942,1942,imports,imports.func_hash_0690
f1943,1943,imports,imports.func_hash_0691
f1944,1944,imports,imports.func_hash_0692
f1945,1945,imports,imports.func_hash_0693
f1946,1946,imports,imports.func_hash_0694
f1947,1947,imports,imports.func_hash_0695
f1948,1948,imports,imports.func_hash_0696
f1949,1949,imports,imports.func_hash_0697
f1950,1950,imports,imports.func_hash_0698
f1951,1951,imports,imports.func_hash_0699
f1952,1952,imports,imports.func_hash_0700
f1953,1953,imports,imports.func_hash_0701
f1954,1954,imports,imports.func_hash_0702
f1955,1955,imports,imports.func_hash_0703
f1956,1956,imports,imports.func_hash_0704
f1957,1957,imports,imports.func_hash_0705
f1958,1958,imports,imports.func_hash_0706
f1959,1959,imports,imports.func_hash_0707
f1960,1960,imports,imports.func_hash_0708
f1961,1961,imports,imports.func_hash_0709
f1962,1962,imports,imports.func_hash_0710
f1963,1963,imports,imports.func_hash_0711
f1964,1964,imports,imports.func_hash_0712
f1965,1965,imports,imports.func_hash_0713
f1966,1966,imports,imports.func_hash_0714
f1967,1967,imports,imports.func_hash_0715
f1968,1968,imports,imports.func_hash_0716
f1969,1969,imports,imports.func_hash_0717
f1970,1970,imports,imports.func_hash_0718
f1971,1971,imports,imports.func_hash_0719
f1972,1972,imports,imports.func_hash_0720
f1973,1973,imports,imports.func_hash_0721
f1974,1974,imports,imports.func_hash_0722
f1975,1975,imports,imports.func_hash_0723
f1976,1976,imports,imports.func_hash_0724
f1977,1977,imports,imports.func_hash_0725
f1978,1978,imports,imports.func_hash_0726
f1979,1979,imports,imports.func_hash_0727
f1980,1980,imports,imports.func_hash_0728
f1981,1981,imports,imports.func_hash_0729
f1982,1982,imports,imports.func_hash_0730
f1983,1983,imports,imports.func_hash_0731
f1984,1984,imports,imports.func_hash_0732
f1985,1985,imports,imports.func_hash_0733
f1986,1986,imports,imports.func_hash_0734
f1987,1987,imports,imports.func_hash_0735
f1988,1988,imports,imports.func_hash_0736
f1989,1989,imports,imports.func_hash_0737
f1990,1990,imports,imports.func_hash_0738
f1991,1991,imports,imports.func_hash_0739
f1992,1992,imports,imports.func_hash_0740
f1993,1993,imports,imports.func_hash_0741
f1994,1994,imports,imports.func_hash_0742
f1995,1995,imports,imports.func_hash_0743
f1996,1996,imports,imports.func_hash_0744
f1997,1997,imports,imports.func_hash_0745
f1998,1998,imports,imports.func_hash_0746
f1999,1999,imports,imports.func_hash_0747
f2000,2000,imports,imports.func_hash_0748
f2001,2001,imports,imports.func_hash_0749
f2002,2002,imports,imports.func_hash_0750
f2003,2003,imports,imports.func_hash_0751
f2004,2004,imports,imports.func_hash_0752
f2005,2005,imports,imports.func_hash_0753
f2006,2006,imports,imports.func_hash_0754
f2007,2007,imports,imports.func_hash_0755
f2008,2008,imports,imports.func_hash_0756
f2009,2009,imports,imports.func_hash_0757
f2010,2010,imports,imports.func_hash_0758
f2011,2011,imports,imports.func_hash_0759
f2012,2012,imports,imports.func_hash_0760
f2013,2013,imports,imports.func_hash_0761
f2014,2014,imports,imports.func_hash_0762
f2015,2015,imports,imports.func_hash_0763
f2016,2016,imports,imports.func_hash_0764
f2017,2017,imports,imports.func_hash_0765
f2018,2018,imports,imports.func_hash_0766
f2019,2019,imports,imports.func_hash_0767
f2020,2020,imports,imports.func_hash_0768
f2021,2021,imports,imports.func_hash_0769
f2022,2022,imports,imports.func_hash_0770
f2023,2023,imports,imports.func_hash_0771
f2024,2024,imports,imports.func_hash_0772
f2025,2025,imports,imports.func_hash_0773
f2026,2026,imports,imports.func_hash_0774
f2027,2027,imports,imports.func_hash_0775
f2028,2028,imports,imports.func_hash_0776
f2029,2029,imports,imports.func_hash_0777
f2030,2030,imports,imports.func_hash_0778
f2031,2031,imports,imports.func_hash_0779
f2032,2032,imports,imports.func_hash_0780
f2033,2033,imports,imports.func_hash_0781
f2034,2034,imports,imports.func_hash_0782
f2035,2035,imports,imports.func_hash_0783
f2036,2036,imports,imports.func_hash_0784
f2037,2037,imports,imports.func_hash_0785
f2038,2038,imports,imports.func_hash_0786
f2039,2039,imports,imports.func_hash_0787
f2040,2040,imports,imports.func_hash_0788
f2041,2041,imports,imports.func_hash_0789
f2042,2042,imports,imports.func_hash_0790
f2043,2043,imports,imports.func_hash_0791
f2044,2044,imports,imports.func_hash_0792
f2045,2045,imports,imports.func_hash_0793
f2046,2046,imports,imports.func_hash_0794
f2047,2047,imports,imports.func_hash_0795
f2048,2048,imports,imports.func_hash_0796
f2049,2049,imports,imports.func_hash_0797
f2050,2050,imports,imports.func_hash_0798
f2051,2051,imports,imports.func_hash_0799
f2052,2052,imports,imports.func_hash_0800
f2053,2053,imports,imports.func_hash_0801
f2054,2054,imports,imports.func_hash_0802
f2055,2055,imports,imports.func_hash_0803
f2056,2056,imports,imports.func_hash_0804
f2057,2057,imports,imports.func_hash_0805
f2058,2058,imports,imports.func_hash_0806
f2059,2059,imports,imports.func_hash_0807
f2060,2060,imports,imports.func_hash_0808
f2061,2061,imports,imports.func_hash_0809
f2062,2062,imports,imports.func_hash_0810
f2063,2063,imports,imports.func_hash_0811
f2064,2064,imports,imports.func_hash_0812
f2065,2065,imports,imports.func_hash_0813
f2066,2066,imports,imports.func_hash_0814
f2067,2067,imports,imports.func_hash_0815
f2068,2068,imports,imports.func_hash_0816
f2069,2069,imports,imports.func_hash_0817
f2070,2070,imports,imports.func_hash_0818
f2071,2071,imports,imports.func_hash_0819
f2072,2072,imports,imports.func_hash_0820
f2073,2073,imports,imports.func_hash_0821
f2074,2074,imports,imports.func_hash_0822
f2075,2075,imports,imports.func_hash_0823
f2076,2076,imports,imports.func_hash_0824
f2077,2077,imports,imports.func_hash_0825
f2078,2078,imports,imports.func_hash_0826
f2079,2079,imports,imports.func_hash_0827
f2080,2080,imports,imports.func_hash_0828
f2081,2081,imports,imports.func_hash_0829
f2082,2082,imports,imports.func_hash_0830
f2083,2083,imports,imports.func_hash_0831
f2084,2084,imports,imports.func_hash_0832
f2085,2085,imports,imports.func_hash_0833
f2086,2086,imports,imports.func_hash_0834
f2087,2087,imports,imports.func_hash_0835
f2088,2088,imports,imports.func_hash_0836
f2089,2089,imports,imports.func_hash_0837
f2090,2090,imports,imports.func_hash_0838
f2091,2091,imports,imports.func_hash_0839
f2092,2092,imports,imports.func_hash_0840
f2093,2093,imports,imports.func_hash_0841
f2094,2094,imports,imports.func_hash_0842
f2095,2095,imports,imports.func_hash_0843
f2096,2096,imports,imports.func_hash_0844
f2097,2097,imports,imports.func_hash_0845
f2098,2098,imports,imports.func_hash_0846
f2099,2099,imports,imports.func_hash_0847
f2100,2100,imports,imports.func_hash_0848
f2101,2101,imports,imports.func_hash_0849
f2102,2102,imports,imports.func_hash_0850
f2103,2103,imports,imports.func_hash_0851
f2104,2104,imports,imports.func_hash_0852
f2105,2105,imports,imports.func_hash_0853
f2106,2106,imports,imports.func_hash_0854
f2107,2107,imports,imports.func_hash_0855
f2108,2108,imports,imports.func_hash_0856
f2109,2109,imports,imports.func_hash_0857
f2110,2110,imports,imports.func_hash_0858
f2111,2111,imports,imports.func_hash_0859
f2112,2112,imports,imports.func_hash_0860
f2113,2113,imports,imports.func_hash_0861
f2114,2114,imports,imports.func_hash_0862
f2115,2115,imports,imports.func_hash_0863
f2116,2116,imports,imports.func_hash_0864
f2117,2117,imports,imports.func_hash_0865
f2118,2118,imports,imports.func_hash_0866
f2119,2119,imports,imports.func_hash_0867
f2120,2120,imports,imports.func_hash_0868
f2121,2121,imports,imports.func_hash_0869
f2122,2122,imports,imports.func_hash_0870
f2123,2123,imports,imports.func_hash_0871
f2124,2124,imports,imports.func_hash_0872
f2125,2125,imports,imports.func_hash_0873
f2126,2126,imports,imports.func_hash_0874
f2127,2127,imports,imports.func_hash_0875
f2128,2128,imports,imports.func_hash_0876
f2129,2129,imports,imports.func_hash_0877
f2130,2130,imports,imports.func_hash_0878
f2131,2131,imports,imports.func_hash_0879
f2132,2132,imports,imports.func_hash_0880
f2133,2133,imports,imports.func_hash_0881
f2134,2134,imports,imports.func_hash_0882
f2135,2135,imports,imports.func_hash_0883
f2136,2136,imports,imports.func_hash_0884
f2137,2137,imports,imports.func_hash_0885
f2138,2138,imports,imports.func_hash_0886
f2139,2139,imports,imports.func_hash_0887
f2140,2140,imports,imports.func_hash_0888
f2141,2141,imports,imports.func_hash_0889
f2142,2142,imports,imports.func_hash_0890
f2143,2143,imports,imports.func_hash_0891
f2144,2144,imports,imports.func_hash_0892
f2145,2145,imports,imports.func_hash_0893
f2146,2146,imports,imports.func_hash_0894
f2147,2147,imports,imports.func_hash_0895
f2148,2148,imports,imports.func_hash_0896
f2149,2149,imports,imports.func_hash_0897
f2150,2150,imports,imports.func_hash_0898
f2151,2151,imports,imports.func_hash_0899
f2152,2152,imports,imports.func_hash_0900
f2153,2153,imports,imports.func_hash_0901
f2154,2154,imports,imports.func_hash_0902
f2155,2155,imports,imports.func_hash_0903
f2156,2156,imports,imports.func_hash_0904
f2157,2157,imports,imports.func_hash_0905
f2158,2158,imports,imports.func_hash_0906
f2159,2159,imports,imports.func_hash_0907
f2160,2160,imports,imports.func_hash_0908
f2161,2161,imports,imports.func_hash_0909
f2162,2162,imports,imports.func_hash_0910
f2163,2163,imports,imports.func_hash_0911
f2164,2164,imports,imports.func_hash_0912
f2165,2165,imports,imports.func_hash_0913
f2166,2166,imports,imports.func_hash_0914
f2167,2167,imports,imports.func_hash_0915
f2168,2168,imports,imports.func_hash_0916
f2169,2169,imports,imports.func_hash_0917
f2170,2170,imports,imports.func_hash_0918
f2171,2171,imports,imports.func_hash_0919
f2172,2172,imports,imports.func_hash_0920
f2173,2173,imports,imports.func_hash_0921
f2174,2174,imports,imports.func_hash_0922
f2175,2175,imports,imports.func_hash_0923
f2176,2176,imports,imports.func_hash_0924
f2177,2177,imports,imports.func_hash_0925
f2178,2178,imports,imports.func_hash_0926
f2179,2179,imports,imports.func_hash_0927
f2180,2180,imports,imports.func_hash_0928
f2181,2181,imports,imports.func_hash_0929
f2182,2182,imports,imports.func_hash_0930
f2183,2183,imports,imports.func_hash_0931
f2184,2184,imports,imports.func_hash_0932
f2185,2185,imports,imports.func_hash_0933
f2186,2186,imports,imports.func_hash_0934
f2187,2187,imports,imports.func_hash_0935
f2188,2188,imports,imports.func_hash_0936
f2189,2189,imports,imports.func_hash_0937
f2190,2190,imports,imports.func_hash_0938
f2191,2191,imports,imports.func_hash_0939
f2192,2192,imports,imports.func_hash_0940
f2193,2193,imports,imports.func_hash_0941
f2194,2194,imports,imports.func_hash_0942
f2195,2195,imports,imports.func_hash_0943
f2196,2196,imports,imports.func_hash_0944
f2197,2197,imports,imports.func_hash_0945
f2198,2198,imports,imports.func_hash_0946
f2199,2199,imports,imports.func_hash_0947
f2200,2200,imports,imports.func_hash_0948
f2201,2201,imports,imports.func_hash_0949
f2202,2202,imports,imports.func_hash_0950
f2203,2203,imports,imports.func_hash_0951
f2204,2204,imports,imports.func_hash_0952
f2205,2205,imports,imports.func_hash_0953
f2206,2206,imports,imports.func_hash_0954
f2207,2207,imports,imports.func_hash_0955
f2208,2208,imports,imports.func_hash_0956
f2209,2209,imports,imports.func_hash_0957
f2210,2210,imports,imports.func_hash_0958
f2211,2211,imports,imports.func_hash_0959
f2212,2212,imports,imports.func_hash_0960
f2213,2213,imports,imports.func_hash_0961
f2214,2214,imports,imports.func_hash_0962
f2215,2215,imports,imports.func_hash_0963
f2216,2216,imports,imports.func_hash_0964
f2217,2217,imports,imports.func_hash_0965
f2218,2218,imports,imports.func_hash_0966
f2219,2219,imports,imports.func_hash_0967
f2220,2220,imports,imports.func_hash_0968
f2221,2221,imports,imports.func_hash_0969
f2222,2222,imports,imports.func_hash_0970
f2223,2223,imports,imports.func_hash_0971
f2224,2224,imports,imports.func_hash_0972
f2225,2225,imports,imports.func_hash_0973
f2226,2226,imports,imports.func_hash_0974
f2227,2227,imports,imports.func_hash_0975
f2228,2228,imports,imports.func_hash_0976
f2229,2229,imports,imports.func_hash_0977
f2230,2230,imports,imports.func_hash_0978
f2231,2231,imports,imports.func_hash_0979
f2232,2232,imports,imports.func_hash_0980
f2233,2233,imports,imports.func_hash_0981
f2234,2234,imports,imports.func_hash_0982
f2235,2235,imports,imports.func_hash_0983
f2236,2236,imports,imports.func_hash_0984
f2237,2237,imports,imports.func_hash_0985
f2238,2238,imports,imports.func_hash_0986
f2239,2239,imports,imports.func_hash_0987
f2240,2240,imports,imports.func_hash_0988
f2241,2241,imports,imports.func_hash_0989
f2242,2242,imports,imports.func_hash_0990
f2243,2243,imports,imports.func_hash_0991
f2244,2244,imports,imports.func_hash_0992
f2245,2245,imports,imports.func_hash_0993
f2246,2246,imports,imports.func_hash_0994
f2247,2247,imports,imports.func_hash_0995
f2248,2248,imports,imports.func_hash_0996
f2249,2249,imports,imports.func_hash_0997
f2250,2250,imports,imports.func_hash_0998
f2251,2251,imports,imports.func_hash_0999
f2252,2252,imports,imports.func_hash_1000
f2253,2253,imports,imports.func_hash_1001
f2254,2254,imports,imports.func_hash_1002
f2255,2255,imports,imports.func_hash_1003
f2256,2256,imports,imports.func_hash_1004
f2257,2257,imports,imports.func_hash_1005
f2258,2258,imports,imports.func_hash_1006
f2259,2259,imports,imports.func_hash_1007
f2260,2260,imports,imports.func_hash_1008
f2261,2261,imports,imports.func_hash_1009
f2262,2262,imports,imports.func_hash_1010
f2263,2263,imports,imports.func_hash_1011
f2264,2264,imports,imports.func_hash_1012
f2265,2265,imports,imports.func_hash_1013
f2266,2266,imports,imports.func_hash_1014
f2267,2267,imports,imports.func_hash_1015
f2268,2268,imports,imports.func_hash_1016
f2269,2269,imports,imports.func_hash_1017
f2270,2270,imports,imports.func_hash_1018
f2271,2271,imports,imports.func_hash_1019
f2272,2272,imports,imports.func_hash_1020
f2273,2273,imports,imports.func_hash_1021
f2274,2274,imports,imports.func_hash_1022
f2275,2275,imports,imports.func_hash_1023
f2276,2276,exports,exports.has_exports
f2277,2277,exports,exports.hash_000
f2278,2278,exports,exports.hash_001
f2279,2279,exports,exports.hash_002
f2280,2280,exports,exports.hash_003
f2281,2281,exports,exports.hash_004
f2282,2282,exports,exports.hash_005
f2283,2283,exports,exports.hash_006
f2284,2284,exports,exports.hash_007
f2285,2285,exports,exports.hash_008
f2286,2286,exports,exports.hash_009
f2287,2287,exports,exports.hash_010
f2288,2288,exports,exports.hash_011
f2289,2289,exports,exports.hash_012
f2290,2290,exports,exports.hash_013
f2291,2291,exports,exports.hash_014
f2292,2292,exports,exports.hash_015
f2293,2293,exports,exports.hash_016
f2294,2294,exports,exports.hash_017
f2295,2295,exports,exports.hash_018
f2296,2296,exports,exports.hash_019
f2297,2297,exports,exports.hash_020
f2298,2298,exports,exports.hash_021
f2299,2299,exports,exports.hash_022
f2300,2300,exports,exports.hash_023
f2301,2301,exports,exports.hash_024
f2302,2302,exports,exports.hash_025
f2303,2303,exports,exports.hash_026
f2304,2304,exports,exports.hash_027
f2305,2305,exports,exports.hash_028
f2306,2306,exports,exports.hash_029
f2307,2307,exports,exports.hash_030
f2308,2308,exports,exports.hash_031
f2309,2309,exports,exports.hash_032
f2310,2310,exports,exports.hash_033
f2311,2311,exports,exports.hash_034
f2312,2312,exports,exports.hash_035
f2313,2313,exports,exports.hash_036
f2314,2314,exports,exports.hash_037
f2315,2315,exports,exports.hash_038
f2316,2316,exports,exports.hash_039
f2317,2317,exports,exports.hash_040
f2318,2318,exports,exports.hash_041
f2319,2319,exports,exports.hash_042
f2320,2320,exports,exports.hash_043
f2321,2321,exports,exports.hash_044
f2322,2322,exports,exports.hash_045
f2323,2323,exports,exports.hash_046
f2324,2324,exports,exports.hash_047
f2325,2325,exports,exports.hash_048
f2326,2326,exports,exports.hash_049
f2327,2327,exports,exports.hash_050
f2328,2328,exports,exports.hash_051
f2329,2329,exports,exports.hash_052
f2330,2330,exports,exports.hash_053
f2331,2331,exports,exports.hash_054
f2332,2332,exports,exports.hash_055
f2333,2333,exports,exports.hash_056
f2334,2334,exports,exports.hash_057
f2335,2335,exports,exports.hash_058
f2336,2336,exports,exports.hash_059
f2337,2337,exports,exports.hash_060
f2338,2338,exports,exports.hash_061
f2339,2339,exports,exports.hash_062
f2340,2340,exports,exports.hash_063
f2341,2341,exports,exports.hash_064
f2342,2342,exports,exports.hash_065
f2343,2343,exports,exports.hash_066
f2344,2344,exports,exports.hash_067
f2345,2345,exports,exports.hash_068
f2346,2346,exports,exports.hash_069
f2347,2347,exports,exports.hash_070
f2348,2348,exports,exports.hash_071
f2349,2349,exports,exports.hash_072
f2350,2350,exports,exports.hash_073
f2351,2351,exports,exports.hash_074
f2352,2352,exports,exports.hash_075
f2353,2353,exports,exports.hash_076
f2354,2354,exports,exports.hash_077
f2355,2355,exports,exports.hash_078
f2356,2356,exports,exports.hash_079
f2357,2357,exports,exports.hash_080
f2358,2358,exports,exports.hash_081
f2359,2359,exports,exports.hash_082
f2360,2360,exports,exports.hash_083
f2361,2361,exports,exports.hash_084
f2362,2362,exports,exports.hash_085
f2363,2363,exports,exports.hash_086
f2364,2364,exports,exports.hash_087
f2365,2365,exports,exports.hash_088
f2366,2366,exports,exports.hash_089
f2367,2367,exports,exports.hash_090
f2368,2368,exports,exports.hash_091
f2369,2369,exports,exports.hash_092
f2370,2370,exports,exports.hash_093
f2371,2371,exports,exports.hash_094
f2372,2372,exports,exports.hash_095
f2373,2373,exports,exports.hash_096
f2374,2374,exports,exports.hash_097
f2375,2375,exports,exports.hash_098
f2376,2376,exports,exports.hash_099
f2377,2377,exports,exports.hash_100
f2378,2378,exports,exports.hash_101
f2379,2379,exports,exports.hash_102
f2380,2380,exports,exports.hash_103
f2381,2381,exports,exports.hash_104
f2382,2382,exports,exports.hash_105
f2383,2383,exports,exports.hash_106
f2384,2384,exports,exports.hash_107
f2385,2385,exports,exports.hash_108
f2386,2386,exports,exports.hash_109
f2387,2387,exports,exports.hash_110
f2388,2388,exports,exports.hash_111
f2389,2389,exports,exports.hash_112
f2390,2390,exports,exports.hash_113
f2391,2391,exports,exports.hash_114
f2392,2392,exports,exports.hash_115
f2393,2393,exports,exports.hash_116
f2394,2394,exports,exports.hash_117
f2395,2395,exports,exports.hash_118
f2396,2396,exports,exports.hash_119
f2397,2397,exports,exports.hash_120
f2398,2398,exports,exports.hash_121
f2399,2399,exports,exports.hash_122
f2400,2400,exports,exports.hash_123
f2401,2401,exports,exports.hash_124
f2402,2402,exports,exports.hash_125
f2403,2403,exports,exports.hash_126
f2404,2404,exports,exports.hash_127
f2405,2405,datadirectories,datadirectories.EXPORT.size
f2406,2406,datadirectories,datadirectories.EXPORT.rva
f2407,2407,datadirectories,datadirectories.IMPORT.size
f2408,2408,datadirectories,datadirectories.IMPORT.rva
f2409,2409,datadirectories,datadirectories.RESOURCE.size
f2410,2410,datadirectories,datadirectories.RESOURCE.rva
f2411,2411,datadirectories,datadirectories.EXCEPTION.size
f2412,2412,datadirectories,datadirectories.EXCEPTION.rva
f2413,2413,datadirectories,datadirectories.SECURITY.size
f2414,2414,datadirectories,datadirectories.SECURITY.rva
f2415,2415,datadirectories,datadirectories.BASERELOC.size
f2416,2416,datadirectories,datadirectories.BASERELOC.rva
f2417,2417,datadirectories,datadirectories.DEBUG.size
f2418,2418,datadirectories,datadirectories.DEBUG.rva
f2419,2419,datadirectories,datadirectories.COPYRIGHT.size
f2420,2420,datadirectories,datadirectories.COPYRIGHT.rva
f2421,2421,datadirectories,datadirectories.GLOBALPTR.size
f2422,2422,datadirectories,datadirectories.GLOBALPTR.rva
f2423,2423,datadirectories,datadirectories.TLS.size
f2424,2424,datadirectories,datadirectories.TLS.rva
f2425,2425,datadirectories,datadirectories.LOAD_CONFIG.size
f2426,2426,datadirectories,datadirectories.LOAD_CONFIG.rva
f2427,2427,datadirectories,datadirectories.BOUND_IMPORT.size
f2428,2428,datadirectories,datadirectories.BOUND_IMPORT.rva
f2429,2429,datadirectories,datadirectories.IAT.size
f2430,2430,datadirectories,datadirectories.IAT.rva
f2431,2431,datadirectories,datadirectories.DELAY_IMPORT.size
f2432,2432,datadirectories,datadirectories.DELAY_IMPORT.rva
f2433,2433,datadirectories,datadirectories.COM_DESCRIPTOR.size
f2434,2434,datadirectories,datadirectories.COM_DESCRIPTOR.rva
f2435,2435,datadirectories,datadirectories.RESERVED.size
f2436,2436,datadirectories,datadirectories.RESERVED.rva
f2437,2437,datadirectories,datadirectories.has_relocs
f2438,2438,datadirectories,datadirectories.has_dynamic_relocs
f2439,2439,richheader,richheader.n_pairs
f2440,2440,richheader,richheader.hash_00
f2441,2441,richheader,richheader.hash_01
f2442,2442,richheader,richheader.hash_02
f2443,2443,richheader,richheader.hash_03
f2444,2444,richheader,richheader.hash_04
f2445,2445,richheader,richheader.hash_05
f2446,2446,richheader,richheader.hash_06
f2447,2447,richheader,richheader.hash_07
f2448,2448,richheader,richheader.hash_08
f2449,2449,richheader,richheader.hash_09
f2450,2450,richheader,richheader.hash_10
f2451,2451,richheader,richheader.hash_11
f2452,2452,richheader,richheader.hash_12
f2453,2453,richheader,richheader.hash_13
f2454,2454,richheader,richheader.hash_14
f2455,2455,richheader,richheader.hash_15
f2456,2456,richheader,richheader.hash_16
f2457,2457,richheader,richheader.hash_17
f2458,2458,richheader,richheader.hash_18
f2459,2459,richheader,richheader.hash_19
f2460,2460,richheader,richheader.hash_20
f2461,2461,richheader,richheader.hash_21
f2462,2462,richheader,richheader.hash_22
f2463,2463,richheader,richheader.hash_23
f2464,2464,richheader,richheader.hash_24
f2465,2465,richheader,richheader.hash_25
f2466,2466,richheader,richheader.hash_26
f2467,2467,richheader,richheader.hash_27
f2468,2468,richheader,richheader.hash_28
f2469,2469,richheader,richheader.hash_29
f2470,2470,richheader,richheader.hash_30
f2471,2471,richheader,richheader.hash_31
f2472,2472,authenticode,authenticode.num_certs
f2473,2473,authenticode,authenticode.self_signed
f2474,2474,authenticode,authenticode.empty_program_name
f2475,2475,authenticode,authenticode.no_countersigner
f2476,2476,authenticode,authenticode.parse_error
f2477,2477,authenticode,authenticode.chain_max_depth
f2478,2478,authenticode,authenticode.latest_signing_time
f2479,2479,authenticode,authenticode.signing_time_diff
f2480,2480,pefilewarnings,pefilewarnings.w00_AddressOfEntryPoint lies outside the sec
f2481,2481,pefilewarnings,pefilewarnings.w01_Bad RVA in relocation data
f2482,2482,pefilewarnings,pefilewarnings.w02_Byte 0x
f2483,2483,pefilewarnings,pefilewarnings.w03_Corrupt header
f2484,2484,pefilewarnings,pefilewarnings.w04_Damaged Import Table information
f2485,2485,pefilewarnings,pefilewarnings.w05_Don't know how to parse LOAD_CONFIG info
f2486,2486,pefilewarnings,"pefilewarnings.w06_Error, too many imported symbols"
f2487,2487,pefilewarnings,pefilewarnings.w07_Error parsing a resource directory data 
f2488,2488,pefilewarnings,pefilewarnings.w08_Error parsing export directory at RVA
f2489,2489,pefilewarnings,pefilewarnings.w09_Error parsing resource of type RT_STRING
f2490,2490,pefilewarnings,pefilewarnings.w10_Error parsing StringFileInfo/VarFileInfo
f2491,2491,pefilewarnings,pefilewarnings.w11_Error parsing the Delay import directory
f2492,2492,pefilewarnings,pefilewarnings.w12_Error parsing the Delay import directory
f2493,2493,pefilewarnings,pefilewarnings.w13_Error parsing the import directory at RV
f2494,2494,pefilewarnings,pefilewarnings.w14_Error parsing the import directory. Inva
f2495,2495,pefilewarnings,pefilewarnings.w15_Error parsing the import table. Entries 
f2496,2496,pefilewarnings,pefilewarnings.w16_Error parsing the import table. AddressO
f2497,2497,pefilewarnings,pefilewarnings.w17_Error parsing the import table. Invalid 
f2498,2498,pefilewarnings,pefilewarnings.w18_Error parsing the resources directory. E
f2499,2499,pefilewarnings,pefilewarnings.w19_Error parsing the resources directory. T
f2500,2500,pefilewarnings,pefilewarnings.w20_Error parsing the resources directory. T
f2501,2501,pefilewarnings,pefilewarnings.w21_Error parsing the resources directory. E
f2502,2502,pefilewarnings,"pefilewarnings.w22_Error parsing the resources directory, a"
f2503,2503,pefilewarnings,"pefilewarnings.w23_Error parsing the resources directory, a"
f2504,2504,pefilewarnings,"pefilewarnings.w24_Error parsing the version information, a"
f2505,2505,pefilewarnings,"pefilewarnings.w25_Error parsing the version information, a"
f2506,2506,pefilewarnings,"pefilewarnings.w26_Error parsing the version information, a"
f2507,2507,pefilewarnings,"pefilewarnings.w27_Error parsing the version information, a"
f2508,2508,pefilewarnings,"pefilewarnings.w28_Error parsing the version information, a"
f2509,2509,pefilewarnings,"pefilewarnings.w29_Error parsing the version information, a"
f2510,2510,pefilewarnings,"pefilewarnings.w30_Error parsing the version information, t"
f2511,2511,pefilewarnings,pefilewarnings.w31_Excessive number of imports
f2512,2512,pefilewarnings,pefilewarnings.w32_Export directory contains more than 10 r
f2513,2513,pefilewarnings,pefilewarnings.w33_Failed parsing FunctionEntry of UNWIND_I
f2514,2514,pefilewarnings,"pefilewarnings.w34_Failed rendering pascal string, attempti"
f2515,2515,pefilewarnings,"pefilewarnings.w35_Failed rendering unicode string, attempt"
f2516,2516,pefilewarnings,pefilewarnings.w36_Failed to process directory
f2517,2517,pefilewarnings,pefilewarnings.w37_FunctionEntry of UNWIND_INFO at
f2518,2518,pefilewarnings,pefilewarnings.w38_If SectionAlignment
f2519,2519,pefilewarnings,pefilewarnings.w39_If FileAlignment > 0x200 it should be a 
f2520,2520,pefilewarnings,pefilewarnings.w40_Imported symbols contain entries typical
f2521,2521,pefilewarnings,pefilewarnings.w41_Invalid bdd dynamic relocation
f2522,2522,pefilewarnings,pefilewarnings.w42_Invalid bdd info
f2523,2523,pefilewarnings,pefilewarnings.w43_Invalid debug information
f2524,2524,pefilewarnings,pefilewarnings.w44_Invalid function override header
f2525,2525,pefilewarnings,pefilewarnings.w45_Invalid function override info
f2526,2526,pefilewarnings,pefilewarnings.w46_Invalid IMAGE_DYNAMIC_RELOCATION_TABLE i
f2527,2527,pefilewarnings,pefilewarnings.w47_Invalid LOAD_CONFIG information
f2528,2528,pefilewarnings,pefilewarnings.w48_Invalid relocation information. Can't re
f2529,2529,pefilewarnings,pefilewarnings.w49_Invalid relocation information. SizeOfBl
f2530,2530,pefilewarnings,pefilewarnings.w50_Invalid relocation information. VirtualA
f2531,2531,pefilewarnings,pefilewarnings.w51_Invalid resources directory. Can't read
f2532,2532,pefilewarnings,pefilewarnings.w52_Invalid resources directory. Can't parse
f2533,2533,pefilewarnings,pefilewarnings.w53_Invalid TLS information. Can't read
f2534,2534,pefilewarnings,pefilewarnings.w54_Invalid type 0x
f2535,2535,pefilewarnings,pefilewarnings.w55_Invalid VS_VERSION_INFO block
f2536,2536,pefilewarnings,pefilewarnings.w56_No parsing available for IMAGE_DYNAMIC_R
f2537,2537,pefilewarnings,pefilewarnings.w57_Overlapping offsets in relocation data
f2538,2538,pefilewarnings,pefilewarnings.w58_Possibly corrupt file. AddressOfEntryPoi
f2539,2539,pefilewarnings,pefilewarnings.w59_Relocating image but PE does not have (o
f2540,2540,pefilewarnings,pefilewarnings.w60_Resource size
f2541,2541,pefilewarnings,pefilewarnings.w61_Rich Header is malformed
f2542,2542,pefilewarnings,"pefilewarnings.w62_Rich Header is not in Microsoft format, "
f2543,2543,pefilewarnings,pefilewarnings.w63_RVA AddressOfFunctions in the export dir
f2544,2544,pefilewarnings,pefilewarnings.w64_RVA AddressOfNames in the export directo
f2545,2545,pefilewarnings,pefilewarnings.w65_RVA of IMAGE_BOUND_IMPORT_DESCRIPTOR poi
f2546,2546,pefilewarnings,pefilewarnings.w66_SizeOfHeaders is smaller than AddressOfE
f2547,2547,pefilewarnings,pefilewarnings.w67_Suspicious flags set for section
f2548,2548,pefilewarnings,pefilewarnings.w68_Suspicious NumberOfRvaAndSizes in the Op
f2549,2549,pefilewarnings,pefilewarnings.w69_Suspicious value found parsing section
f2550,2550,pefilewarnings,pefilewarnings.w70_The Bound Imports directory exists but c
f2551,2551,pefilewarnings,pefilewarnings.w71_Too many warnings parsing section. Abort
f2552,2552,pefilewarnings,pefilewarnings.w72_Too many errors parsing the Delay import
f2553,2553,pefilewarnings,pefilewarnings.w73_Too many errors parsing the import direc
f2554,2554,pefilewarnings,pefilewarnings.w74_Too many sections
f2555,2555,pefilewarnings,pefilewarnings.w75_Unknown UNWIND_CODE at
f2556,2556,pefilewarnings,pefilewarnings.w76_Unsupported version of UNWIND_INFO
f2557,2557,pefilewarnings,pefilewarnings.w77_Contents are null-bytes.
f2558,2558,pefilewarnings,pefilewarnings.w78_No data in the file (is this corkami's v
f2559,2559,pefilewarnings,pefilewarnings.w79_PointerToRawData points beyond the end o
f2560,2560,pefilewarnings,pefilewarnings.w80_PointerToRawData should normally be a mu
f2561,2561,pefilewarnings,pefilewarnings.w81_SizeOfRawData is larger than file.
f2562,2562,pefilewarnings,pefilewarnings.w82_VirtualSize is extremely large > 256MiB
f2563,2563,pefilewarnings,pefilewarnings.w83_VirtualAddress is beyond 0x10000000
f2564,2564,pefilewarnings,pefilewarnings.w84_symbol entries. Assuming corrupt.
f2565,2565,pefilewarnings,pefilewarnings.w85_ordinal entries. Assuming corrupt.
f2566,2566,pefilewarnings,pefilewarnings.w86_Assuming corrupt.
f2567,2567,pefilewarnings,pefilewarnings.n_warnings
