modelo,recall,precision
Random Forest,1.0,0.500055561729081
Random Forest,0.9999888888888889,0.5351233076537357
Random Forest,0.9999814814814815,0.5363343451037726
Random Forest,0.9999777777777777,0.5375164991369682
Random Forest,0.9999777777777777,0.5386177564276481
Random Forest,0.9999777777777777,0.5391824614026645
Random Forest,0.9999777777777777,0.5396372357967322
Random Forest,0.9999777777777777,0.5399394054535092
Random Forest,0.9999777777777777,0.5404549530794607
Random Forest,0.9999740740740741,0.5408665307119991
Random Forest,0.9999740740740741,0.5412123872695528
Random Forest,0.9999703703703704,0.5418349080458847
Random Forest,0.9999703703703704,0.5426342255576234
Random Forest,0.9999703703703704,0.5431003095763491
Random Forest,0.9999703703703704,0.5437598685270518
Random Forest,0.9999666666666667,0.5442160004837637
Random Forest,0.9999666666666667,0.5446232795886545
Random Forest,0.9999666666666667,0.5450399709302326
Random Forest,0.9999666666666667,0.5452314887739153
Random Forest,0.9999629629629629,0.5457253969793991
Random Forest,0.9999629629629629,0.545978115577737
Random Forest,0.9999629629629629,0.5462310683461534
Random Forest,0.9999592592592592,0.5465342245577953
Random Forest,0.9999518518518519,0.5469509057537955
Random Forest,0.9999518518518519,0.5471870192882579
Random Forest,0.9999481481481481,0.5474235290778071
Random Forest,0.9999481481481481,0.5478600895696234
Random Forest,0.9999444444444444,0.5481127632102515
Random Forest,0.9999444444444444,0.5484880189340458
Random Forest,0.9999407407407407,0.5487691597846258
Random Forest,0.9999407407407407,0.5491933498914771
Random Forest,0.9999407407407407,0.5498510222743593
Random Forest,0.9999407407407407,0.5500806832814461
Random Forest,0.9999370370370371,0.5502759705848783
Random Forest,0.9999333333333333,0.5506982094995655
Random Forest,0.9999333333333333,0.5508824909710461
Random Forest,0.9999296296296296,0.5511807326319915
Random Forest,0.9999296296296296,0.5513552039340941
Random Forest,0.9999296296296296,0.5515951415349726
Random Forest,0.9999296296296296,0.5518860499962183
Random Forest,0.9999296296296296,0.5520587104636802
Random Forest,0.9999259259259259,0.552291566087604
Random Forest,0.9999222222222223,0.5526275389581546
Random Forest,0.9999222222222223,0.5528040607640347
Random Forest,0.9999222222222223,0.5531030470153672
Random Forest,0.9999222222222223,0.5533887448371988
Random Forest,0.9999222222222223,0.5536486231533357
Random Forest,0.9999222222222223,0.5539667101666954
Random Forest,0.9999148148148148,0.5541172365666434
Random Forest,0.9999148148148148,0.5543106457242583
Random Forest,0.9999037037037037,0.5545435872155123
Random Forest,0.9999037037037037,0.5548421835759118
Random Forest,0.9999037037037037,0.5550109984992702
Random Forest,0.9998962962962963,0.5554179439175427
Random Forest,0.9998962962962963,0.5556191268054349
Random Forest,0.9998962962962963,0.5558811114657223
Random Forest,0.9998962962962963,0.5560860663335297
Random Forest,0.9998962962962963,0.5564815177443259
Random Forest,0.9998962962962963,0.5567110225780043
Random Forest,0.9998925925925926,0.5571190959668499
Random Forest,0.9998925925925926,0.5573882522968927
Random Forest,0.9998925925925926,0.5575609252375051
Random Forest,0.9998851851851852,0.5577549232689017
Random Forest,0.9998851851851852,0.5579566521236822
Random Forest,0.9998851851851852,0.5583028127216665
Random Forest,0.9998851851851852,0.5585176480810647
Random Forest,0.9998851851851852,0.5587384307167574
Random Forest,0.9998814814814815,0.5589260722300895
Random Forest,0.9998814814814815,0.5590557051149306
Random Forest,0.9998777777777778,0.5593153971417562
Random Forest,0.9998777777777778,0.559440573931856
Random Forest,0.9998777777777778,0.559648166306306
Random Forest,0.9998777777777778,0.5597688494099937
Random Forest,0.9998777777777778,0.5599511331062834
Random Forest,0.9998777777777778,0.5608107406307191
Random Forest,0.9998777777777778,0.5610006982195401
Random Forest,0.9998777777777778,0.5612036170876208
Random Forest,0.9998777777777778,0.5614323682448311
Random Forest,0.9998777777777778,0.5616110638421805
Random Forest,0.9998777777777778,0.5617746758476031
Random Forest,0.9998777777777778,0.5619360438613472
Random Forest,0.9998777777777778,0.5620530351451003
Random Forest,0.9998777777777778,0.5623738410037309
Random Forest,0.9998777777777778,0.5625250041673612
Random Forest,0.9998703703703704,0.5628093246663359
Random Forest,0.9998703703703704,0.5630734447250907
Random Forest,0.999862962962963,0.5632713441287606
Random Forest,0.999862962962963,0.5634335756429762
Random Forest,0.999862962962963,0.5636994610712175
Random Forest,0.999862962962963,0.5640410093121309
Random Forest,0.999862962962963,0.5643263423923609
Random Forest,0.999862962962963,0.5645104291912802
Random Forest,0.999862962962963,0.5647489765136824
Random Forest,0.9998555555555556,0.5649551632851657
Random Forest,0.9998555555555556,0.5651065379712257
Random Forest,0.9998518518518519,0.5652878579116429
Random Forest,0.9998481481481482,0.5654633733546706
Random Forest,0.9998407407407407,0.5656238672625521
Random Forest,0.9998407407407407,0.5658088058065422
Random Forest,0.9998370370370371,0.5659846488331478
Random Forest,0.9998370370370371,0.5662078237506266
Random Forest,0.9998370370370371,0.5665476722638108
Random Forest,0.9998370370370371,0.5667582025378111
Random Forest,0.9998370370370371,0.567047490615935
Random Forest,0.9998333333333334,0.5674804712134335
Random Forest,0.9998333333333334,0.5677764691036049
Random Forest,0.9998333333333334,0.5679855244747888
Random Forest,0.9998296296296296,0.5682608045839096
Random Forest,0.9998296296296296,0.5684702176137871
Random Forest,0.9998296296296296,0.5686690035221356
Random Forest,0.9998259259259259,0.56885623132457
Random Forest,0.9998222222222222,0.5690267911721928
Random Forest,0.9998148148148148,0.569202547126049
Random Forest,0.9998148148148148,0.5694571013905765
Random Forest,0.9998074074074074,0.5697064602384364
Random Forest,0.9998037037037037,0.569916036996924
Random Forest,0.9998037037037037,0.5701351063088331
Random Forest,0.9998037037037037,0.5703663950203576
Random Forest,0.9998037037037037,0.570628025450779
Random Forest,0.9998,0.5707574197449684
Random Forest,0.9997814814814815,0.5708856583327341
Random Forest,0.9997814814814815,0.5710728573211675
Random Forest,0.9997814814814815,0.5712033653347666
Random Forest,0.9997777777777778,0.5714902698033637
Random Forest,0.9997777777777778,0.5717662608342018
Random Forest,0.999774074074074,0.5719082960273053
Random Forest,0.999774074074074,0.5720804060569454
Random Forest,0.999774074074074,0.5722356362896336
Random Forest,0.999774074074074,0.5724188677964952
Random Forest,0.999774074074074,0.5725597081406694
Random Forest,0.9997703703703704,0.572708216643753
Random Forest,0.9997666666666667,0.5730112400097647
Random Forest,0.999762962962963,0.5731478158952462
Random Forest,0.9997592592592592,0.5732856754506686
Random Forest,0.9997555555555555,0.5734808601766753
Random Forest,0.9997518518518519,0.573679836949476
Random Forest,0.9997518518518519,0.5739054819451295
Random Forest,0.9997481481481482,0.5740217375124137
Random Forest,0.9997481481481482,0.5742623125199446
Random Forest,0.9997481481481482,0.5744321797106261
Random Forest,0.9997444444444444,0.5747602956300664
Random Forest,0.9997407407407407,0.5748658830845507
Random Forest,0.9997407407407407,0.5751414788804419
Random Forest,0.9997333333333334,0.575254884577352
Random Forest,0.9997333333333334,0.5754265687754214
Random Forest,0.9997259259259259,0.575558498105467
Random Forest,0.9997185185185186,0.575649974514985
Random Forest,0.9997111111111111,0.575789379375664
Random Forest,0.9997037037037036,0.5759681800626071
Random Forest,0.9997,0.5763226838220379
Random Forest,0.9996962962962963,0.5766369715225704
Random Forest,0.9996962962962963,0.5768822225689316
Random Forest,0.9996925925925926,0.5770231414675859
Random Forest,0.9996925925925926,0.5771193742957513
Random Forest,0.9996925925925926,0.5772489691868125
Random Forest,0.9996851851851852,0.5773904003217292
Random Forest,0.9996851851851852,0.578341779068148
Random Forest,0.9996814814814815,0.5784561444115119
Random Forest,0.9996814814814815,0.5785714591934288
Random Forest,0.9996814814814815,0.578805950305471
Random Forest,0.9996814814814815,0.5789512067471451
Random Forest,0.9996814814814815,0.5791325692069363
Random Forest,0.9996814814814815,0.5792444246055591
Random Forest,0.9996814814814815,0.5793563232207021
Random Forest,0.9996777777777778,0.5794586541062512
Random Forest,0.999662962962963,0.5795620469302917
Random Forest,0.999662962962963,0.5797724377769615
Random Forest,0.9996592592592592,0.579896098762037
Random Forest,0.9996592592592592,0.5800381666265516
Random Forest,0.9996481481481482,0.604585265327151
Random Forest,0.999637037037037,0.6049159421848981
Random Forest,0.999637037037037,0.6050488362031281
Random Forest,0.999637037037037,0.6051668624830716
Random Forest,0.9996333333333334,0.6053084841552849
Random Forest,0.9996296296296296,0.6054637551763898
Random Forest,0.9996296296296296,0.6055833030429495
Random Forest,0.9996259259259259,0.6057020132541288
Random Forest,0.9996222222222222,0.6061677293583648
Random Forest,0.9996037037037037,0.6062940299043922
Random Forest,0.9996037037037037,0.6064261720461516
Random Forest,0.9995962962962963,0.6065579665359419
Random Forest,0.9995962962962963,0.6066793146700354
Random Forest,0.9995962962962963,0.6067802478461842
Random Forest,0.9995888888888889,0.60688217596028
Random Forest,0.9995888888888889,0.607020037650721
Random Forest,0.9995888888888889,0.607166157487188
Random Forest,0.9995888888888889,0.6077568153055571
Random Forest,0.9995888888888889,0.607860846220028
Random Forest,0.9995888888888889,0.6080306573487071
Random Forest,0.9995888888888889,0.6081854872329925
Random Forest,0.9995888888888889,0.6084309101812067
Random Forest,0.9995888888888889,0.608543404735062
Random Forest,0.9995888888888889,0.608677904023888
Random Forest,0.9995851851851851,0.6088239407706849
Random Forest,0.9995814814814815,0.6089370727194784
Random Forest,0.9995814814814815,0.6091033629812521
Random Forest,0.9995740740740741,0.6092487245473837
Random Forest,0.9995740740740741,0.6093436378866183
Random Forest,0.9995703703703703,0.6094528374319717
Random Forest,0.9995592592592593,0.6095782117479118
Random Forest,0.9995592592592593,0.6097049082554299
Random Forest,0.9995518518518518,0.6098298941583737
Random Forest,0.9995444444444445,0.6099494189278982
Random Forest,0.9995444444444445,0.610072134349378
Random Forest,0.9995444444444445,0.610635327551526
Random Forest,0.9995444444444445,0.6108633849106827
Random Forest,0.9995444444444445,0.6110542546495252
Random Forest,0.9995444444444445,0.6111995615475379
Random Forest,0.9995444444444445,0.611328319666561
Random Forest,0.9995444444444445,0.6114709860724992
Random Forest,0.9995407407407407,0.6116336308296203
Random Forest,0.9995407407407407,0.6117473184089075
Random Forest,0.9995407407407407,0.6118832443805576
Random Forest,0.9995333333333334,0.6120271866942132
Random Forest,0.9995333333333334,0.6121451869729124
Random Forest,0.9995259259259259,0.6122531392855928
Random Forest,0.9995222222222222,0.6123786853886947
Random Forest,0.9995222222222222,0.6124884819819615
Random Forest,0.9995185185185185,0.6126113446713459
Random Forest,0.9995185185185185,0.6127532230451703
Random Forest,0.9995148148148149,0.612865058818186
Random Forest,0.9995148148148149,0.6130265501199389
Random Forest,0.9995148148148149,0.6131992728925244
Random Forest,0.9995111111111111,0.6133196367371799
Random Forest,0.9995111111111111,0.6134702116825489
Random Forest,0.9995074074074074,0.6136046347707853
Random Forest,0.9995037037037037,0.6137000382047411
Random Forest,0.9995037037037037,0.6138759354882737
Random Forest,0.9995,0.6139881873282248
Random Forest,0.9995,0.6141712392210233
Random Forest,0.9995,0.614390765868318
Random Forest,0.9994962962962963,0.614610971551946
Random Forest,0.9994962962962963,0.6147747879097147
Random Forest,0.9994888888888889,0.6148640797271342
Random Forest,0.9994888888888889,0.6150084094130731
Random Forest,0.9994888888888889,0.6151233611116177
Random Forest,0.9994814814814815,0.6159091998384111
Random Forest,0.9994777777777778,0.6160868999431535
Random Forest,0.9994703703703703,0.6165961394337105
Random Forest,0.9994703703703703,0.6167878039861034
Random Forest,0.9994703703703703,0.617079757519214
Random Forest,0.9994703703703703,0.6174623949185661
Random Forest,0.9994703703703703,0.6176234986084664
Random Forest,0.9994703703703703,0.6179190738209237
Random Forest,0.9994703703703703,0.6180733377613888
Random Forest,0.999462962962963,0.6182613397361584
Random Forest,0.9994592592592593,0.6184701770469261
Random Forest,0.9994555555555555,0.6186777386244575
Random Forest,0.9994555555555555,0.6188110978873288
Random Forest,0.9994555555555555,0.619049585354943
Random Forest,0.9994555555555555,0.619271202660186
Random Forest,0.9994518518518518,0.619570333396855
Random Forest,0.9994518518518518,0.6221357414737949
Random Forest,0.9994518518518518,0.6223064718470962
Random Forest,0.9994518518518518,0.6224514509919706
Random Forest,0.9994481481481482,0.6226861359682117
Random Forest,0.9994481481481482,0.6228586068884652
Random Forest,0.9994444444444445,0.6229857141537921
Random Forest,0.9994407407407407,0.6231747505328816
Random Forest,0.999437037037037,0.6233163865167709
Random Forest,0.999437037037037,0.6253284823766598
Random Forest,0.9994333333333333,0.6255059039512664
Random Forest,0.9994333333333333,0.6257292719801879
Random Forest,0.9994296296296297,0.6258880505449493
Random Forest,0.9993962962962963,0.626800526830492
Random Forest,0.9993925925925926,0.6269190736403851
Random Forest,0.9993851851851852,0.6271009184546165
Random Forest,0.9993851851851852,0.6272117002780024
Random Forest,0.9993777777777778,0.6273718376466814
Random Forest,0.9993777777777778,0.6274943897305908
Random Forest,0.9993777777777778,0.6276199093338668
Random Forest,0.9993740740740741,0.6277387715600471
Random Forest,0.9993703703703704,0.6278474532889685
Random Forest,0.9993703703703704,0.6279906533355676
Random Forest,0.9993666666666666,0.6282295748381284
Random Forest,0.999362962962963,0.6283750110617924
Random Forest,0.999362962962963,0.628497957244213
Random Forest,0.9993592592592593,0.6286449839243279
Random Forest,0.9993555555555556,0.6287539846764723
Random Forest,0.9993518518518518,0.6288776808729822
Random Forest,0.9993518518518518,0.6290433505461073
Random Forest,0.9993518518518518,0.6291738952002537
Random Forest,0.9993444444444445,0.6292998295111331
Random Forest,0.9993444444444445,0.6294525069810084
Random Forest,0.9993444444444445,0.6298433462419205
Random Forest,0.999337037037037,0.6300019146084626
Random Forest,0.999337037037037,0.6301137292449966
Random Forest,0.999337037037037,0.6302285276503509
Random Forest,0.999337037037037,0.6303669300389217
Random Forest,0.9993296296296297,0.6305066130765995
Random Forest,0.9993296296296297,0.6306200816616534
Random Forest,0.9993148148148148,0.6308112417499947
Random Forest,0.9993111111111111,0.630960844106037
Random Forest,0.9993037037037037,0.6311273707158697
Random Forest,0.9993037037037037,0.631251403758329
Random Forest,0.9993037037037037,0.63138435041443
Random Forest,0.9993,0.6315150124987127
Random Forest,0.9992703703703704,0.6317905607137421
Random Forest,0.9992703703703704,0.6320673385528677
Random Forest,0.9992666666666666,0.6322219931013797
Random Forest,0.9992629629629629,0.6323441176746323
Random Forest,0.9992629629629629,0.6325116339041859
Random Forest,0.9992592592592593,0.6326501899357502
Random Forest,0.9992592592592593,0.6327525674791448
Random Forest,0.9992592592592593,0.6328638850054888
Random Forest,0.9992592592592593,0.6329945475191682
Random Forest,0.9992592592592593,0.6331460647789621
Random Forest,0.9992518518518518,0.6334223136285413
Random Forest,0.9992518518518518,0.6335294048583471
Random Forest,0.9992444444444445,0.6336392758837731
Random Forest,0.9992444444444445,0.6338953422803654
Random Forest,0.9992444444444445,0.634041333151594
Random Forest,0.9992407407407408,0.6341835499422924
Random Forest,0.9992407407407408,0.6343341484059062
Random Forest,0.9992111111111112,0.6344883867508302
Random Forest,0.9992111111111112,0.6346316700697234
Random Forest,0.9992037037037037,0.6348031718393374
Random Forest,0.9992,0.6349158533629237
Random Forest,0.9992,0.6350608263342247
Random Forest,0.9991962962962962,0.6351765916319981
Random Forest,0.9991925925925926,0.6352864160202703
Random Forest,0.9991925925925926,0.6354659845197884
Random Forest,0.9991888888888889,0.6357286769644056
Random Forest,0.9991851851851852,0.6359121348478812
Random Forest,0.9991851851851852,0.6360380708086864
Random Forest,0.9991851851851852,0.6362240674664472
Random Forest,0.9991814814814814,0.6363447662583648
Random Forest,0.9991777777777778,0.6364670133154662
Random Forest,0.9991703703703704,0.6365659192211403
Random Forest,0.9991629629629629,0.636733980985829
Random Forest,0.9991555555555556,0.6371729071846458
Random Forest,0.9991555555555556,0.6372963357563187
Random Forest,0.9991555555555556,0.637433367358512
Random Forest,0.9991555555555556,0.6375794989116537
Random Forest,0.9991518518518518,0.6377097659509586
Random Forest,0.9991481481481481,0.6378280226314632
Random Forest,0.9991333333333333,0.6380750317540287
Random Forest,0.9991333333333333,0.6382139114100438
Random Forest,0.9991185185185185,0.6383388547089446
Random Forest,0.9991185185185185,0.6384627400489447
Random Forest,0.9991185185185185,0.6386078376599703
Random Forest,0.9991185185185185,0.6387439265790894
Random Forest,0.9991037037037037,0.638876652504038
Random Forest,0.9991037037037037,0.6390022622022716
Random Forest,0.9991037037037037,0.6392021287939283
Random Forest,0.9991,0.6393133751078331
Random Forest,0.9990962962962963,0.6394276923514534
Random Forest,0.9990962962962963,0.6395489709358426
Random Forest,0.9990962962962963,0.6396884981942096
Random Forest,0.9990925925925926,0.6398150915292187
Random Forest,0.9990888888888889,0.6400738417148741
Random Forest,0.9990888888888889,0.6403108577071158
Random Forest,0.9990888888888889,0.6405465282774243
Random Forest,0.9990851851851852,0.640714552074847
Random Forest,0.9990814814814815,0.6408202438305919
Random Forest,0.9990814814814815,0.6409923129017311
Random Forest,0.9990777777777777,0.6411194295900178
Random Forest,0.9990777777777777,0.6413038568429661
Random Forest,0.9990666666666667,0.6414888835513659
Random Forest,0.9990666666666667,0.6416017924548497
Random Forest,0.9990629629629629,0.6417276284956405
Random Forest,0.9990481481481481,0.6418524855029184
Random Forest,0.9990444444444444,0.6420105104819208
Random Forest,0.9990407407407408,0.6421548555430705
Random Forest,0.9990407407407408,0.6422634141695537
Random Forest,0.9990407407407408,0.6423704797399473
Random Forest,0.9990407407407408,0.6425020663174769
Random Forest,0.9990333333333333,0.6426151632392461
Random Forest,0.9990259259259259,0.6427773130970849
Random Forest,0.9990259259259259,0.6428799550021926
Random Forest,0.9990259259259259,0.6430240153331966
Random Forest,0.9990222222222223,0.6431550209229963
Random Forest,0.9990111111111111,0.6432521635859365
Random Forest,0.9990111111111111,0.6433672349803936
Random Forest,0.9990074074074075,0.6434876375330413
Random Forest,0.9990074074074075,0.6436580831907527
Random Forest,0.9990074074074075,0.643802495184585
Random Forest,0.9990037037037037,0.6440322241748166
Random Forest,0.999,0.6441621092350679
Random Forest,0.9989962962962963,0.6442889696784395
Random Forest,0.9989925925925925,0.6444204998578457
Random Forest,0.9989888888888889,0.6445751893265019
Random Forest,0.9989851851851852,0.6447052974513052
Random Forest,0.9989851851851852,0.64482397548136
Random Forest,0.9989777777777777,0.6449471678172023
Random Forest,0.9989703703703704,0.6450611526448459
Random Forest,0.9989666666666667,0.6451713984322862
Random Forest,0.9989629629629629,0.6452986647590657
Random Forest,0.9989518518518519,0.6455355070018357
Random Forest,0.9989444444444444,0.6456543439803322
Random Forest,0.9989333333333333,0.6457692860221232
Random Forest,0.9989259259259259,0.64597638932466
Random Forest,0.9989148148148148,0.6460775224995389
Random Forest,0.9989148148148148,0.6462029077178153
Random Forest,0.9989148148148148,0.6463190485433636
Random Forest,0.9989148148148148,0.646435231123958
Random Forest,0.9989148148148148,0.6466940811163995
Random Forest,0.9989148148148148,0.6468336670943604
Random Forest,0.9988925925925926,0.6470877560029943
Random Forest,0.9988925925925926,0.6472492608378451
Random Forest,0.9988851851851852,0.6474029372086436
Random Forest,0.9988814814814815,0.6475388778310528
Random Forest,0.9988777777777778,0.6476826535831874
Random Forest,0.9988777777777778,0.647797775317117
Random Forest,0.998874074074074,0.6480553246091666
Random Forest,0.998874074074074,0.6481861574031792
Random Forest,0.998874074074074,0.6483793881054155
Random Forest,0.998874074074074,0.6484994361313562
Random Forest,0.998874074074074,0.648660089375478
Random Forest,0.9988703703703704,0.6487887608554451
Random Forest,0.9988703703703704,0.6489448735532616
Random Forest,0.9988703703703704,0.6490885636031942
Random Forest,0.9988666666666667,0.6492111559922776
Random Forest,0.9988666666666667,0.6493346398965664
Random Forest,0.998862962962963,0.649449506819758
Random Forest,0.9988555555555556,0.6495886042411338
Random Forest,0.9988555555555556,0.6497372776617351
Random Forest,0.9988518518518519,0.6498413287422682
Random Forest,0.9988481481481482,0.6499485466538455
Random Forest,0.9988481481481482,0.6500629118799806
Random Forest,0.9988481481481482,0.650222777290218
Random Forest,0.9988444444444444,0.6503395323713249
Random Forest,0.9988444444444444,0.6504430541553511
Random Forest,0.9988370370370371,0.6505606160021614
Random Forest,0.9988333333333334,0.6507167451253851
Random Forest,0.9988333333333334,0.6508753638298796
Random Forest,0.9988259259259259,0.6510308033989958
Random Forest,0.9988259259259259,0.6511392637340615
Random Forest,0.9988222222222222,0.6512437726845737
Random Forest,0.9988185185185185,0.6513734876901784
Random Forest,0.9988148148148148,0.6515252910579555
Random Forest,0.9988148148148148,0.651643364923184
Random Forest,0.9988148148148148,0.6517646319564782
Random Forest,0.9988148148148148,0.6518938231078085
Random Forest,0.9988148148148148,0.6520530192027777
Random Forest,0.9988111111111111,0.6521688661244803
Random Forest,0.9988111111111111,0.6523329309856872
Random Forest,0.9988111111111111,0.6525112873644427
Random Forest,0.9987777777777778,0.6526300504592152
Random Forest,0.998774074074074,0.6527729701074524
Random Forest,0.998774074074074,0.6528804367562856
Random Forest,0.9987703703703704,0.6530550961051793
Random Forest,0.9987666666666667,0.6531823829904736
Random Forest,0.9987666666666667,0.6536763796877386
Random Forest,0.998762962962963,0.6537848905008619
Random Forest,0.9987592592592592,0.6538950237392034
Random Forest,0.9987518518518519,0.6540107003749497
Random Forest,0.9987481481481482,0.6541510605678356
Random Forest,0.9987333333333334,0.6542556288819876
Random Forest,0.9987296296296296,0.6543579862846827
Random Forest,0.9987259259259259,0.6544826146684336
Random Forest,0.9987148148148148,0.6545944909319098
Random Forest,0.9987111111111111,0.6547748552779828
Random Forest,0.9986814814814815,0.6553346619355466
Random Forest,0.9986777777777778,0.6558757926537085
Random Forest,0.9986666666666667,0.6559833790296486
Random Forest,0.9986666666666667,0.6561270400552855
Random Forest,0.9986666666666667,0.656305906120313
Random Forest,0.9986666666666667,0.656430531177042
Random Forest,0.9986666666666667,0.6565488089643602
Random Forest,0.9986407407407407,0.6566788682930631
Random Forest,0.9986333333333334,0.6568611687666267
Random Forest,0.9986259259259259,0.6569827365651003
Random Forest,0.9986222222222222,0.6571003826188677
Random Forest,0.9986,0.6572122919871006
Random Forest,0.9986,0.6573372698836832
Random Forest,0.9985962962962963,0.6574502378682324
Random Forest,0.9985925925925926,0.6575728678635101
Random Forest,0.9985888888888889,0.6577067751708795
Random Forest,0.9985777777777778,0.6578198080822129
Random Forest,0.9985666666666667,0.6579248547437365
Random Forest,0.9985666666666667,0.6580742006346106
Random Forest,0.9985518518518518,0.6582106350202266
Random Forest,0.9985518518518518,0.6583392140727519
Random Forest,0.9985481481481482,0.658473442033587
Random Forest,0.998537037037037,0.6585947958296284
Random Forest,0.998537037037037,0.6587170891890307
Random Forest,0.998537037037037,0.658837817957885
Random Forest,0.998537037037037,0.6590085234425224
Random Forest,0.998537037037037,0.6591180792051614
Random Forest,0.9985333333333334,0.6592558539877541
Random Forest,0.9985296296296297,0.6593630467320805
Random Forest,0.9985296296296297,0.659463042595555
Random Forest,0.9985296296296297,0.659638915326892
Random Forest,0.9985037037037037,0.6597589984044168
Random Forest,0.9985,0.6598808961427093
Random Forest,0.9984888888888889,0.6599785549565959
Random Forest,0.9984814814814815,0.6600867742693725
Random Forest,0.9984814814814815,0.6602015452619721
Random Forest,0.9984814814814815,0.660324442953053
Random Forest,0.9984703703703703,0.6604319472412897
Random Forest,0.9984666666666666,0.6605573374432457
Random Forest,0.9984666666666666,0.6606625593671426
Random Forest,0.9984333333333333,0.6607554726544979
Random Forest,0.9984259259259259,0.66087205938594
Random Forest,0.9984259259259259,0.6609854893364522
Random Forest,0.9984148148148149,0.6611224061861587
Random Forest,0.9984111111111111,0.6612302265742087
Random Forest,0.9984074074074074,0.661454921099963
Random Forest,0.9984037037037037,0.6616294252783287
Random Forest,0.9984,0.6617780276379134
Random Forest,0.9983962962962963,0.661892566792792
Random Forest,0.9983962962962963,0.6620616313368356
Random Forest,0.9983925925925926,0.662205550355833
Random Forest,0.9983814814814815,0.6623429913706681
Random Forest,0.9983814814814815,0.6624699562061016
Random Forest,0.9983777777777778,0.6625863683624484
Random Forest,0.9983740740740741,0.6626963054744275
Random Forest,0.9983703703703704,0.6628046501563821
Random Forest,0.9983703703703704,0.6629252721200525
Random Forest,0.9983666666666666,0.6630614187638517
Random Forest,0.9983592592592593,0.6631690563586802
Random Forest,0.9983592592592593,0.6632898123495917
Random Forest,0.9983518518518518,0.6633975266104719
Random Forest,0.9983407407407408,0.6635011827488511
Random Forest,0.9983296296296297,0.6636212113378585
Random Forest,0.9983185185185185,0.6637674378516814
Random Forest,0.9981444444444444,0.6664564662591251
Random Forest,0.998137037037037,0.6665735019861391
Random Forest,0.9981333333333333,0.6666815095179784
Random Forest,0.9981222222222222,0.6667862541969037
Random Forest,0.9981148148148148,0.666906711607039
Random Forest,0.9981074074074074,0.6670767478990557
Random Forest,0.9981074074074074,0.6671857476375214
Random Forest,0.9981074074074074,0.6673096542229178
Random Forest,0.9980925925925926,0.667422047205092
Random Forest,0.9980888888888889,0.6675683709869203
Random Forest,0.9980740740740741,0.6676858199765612
Random Forest,0.9980703703703704,0.6677975090079151
Random Forest,0.9980629629629629,0.6679067577113257
Random Forest,0.9980259259259259,0.6680177399642523
Random Forest,0.9980222222222223,0.6681610235683557
Random Forest,0.9980148148148148,0.6682621127839874
Random Forest,0.9978444444444444,0.6693614906832298
Random Forest,0.9978259259259259,0.6698949703112101
Random Forest,0.9978222222222223,0.6700007709390784
Random Forest,0.9978111111111111,0.6701082982205662
Random Forest,0.9978037037037037,0.6702166828370276
Random Forest,0.9978,0.670330928091565
Random Forest,0.9978,0.6704977600796416
Random Forest,0.9977962962962963,0.6706154412936116
Random Forest,0.9977888888888888,0.6707223255431819
Random Forest,0.997774074074074,0.6708326174272702
Random Forest,0.997774074074074,0.6709763065282203
Random Forest,0.997774074074074,0.6711953001205864
Random Forest,0.9977592592592592,0.6713810419807853
Random Forest,0.9977481481481482,0.6715375775569166
Random Forest,0.9977444444444444,0.6716656818232817
Random Forest,0.9977407407407407,0.671773733021124
Random Forest,0.9977370370370371,0.6719253917854141
Random Forest,0.997662962962963,0.6733618974292314
Random Forest,0.9976592592592592,0.6734688264899206
Random Forest,0.9976555555555555,0.673575790310723
Random Forest,0.9976444444444444,0.6736845264445261
Random Forest,0.9976407407407407,0.6738033594736907
Random Forest,0.997637037037037,0.6739492139902972
Random Forest,0.9976259259259259,0.6740614505287709
Random Forest,0.9976185185185186,0.6741779172736238
Random Forest,0.9976185185185186,0.6742960567159995
Random Forest,0.9976111111111111,0.6744210502595227
Random Forest,0.9976074074074074,0.6745485963286669
Random Forest,0.9976,0.6746855164743779
Random Forest,0.9975962962962963,0.674821618263083
Random Forest,0.9975962962962963,0.6749535164609363
Random Forest,0.997562962962963,0.6751255166674605
Random Forest,0.997562962962963,0.6752964773724458
Random Forest,0.9975518518518518,0.6754261238962909
Random Forest,0.9975481481481482,0.6755642284905916
Random Forest,0.9975333333333334,0.6756948643136153
Random Forest,0.9975296296296297,0.675819515818211
Random Forest,0.9975148148148149,0.6759231141818145
Random Forest,0.9975111111111111,0.6760376714391855
Random Forest,0.9974962962962963,0.6761464342918543
Random Forest,0.9974888888888889,0.676316298318262
Random Forest,0.9974777777777778,0.676425970111767
Random Forest,0.9974666666666666,0.6765288820226836
Random Forest,0.997462962962963,0.6768273068146405
Random Forest,0.997462962962963,0.6769497984093948
Random Forest,0.9974518518518518,0.6770698987582996
Random Forest,0.9974518518518518,0.6771856683421634
Random Forest,0.9974481481481482,0.6773108863280838
Random Forest,0.9974444444444445,0.6774259273699594
Random Forest,0.997437037037037,0.6775265606170768
Random Forest,0.9974222222222222,0.6776290130617154
Random Forest,0.9974111111111111,0.6777288993804076
Random Forest,0.9974037037037037,0.6778671647276188
Random Forest,0.9973925925925926,0.677982487500063
Random Forest,0.9973888888888889,0.678102888223
Random Forest,0.9973777777777778,0.6784421316766055
Random Forest,0.997362962962963,0.6785568496222792
Random Forest,0.9973592592592593,0.6786706184189967
Random Forest,0.9973481481481481,0.6787793848527165
Random Forest,0.9973407407407407,0.6788855750492244
Random Forest,0.9973296296296297,0.6789944148164958
Random Forest,0.9973222222222222,0.6791075265563055
Random Forest,0.9973074074074074,0.6792139196061022
Random Forest,0.9973074074074074,0.6793252990163554
Random Forest,0.9973,0.6794522414497888
Random Forest,0.9972962962962963,0.6795869024243739
Random Forest,0.9972888888888889,0.6797019356011268
Random Forest,0.9972777777777778,0.6798779948945711
Random Forest,0.997262962962963,0.6799949491760844
Random Forest,0.9972518518518518,0.6801213446931904
Random Forest,0.9972407407407408,0.680234041639403
Random Forest,0.9972222222222222,0.680425970665238
Random Forest,0.9972111111111112,0.6805301749304297
Random Forest,0.9972,0.6806378546726798
Random Forest,0.9971925925925926,0.6807429357389915
Random Forest,0.9971814814814814,0.6808558524385371
Random Forest,0.9971703703703704,0.6810222061460866
Random Forest,0.9971629629629629,0.6811239656040416
Random Forest,0.9971555555555556,0.6812481655043977
Random Forest,0.997137037037037,0.6813682689363166
Random Forest,0.9971296296296296,0.6814977382552544
Random Forest,0.9971222222222222,0.6816531461732446
Random Forest,0.9971185185185185,0.6817835336900671
Random Forest,0.9971111111111111,0.6819218026525091
Random Forest,0.9970962962962963,0.6820429671665991
Random Forest,0.9970888888888889,0.6821606034729595
Random Forest,0.9970888888888889,0.6822747051951047
Random Forest,0.9970814814814815,0.6823993429791031
Random Forest,0.9970703703703704,0.6825197624951196
Random Forest,0.9970592592592593,0.6826454202664084
Random Forest,0.9970592592592593,0.6827735408323463
Random Forest,0.9970481481481481,0.6828785088453597
Random Forest,0.9970296296296296,0.6830200264380444
Random Forest,0.9970185185185185,0.683140678331705
Random Forest,0.9969925925925925,0.6833171296355056
Random Forest,0.9969851851851852,0.6834300222151698
Random Forest,0.9969666666666667,0.6835353358370979
Random Forest,0.9969592592592592,0.6836674049089727
Random Forest,0.9969555555555556,0.6837829599146471
Random Forest,0.9969407407407408,0.6838978830655407
Random Forest,0.9969333333333333,0.684002287021155
Random Forest,0.9969222222222223,0.6841372193684981
Random Forest,0.9969185185185185,0.684273813246289
Random Forest,0.9969185185185185,0.6844304083931518
Random Forest,0.9969185185185185,0.6845679232134774
Random Forest,0.9969074074074074,0.6846856700973235
Random Forest,0.9969074074074074,0.6848302585748488
Random Forest,0.9969037037037037,0.6849357595991623
Random Forest,0.9968925925925926,0.6852001293209884
Random Forest,0.9968814814814815,0.6855048619352998
Random Forest,0.9968666666666667,0.6859628823520417
Random Forest,0.9968592592592592,0.6860819315682011
Random Forest,0.9968407407407407,0.6863683657543889
Random Forest,0.9968222222222223,0.6865989953902238
Random Forest,0.9968148148148148,0.6867305410611995
Random Forest,0.9968037037037037,0.6871489409505913
Random Forest,0.9967814814814815,0.6872564491499022
Random Forest,0.9967703703703704,0.6873611245907166
Random Forest,0.9967703703703704,0.687477009850002
Random Forest,0.996762962962963,0.6876352589178265
Random Forest,0.9967555555555555,0.6878217087944386
Random Forest,0.9967370370370371,0.6880428085300035
Random Forest,0.9967370370370371,0.6881923631639781
Random Forest,0.9967259259259259,0.6883114225791601
Random Forest,0.9967259259259259,0.6884153064174091
Random Forest,0.9967185185185186,0.6885246740487545
Random Forest,0.9967074074074074,0.6886279948719655
Random Forest,0.9967037037037038,0.688822850356173
Random Forest,0.9966925925925926,0.6889421390700163
Random Forest,0.9966814814814815,0.689084409664963
Random Forest,0.9966703703703703,0.6892938286531028
Random Forest,0.9966666666666667,0.6894025178178912
Random Forest,0.996662962962963,0.6895289098433116
Random Forest,0.9966592592592592,0.6896641866592172
Random Forest,0.9966518518518519,0.6897863450521
Random Forest,0.9966333333333334,0.68990262587106
Random Forest,0.9966333333333334,0.6900246940172782
Random Forest,0.9966074074074074,0.6901182324126081
Random Forest,0.9965888888888889,0.6902895286373222
Random Forest,0.9965777777777778,0.6904199852204614
Random Forest,0.996562962962963,0.6905372944340649
Random Forest,0.9965518518518518,0.690673169479561
Random Forest,0.9965333333333334,0.6907809102275441
Random Forest,0.9965259259259259,0.6908999401700403
Random Forest,0.9965111111111111,0.6910404980583122
Random Forest,0.9964925925925926,0.6911874264634102
Random Forest,0.9964740740740741,0.6913006724204825
Random Forest,0.9964592592592593,0.6914183064820787
Random Forest,0.9964518518518518,0.6915589005672982
Random Forest,0.9964333333333333,0.691672279839369
Random Forest,0.9964222222222222,0.6917748338921688
Random Forest,0.9964074074074074,0.6918837456312028
Random Forest,0.9963925925925926,0.6920496581244951
Random Forest,0.9963814814814815,0.6921772645640685
Random Forest,0.9963555555555555,0.69234629668234
Random Forest,0.9963444444444445,0.6924508486617554
Random Forest,0.9963333333333333,0.6925821799307958
Random Forest,0.9963185185185185,0.6926860168094924
Random Forest,0.9963,0.6928765344968808
Random Forest,0.9962851851851852,0.692994749668956
Random Forest,0.9962703703703704,0.6931648048651643
Random Forest,0.9962592592592593,0.6933250165605161
Random Forest,0.996225925925926,0.6934734128262972
Random Forest,0.9962111111111112,0.6936204669058014
Random Forest,0.9961962962962962,0.693758640612426
Random Forest,0.9961851851851852,0.6938708121257775
Random Forest,0.9961777777777778,0.6939909744637701
Random Forest,0.9961703703703704,0.6940932679925782
Random Forest,0.9961592592592593,0.6952786925928415
Random Forest,0.996137037037037,0.6954051964639844
Random Forest,0.9961185185185185,0.6955289420125321
Random Forest,0.9937407407407407,0.7378654126447213
Random Forest,0.9937407407407407,0.7380176314450358
Random Forest,0.9937296296296296,0.7381555671104288
Random Forest,0.9937148148148148,0.738294868866759
Random Forest,0.9936962962962963,0.7384314750849766
Random Forest,0.9936851851851852,0.7386183752295321
Random Forest,0.9936851851851852,0.7387505713514734
Random Forest,0.9936703703703703,0.7389043578366975
Random Forest,0.9936666666666667,0.7390542617721435
Random Forest,0.9925925925925926,0.7480203975114366
Random Forest,0.992574074074074,0.7481797675015913
Random Forest,0.9925666666666667,0.748341319572429
Random Forest,0.9925444444444445,0.7484813191785298
Random Forest,0.9925333333333334,0.7486151190173561
Random Forest,0.9925222222222222,0.7487531537874788
Random Forest,0.9924740740740741,0.7493177039058655
Random Forest,0.9924666666666667,0.7494546186805687
Random Forest,0.9924555555555555,0.7495783039847825
Random Forest,0.9924481481481482,0.749721611352661
Random Forest,0.9924444444444445,0.7498614787908637
Random Forest,0.992437037037037,0.750015394519551
Random Forest,0.9924222222222222,0.7501595762550533
Random Forest,0.9924148148148149,0.7503073170868301
Random Forest,0.9923888888888889,0.7504705407858031
Random Forest,0.9923666666666666,0.7506492633277582
Random Forest,0.9923407407407407,0.7507621609504596
Random Forest,0.9923296296296297,0.7509199806054355
Random Forest,0.9923185185185185,0.7510589211478678
Random Forest,0.9922888888888889,0.7512765796358558
Random Forest,0.9922777777777778,0.7514072320649781
Random Forest,0.9922666666666666,0.7515421492750005
Random Forest,0.9922518518518518,0.7517270406015881
Random Forest,0.992237037037037,0.7518634934889986
Random Forest,0.9922222222222222,0.752
Random Forest,0.9922074074074074,0.7521260019371956
Random Forest,0.9921814814814814,0.7523091137328027
Random Forest,0.9921740740740741,0.7524471871041315
Random Forest,0.9921666666666666,0.7525831989526737
Random Forest,0.9921481481481481,0.7527066023394935
Random Forest,0.9921333333333333,0.7528349769407824
Random Forest,0.9921074074074074,0.7529613159655267
Random Forest,0.9921037037037037,0.7531215119335802
Random Forest,0.9920851851851852,0.7532557008157882
Random Forest,0.9920740740740741,0.753397686872778
Random Forest,0.9920629629629629,0.7536733051586654
Random Forest,0.992025925925926,0.7537872711666456
Random Forest,0.9919888888888889,0.753928867996228
Random Forest,0.9919370370370371,0.754201538686822
Random Forest,0.9919148148148148,0.7543227158400532
Random Forest,0.9918888888888889,0.7544517470342815
Random Forest,0.991862962962963,0.7545765768304195
Random Forest,0.9918592592592592,0.7547375066229272
Random Forest,0.9918148148148148,0.7550377673956992
Random Forest,0.9917962962962963,0.7552004015928345
Random Forest,0.9917777777777778,0.7554185156243388
Random Forest,0.9917592592592592,0.7555727990970654
Random Forest,0.9917481481481482,0.7557349288778505
Random Forest,0.9917222222222222,0.7558794386903905
Random Forest,0.9916777777777778,0.7560162975804926
Random Forest,0.991662962962963,0.7561928969851021
Random Forest,0.9916407407407407,0.7563746179184252
Random Forest,0.9916148148148148,0.7565194049250505
Random Forest,0.9915814814814815,0.7566586024848231
Random Forest,0.9915592592592593,0.7567956444555004
Random Forest,0.9915222222222222,0.7571269386970146
Random Forest,0.9914888888888889,0.7573606588450973
Random Forest,0.9914740740740741,0.7575014997340095
Random Forest,0.9914481481481482,0.7576210408936663
Random Forest,0.9914296296296297,0.757761302613663
Random Forest,0.9914185185185185,0.7579094301586133
Random Forest,0.9913814814814815,0.7581236741410416
Random Forest,0.9913296296296297,0.7583245741030878
Random Forest,0.9913185185185185,0.7584578982416866
Random Forest,0.9913074074074074,0.7586880357385822
Random Forest,0.9912888888888889,0.7588115218870493
Random Forest,0.9912666666666666,0.7589343692844281
Random Forest,0.9912592592592593,0.7591052065813321
Random Forest,0.991225925925926,0.7592476489028214
Random Forest,0.9911851851851852,0.7596021753198833
Random Forest,0.9911481481481481,0.7597614052221708
Random Forest,0.991037037037037,0.7600387432859647
Random Forest,0.9909962962962963,0.7602493543098574
Random Forest,0.9909703703703704,0.7603720554843514
Random Forest,0.9909518518518519,0.7605415607820397
Random Forest,0.9909037037037037,0.7607770877408494
Random Forest,0.990862962962963,0.7609275629429901
Random Forest,0.9908481481481481,0.7611240085122848
Random Forest,0.9908333333333333,0.7612793990011809
Random Forest,0.9908148148148148,0.7614710235682569
Random Forest,0.9907703703703704,0.7617013764315287
Random Forest,0.9907518518518519,0.7618737041172048
Random Forest,0.9907111111111111,0.7621202106078909
Random Forest,0.990674074074074,0.7623349825577419
Random Forest,0.9906111111111111,0.76255384904875
Random Forest,0.9905703703703703,0.7627747530894126
Random Forest,0.9905333333333334,0.7629377112781526
Random Forest,0.9905,0.7631776453029624
Random Forest,0.9904555555555555,0.7633808526065188
Random Forest,0.9904296296296297,0.7635483170962916
Random Forest,0.9903925925925926,0.7637792801670337
Random Forest,0.9903518518518518,0.7640337392636108
Random Forest,0.9903037037037037,0.7642258762465237
Random Forest,0.9902814814814814,0.7645255741604904
Random Forest,0.9902481481481481,0.7646572631386277
Random Forest,0.9902222222222222,0.764823168969966
Random Forest,0.9901925925925926,0.7649731610451741
Random Forest,0.9901629629629629,0.7651276004476104
Random Forest,0.9901333333333333,0.7653062100830473
Random Forest,0.9901222222222222,0.7655299201347029
Random Forest,0.9900962962962963,0.7657291478690281
Random Forest,0.9900629629629629,0.7659052034118291
Random Forest,0.9900518518518518,0.7661380695936786
Random Forest,0.990025925925926,0.7662981002152918
Random Forest,0.9900037037037037,0.7664918433299974
Random Forest,0.9899888888888889,0.7667156207511775
Random Forest,0.9899703703703704,0.7670026887505775
Random Forest,0.9899037037037037,0.7672262346281475
Random Forest,0.9898851851851852,0.7673903119015284
Random Forest,0.9897962962962963,0.7675924862132353
Random Forest,0.9897481481481482,0.7678506778229213
Random Forest,0.9897037037037038,0.7680346739402231
Random Forest,0.9896888888888888,0.7682086458545954
Random Forest,0.9896777777777778,0.7683679014972669
Random Forest,0.9896592592592592,0.7684927409520742
Random Forest,0.9896259259259259,0.7686282293581412
Random Forest,0.9895925925925926,0.7688146517616931
Random Forest,0.9895481481481482,0.7690567341181889
Random Forest,0.9895333333333334,0.7692334269056359
Random Forest,0.9895185185185185,0.7693969116994869
Random Forest,0.9894814814814815,0.7696163441207142
Random Forest,0.989462962962963,0.7699057916927236
Random Forest,0.9894407407407407,0.7700771377179227
Random Forest,0.9893962962962963,0.7703134461778022
Random Forest,0.9893740740740741,0.77045388340414
Random Forest,0.9893518518518518,0.7706388404860542
Random Forest,0.9893333333333333,0.7708223316856111
Random Forest,0.9893148148148149,0.7710014662925889
Random Forest,0.9892925925925926,0.7711288241186881
Random Forest,0.9892555555555556,0.7713270860707221
Random Forest,0.9892111111111112,0.7714951732265724
Random Forest,0.9891888888888889,0.7716739958278678
Random Forest,0.9891629629629629,0.7718366356090907
Random Forest,0.989125925925926,0.7720040701170159
Random Forest,0.9891,0.7721378448941356
Random Forest,0.9890888888888889,0.7722676074666358
Random Forest,0.9890740740740741,0.7724995371656022
Random Forest,0.9890407407407408,0.772629952607732
Random Forest,0.989,0.77281054377176
Random Forest,0.9889740740740741,0.7729401616376815
Random Forest,0.9889296296296296,0.773109073378637
Random Forest,0.9888925925925925,0.7732547531820617
Random Forest,0.9888518518518519,0.773437930005591
Random Forest,0.9885962962962963,0.7743776309796311
Random Forest,0.9885703703703703,0.7745595630889057
Random Forest,0.9885444444444444,0.7747753239515117
Random Forest,0.9885259259259259,0.774922769609551
Random Forest,0.9884888888888889,0.7751007748335909
Random Forest,0.9884333333333334,0.7752868721494349
Random Forest,0.9884,0.7754815012843909
Random Forest,0.9883814814814815,0.775636013800039
Random Forest,0.9883518518518518,0.7758427701298135
Random Forest,0.9883037037037037,0.7760757340003199
Random Forest,0.988262962962963,0.7762401526699791
Random Forest,0.9882481481481481,0.7764182457283859
Random Forest,0.9882185185185185,0.77661190797746
Random Forest,0.9882037037037037,0.7768286327361872
Random Forest,0.9881592592592593,0.7770176603527411
Random Forest,0.9881444444444445,0.7771757653083518
Random Forest,0.9881185185185185,0.7773455824293652
Random Forest,0.9880888888888889,0.7775057704413514
Random Forest,0.9880629629629629,0.777684818097015
Random Forest,0.988037037037037,0.7778435448928596
Random Forest,0.9880074074074074,0.7779790079063026
Random Forest,0.9879814814814815,0.778135601625376
Random Forest,0.9879518518518519,0.77829161974009
Random Forest,0.9879185185185185,0.7784516068781154
Random Forest,0.9878740740740741,0.7786256422232601
Random Forest,0.9878592592592592,0.7788003900980501
Random Forest,0.9878222222222223,0.7790214038695206
Random Forest,0.9878,0.7792087133850262
Random Forest,0.9877925925925926,0.7793782017001704
Random Forest,0.9877703703703704,0.7795315176280084
Random Forest,0.9877481481481482,0.7797168142627844
Random Forest,0.9877333333333334,0.7799171794211918
Random Forest,0.9876888888888888,0.7801262004990682
Random Forest,0.9876666666666667,0.7803574772918812
Random Forest,0.9876444444444444,0.7805089359410398
Random Forest,0.9876259259259259,0.7806793862512552
Random Forest,0.9875851851851852,0.7808140556368961
Random Forest,0.9875666666666667,0.7810784526243636
Random Forest,0.987537037037037,0.7812472531014316
Random Forest,0.9875037037037037,0.7813925953713011
Random Forest,0.9874703703703703,0.7816181924252952
Random Forest,0.9874481481481482,0.7817770766379695
Random Forest,0.9874222222222222,0.7819422732298776
Random Forest,0.9874074074074074,0.7821599467215881
Random Forest,0.9873851851851851,0.782319073638247
Random Forest,0.987337037037037,0.7825702778234424
Random Forest,0.9873,0.7827385321909079
Random Forest,0.9872740740740741,0.7828926886861721
Random Forest,0.9872592592592593,0.7830672287422336
Random Forest,0.987225925925926,0.7832478732938601
Random Forest,0.9872037037037037,0.7834051945838073
Random Forest,0.9871814814814814,0.783567193182052
Random Forest,0.9871444444444445,0.7837866450229817
Random Forest,0.9871185185185185,0.7840012237057694
Random Forest,0.9871074074074074,0.7842115484205076
Random Forest,0.987025925925926,0.7843406755118139
Random Forest,0.9869814814814815,0.7844900674728872
Random Forest,0.9869629629629629,0.7846763151308137
Random Forest,0.9869333333333333,0.7848908106579637
Random Forest,0.9869111111111111,0.7850535024040728
Random Forest,0.9869037037037037,0.7852326842378236
Random Forest,0.9868592592592592,0.7855862443097389
Random Forest,0.9868370370370371,0.785735349627253
Random Forest,0.9867962962962963,0.7858651344702892
Random Forest,0.9867592592592592,0.7860095173752578
Random Forest,0.9867222222222222,0.7861609237460938
Random Forest,0.9867111111111111,0.7863191355601533
Random Forest,0.986674074074074,0.7865240856430908
Random Forest,0.9866185185185186,0.7867260087063869
Random Forest,0.9865888888888888,0.7868906212613103
Random Forest,0.9865481481481482,0.7870766812340623
Random Forest,0.9865074074074074,0.7872442299337059
Random Forest,0.9864962962962963,0.7873959417273674
Random Forest,0.9864296296296297,0.7875592511658027
Random Forest,0.9864148148148149,0.7877640600320629
Random Forest,0.9863814814814815,0.7879681762908041
Random Forest,0.986362962962963,0.7881189408018561
Random Forest,0.9863333333333333,0.788330891168243
Random Forest,0.9863,0.7885446771213341
Random Forest,0.9862703703703704,0.7887335207229408
Random Forest,0.9862518518518518,0.7889313542499926
Random Forest,0.9861777777777778,0.7892087994166919
Random Forest,0.9861592592592593,0.7893460531659754
Random Forest,0.9861222222222222,0.7895762284629756
Random Forest,0.9860962962962962,0.7897545420837968
Random Forest,0.9860629629629629,0.7899223242207203
Random Forest,0.9860481481481481,0.7900768908897204
Random Forest,0.9860074074074074,0.7902130905701709
Random Forest,0.9859777777777777,0.7903512157468159
Random Forest,0.9859481481481481,0.7905692148238781
Random Forest,0.9859296296296296,0.7907915609608289
Random Forest,0.9858962962962963,0.7909386959518886
Random Forest,0.9858814814814815,0.7910937021704049
Random Forest,0.9858592592592592,0.7912287168267859
Random Forest,0.9858333333333333,0.7913678689928288
Random Forest,0.9857888888888889,0.7915204539236561
Random Forest,0.9857481481481482,0.7916478286734087
Random Forest,0.9857185185185185,0.7918053807683497
Random Forest,0.9856888888888888,0.7919653617819042
Random Forest,0.9856703703703704,0.7921437777374294
Random Forest,0.9856,0.7924268728094599
Random Forest,0.9855666666666667,0.792570000625471
Random Forest,0.9855259259259259,0.7927119547893337
Random Forest,0.9854925925925926,0.792876469045746
Random Forest,0.9854518518518518,0.7930209199533854
Random Forest,0.9854222222222222,0.7931743788792102
Random Forest,0.9853888888888889,0.7933201935778202
Random Forest,0.9853740740740741,0.7934786174645165
Random Forest,0.9853407407407407,0.7936221940487732
Random Forest,0.9852962962962963,0.7938066194812791
Random Forest,0.985262962962963,0.7939764034514355
Random Forest,0.9852407407407408,0.7941433736054763
Random Forest,0.9852111111111111,0.7943115649914897
Random Forest,0.9851851851851852,0.794487570451036
Random Forest,0.9851703703703704,0.7946536333544447
Random Forest,0.9851185185185185,0.7948088893138782
Random Forest,0.9850518518518518,0.7950330611122404
Random Forest,0.985025925925926,0.7951927906809865
Random Forest,0.9850111111111111,0.7953377792398098
Random Forest,0.9849925925925926,0.7954798339335495
Random Forest,0.9849555555555556,0.7956046060091126
Random Forest,0.984937037037037,0.7957539124450163
Random Forest,0.9849259259259259,0.7959259414451355
Random Forest,0.9849111111111111,0.7961022048587723
Random Forest,0.9848666666666667,0.7962426750428943
Random Forest,0.9848296296296296,0.7963844271599244
Random Forest,0.9848148148148148,0.7965466005224435
Random Forest,0.984774074074074,0.7966687740261452
Random Forest,0.9847222222222223,0.7968225996421603
Random Forest,0.9846851851851852,0.7969598230210522
Random Forest,0.9846481481481482,0.7970923242517187
Random Forest,0.9846,0.7972278367890409
Random Forest,0.9845666666666667,0.7973706233296439
Random Forest,0.9845481481481482,0.7975302567548918
Random Forest,0.984537037037037,0.7976744186046512
Random Forest,0.9845259259259259,0.7978066634452912
Random Forest,0.9845037037037037,0.7979467166979363
Random Forest,0.9844851851851851,0.798190482768147
Random Forest,0.9844666666666667,0.7983384842723661
Random Forest,0.9778074074074075,0.8204764834946267
Random Forest,0.9777777777777777,0.8206199410645678
Random Forest,0.9777592592592592,0.8207600257425065
Random Forest,0.9777333333333333,0.8209016023856982
Random Forest,0.9776962962962963,0.8210390119340502
Random Forest,0.977674074074074,0.8212349074301643
Random Forest,0.9776481481481482,0.8213868965195339
Random Forest,0.9776222222222222,0.8215363930058699
Random Forest,0.9776074074074074,0.8217004068748462
Random Forest,0.977574074074074,0.8218386867768492
Random Forest,0.9775444444444444,0.8220210973486606
Random Forest,0.9774814814814815,0.8221678790049999
Random Forest,0.9774222222222222,0.8223204103126578
Random Forest,0.9773555555555555,0.8225462570445364
Random Forest,0.9773259259259259,0.8226880040904003
Random Forest,0.9772703703703703,0.8228798283529493
Random Forest,0.9772296296296297,0.8230457296150727
Random Forest,0.9771851851851852,0.8231983176601998
Random Forest,0.9771592592592593,0.8233563020384725
Random Forest,0.9771296296296297,0.8235189456959762
Random Forest,0.9770925925925926,0.8236599895097035
Random Forest,0.9770444444444445,0.8238328862350998
Random Forest,0.9770111111111112,0.8239900543822878
Random Forest,0.9770074074074074,0.8242186401542254
Random Forest,0.9769888888888889,0.824380746416986
Random Forest,0.9769592592592593,0.8246108733505688
Random Forest,0.9769296296296296,0.8247921376597468
Random Forest,0.9768962962962963,0.8250013293255472
Random Forest,0.9768740740740741,0.8251632299986548
Random Forest,0.9768333333333333,0.8253173033595353
Random Forest,0.9768074074074075,0.8255201404778375
Random Forest,0.9767925925925925,0.8256833629188542
Random Forest,0.9767740740740741,0.8258900750641193
Random Forest,0.9767629629629629,0.8260669370879078
Random Forest,0.9767407407407407,0.8262448344032659
Random Forest,0.9767,0.826502980574552
Random Forest,0.9766777777777778,0.8266473983003295
Random Forest,0.9766555555555556,0.8268126120928599
Random Forest,0.9766481481481482,0.8269671025809892
Random Forest,0.9766222222222222,0.827121536251341
Random Forest,0.9765962962962963,0.827268249371739
Random Forest,0.9765851851851852,0.8274327674396711
Random Forest,0.9765666666666667,0.8276274447642574
Random Forest,0.9765259259259259,0.8278189775888377
Random Forest,0.9764962962962963,0.8279706312768109
Random Forest,0.976474074074074,0.8281260306501617
Random Forest,0.9764518518518519,0.8282893021297719
Random Forest,0.9764259259259259,0.8284677267299353
Random Forest,0.9764037037037037,0.8286259398023587
Random Forest,0.9763592592592593,0.8287966246635982
Random Forest,0.9763296296296297,0.8289591194968553
Random Forest,0.9762962962962963,0.8291289742202539
Random Forest,0.9762777777777778,0.8292958402285326
Random Forest,0.9762555555555555,0.8294674634418042
Random Forest,0.9762111111111111,0.8296020017940607
Random Forest,0.9761814814814814,0.8297465764205887
Random Forest,0.9761333333333333,0.8298911451953687
Random Forest,0.9761,0.830084977983836
Random Forest,0.9760666666666666,0.8303129213978752
Random Forest,0.9760407407407408,0.8305001953888238
Random Forest,0.9760148148148148,0.830760888754382
Random Forest,0.9759814814814814,0.8309053988434203
Random Forest,0.9759407407407408,0.831145891489006
Random Forest,0.9759222222222222,0.8313136698773058
Random Forest,0.9758925925925926,0.8314694318045555
Random Forest,0.9758592592592592,0.8317848765812096
Random Forest,0.9758370370370371,0.8319602896180213
Random Forest,0.9758037037037037,0.8321263095392254
Random Forest,0.9757888888888889,0.8323713118560854
Random Forest,0.9757629629629629,0.832541207402164
Random Forest,0.9757296296296296,0.8328075211167872
Random Forest,0.9756888888888889,0.8330176478214537
Random Forest,0.975662962962963,0.8331825715117088
Random Forest,0.9756333333333334,0.8333523147884517
Random Forest,0.9756037037037038,0.8335115875808473
Random Forest,0.9755814814814815,0.8336878153148876
Random Forest,0.9755555555555555,0.833879438888414
Random Forest,0.9755370370370371,0.8341303218778106
Random Forest,0.9755333333333334,0.8343358896142772
Random Forest,0.9755037037037037,0.8345061609091975
Random Forest,0.9754703703703703,0.8346945049233528
Random Forest,0.9754148148148148,0.8348559871678639
Random Forest,0.9753925925925926,0.8350778616659321
Random Forest,0.975362962962963,0.8352617289589201
Random Forest,0.975337037037037,0.8354276577722648
Random Forest,0.9753074074074074,0.8356223067012762
Random Forest,0.9752666666666666,0.8358287598835714
Random Forest,0.9752333333333333,0.8360098296948223
Random Forest,0.9752185185185185,0.836236081734281
Random Forest,0.9751888888888889,0.8364311559097941
Random Forest,0.9751666666666666,0.8366353465286759
Random Forest,0.9751296296296297,0.8368535311636837
Random Forest,0.9750888888888889,0.837116575146025
Random Forest,0.9750777777777778,0.837301385372804
Random Forest,0.9750555555555556,0.8374714098938468
Random Forest,0.9750185185185185,0.8376634327479612
Random Forest,0.9749740740740741,0.8378305261683789
Random Forest,0.974937037037037,0.837998732972326
Random Forest,0.9749148148148148,0.8381610747230563
Random Forest,0.9749111111111111,0.8383874738427924
Random Forest,0.9748814814814815,0.8385516221933379
Random Forest,0.9748407407407408,0.8387169756007405
Random Forest,0.9748074074074075,0.8388807613729446
Random Forest,0.9747851851851852,0.8390488365494662
Random Forest,0.9747666666666667,0.8392308796097001
Random Forest,0.9747592592592592,0.8394145451529977
Random Forest,0.9747148148148148,0.8395744273591527
Random Forest,0.9746925925925926,0.8397347739100746
Random Forest,0.974662962962963,0.8399075702399152
Random Forest,0.9746333333333334,0.8400804482114639
Random Forest,0.9745962962962963,0.8403248366555748
Random Forest,0.9745777777777778,0.8404940700731139
Random Forest,0.9745592592592592,0.8406982948391487
Random Forest,0.9745407407407407,0.8408542567435856
Random Forest,0.9744481481481482,0.8414573692004107
Random Forest,0.9743777777777778,0.8416038592944247
Random Forest,0.9743259259259259,0.8417771946946546
Random Forest,0.974262962962963,0.8419491023618015
Random Forest,0.9741925925925926,0.8421254838430827
Random Forest,0.9741481481481481,0.842294710279057
Random Forest,0.9740925925925926,0.8424625063263568
Random Forest,0.9740555555555556,0.8426977092926011
Random Forest,0.9740222222222222,0.8428741294377442
Random Forest,0.974,0.8430197146978683
Random Forest,0.9739814814814814,0.8431793770139635
Random Forest,0.9739629629629629,0.8433418104733836
Random Forest,0.973925925925926,0.8435126257442004
Random Forest,0.9738962962962963,0.8436980613862276
Random Forest,0.9738518518518519,0.8438490866378259
Random Forest,0.9738148148148148,0.844022855675398
Random Forest,0.9738037037037037,0.8441975007384765
Random Forest,0.9737814814814815,0.8443544528191608
Random Forest,0.9737444444444444,0.844528461891806
Random Forest,0.9736925925925926,0.8446598510502946
Random Forest,0.9736074074074074,0.8448248156884927
Random Forest,0.9735814814814815,0.844978832696332
Random Forest,0.9735370370370371,0.8451304244380641
Random Forest,0.9734851851851852,0.8453680862218134
Random Forest,0.9734407407407407,0.8455280106547937
Random Forest,0.9733740740740741,0.8457476250547075
Random Forest,0.9733481481481482,0.8459102087061762
Random Forest,0.9733074074074074,0.8460599855766754
Random Forest,0.973262962962963,0.8462284080223617
Random Forest,0.9732148148148149,0.8463882393109535
Random Forest,0.9731814814814815,0.8465419422599237
Random Forest,0.9731518518518518,0.8467016624613709
Random Forest,0.9730962962962963,0.8468716457744413
Random Forest,0.9730555555555556,0.8470546132195007
Random Forest,0.973037037037037,0.8472515600561137
Random Forest,0.973,0.8474133426232364
Random Forest,0.9729629629629629,0.8475943420577151
Random Forest,0.9729333333333333,0.8477572636001898
Random Forest,0.9729037037037037,0.8479175207150442
Random Forest,0.9728703703703704,0.8481156930865696
Random Forest,0.9728481481481481,0.8482770870337478
Random Forest,0.9726074074074074,0.8501372630270382
Random Forest,0.9725518518518519,0.8502758817205693
Random Forest,0.9724925925925926,0.8504388663967611
Random Forest,0.9724407407407407,0.8505753456609348
Random Forest,0.9724074074074074,0.8507446243179138
Random Forest,0.9722592592592593,0.8508879690645127
Random Forest,0.9722074074074074,0.8510412039903904
Random Forest,0.9721333333333333,0.8512330224292034
Random Forest,0.9720962962962963,0.8513883482548332
Random Forest,0.9720481481481481,0.8515367718867919
Random Forest,0.9719851851851852,0.8517413839547964
Random Forest,0.9719407407407408,0.8519374610430085
Random Forest,0.9718888888888889,0.8520718128890433
Random Forest,0.9718592592592593,0.8522616917135721
Random Forest,0.9718222222222223,0.8524839423386192
Random Forest,0.9716370370370371,0.8527038051869115
Random Forest,0.9715814814814815,0.852826913136344
Random Forest,0.9715259259259259,0.8529778066823835
Random Forest,0.9714888888888888,0.8531505833449883
Random Forest,0.9714222222222222,0.8533307305646382
Random Forest,0.9713703703703703,0.8534573368955071
Random Forest,0.9712592592592593,0.8535930394930001
Random Forest,0.9712259259259259,0.8537832910073582
Random Forest,0.9711740740740741,0.853962919178399
Random Forest,0.9709481481481481,0.8549754748486746
Random Forest,0.9709074074074074,0.8551515586466067
Random Forest,0.9707111111111111,0.8552939448822752
Random Forest,0.9706592592592592,0.8554576315445881
Random Forest,0.9706259259259259,0.8556488975809795
Random Forest,0.9705481481481482,0.855820637175656
Random Forest,0.9705074074074074,0.8559831963518052
Random Forest,0.9702740740740741,0.8561213852242313
Random Forest,0.9702222222222222,0.8562771100484099
Random Forest,0.9701740740740741,0.8564361776908817
Random Forest,0.9701407407407407,0.8566336141489195
Random Forest,0.9700888888888889,0.8568063906208088
Random Forest,0.9700481481481481,0.8569470119587089
Random Forest,0.9699814814814814,0.8570816124830642
Random Forest,0.9699407407407408,0.8572644424658251
Random Forest,0.9698814814814815,0.8574197646473312
Random Forest,0.9698481481481481,0.857581235712929
Random Forest,0.9698111111111111,0.8577479321922856
Random Forest,0.9697444444444444,0.8578744401377417
Random Forest,0.9696777777777777,0.8580234977960575
Random Forest,0.9696407407407407,0.8581735339430294
Random Forest,0.9696037037037037,0.8583461476670262
Random Forest,0.969574074074074,0.8585169565174615
Random Forest,0.9695370370370371,0.8586841000341144
Random Forest,0.9694814814814815,0.858826462984107
Random Forest,0.9694296296296296,0.8589778089906077
Random Forest,0.9693814814814815,0.8591184068431954
Random Forest,0.9693259259259259,0.8592722461348541
Random Forest,0.9692555555555555,0.859435601196712
Random Forest,0.9692296296296297,0.8595989291638609
Random Forest,0.9691925925925926,0.859760945703528
Random Forest,0.9690814814814814,0.8598855685586305
Random Forest,0.9690407407407408,0.8600529230971516
Random Forest,0.9689925925925926,0.8602109527066126
Random Forest,0.9689555555555556,0.8603647748275114
Random Forest,0.9688703703703704,0.8605183603785563
Random Forest,0.9688296296296296,0.8607115123915818
Random Forest,0.9687777777777777,0.8608750600641123
Random Forest,0.9687481481481481,0.8610357631939324
Random Forest,0.9687037037037037,0.8612117220941718
Random Forest,0.9686555555555556,0.8613561063648999
Random Forest,0.9686111111111111,0.8616031864739584
Random Forest,0.9685592592592592,0.8617387607959957
Random Forest,0.9685148148148148,0.8618866655899908
Random Forest,0.968462962962963,0.8620337250894226
Random Forest,0.9684148148148148,0.8621784620254626
Random Forest,0.9683888888888889,0.8623402065935806
Random Forest,0.9683148148148149,0.8625075052289177
Random Forest,0.968262962962963,0.862689000204592
Random Forest,0.9682296296296297,0.8628785503275956
Random Forest,0.9681888888888889,0.8630444974149373
Random Forest,0.9681555555555555,0.8632199774124734
Random Forest,0.9680407407407408,0.8636395177092179
Random Forest,0.9679666666666666,0.8637932060205842
Random Forest,0.9679222222222222,0.8639562829968495
Random Forest,0.9678851851851852,0.864111763247086
Random Forest,0.9677222222222223,0.8642663403016672
Random Forest,0.9676851851851852,0.8644362760505411
Random Forest,0.9676370370370371,0.864584919022311
Random Forest,0.9676111111111111,0.8647649373905617
Random Forest,0.9675222222222222,0.8649059377421086
Random Forest,0.9674666666666667,0.8650796804832492
Random Forest,0.9674074074074074,0.8652272712215869
Random Forest,0.9672592592592593,0.8655764654412398
Random Forest,0.9672111111111111,0.8657428434086426
Random Forest,0.967162962962963,0.8659064306154729
Random Forest,0.9671222222222222,0.8660480048820772
Random Forest,0.9670111111111112,0.866192697378461
Random Forest,0.9669703703703704,0.8663775224075739
Random Forest,0.9669074074074074,0.8665223928650851
Random Forest,0.9668592592592593,0.8666863651907161
Random Forest,0.9668037037037037,0.8668351387071708
Random Forest,0.9667111111111111,0.8671581444333333
Random Forest,0.9666703703703704,0.8673233043229753
Random Forest,0.9666333333333333,0.867483214784285
Random Forest,0.9665925925925926,0.8676514101247054
Random Forest,0.9665666666666667,0.867821443060368
Random Forest,0.9665296296296296,0.8679815735643844
Random Forest,0.9664703703703704,0.8681275907726906
Random Forest,0.9664148148148148,0.8682770026321306
Random Forest,0.9663407407407407,0.8684329649846891
Random Forest,0.9662851851851851,0.8685651697699891
Random Forest,0.9662555555555555,0.8687178462614255
Random Forest,0.9662037037037037,0.8688563901535715
Random Forest,0.966137037037037,0.8689932474523874
Random Forest,0.966062962962963,0.8691263986351853
Random Forest,0.9660296296296297,0.8692904778251407
Random Forest,0.9659666666666666,0.8694366568103554
Random Forest,0.9659037037037037,0.8695655073304591
Random Forest,0.9658740740740741,0.8697099254970753
Random Forest,0.9658185185185185,0.8698600663809063
Random Forest,0.9657481481481481,0.8699969304274714
Random Forest,0.9657148148148148,0.8701556143647109
Random Forest,0.9656333333333333,0.8703116446129812
Random Forest,0.9655555555555555,0.8704565639837328
Random Forest,0.9655259259259259,0.8706333409033223
Random Forest,0.965474074074074,0.8707727048008445
Random Forest,0.9653925925925926,0.8709348676670576
Random Forest,0.9653555555555555,0.8710877317282659
Random Forest,0.9653037037037037,0.8712331148275297
Random Forest,0.9652555555555555,0.8713877325843824
Random Forest,0.9651888888888889,0.8715373579075157
Random Forest,0.965137037037037,0.8717004358719613
Random Forest,0.965062962962963,0.8718289312553116
Random Forest,0.9650074074074074,0.8719946452476572
Random Forest,0.9649555555555556,0.872149191078261
Random Forest,0.9649,0.872312142986292
Random Forest,0.9648444444444444,0.8724517989370146
Random Forest,0.9647814814814815,0.8725848161646479
Random Forest,0.9647148148148148,0.872726237104594
Random Forest,0.9646518518518519,0.8728593738479996
Random Forest,0.9646074074074074,0.873006402306171
Random Forest,0.9645555555555556,0.8731467884371669
Random Forest,0.9645148148148148,0.8733148667319481
Random Forest,0.9644888888888888,0.8734905812268556
Random Forest,0.9644444444444444,0.873629083394002
Random Forest,0.9643111111111111,0.8740097215135484
Random Forest,0.9642592592592593,0.8741740088105727
Random Forest,0.9642111111111111,0.8743299883125781
Random Forest,0.9641555555555555,0.8744734455305855
Random Forest,0.9640222222222222,0.8746022412257859
Random Forest,0.9639703703703704,0.8747403727877073
Random Forest,0.9639333333333333,0.8748978912655432
Random Forest,0.9638703703703704,0.8750290000773335
Random Forest,0.9638148148148148,0.8751698346718323
Random Forest,0.9637481481481481,0.8752976951332733
Random Forest,0.9636740740740741,0.8754336086671265
Random Forest,0.9635370370370371,0.8755624661342379
Random Forest,0.9634592592592592,0.8757334697876094
Random Forest,0.9633962962962963,0.8758737962152333
Random Forest,0.9633259259259259,0.8760104003879937
Random Forest,0.9632851851851851,0.8761828723121132
Random Forest,0.9631555555555555,0.8763188488820745
Random Forest,0.9630666666666666,0.8764476682261261
Random Forest,0.9630222222222222,0.8765904079940126
Random Forest,0.9629962962962964,0.8767500674399784
Random Forest,0.9629074074074074,0.8768820323250857
Random Forest,0.9628592592592593,0.8770393360771878
Random Forest,0.9627851851851852,0.8771790113042011
Random Forest,0.9627370370370371,0.8773394176474361
Random Forest,0.9626592592592592,0.8774995526716475
Random Forest,0.9626,0.8776351645679901
Random Forest,0.9625407407407407,0.877776764514157
Random Forest,0.9625037037037038,0.8779475953027662
Random Forest,0.9624407407407407,0.8780859504355643
Random Forest,0.9623888888888888,0.8782226338060539
Random Forest,0.9622962962962963,0.8783518816513637
Random Forest,0.9622407407407407,0.8785239188581437
Random Forest,0.9621555555555555,0.8786303510368083
Random Forest,0.9620888888888889,0.8787626606044614
Random Forest,0.9620407407407408,0.8789387130830243
Random Forest,0.9619703703703704,0.8790766939687268
Random Forest,0.9618851851851852,0.8791982206755069
Random Forest,0.9618407407407408,0.8793540719270504
Random Forest,0.9617740740740741,0.8795105231427855
Random Forest,0.9617333333333333,0.8796818255732018
Random Forest,0.9616851851851852,0.8798285443209541
Random Forest,0.9616296296296296,0.879992408014967
Random Forest,0.9615851851851852,0.880145635511199
Random Forest,0.9615222222222222,0.8802909312852856
Random Forest,0.9614592592592592,0.8804303219614108
Random Forest,0.9613851851851852,0.880565572407991
Random Forest,0.9613259259259259,0.8807144577945323
Random Forest,0.9612074074074074,0.8810004718566371
Random Forest,0.9611518518518518,0.8811439785953904
Random Forest,0.9610777777777778,0.8812705679382987
Random Forest,0.9610333333333333,0.8814333708128527
Random Forest,0.9609629629629629,0.8815754602227552
Random Forest,0.9609185185185185,0.8817324161931432
Random Forest,0.9608666666666666,0.8818736509339361
Random Forest,0.9607888888888889,0.882012138109243
Random Forest,0.9607370370370371,0.8821594966842373
Random Forest,0.9606666666666667,0.8823349321359323
Random Forest,0.9606,0.8824658224058032
Random Forest,0.9605370370370371,0.8826001728820251
Random Forest,0.9604370370370371,0.8827185708644799
Random Forest,0.9603666666666667,0.8828552459100117
Random Forest,0.9603222222222222,0.8830037937352286
Random Forest,0.9602518518518518,0.8831405943966618
Random Forest,0.9600925925925926,0.8832859703282699
Random Forest,0.9600111111111111,0.8834217199258371
Random Forest,0.9599074074074074,0.8835732256942788
Random Forest,0.959837037037037,0.8837072904589783
Random Forest,0.9597333333333333,0.8838378498217849
Random Forest,0.9596703703703704,0.8840090205350228
Random Forest,0.9595592592592592,0.8841841940911278
Random Forest,0.9595037037037037,0.88432313605549
Random Forest,0.9594407407407407,0.8844704082817205
Random Forest,0.9593777777777778,0.8846026439179983
Random Forest,0.9591740740740741,0.8852280262789092
Random Forest,0.9591111111111111,0.8853575482406356
Random Forest,0.9590222222222222,0.885481355839466
Random Forest,0.9589555555555556,0.8856318025407554
Random Forest,0.9589,0.8857834936209958
Random Forest,0.9588518518518518,0.885936034932346
Random Forest,0.9588074074074074,0.8860829682365827
Random Forest,0.958737037037037,0.886218135257828
Random Forest,0.9586925925925925,0.8863803689384886
Random Forest,0.9586407407407408,0.8865297538720792
Random Forest,0.9585925925925926,0.8866856688683641
Random Forest,0.9581222222222222,0.8871410787954856
Random Forest,0.9580888888888889,0.8873019139740688
Random Forest,0.9580222222222222,0.8874319414567873
Random Forest,0.9579777777777778,0.8875947977076971
Random Forest,0.9579333333333333,0.8877942958353213
Random Forest,0.9579,0.8879676170072511
Random Forest,0.9578407407407408,0.8881078296703296
Random Forest,0.9577962962962963,0.8882557412635932
Random Forest,0.9577444444444444,0.8884182101151273
Random Forest,0.9576851851851852,0.888549455685067
Random Forest,0.9576222222222223,0.8887139739116985
Random Forest,0.9575703703703704,0.8888797208326887
Random Forest,0.9575407407407407,0.8890478368368747
Random Forest,0.9575111111111111,0.8892252024187057
Random Forest,0.9574518518518519,0.8894057256491328
Random Forest,0.9574185185185186,0.8895675753800836
Random Forest,0.9573592592592592,0.8897054014889977
Random Forest,0.9572925925925926,0.8898578466644403
Random Forest,0.9572444444444445,0.8900091943098586
Random Forest,0.9572111111111111,0.8901713199280828
Random Forest,0.9571703703703703,0.8903358275800295
Random Forest,0.9571259259259259,0.8904908271422861
Random Forest,0.9570962962962963,0.8906811703598005
Random Forest,0.9570703703703703,0.8908658404150793
Random Forest,0.9570074074074074,0.8910099689998932
Random Forest,0.9569518518518518,0.8911610613486565
Random Forest,0.9569148148148148,0.8913140972567202
Random Forest,0.9568592592592593,0.8914807057256531
Random Forest,0.9568074074074074,0.8916262278334219
Random Forest,0.9567555555555556,0.8917779703320641
Random Forest,0.9567185185185185,0.8919343533222149
Random Forest,0.9566148148148148,0.8920871757676234
Random Forest,0.9565851851851852,0.8922660236368725
Random Forest,0.9565333333333333,0.8924088030103559
Random Forest,0.9565111111111111,0.8925854626266257
Random Forest,0.9564703703703704,0.8927387434102497
Random Forest,0.9563518518518519,0.8928688748500158
Random Forest,0.9563,0.8930273579358766
Random Forest,0.9562592592592593,0.8931993828313649
Random Forest,0.9562222222222222,0.8933687663497073
Random Forest,0.9561814814814815,0.8935254886080856
Random Forest,0.9561407407407407,0.8936853729545227
Random Forest,0.956062962962963,0.8938076078751827
Random Forest,0.9560074074074074,0.8939630600646259
Random Forest,0.9559518518518518,0.8941061951807563
Random Forest,0.9558851851851852,0.8942451950895842
Random Forest,0.9558407407407408,0.8944143507206899
Random Forest,0.9557814814814815,0.8945728211207943
Random Forest,0.9557444444444444,0.8947428642756096
Random Forest,0.9556888888888889,0.894920474172314
Random Forest,0.9556111111111111,0.8950338913672409
Random Forest,0.9555518518518519,0.8951864458531542
Random Forest,0.9554925925925926,0.8953266422344384
Random Forest,0.9554444444444444,0.8954866390352613
Random Forest,0.9553666666666667,0.8956251519044478
Random Forest,0.955274074074074,0.8957560602903383
Random Forest,0.9551962962962963,0.8959102641150254
Random Forest,0.9551296296296297,0.8960469487809369
Random Forest,0.955062962962963,0.8961743506335537
Random Forest,0.9549925925925926,0.896301446051168
Random Forest,0.954937037037037,0.8964518540409923
Random Forest,0.9548814814814814,0.8966085662219873
Random Forest,0.9548407407407408,0.8967699071948352
Random Forest,0.9547740740740741,0.8969132065493463
Random Forest,0.9547,0.897055855228815
Random Forest,0.9546518518518519,0.8971948303288303
Random Forest,0.9545888888888889,0.897351177834567
Random Forest,0.954474074074074,0.8974650967609377
Random Forest,0.9544,0.8976048821947583
Random Forest,0.9543222222222222,0.8977819124472133
Random Forest,0.9542444444444445,0.8979089705164843
Random Forest,0.9541666666666667,0.8980423461171106
Random Forest,0.9540740740740741,0.8981680996910804
Random Forest,0.9539888888888889,0.898297755101329
Random Forest,0.9539296296296297,0.8984393531373397
Random Forest,0.9538629629629629,0.8985677651204578
Random Forest,0.9536962962962963,0.8987713787085515
Random Forest,0.9536222222222223,0.898914925706625
Random Forest,0.9535703703703704,0.8990606557949505
Random Forest,0.9535185185185185,0.899203308313745
Random Forest,0.9534481481481482,0.8993316960527097
Random Forest,0.953337037037037,0.8994279883850543
Random Forest,0.9532851851851852,0.8995991094427727
Random Forest,0.9531925925925926,0.8997538771343467
Random Forest,0.953137037037037,0.8999122282485165
Random Forest,0.9530407407407407,0.9000825503872173
Random Forest,0.953,0.9002424577448281
Random Forest,0.9529222222222222,0.9003957991398105
Random Forest,0.9528666666666666,0.9005355455213693
Random Forest,0.9527740740740741,0.9006907948867874
Random Forest,0.9527148148148148,0.9008460983519293
Random Forest,0.9526666666666667,0.9009993589810952
Random Forest,0.9526370370370371,0.9011702053114709
Random Forest,0.9525666666666667,0.9013404825737266
Random Forest,0.9524666666666667,0.9014670055209886
Random Forest,0.9524037037037038,0.9016191691677653
Random Forest,0.9523481481481482,0.9017720933005544
Random Forest,0.9522333333333334,0.9019132545673954
Random Forest,0.9521740740740741,0.9020533189240777
Random Forest,0.9520851851851851,0.9021875318057228
Random Forest,0.9520111111111111,0.9023231812629007
Random Forest,0.9519592592592593,0.9024767910563054
Random Forest,0.9518666666666666,0.9025950080600128
Random Forest,0.9518037037037037,0.9027286969839609
Random Forest,0.9517185185185185,0.9029460545919659
Random Forest,0.9516592592592592,0.9030865802995902
Random Forest,0.9515518518518519,0.903222744483155
Random Forest,0.9514851851851852,0.9033595420276809
Random Forest,0.9514407407407407,0.9035143253072221
Random Forest,0.9513777777777778,0.9036579445433374
Random Forest,0.9513259259259259,0.9038026439406468
Random Forest,0.951237037037037,0.9039281176640352
Random Forest,0.9511703703703703,0.9040588587320026
Random Forest,0.9511222222222222,0.9042263638060162
Random Forest,0.9510444444444445,0.9043402924520328
Random Forest,0.9509962962962963,0.9045047520413699
Random Forest,0.9509148148148148,0.9046248273529329
Random Forest,0.950837037037037,0.9047580449055687
Random Forest,0.9507814814814814,0.9049060940187812
Random Forest,0.9507,0.9050295284266197
Random Forest,0.9506074074074075,0.905161590655814
Random Forest,0.9505444444444444,0.9053091632538599
Random Forest,0.9504777777777778,0.9054660541524653
Random Forest,0.9503962962962963,0.905602512749025
Random Forest,0.9503370370370371,0.9057570184511223
Random Forest,0.950274074074074,0.9058920728176593
Random Forest,0.9501962962962963,0.90603545698545
Random Forest,0.9501111111111111,0.9061718451952016
Random Forest,0.9500407407407407,0.9063000166059548
Random Forest,0.9499555555555556,0.9064301238669094
Random Forest,0.9498444444444445,0.90654836600152
Random Forest,0.9497444444444444,0.9066484227497401
Random Forest,0.9496,0.9067381517383816
Random Forest,0.9495111111111111,0.9068681551914424
Random Forest,0.9494222222222222,0.9070046386226369
Random Forest,0.9493518518518519,0.9071588841936876
Random Forest,0.9492851851851852,0.9072910508784164
Random Forest,0.9492259259259259,0.9074496335375137
Random Forest,0.9491444444444445,0.9075773995452711
Random Forest,0.9490481481481482,0.9077039157202672
Random Forest,0.9485481481481481,0.9084453335887258
Random Forest,0.9484777777777778,0.9085842010963083
Random Forest,0.9484222222222223,0.9087308769202925
Random Forest,0.948262962962963,0.9088427501943481
Random Forest,0.948162962962963,0.9089437244807385
Random Forest,0.9480592592592593,0.9090411912397146
Random Forest,0.9479703703703704,0.9091625965722405
Random Forest,0.9478814814814814,0.9092840571162613
Random Forest,0.9477925925925926,0.9094023411680253
Random Forest,0.9477111111111111,0.9095213214045789
Random Forest,0.9476148148148148,0.9096228984239735
Random Forest,0.9475222222222223,0.9097442498897629
Random Forest,0.9474296296296296,0.909878602703962
Random Forest,0.9473148148148148,0.9099787247667908
Random Forest,0.9472481481481482,0.9101121996178168
Random Forest,0.9470925925925926,0.9101829869478091
Random Forest,0.9470037037037037,0.910308169920679
Random Forest,0.9469037037037037,0.9104292119066866
Random Forest,0.9467777777777778,0.910522135272893
Random Forest,0.9466851851851852,0.9106439223901441
Random Forest,0.9465851851851852,0.9107846037068845
Random Forest,0.9464925925925926,0.9109000178221351
Random Forest,0.9463703703703704,0.9110129457107305
Random Forest,0.9462555555555555,0.9111330632506919
Random Forest,0.9461703703703703,0.911294781563355
Random Forest,0.9460703703703703,0.9114162973746369
Random Forest,0.9459555555555555,0.9115268488711554
Random Forest,0.9458666666666666,0.9116494249180749
Random Forest,0.9456888888888889,0.9118361283318572
Random Forest,0.9455814814814815,0.9119312194825745
Random Forest,0.9454925925925926,0.9120507324044301
Random Forest,0.9453888888888888,0.9121755631077328
Random Forest,0.9453037037037038,0.9122987618312316
Random Forest,0.9451962962962963,0.9124070889479198
Random Forest,0.9450777777777778,0.9124949488808866
Random Forest,0.9449592592592593,0.9125959044978986
Random Forest,0.9448296296296296,0.9126763788316781
Random Forest,0.9447333333333333,0.9127858293075685
Random Forest,0.9446296296296296,0.9128914373252871
Random Forest,0.9445111111111111,0.9130056530751798
Random Forest,0.9444222222222223,0.9131322246572988
Random Forest,0.9443259259259259,0.9132484204192157
Random Forest,0.9442185185185186,0.9133473771701669
Random Forest,0.9441185185185185,0.9134502714421371
Random Forest,0.9439925925925926,0.9135379443084434
Random Forest,0.9439,0.9136415455542729
Random Forest,0.9437814814814814,0.9137364725794075
Random Forest,0.9436555555555556,0.9138144374266992
Random Forest,0.9435,0.9138932436941025
Random Forest,0.9433148148148148,0.9139925788230904
Random Forest,0.9430666666666667,0.9140900132467449
Random Forest,0.9429444444444445,0.9142012790451328
Random Forest,0.9428074074074074,0.9142982339567343
Random Forest,0.9426703703703704,0.9151251047183481
Random Forest,0.9425407407407408,0.915226319688698
Random Forest,0.9422407407407407,0.9154947316904652
Random Forest,0.9421148148148148,0.9155898380977748
Random Forest,0.9419740740740741,0.9156606986632296
Random Forest,0.9418296296296297,0.9157411808766547
Random Forest,0.9416777777777777,0.9158639818450344
Random Forest,0.9397444444444445,0.9176063418127111
Random Forest,0.9396074074074074,0.9176982123090948
Random Forest,0.9394666666666667,0.9177732269105803
Random Forest,0.9393407407407407,0.9178594305856637
Random Forest,0.9392259259259259,0.917956533070775
Random Forest,0.9390740740740741,0.9180507127520521
Random Forest,0.9389481481481482,0.9181337167401248
Random Forest,0.9388185185185185,0.9182330929205623
Random Forest,0.9386703703703704,0.9183044190327115
Random Forest,0.9385148148148148,0.9183918293973529
Random Forest,0.9383925925925926,0.9184719563830405
Random Forest,0.9382481481481482,0.9185603382320414
Random Forest,0.9381,0.9186318103016807
Random Forest,0.9379814814814815,0.9187490023653012
Random Forest,0.9377740740740741,0.9188891993801466
Random Forest,0.937637037037037,0.9189950522185155
Random Forest,0.9375148148148148,0.9190787753797891
Random Forest,0.937362962962963,0.9191668633895658
Random Forest,0.9372296296296296,0.9192765000563078
Random Forest,0.9371185185185186,0.9193879516146028
Random Forest,0.9369666666666666,0.9194695025768886
Random Forest,0.9368592592592593,0.9195947198702871
Random Forest,0.9367,0.9196624024552549
Random Forest,0.9365740740740741,0.9197461264275842
Random Forest,0.9364444444444444,0.9198463284728892
Random Forest,0.9362888888888888,0.9199278025633001
Random Forest,0.9361481481481482,0.9199970881560748
Random Forest,0.9360259259259259,0.9201013568861883
Random Forest,0.9358703703703704,0.9201729022672483
Random Forest,0.9356925925925926,0.9202326835096308
Random Forest,0.9354629629629629,0.920446056012099
Random Forest,0.935,0.9208126641377298
Random Forest,0.9348333333333333,0.9208702124088817
Random Forest,0.9346888888888889,0.9209396017238926
Random Forest,0.9345481481481481,0.9210261202201749
Random Forest,0.9343925925925926,0.9211048029354315
Random Forest,0.934262962962963,0.9211989964539914
Random Forest,0.9340888888888889,0.9212763237201147
Random Forest,0.9339444444444445,0.9213391597915921
Random Forest,0.9337592592592593,0.9214392748803041
Random Forest,0.9335629629629629,0.9215217454885789
Random Forest,0.9333407407407407,0.9215820366069959
Random Forest,0.9332111111111111,0.9216562722899939
Random Forest,0.9322185185185186,0.9223662801776579
Random Forest,0.9320703703703703,0.9224732321880876
Random Forest,0.9319185185185185,0.9225731937595102
Random Forest,0.9317703703703704,0.9226565737694697
Random Forest,0.9316666666666666,0.922770475746782
Random Forest,0.9314666666666667,0.9228432095639634
Random Forest,0.9313111111111111,0.9229058317031187
Random Forest,0.9311518518518519,0.9229648121294444
Random Forest,0.9309259259259259,0.92301534258246
Random Forest,0.9307222222222222,0.9230913338622939
Random Forest,0.9305777777777777,0.9231888477776022
Random Forest,0.930262962962963,0.9233956354224876
Random Forest,0.9300518518518519,0.9234950370885233
Random Forest,0.9299074074074074,0.9235689876514146
Random Forest,0.9297,0.9236280011038543
Random Forest,0.9295481481481481,0.9237048596287191
Random Forest,0.9292962962962963,0.9237469718947655
Random Forest,0.9290296296296296,0.9238186083683518
Random Forest,0.9287222222222222,0.9238531738283049
Random Forest,0.9285444444444444,0.9239112008667645
Random Forest,0.9282777777777778,0.9239420939517154
Random Forest,0.928062962962963,0.9239905601238984
Random Forest,0.9278666666666666,0.9240540879482432
Random Forest,0.9277111111111112,0.9241173215273935
Random Forest,0.9275407407407408,0.9241931079275808
Random Forest,0.9273888888888889,0.9242566856763191
Random Forest,0.9272259259259259,0.9243160420897175
Random Forest,0.9270814814814815,0.9244212026870819
Random Forest,0.9269185185185185,0.9244840438696618
Random Forest,0.926725925925926,0.9245378530071423
Random Forest,0.9265629629629629,0.9246041719024881
Random Forest,0.924625925925926,0.9257265118900619
Random Forest,0.9244555555555556,0.9257893780298282
Random Forest,0.9242666666666667,0.9258680755232198
Random Forest,0.9241333333333334,0.9259578131726216
Random Forest,0.9239814814814815,0.9260152854231701
Random Forest,0.9238555555555555,0.9261022109190815
Random Forest,0.9237148148148148,0.9261812010502041
Random Forest,0.9235296296296296,0.9262225358913879
Random Forest,0.9233037037037037,0.9262712021847772
Random Forest,0.9231555555555555,0.9263635181090071
Random Forest,0.9229777777777778,0.9264261417498466
Random Forest,0.9228518518518518,0.9265132951329885
Random Forest,0.9227111111111111,0.9265993967277502
Random Forest,0.9225518518518518,0.9266531500530124
Random Forest,0.9223777777777777,0.9266920440718456
Random Forest,0.9222074074074074,0.9267553735926305
Random Forest,0.9220074074074074,0.9267855015487253
Random Forest,0.9218740740740741,0.9268619645723095
Random Forest,0.9217111111111111,0.92692592771928
Random Forest,0.9215444444444445,0.9270172797925531
Random Forest,0.9213851851851852,0.9270677672399337
Random Forest,0.9212370370370371,0.9271260040628436
Random Forest,0.9210851851851852,0.9272012795514113
Random Forest,0.9209074074074074,0.9272816098812579
Random Forest,0.9207333333333333,0.9273553373720493
Random Forest,0.9205703703703704,0.9274056938173949
Random Forest,0.9204111111111111,0.9274771126694856
Random Forest,0.9202555555555556,0.9275419125799335
Random Forest,0.920074074074074,0.9276325616131441
Random Forest,0.9199148148148149,0.9277318143617518
Random Forest,0.9197222222222222,0.9277974967308051
Random Forest,0.9195518518518518,0.9278509632453239
Random Forest,0.9193851851851852,0.9279081937799043
Random Forest,0.9192370370370371,0.9279980258065963
Random Forest,0.9186481481481481,0.9285179500617676
Random Forest,0.9184703703703704,0.9285711611117976
Random Forest,0.9182962962962963,0.9286211881736942
Random Forest,0.9181148148148148,0.9287020178179394
Random Forest,0.9179185185185185,0.9287505012160344
Random Forest,0.9177555555555555,0.9288014123520835
Random Forest,0.9175703703703704,0.9288751246653719
Random Forest,0.9174,0.9289429766168501
Random Forest,0.9172407407407407,0.9290987942405666
Random Forest,0.9170925925925926,0.9291718263349469
Random Forest,0.9169222222222222,0.9292258609364736
Random Forest,0.9167555555555555,0.9292732098677369
Random Forest,0.9165333333333333,0.9293829126403197
Random Forest,0.9163814814814815,0.9294453522661107
Random Forest,0.9162185185185185,0.929514011527854
Random Forest,0.9145,0.9305607899299012
Random Forest,0.9143296296296296,0.930608382935573
Random Forest,0.9141444444444444,0.9306724986331328
Random Forest,0.9139851851851852,0.9307560299470081
Random Forest,0.9137222222222222,0.9307936675621019
Random Forest,0.9135444444444445,0.9308654368697542
Random Forest,0.9133407407407408,0.9309143346809965
Random Forest,0.9131333333333334,0.9309665141148217
Random Forest,0.9129703703703703,0.9310253659863124
Random Forest,0.9127148148148149,0.9312571799987908
Random Forest,0.9125481481481481,0.9313264488425891
Random Forest,0.9124037037037037,0.9313973095798014
Random Forest,0.9122333333333333,0.9314452541494757
Random Forest,0.9120481481481482,0.9314780911456757
Random Forest,0.9118703703703703,0.9315220352321569
Random Forest,0.9117111111111111,0.9316166536099095
Random Forest,0.9115629629629629,0.9317015187535016
Random Forest,0.9113814814814815,0.9317699892461718
Random Forest,0.9111925925925926,0.931845039694564
Random Forest,0.9110370370370371,0.9319471702116374
Random Forest,0.9108814814814815,0.9320528902818466
Random Forest,0.9107296296296297,0.9321341925701289
Random Forest,0.9105740740740741,0.9322223486141129
Random Forest,0.9104074074074074,0.9322708861143559
Random Forest,0.9101888888888889,0.9323229257559088
Random Forest,0.9100111111111111,0.9324025865602089
Random Forest,0.9098518518518518,0.9324800340105068
Random Forest,0.9096481481481481,0.9325155004764997
Random Forest,0.909437037037037,0.9325610983460245
Random Forest,0.9092444444444444,0.9326398887652102
Random Forest,0.9090592592592592,0.9327369597105789
Random Forest,0.908862962962963,0.9327872279768127
Random Forest,0.9086740740740741,0.932848674729946
Random Forest,0.9084925925925926,0.9329213098543339
Random Forest,0.9082925925925925,0.932992710726949
Random Forest,0.9081259259259259,0.933087751211103
Random Forest,0.907937037037037,0.9331457979642642
Random Forest,0.9077259259259259,0.9331810307080168
Random Forest,0.907525925925926,0.9332099371974605
Random Forest,0.9073148148148148,0.9332594268821383
Random Forest,0.9071518518518519,0.9333051357674692
Random Forest,0.9069851851851852,0.9333648411207117
Random Forest,0.9067962962962963,0.9334266118179011
Random Forest,0.906625925925926,0.9334896846279983
Random Forest,0.9064222222222222,0.9335611918321883
Random Forest,0.8989666666666667,0.9383785664578984
Random Forest,0.8988185185185186,0.9384670118680707
Random Forest,0.8985333333333333,0.938528553854248
Random Forest,0.8983296296296296,0.9385808428881554
Random Forest,0.8981444444444444,0.9386379822877314
Random Forest,0.8979333333333334,0.9387152979440121
Random Forest,0.8977518518518518,0.9387981951625709
Random Forest,0.8975814814814815,0.9388745762711864
Random Forest,0.8973777777777778,0.9389707022167106
Random Forest,0.8972037037037037,0.9390360194129596
Random Forest,0.8969666666666667,0.9391119228487337
Random Forest,0.8967555555555555,0.939149457744403
Random Forest,0.8965222222222222,0.9391928856607419
Random Forest,0.896337037037037,0.9392357607463868
Random Forest,0.8961555555555556,0.9392934782608696
Random Forest,0.8959444444444444,0.9393383994687936
Random Forest,0.8957444444444445,0.9394059452089912
Random Forest,0.895562962962963,0.939478356820098
Random Forest,0.8953814814814814,0.9395654150942663
Random Forest,0.8951703703703704,0.9396652605796707
Random Forest,0.8949777777777778,0.9397444173945508
Random Forest,0.8947888888888889,0.9397982642792402
Random Forest,0.8945555555555555,0.939863960402204
Random Forest,0.8943037037037037,0.9399212132536123
Random Forest,0.8940888888888889,0.9400211053437016
Random Forest,0.8939222222222222,0.9401167750152882
Random Forest,0.8937185185185185,0.9401955169041468
Random Forest,0.8934925925925926,0.9402435934911819
Random Forest,0.8933148148148148,0.9403130543264264
Random Forest,0.8931296296296296,0.9403894224957201
Random Forest,0.8929074074074074,0.9404598436500382
Random Forest,0.8926148148148149,0.9405369122278462
Random Forest,0.8924148148148148,0.9406418719769516
Random Forest,0.8921740740740741,0.9406708840987191
Random Forest,0.8919592592592592,0.9407419560232657
Random Forest,0.8917074074074074,0.9408217893358863
Random Forest,0.8914851851851852,0.9409182416981021
Random Forest,0.8912814814814815,0.9409901578574864
Random Forest,0.8910518518518519,0.9410531421374201
Random Forest,0.8907851851851852,0.9411654216249848
Random Forest,0.8906,0.9412570605435493
Random Forest,0.8903777777777778,0.9413095997901257
Random Forest,0.8902074074074074,0.9414206931127405
Random Forest,0.8899777777777778,0.9414691673882296
Random Forest,0.8897592592592592,0.9415404995473269
Random Forest,0.8894666666666666,0.9416405269761606
Random Forest,0.8892740740740741,0.9416914080424833
Random Forest,0.8890666666666667,0.941800519456062
Random Forest,0.8888037037037037,0.9418841057523235
Random Forest,0.888537037037037,0.9419675285156174
Random Forest,0.8882962962962963,0.942037808772295
Random Forest,0.8881185185185185,0.9421305118241717
Random Forest,0.8879148148148148,0.9422513068427465
Random Forest,0.8877148148148148,0.9423279549600554
Random Forest,0.8875074074074074,0.9424116097062178
Random Forest,0.8872666666666666,0.9425340719524095
Random Forest,0.8870962962962963,0.942597854404924
Random Forest,0.886862962962963,0.9426726768104245
Random Forest,0.8866555555555555,0.9427194291632374
Random Forest,0.8864555555555556,0.9427703724711666
Random Forest,0.8862592592592593,0.9428289992119779
Random Forest,0.8860259259259259,0.9429262889869022
Random Forest,0.8858370370370371,0.9430077553611349
Random Forest,0.8856814814814815,0.9431470839955984
Random Forest,0.885462962962963,0.943204548054807
Random Forest,0.8852703703703704,0.9432822273525523
Random Forest,0.8850444444444444,0.9433281488090068
Random Forest,0.8848481481481482,0.9434056886523114
Random Forest,0.8846074074074074,0.9434917775697317
Random Forest,0.8843851851851852,0.9435678580601822
Random Forest,0.8841814814814815,0.9436451028910691
Random Forest,0.8839407407407407,0.9437836127807656
Random Forest,0.8836888888888889,0.9438319587017149
Random Forest,0.8834444444444445,0.9438807812846244
Random Forest,0.8832518518518518,0.9439476882033256
Random Forest,0.8830407407407408,0.9440284767399043
Random Forest,0.8827888888888888,0.944062009854402
Random Forest,0.882562962962963,0.9441083364038685
Random Forest,0.8823703703703704,0.944167908436638
Random Forest,0.8821518518518519,0.9442708870194023
Random Forest,0.8819148148148148,0.9443278935575341
Random Forest,0.881762962962963,0.9444312213389188
Random Forest,0.8815037037037037,0.9444832457658058
Random Forest,0.8813,0.9445423583490128
Random Forest,0.8810888888888889,0.9445823125578219
Random Forest,0.8808851851851852,0.9446940177865691
Random Forest,0.8806592592592593,0.9447819608622231
Random Forest,0.8804666666666666,0.9448606711473416
Random Forest,0.8802925925925926,0.9449480371810469
Random Forest,0.8800962962962963,0.9449890439395687
Random Forest,0.879862962962963,0.9450993185154537
Random Forest,0.8796666666666667,0.9451855271326467
Random Forest,0.8794592592592593,0.945252321790396
Random Forest,0.879225925925926,0.9453439844534001
Random Forest,0.8790111111111111,0.9454104375052284
Random Forest,0.8788074074074074,0.9454888865866001
Random Forest,0.8786074074074074,0.9455562951654756
Random Forest,0.878362962962963,0.9456286833018334
Random Forest,0.8781407407407408,0.9457212830965354
Random Forest,0.8779,0.9458204149059698
Random Forest,0.8777222222222222,0.9458930873589553
Random Forest,0.8775222222222222,0.9459871675603592
Random Forest,0.8772777777777778,0.9460749462786481
Random Forest,0.8770444444444444,0.9461105118063047
Random Forest,0.8768,0.9461681421234588
Random Forest,0.8765703703703703,0.9462228885557221
Random Forest,0.8763703703703704,0.9462718201995561
Random Forest,0.8761333333333333,0.9463148462252376
Random Forest,0.8759074074074074,0.9463926271854528
Random Forest,0.8747518518518519,0.9467542671145567
Random Forest,0.8744962962962963,0.9468268544435265
Random Forest,0.8741074074074074,0.9468804288081396
Random Forest,0.8738851851851852,0.9469284392771288
Random Forest,0.8736592592592592,0.9470104822812913
Random Forest,0.8734222222222222,0.9470653199734945
Random Forest,0.8731740740740741,0.9471233614147574
Random Forest,0.8729592592592592,0.9472023854973336
Random Forest,0.8727111111111111,0.9472719378648271
Random Forest,0.8724777777777778,0.9473385773573979
Random Forest,0.8722296296296296,0.9474234725692056
Random Forest,0.8720185185185185,0.9475143568878854
Random Forest,0.8717777777777778,0.9475998003188457
Random Forest,0.8715666666666667,0.9476602770618556
Random Forest,0.8713555555555555,0.9477284262936972
Random Forest,0.8710111111111111,0.9477890443641991
Random Forest,0.8707370370370371,0.947842248705833
Random Forest,0.8705148148148149,0.9479175488903139
Random Forest,0.870237037037037,0.9479935768637988
Random Forest,0.87,0.9480604918290827
Random Forest,0.869774074074074,0.9481127695394665
Random Forest,0.8695481481481482,0.9482148626817447
Random Forest,0.8693222222222222,0.9482633937048275
Random Forest,0.8690925925925926,0.9483232434267425
Random Forest,0.8688962962962963,0.9484348532687573
Random Forest,0.8687,0.9485580481176371
Random Forest,0.8684777777777778,0.9486223092451525
Random Forest,0.8682777777777778,0.9486801798338439
Random Forest,0.8680777777777777,0.9487227230225582
Random Forest,0.8678555555555556,0.9488293555989278
Random Forest,0.8676518518518519,0.9489140385129498
Random Forest,0.8674222222222222,0.9489742581960072
Random Forest,0.8671777777777778,0.9490336911054185
Random Forest,0.8669481481481481,0.9491055354623157
Random Forest,0.8666592592592592,0.9491702801698786
Random Forest,0.8664296296296297,0.949219114550154
Random Forest,0.8662148148148148,0.9493073341803082
Random Forest,0.8659481481481481,0.9493850270636819
Random Forest,0.8657148148148148,0.9494299188035403
Random Forest,0.8654814814814815,0.9495172772486429
Random Forest,0.8652925925925926,0.9496071569380596
Random Forest,0.8650629629629629,0.9496832586544796
Random Forest,0.8648518518518519,0.9497449830395419
Random Forest,0.864637037037037,0.9498104057154947
Random Forest,0.8643888888888889,0.949870167927001
Random Forest,0.8641518518518518,0.9499305835460612
Random Forest,0.8639148148148148,0.9499794330024965
Random Forest,0.8637111111111111,0.9500533687495417
Random Forest,0.8634851851851851,0.9501300035047967
Random Forest,0.8632666666666666,0.9501877285457458
Random Forest,0.8629925925925926,0.9502540720863274
Random Forest,0.8627666666666667,0.9503037176343885
Random Forest,0.8625222222222222,0.9503252344381239
Random Forest,0.8622962962962963,0.9503671743292282
Random Forest,0.8620925925925926,0.9504181161905695
Random Forest,0.8618222222222223,0.9505042706763231
Random Forest,0.8615814814814815,0.9505532673008401
Random Forest,0.8613481481481482,0.9506376716808371
Random Forest,0.8610777777777778,0.9506773582822537
Random Forest,0.8607407407407407,0.9507173334096962
Random Forest,0.8605185185185186,0.950763589936654
Random Forest,0.8603,0.950810076218389
Random Forest,0.8600407407407408,0.9508777389673515
Random Forest,0.8598370370370371,0.9509367806204789
Random Forest,0.8595888888888888,0.9509934480370745
Random Forest,0.8593740740740741,0.9510519606677789
Random Forest,0.859137037037037,0.9511054073114329
Random Forest,0.8589185185185185,0.9511559899432771
Random Forest,0.8586037037037038,0.9512053012740291
Random Forest,0.8583851851851851,0.9512481427668464
Random Forest,0.8581222222222222,0.9513081395348837
Random Forest,0.8578888888888889,0.9513463339302436
Random Forest,0.857674074074074,0.9513855508309197
Random Forest,0.857474074074074,0.9514685998676677
Random Forest,0.857225925925926,0.9515139057329031
Random Forest,0.8569703703703704,0.951558843729052
Random Forest,0.8567074074074074,0.9516621410351354
Random Forest,0.8564851851851852,0.951716786771091
Random Forest,0.8562296296296297,0.9517735985771688
Random Forest,0.8559851851851852,0.9518192862879147
Random Forest,0.8557222222222223,0.9518914643089625
Random Forest,0.8554777777777778,0.9519489939745629
Random Forest,0.8552037037037037,0.9520246061490635
Random Forest,0.8549851851851852,0.9520639751885808
Random Forest,0.8547259259259259,0.9521286910169611
Random Forest,0.8544518518518519,0.9522044559645372
Random Forest,0.8542407407407407,0.952291494632535
Random Forest,0.8539925925925926,0.9524041618993726
Random Forest,0.8537296296296296,0.9524452928731985
Random Forest,0.8535148148148148,0.9525205012895972
Random Forest,0.853237037037037,0.9525924271932981
Random Forest,0.8529592592592593,0.9526604700032679
Random Forest,0.8527222222222223,0.9527228337333443
Random Forest,0.8524518518518519,0.9528229245150233
Random Forest,0.8522259259259259,0.9528978155088519
Random Forest,0.8519851851851852,0.9529561874461457
Random Forest,0.8517592592592592,0.9530311757953496
Random Forest,0.8515481481481482,0.9531267488858949
Random Forest,0.8512851851851851,0.9531801424086722
Random Forest,0.8510185185185185,0.953241290044224
Random Forest,0.8507370370370371,0.9532937958855047
Random Forest,0.8504592592592592,0.9533307039212837
Random Forest,0.8501851851851852,0.9533480353679454
Random Forest,0.8498777777777777,0.9533953233285137
Random Forest,0.8496,0.95346005012698
Random Forest,0.8493074074074074,0.9535359499681896
Random Forest,0.8490111111111112,0.9536117212460063
Random Forest,0.8488111111111111,0.9536925682564387
Random Forest,0.8484814814814815,0.9538064408684972
Random Forest,0.8481925925925926,0.9538867808216325
Random Forest,0.8479851851851852,0.9539117899490871
Random Forest,0.8477407407407408,0.9539547716493427
Random Forest,0.8475185185185186,0.9539949554957997
Random Forest,0.8472518518518518,0.95403286345817
Random Forest,0.8470222222222222,0.9540766945899943
Random Forest,0.8075703703703704,0.9692696826504621
Random Forest,0.8073333333333333,0.9693299003455222
Random Forest,0.8071259259259259,0.9693912501946131
Random Forest,0.8068777777777778,0.9694640862588388
Random Forest,0.8066555555555556,0.9695724562840558
Random Forest,0.8064222222222223,0.9696243681948743
Random Forest,0.8062074074074074,0.9696942698426133
Random Forest,0.8059148148148149,0.9697484234685919
Random Forest,0.8057,0.9698054495524091
Random Forest,0.8055,0.969884676103069
Random Forest,0.8052370370370371,0.9699703317049232
Random Forest,0.8049481481481482,0.9700118274530807
Random Forest,0.8047148148148148,0.9700640241452285
Random Forest,0.8044592592592592,0.9701067901758398
Random Forest,0.8042481481481482,0.970172859804399
Random Forest,0.803962962962963,0.9702579964599238
Random Forest,0.803737037037037,0.9703106206600521
Random Forest,0.8034777777777777,0.9704011522839915
Random Forest,0.8032296296296296,0.9704660986611298
Random Forest,0.8028481481481482,0.9705741444696675
Random Forest,0.802625925925926,0.9706357915481603
Random Forest,0.8023851851851852,0.9706750780728441
Random Forest,0.8021,0.9707606795463715
Random Forest,0.8018444444444445,0.9708561101718857
Random Forest,0.801637037037037,0.9709794491972132
Random Forest,0.8014259259259259,0.97105917409372
Random Forest,0.8011518518518519,0.9710975133446166
Random Forest,0.8008962962962963,0.9712063165553574
Random Forest,0.8006296296296296,0.9712799130130031
Random Forest,0.8003629629629629,0.9713404712460781
Random Forest,0.8001074074074074,0.9714233038348082
Random Forest,0.7998555555555555,0.9714626301702616
Random Forest,0.7996407407407408,0.9715382400057598
Random Forest,0.7989962962962963,0.9715728176327796
Random Forest,0.7987555555555556,0.9715995098392561
Random Forest,0.7984407407407408,0.9716586964262374
Random Forest,0.7982259259259259,0.9717257610734382
Random Forest,0.798,0.9718100221009427
Random Forest,0.7977777777777778,0.9718988575450755
Random Forest,0.7974777777777777,0.9719324537210489
Random Forest,0.7972037037037037,0.9719932986222437
Random Forest,0.7969481481481482,0.9720416506674497
Random Forest,0.7966851851851852,0.972063428940697
Random Forest,0.7964037037037037,0.9721285387487907
Random Forest,0.7961481481481482,0.9721550129569414
Random Forest,0.7959259259259259,0.972209027202852
Random Forest,0.7957111111111111,0.9723029299155511
Random Forest,0.7954740740740741,0.9723477268817399
Random Forest,0.7952037037037037,0.9724222578512097
Random Forest,0.7949481481481482,0.9725149749435891
Random Forest,0.794662962962963,0.9725582807903432
Random Forest,0.7943592592592592,0.9725965898784691
Random Forest,0.7941407407407407,0.9726730840765372
Random Forest,0.7939185185185185,0.9727186096111086
Random Forest,0.7937037037037037,0.9727909066974134
Random Forest,0.7934888888888889,0.9728500006811339
Random Forest,0.793262962962963,0.9729441211609134
Random Forest,0.7930111111111111,0.9729843950231303
Random Forest,0.7927814814814815,0.9730298567168522
Random Forest,0.7925703703703704,0.9730803859690607
Random Forest,0.7923259259259259,0.9731519810762862
Random Forest,0.7921111111111111,0.9731758924305508
Random Forest,0.7918,0.9732852577235106
Random Forest,0.7915148148148148,0.973342381650741
Random Forest,0.7912777777777777,0.9733745199076036
Random Forest,0.7909925925925926,0.9734405980081589
Random Forest,0.7907296296296297,0.9734985796296549
Random Forest,0.790437037037037,0.9735734064440197
Random Forest,0.7902,0.9736101160461264
Random Forest,0.7899333333333334,0.9736414432839091
Random Forest,0.7896888888888889,0.9737268745804201
Random Forest,0.7894481481481481,0.9737813513636987
Random Forest,0.7891666666666667,0.9738345521023766
Random Forest,0.7888962962962963,0.9739015134195967
Random Forest,0.7887074074074074,0.9739800585437248
Random Forest,0.7884740740740741,0.9740260334454282
Random Forest,0.7882740740740741,0.9740998567459828
Random Forest,0.7880444444444444,0.9741415621280103
Random Forest,0.7877814814814815,0.9742090028030705
Random Forest,0.7875481481481481,0.9742506574787637
Random Forest,0.7873370370370371,0.9742975127068734
Random Forest,0.7870925925925926,0.9743612080309206
Random Forest,0.7868555555555555,0.9744296551787401
Random Forest,0.786662962962963,0.9744816733268796
Random Forest,0.7864333333333333,0.9745370264130161
Random Forest,0.7861851851851852,0.9745784111621757
Random Forest,0.7859481481481482,0.9746246515195356
Random Forest,0.7856888888888889,0.9746567915755426
Random Forest,0.7853703703703704,0.9747587811033323
Random Forest,0.7851370370370371,0.9748231874994252
Random Forest,0.7848925925925926,0.9748693556103485
Random Forest,0.7846666666666666,0.9749206203119967
Random Forest,0.7844296296296296,0.9749760624585696
Random Forest,0.7841814814814815,0.9750087494704268
Random Forest,0.7822111111111111,0.9755643525939202
Random Forest,0.7819962962962963,0.9756118974017752
Random Forest,0.7817407407407407,0.975658235337623
Random Forest,0.7815333333333333,0.975706068396619
Random Forest,0.7812111111111111,0.9757639961881147
Random Forest,0.7809703703703704,0.9758108927340123
Random Forest,0.780737037037037,0.9758535286901373
Random Forest,0.7804222222222222,0.9759163370601258
Random Forest,0.7802074074074075,0.9759460360994774
Random Forest,0.78,0.975980498927163
Random Forest,0.7797518518518518,0.9760544835835289
Random Forest,0.7795037037037037,0.9760877832503176
Random Forest,0.7792703703703704,0.9761215495244723
Random Forest,0.779062962962963,0.9761923546364577
Random Forest,0.7788296296296296,0.9762307106646116
Random Forest,0.778337037037037,0.9763248732851096
Random Forest,0.7780703703703704,0.9763850158021937
Random Forest,0.7777777777777778,0.9764171998214551
Random Forest,0.7775333333333333,0.976469001316322
Random Forest,0.7772962962962963,0.9765528665621263
Random Forest,0.7769888888888888,0.9765756287851634
Random Forest,0.7767555555555555,0.9766733571458509
Random Forest,0.7764814814814814,0.9767062660144421
Random Forest,0.7762037037037037,0.9767481963423501
Random Forest,0.7759333333333334,0.9767812683581839
Random Forest,0.7755666666666666,0.9768206668781371
Random Forest,0.7752740740740741,0.9768485894952983
Random Forest,0.7750074074074074,0.9768909720730898
Random Forest,0.7747740740740741,0.9769024213696967
Random Forest,0.7744666666666666,0.9769619271434378
Random Forest,0.7741,0.9770015005118569
Random Forest,0.7738481481481482,0.9770444427817889
Random Forest,0.7735407407407408,0.9770675249581302
Random Forest,0.7733037037037037,0.9771018087371598
Random Forest,0.7730185185185185,0.9771575980598706
Random Forest,0.7727814814814815,0.9772010921744669
Random Forest,0.7725333333333333,0.9772488755622188
Random Forest,0.7722,0.9772713423922978
Random Forest,0.7718222222222222,0.9773017183162002
Random Forest,0.771562962962963,0.9773171887388169
Random Forest,0.7713111111111111,0.9773604032326191
Random Forest,0.7710703703703704,0.977385613550792
Random Forest,0.7708333333333334,0.9774201274579328
Random Forest,0.7706,0.9774547709538149
Random Forest,0.7703333333333333,0.9774655168362432
Random Forest,0.7700814814814815,0.9774858846039932
Random Forest,0.7698481481481482,0.977529780800143
Random Forest,0.7696222222222222,0.9775739185660857
Random Forest,0.7692962962962963,0.9775738322155547
Random Forest,0.7690555555555556,0.9776314054878623
Random Forest,0.7687814814814815,0.9776604463200731
Random Forest,0.7685555555555555,0.9776908761101557
Random Forest,0.7682925925925926,0.977715667375228
Random Forest,0.7679962962962963,0.9777579735566495
Random Forest,0.7677407407407407,0.9778153052223423
Random Forest,0.7674740740740741,0.9778400671970705
Random Forest,0.7672740740740741,0.9779036559748873
Random Forest,0.767062962962963,0.9779485024341642
Random Forest,0.766837037037037,0.9779975815289271
Random Forest,0.7666296296296297,0.9780518345264252
Random Forest,0.7663185185185185,0.9781217203853754
Random Forest,0.7660888888888889,0.9781615609423916
Random Forest,0.765862962962963,0.9781969043293975
Random Forest,0.7656518518518518,0.9782326831530431
Random Forest,0.7654407407407408,0.978291638067738
Random Forest,0.7651962962962963,0.9783080157587696
Random Forest,0.7649592592592592,0.9783570494723081
Random Forest,0.7647296296296296,0.9783785064442759
Random Forest,0.7644925925925926,0.9783997724794995
Random Forest,0.7642629629629629,0.9784166180661252
Random Forest,0.7639888888888889,0.9784554523074296
Random Forest,0.7637592592592592,0.9784816132858838
Random Forest,0.7635518518518518,0.9785223367697594
Random Forest,0.7633148148148148,0.9785251023179405
Random Forest,0.7631,0.978556366123333
Random Forest,0.762874074074074,0.9785873443460992
Random Forest,0.7626148148148149,0.978645335766805
Random Forest,0.7623,0.978683239500913
Random Forest,0.7620777777777777,0.9787237078683753
Random Forest,0.7618185185185186,0.9787305922602195
Random Forest,0.761562962962963,0.9787515588854089
Random Forest,0.7613444444444445,0.9788015141775588
Random Forest,0.7610777777777777,0.9788595191707673
Random Forest,0.7608666666666667,0.9788910913734609
Random Forest,0.7606296296296297,0.9789079816010868
Random Forest,0.7604037037037037,0.9789438550482775
Random Forest,0.7601592592592593,0.9789839207437193
Random Forest,0.7599037037037037,0.9789956865289918
Random Forest,0.7596666666666667,0.9790173073802182
Random Forest,0.7594592592592593,0.9790631162295466
Random Forest,0.7592185185185185,0.9790987032216464
Random Forest,0.7589555555555556,0.9791103253858283
Random Forest,0.7587185185185186,0.979132014147787
Random Forest,0.7584851851851852,0.9791538170986512
Random Forest,0.7582296296296296,0.979175036828713
Random Forest,0.7579888888888889,0.979196669936126
Random Forest,0.7577814814814815,0.9792285860601797
Random Forest,0.7575407407407407,0.9792502513525159
Random Forest,0.7573296296296296,0.9792821053135701
Random Forest,0.7571222222222223,0.9793281529956213
Random Forest,0.7569148148148148,0.9793601502822584
Random Forest,0.7566888888888889,0.9793822834324831
Random Forest,0.7564592592592593,0.9793949391246806
Random Forest,0.7562185185185185,0.9794307972005162
Random Forest,0.7559555555555556,0.979456689172653
Random Forest,0.7556666666666667,0.9794960177819597
Random Forest,0.7553851851851852,0.9795214630819622
Random Forest,0.7551407407407408,0.9795667360106851
Random Forest,0.7548814814814815,0.9795786934016447
Random Forest,0.7546666666666667,0.9796153846153847
Random Forest,0.7543592592592593,0.9796308053407211
Random Forest,0.7540703703703704,0.979632587859425
Random Forest,0.7537074074074074,0.9796748554565455
Random Forest,0.7534888888888889,0.9796926692317693
Random Forest,0.7532222222222222,0.9796950646723029
Random Forest,0.7529518518518519,0.9797162491686987
Random Forest,0.7527333333333334,0.9797293714417936
Random Forest,0.7525296296296297,0.9797665144493898
Random Forest,0.7522703703703704,0.9797880397292852
Random Forest,0.7520370370370371,0.9798055347793567
Random Forest,0.7518333333333334,0.9798521979639812
Random Forest,0.7516111111111111,0.9798652857246324
Random Forest,0.7513703703703704,0.9799062937738492
Random Forest,0.751125925925926,0.9799330295665283
Random Forest,0.7508962962962963,0.9799696451185678
Random Forest,0.7505925925925926,0.9799806576402321
Random Forest,0.7503666666666666,0.9800126734742249
Random Forest,0.750125925925926,0.980044324439412
Random Forest,0.749862962962963,0.9800849078067743
Random Forest,0.7495851851851851,0.9801014058315617
Random Forest,0.7493222222222222,0.9801135537878715
Random Forest,0.7490259259259259,0.980129593819819
Random Forest,0.7487111111111111,0.9801594228195729
Random Forest,0.748437037037037,0.9801855813118746
Random Forest,0.7481851851851852,0.9802170927812041
Random Forest,0.7479703703703704,0.9802591023158058
Random Forest,0.7476666666666667,0.9802940833689445
Random Forest,0.7474555555555555,0.9803410084523463
Random Forest,0.7471666666666666,0.9803621413575927
Random Forest,0.7468888888888889,0.980369279234606
Random Forest,0.7466333333333334,0.980391298638771
Random Forest,0.7463851851851852,0.9804230641991165
Random Forest,0.7461629629629629,0.980460290345972
Random Forest,0.7459,0.9804726295495706
Random Forest,0.7456259259259259,0.9804799174000497
Random Forest,0.7453851851851852,0.9805023970066649
Random Forest,0.7451333333333333,0.9805246074217037
Random Forest,0.7448111111111111,0.9805498127633016
Random Forest,0.7445666666666667,0.980577030948955
Random Forest,0.7442851851851852,0.9806272477516383
Random Forest,0.7440407407407408,0.9806688764028489
Random Forest,0.7437148148148148,0.9806701471471618
Random Forest,0.7434074074074074,0.9806910569105691
Random Forest,0.7431148148148148,0.9807027748314914
Random Forest,0.7428592592592592,0.9807106499704181
Random Forest,0.7426185185185186,0.9807380958203918
Random Forest,0.742325925925926,0.9807690425625618
Random Forest,0.7420407407407408,0.9808050050912509
Random Forest,0.7417111111111111,0.9808206564860074
Random Forest,0.741462962962963,0.9808287769220216
Random Forest,0.7411407407407408,0.9808542551001402
Random Forest,0.7408777777777777,0.98088606663888
Random Forest,0.7405592592592593,0.9809261230677152
Random Forest,0.7402851851851852,0.9809336382642495
Random Forest,0.7400111111111111,0.9809507911804127
Random Forest,0.7397296296296296,0.9809822248635799
Random Forest,0.7393296296296297,0.9810155198002771
Random Forest,0.7389888888888889,0.9810599914445445
Random Forest,0.7386925925925926,0.9810959712725663
Random Forest,0.738337037037037,0.981120839423782
Random Forest,0.7380703703703704,0.9811334688913944
Random Forest,0.7378148148148148,0.9811560511436396
Random Forest,0.7375666666666667,0.9811691670977755
Random Forest,0.7372296296296297,0.9811994124200211
Random Forest,0.7369814814814815,0.9812270701013847
Random Forest,0.7366888888888888,0.9812536382741507
Random Forest,0.7364185185185185,0.9812856261566933
Random Forest,0.7361185185185185,0.9813265920783671
Random Forest,0.7358444444444444,0.9813536969074304
Random Forest,0.7356111111111111,0.9814060816887211
Random Forest,0.7352777777777778,0.9814414743992209
Random Forest,0.7350074074074074,0.9814590432292619
Random Forest,0.7347666666666667,0.981487070138377
Random Forest,0.732337037037037,0.9821531461723391
Random Forest,0.7320851851851852,0.9821812779193934
Random Forest,0.7318222222222223,0.9821896358891512
Random Forest,0.7315259259259259,0.9822313946838401
Random Forest,0.7312074074074074,0.9822482263152134
Random Forest,0.7309518518518519,0.9822519074471315
Random Forest,0.7306555555555555,0.9822790734728833
Random Forest,0.7304333333333334,0.9823129183933694
Random Forest,0.7301222222222222,0.9823495702005731
Random Forest,0.7298037037037037,0.9824056716656031
Random Forest,0.7294555555555555,0.9824464264336167
Random Forest,0.7291444444444445,0.9824930006936924
Random Forest,0.7288888888888889,0.9825360213282209
Random Forest,0.7286074074074074,0.9825392068724403
Random Forest,0.728362962962963,0.9825825405707891
Random Forest,0.7280074074074074,0.9826183894140642
Random Forest,0.7277370370370371,0.9826267859554018
Random Forest,0.727437037037037,0.982663991634688
Random Forest,0.7271666666666666,0.9826920863093301
Random Forest,0.7268592592592592,0.9827193382172527
Random Forest,0.7264925925925926,0.982755079035046
Random Forest,0.7262111111111111,0.9827731387271069
Random Forest,0.7259444444444444,0.9828014139945346
Random Forest,0.7255925925925926,0.9828227999237461
Random Forest,0.7252962962962963,0.9828800297127599
Random Forest,0.7250037037037037,0.9829077853932866
Random Forest,0.7246296296296296,0.9829336789803413
Random Forest,0.7243518518518518,0.9829568871063398
Random Forest,0.7240222222222222,0.9829789159807111
Random Forest,0.7236481481481482,0.9829949940884964
Random Forest,0.7233148148148149,0.9830318222544371
Random Forest,0.7229148148148148,0.9830721034712009
Random Forest,0.7224592592592592,0.9831309756011511
Random Forest,0.7221777777777778,0.9831641682675581
Random Forest,0.7219444444444445,0.9831885724661804
Random Forest,0.7217259259259259,0.9832182933720837
Random Forest,0.7213333333333334,0.9832639151836425
Random Forest,0.7209074074074074,0.9833535414772153
Random Forest,0.7206518518518519,0.9833825253709618
Random Forest,0.7204333333333334,0.9834073984196078
Random Forest,0.7201222222222222,0.9834600385426625
Random Forest,0.7198185185185185,0.9834830351946967
Random Forest,0.7193185185185185,0.9835016255304496
Random Forest,0.718925925925926,0.9835924356973468
Random Forest,0.7186555555555556,0.9836162803076003
Random Forest,0.7183777777777778,0.9836349897813773
Random Forest,0.7180296296296297,0.9836671114786871
Random Forest,0.7176481481481481,0.9836685585484968
Random Forest,0.7174037037037037,0.9837130407402517
Random Forest,0.7169222222222222,0.9837772729351854
Random Forest,0.7165888888888889,0.9838448865023187
Random Forest,0.7162666666666667,0.9838877894169181
Random Forest,0.7158481481481481,0.98390857259214
Random Forest,0.7155555555555555,0.983932163683125
Random Forest,0.7152666666666667,0.9840110058086212
Random Forest,0.7149740740740741,0.9840497114776828
Random Forest,0.7145962962962963,0.9841066628582504
Random Forest,0.7143888888888889,0.9841322482716396
Random Forest,0.7141407407407407,0.9841519372406506
Random Forest,0.7136777777777777,0.9842272743524653
Random Forest,0.7133925925925926,0.9842361561770252
Random Forest,0.7131185185185185,0.9842402555910543
Random Forest,0.7128148148148148,0.9842588141435424
Random Forest,0.7125407407407407,0.9843082480187053
Random Forest,0.711937037037037,0.9846480893351091
Random Forest,0.711562962962963,0.9847007026913437
Random Forest,0.7113037037037037,0.9847053093034583
Random Forest,0.710937037037037,0.9847177477274126
Random Forest,0.7106962962962963,0.9847278101650382
Random Forest,0.7104,0.984751871361242
Random Forest,0.7101037037037037,0.9847810119625457
Random Forest,0.7098407407407408,0.9848007604758112
Random Forest,0.7095777777777778,0.984810399864296
Random Forest,0.7093185185185186,0.984845446177422
Random Forest,0.709025925925926,0.9849051556044883
Random Forest,0.7087555555555556,0.9849197607749082
Random Forest,0.7084148148148148,0.9849582631711751
Random Forest,0.7081518518518518,0.9849832059181108
Random Forest,0.7078407407407408,0.9850223942522278
Random Forest,0.7075962962962963,0.9850528486723382
Random Forest,0.7073518518518519,0.9850884070230457
Random Forest,0.7070333333333333,0.985102122960379
Random Forest,0.7067518518518519,0.9851420488278326
Random Forest,0.7063148148148148,0.9851686159441253
Random Forest,0.7060888888888889,0.9852097609376453
Random Forest,0.7058185185185185,0.9852703960293662
Random Forest,0.7055,0.9852842290384317
Random Forest,0.7051703703703703,0.9853131436496683
Random Forest,0.704937037037037,0.9853287569823003
Random Forest,0.7045666666666667,0.9853670917548094
Random Forest,0.704262962962963,0.9854068312198458
Random Forest,0.7039518518518518,0.9854668947996059
Random Forest,0.703737037037037,0.9854983013925988
Random Forest,0.703262962962963,0.9855142418202957
Random Forest,0.7030481481481482,0.9855354630365144
Random Forest,0.7026407407407408,0.9855988778346365
Random Forest,0.7023851851851852,0.9856090804675359
Random Forest,0.7021185185185185,0.9856293153647783
Random Forest,0.7018148148148148,0.985633439444063
Random Forest,0.7015481481481481,0.9856690881085695
Random Forest,0.7013,0.9856897449245184
Random Forest,0.7010444444444445,0.9857205349331334
Random Forest,0.7007629629629629,0.9857354228316593
Random Forest,0.700474074074074,0.9857501746046637
Random Forest,0.7002444444444444,0.9857609868767498
Random Forest,0.6999592592592593,0.9857861189062875
Random Forest,0.6996259259259259,0.9858257443310805
Random Forest,0.6993703703703704,0.9858360785828769
Random Forest,0.6990444444444445,0.9858450159831185
Random Forest,0.6987555555555556,0.9858753076549248
Random Forest,0.6984444444444444,0.9859206474515483
Random Forest,0.6981962962962963,0.9859260266521621
Random Forest,0.6978481481481481,0.9859552178668048
Random Forest,0.6975222222222223,0.9859642326136577
Random Forest,0.697237037037037,0.9859637361601391
Random Forest,0.696925925925926,0.9860092223852441
Random Forest,0.6966962962962963,0.9860201808413052
Random Forest,0.6964037037037037,0.9860402431158262
Random Forest,0.6960148148148149,0.9860946404021534
Random Forest,0.6957296296296296,0.9861045492246475
Random Forest,0.6954851851851852,0.9861411616426846
Random Forest,0.6951888888888889,0.98614569870441
Random Forest,0.6948888888888889,0.9861760840998686
Random Forest,0.6945629629629629,0.9862008035507689
Random Forest,0.694262962962963,0.9862053000689209
Random Forest,0.6939962962962963,0.9862052631578947
Random Forest,0.6937222222222222,0.9862466235250136
Random Forest,0.6933407407407407,0.9862859250283186
Random Forest,0.6928740740740741,0.9863132143911595
Random Forest,0.6924814814814815,0.9863575935343645
Random Forest,0.692237037037037,0.9863736634896509
Random Forest,0.6918888888888889,0.9863929414373742
Random Forest,0.6915185185185185,0.9864013862767059
Random Forest,0.6911407407407407,0.9864618409993181
Random Forest,0.6908666666666666,0.9864878443484285
Random Forest,0.6906629629629629,0.9865204441693515
Random Forest,0.6903407407407407,0.986519458661261
Random Forest,0.6900555555555555,0.9865191860680607
Random Forest,0.6897444444444445,0.9865288652038946
Random Forest,0.6893703703703704,0.986568714752152
Random Forest,0.6891,0.9866105991027776
Random Forest,0.688837037037037,0.9866317252501247
Random Forest,0.6885888888888889,0.9866426797427243
Random Forest,0.6883370370370371,0.9866640476101994
Random Forest,0.6880148148148149,0.9869094927428438
Random Forest,0.6877222222222222,0.9869144870765943
Random Forest,0.6874185185185185,0.9869192770507755
Random Forest,0.6871555555555555,0.9869300863348387
Random Forest,0.6868962962962963,0.986925217780001
Random Forest,0.6866555555555556,0.9869417088102209
Random Forest,0.686374074074074,0.9869679604618465
Random Forest,0.6860814814814815,0.9869887683553207
Random Forest,0.6858111111111111,0.9869994882947423
Random Forest,0.6854888888888889,0.9870250379969603
Random Forest,0.6851925925925926,0.9870510966819436
Random Forest,0.6844111111111111,0.9871261371467033
Random Forest,0.6841481481481482,0.9871845573381502
Random Forest,0.6839148148148149,0.9871907961914538
Random Forest,0.6836148148148148,0.9871958068139274
Random Forest,0.6833148148148148,0.9872166691637594
Random Forest,0.6829740740740741,0.9872420845245361
Random Forest,0.6826814814814814,0.987252549490102
Random Forest,0.6823222222222223,0.9872882491331679
Random Forest,0.681937037037037,0.9873129246229
Random Forest,0.6816703703703704,0.9873133207450004
Random Forest,0.6812666666666667,0.9873959954909013
Random Forest,0.6809333333333333,0.987389903329753
Random Forest,0.6805185185185185,0.987461910110548
Random Forest,0.6802444444444444,0.9874993951320226
Random Forest,0.6799481481481482,0.9874993276316497
Random Forest,0.6796518518518518,0.9875258308937489
Random Forest,0.6793666666666667,0.9875366095270911
Random Forest,0.6791222222222222,0.9875694104087337
Random Forest,0.6788481481481482,0.9875857386862651
Random Forest,0.6785962962962963,0.9875918349746393
Random Forest,0.6781148148148148,0.9875937882637237
Random Forest,0.6778296296296297,0.9875939626469811
Random Forest,0.6773518518518519,0.987654654346523
Random Forest,0.677074074074074,0.9876709960452099
Random Forest,0.6767407407407408,0.987707709439225
Random Forest,0.6764666666666667,0.9877455221943411
Random Forest,0.6762222222222222,0.987746490302686
Random Forest,0.675962962962963,0.9877525396026475
Random Forest,0.6755962962962963,0.9877513226080694
Random Forest,0.6753185185185185,0.9877623987648636
Random Forest,0.6750592592592592,0.9877791687666987
Random Forest,0.6747814814814814,0.9877795548808588
Random Forest,0.674525925925926,0.9878071269729348
Random Forest,0.6742703703703704,0.9878240014758786
Random Forest,0.6739777777777778,0.9878616796047989
Random Forest,0.673737037037037,0.9878842185293798
Random Forest,0.6734740740740741,0.9879010132290224
Random Forest,0.6731962962962963,0.9878960813087668
Random Forest,0.672937037037037,0.9879022172924891
Random Forest,0.672625925925926,0.9878966894045715
Random Forest,0.6722555555555556,0.9879116094268764
Random Forest,0.6720111111111111,0.9879287814439726
Random Forest,0.671762962962963,0.9879405196361457
Random Forest,0.6714925925925926,0.9879626400453376
Random Forest,0.6712148148148148,0.9879738761625435
Random Forest,0.670837037037037,0.9879941307063335
Random Forest,0.6704185185185185,0.9880082964903663
Random Forest,0.6700962962962963,0.9880241809970566
Random Forest,0.6697777777777778,0.9880401466434281
Random Forest,0.669537037037037,0.9880466982214886
Random Forest,0.6692407407407407,0.9880738861304927
Random Forest,0.6689777777777778,0.9881070908872088
Random Forest,0.6687,0.9881292483499162
Random Forest,0.6684296296296296,0.9881515549715287
Random Forest,0.6681481481481482,0.9881628606328844
Random Forest,0.6675592592592593,0.9882446473120048
Random Forest,0.6672703703703704,0.9882884068942062
Random Forest,0.6669592592592593,0.9882938555089675
Random Forest,0.6666851851851852,0.9882999516844556
Random Forest,0.6664592592592593,0.9883123160068544
Random Forest,0.6662074074074074,0.9883405312146287
Random Forest,0.6658592592592593,0.9883562396921385
Random Forest,0.6655925925925926,0.9883679362023924
Random Forest,0.6653185185185185,0.9883740763360459
Random Forest,0.6649851851851852,0.9883846390980755
Random Forest,0.6646740740740741,0.9884173711893812
Random Forest,0.6643370370370371,0.9884387967090797
Random Forest,0.6640074074074074,0.9884331238284265
Random Forest,0.6637111111111111,0.98844437580324
Random Forest,0.6634740740740741,0.9884402950897464
Random Forest,0.6626148148148148,0.9885456323661861
Random Forest,0.6622740740740741,0.9885725974535744
Random Forest,0.6618444444444445,0.9885980781039948
Random Forest,0.661525925925926,0.9886583158512352
Random Forest,0.6612666666666667,0.9886703435444215
Random Forest,0.6609703703703703,0.9886653223125845
Random Forest,0.6604888888888889,0.9887010034928203
Random Forest,0.6602407407407408,0.988707772003483
Random Forest,0.6599666666666667,0.9887195933948864
Random Forest,0.6597,0.9887425269363354
Random Forest,0.6594592592592593,0.988787880470698
Random Forest,0.659174074074074,0.988810551638693
Random Forest,0.6588851851851852,0.9888331814038286
Random Forest,0.6585777777777778,0.988872019886885
Random Forest,0.6582925925925925,0.988889259803267
Random Forest,0.6580259259259259,0.9889123283553843
Random Forest,0.657637037037037,0.9889388909929379
Random Forest,0.6573592592592593,0.9889452892110703
Random Forest,0.6568333333333334,0.9889696246437992
Random Forest,0.6565444444444445,0.9889703421035013
Random Forest,0.6562407407407408,0.9889763340031257
Random Forest,0.6558518518518518,0.9889919631836739
Random Forest,0.6555851851851852,0.9890372688160027
Random Forest,0.6553444444444444,0.9890443424649111
Random Forest,0.6548888888888889,0.9890589340851121
Random Forest,0.6546333333333333,0.9890768481782622
Random Forest,0.6542777777777777,0.9890765147867373
Random Forest,0.6539,0.9890979781399336
Random Forest,0.6535518518518518,0.9891310440700007
Random Forest,0.6531370370370371,0.989140860317585
Random Forest,0.6522592592592592,0.9891541835869266
Random Forest,0.6518259259259259,0.9891692895683454
Random Forest,0.6515296296296297,0.9891755417852203
Random Forest,0.6512,0.9891756869275604
Random Forest,0.6509111111111111,0.9892154765791221
Random Forest,0.6506296296296297,0.9892331429987273
Random Forest,0.650337037037037,0.9892450704225352
Random Forest,0.6500074074074074,0.9892452511132405
Random Forest,0.6496259259259259,0.9892724801326558
Random Forest,0.6493444444444444,0.9892790439164216
Random Forest,0.6489925925925926,0.9893012200561192
Random Forest,0.6487296296296297,0.9893025173537568
Random Forest,0.6484444444444445,0.9893034530691123
Random Forest,0.6479851851851852,0.9893127353742804
Random Forest,0.6477481481481482,0.9893200588301844
Random Forest,0.6474777777777778,0.9893380417989508
Random Forest,0.6471518518518519,0.9893383310496336
Random Forest,0.6468703703703703,0.9893561580205513
Random Forest,0.6461777777777777,0.9893617021276596
Random Forest,0.6458407407407407,0.9893786631413511
Random Forest,0.6454481481481481,0.9893947393819654
Random Forest,0.6450703703703704,0.9894166969641883
Random Forest,0.6447592592592593,0.9894341381348611
Random Forest,0.6442,0.9894363192654914
Random Forest,0.6434888888888889,0.989458577505937
Random Forest,0.643225925925926,0.9894599506611744
Random Forest,0.6429148148148148,0.9894774643311122
Random Forest,0.6426481481481482,0.9894787864963503
Random Forest,0.6422592592592593,0.9895007132667618
Random Forest,0.6419851851851852,0.9895188728792272
Random Forest,0.6415814814814815,0.9895293042385468
Random Forest,0.6412740740740741,0.9895639252443276
Random Forest,0.6409074074074074,0.9895863118044674
Random Forest,0.6404111111111112,0.9896009798086168
Random Forest,0.6399814814814815,0.9896110738850804
Random Forest,0.6397481481481482,0.9896129937838379
Random Forest,0.6394296296296297,0.989613545953754
Random Forest,0.6391222222222223,0.989625627967793
Random Forest,0.6388481481481482,0.9896382569781118
Random Forest,0.6385222222222222,0.9896387036037795
Random Forest,0.6382,0.9896562616661402
Random Forest,0.6378962962962963,0.9896570745610003
Random Forest,0.6376555555555555,0.9896759655788875
Random Forest,0.6373444444444445,0.989699437523724
Random Forest,0.6371,0.9897126089583154
Random Forest,0.6368481481481482,0.9897199758252511
Random Forest,0.6365851851851851,0.9897442689408553
Random Forest,0.636325925925926,0.9897686422711771
Random Forest,0.6360629629629629,0.9897872732826539
Random Forest,0.6357962962962963,0.9898001545256409
Random Forest,0.6355592592592593,0.9898420645816269
Random Forest,0.6353185185185185,0.9898496782942382
Random Forest,0.6350185185185185,0.9898449317029802
Random Forest,0.6347777777777778,0.9898639868318462
Random Forest,0.6344481481481481,0.9898702139216661
Random Forest,0.6341333333333333,0.9899167437557816
Random Forest,0.6338888888888888,0.9899186201870521
Random Forest,0.6335777777777778,0.9899480911789725
Random Forest,0.6333111111111112,0.9899496323742256
Random Forest,0.6330148148148148,0.9899621771591745
Random Forest,0.6325888888888889,0.9899784382824817
Random Forest,0.6322851851851852,0.9900023776248108
Random Forest,0.6320333333333333,0.9900156639786506
Random Forest,0.6291407407407408,0.9901029341477915
Random Forest,0.6289,0.9901338231435319
Random Forest,0.6286666666666667,0.9901359730737148
Random Forest,0.6284185185185185,0.9901494505751017
Random Forest,0.6280814814814815,0.9901499979564311
Random Forest,0.6277148148148148,0.9901847946109849
Random Forest,0.6272222222222222,0.9901887410248614
Random Forest,0.6269629629629629,0.9901847237333146
Random Forest,0.6267148148148148,0.9901982585084967
Random Forest,0.6264111111111111,0.9902109447726328
Random Forest,0.6261222222222222,0.990235473289597
Random Forest,0.6258407407407407,0.9902311244462155
Random Forest,0.6256,0.9902506228931555
Random Forest,0.6253296296296297,0.9902638725153813
Random Forest,0.6249962962962963,0.9902645415708182
Random Forest,0.6247592592592592,0.9902899512149302
Random Forest,0.624462962962963,0.9903202880419141
Random Forest,0.6241888888888889,0.9903277176116632
Random Forest,0.6237851851851852,0.9903273415771431
Random Forest,0.6235481481481482,0.990323700169997
Random Forest,0.6233222222222222,0.9903435370546906
Random Forest,0.6230259259259259,0.990350649962321
Random Forest,0.6227407407407407,0.99035210686897
Random Forest,0.6224592592592593,0.9903477861191972
Random Forest,0.6220555555555556,0.9903591013621086
Random Forest,0.6218074074074074,0.9903728173666824
Random Forest,0.6215481481481482,0.9903746850084686
Random Forest,0.6212185185185185,0.9903871702970648
Random Forest,0.6209666666666667,0.9904008600829366
Random Forest,0.6207074074074074,0.9904085950335079
Random Forest,0.6204481481481482,0.9904221921355555
Random Forest,0.620137037037037,0.9904291502765372
Random Forest,0.6198074074074074,0.9904358324850264
Random Forest,0.6165481481481482,0.990680457526453
Random Forest,0.6159740740740741,0.9907249657473045
Random Forest,0.6157222222222222,0.9907271112806241
Random Forest,0.6154592592592593,0.9907409063537773
Random Forest,0.6151296296296296,0.9907359906465121
Random Forest,0.6147518518518519,0.9907540052049758
Random Forest,0.6143777777777778,0.9907720976903367
Random Forest,0.6141333333333333,0.990774378585086
Random Forest,0.6138925925925925,0.9907826388432271
Random Forest,0.6135518518518519,0.9908012703577217
Random Forest,0.6132888888888889,0.9908210768181328
Random Forest,0.6126888888888888,0.9908477784299867
Random Forest,0.6123407407407407,0.9908663757970945
Random Forest,0.6119740740740741,0.99087283739618
Random Forest,0.6117444444444444,0.9909110543176991
Random Forest,0.6114518518518518,0.9909245876449545
Random Forest,0.6110888888888889,0.9909490033092895
Random Forest,0.610762962962963,0.9909620816056728
Random Forest,0.6104814814814815,0.9909698674939278
Random Forest,0.6100111111111111,0.9909689297489832
Random Forest,0.6097333333333333,0.9909767828227801
Random Forest,0.6094148148148149,0.9910019513840372
Random Forest,0.6091592592592593,0.9910161239786942
Random Forest,0.6088703703703704,0.9910238479901619
Random Forest,0.6085444444444444,0.9910370160380716
Random Forest,0.6082925925925926,0.9910393183847843
Random Forest,0.6079925925925926,0.9910349365804773
Random Forest,0.6075777777777778,0.9910647938377889
Random Forest,0.6070740740740741,0.9911053869549706
Random Forest,0.6068111111111111,0.991107562201695
Random Forest,0.6063444444444445,0.9911487815952778
Random Forest,0.6060740740740741,0.9911748850675663
Random Forest,0.6056777777777778,0.991193192149637
Random Forest,0.605437037037037,0.9912137620742555
Random Forest,0.6051888888888889,0.991216203919951
Random Forest,0.6043851851851851,0.9912527942462824
Random Forest,0.6041518518518518,0.9912735404753368
Random Forest,0.6037592592592592,0.9912739434478565
Random Forest,0.603474074074074,0.9913000097342548
Random Forest,0.6030814814814814,0.991324570642347
Random Forest,0.6028185185185185,0.991332894800955
Random Forest,0.6023555555555555,0.9913444189788853
Random Forest,0.6020925925925926,0.991358807674013
Random Forest,0.6017851851851852,0.9913665289785658
Random Forest,0.6015518518518519,0.9913934651374299
Random Forest,0.6012666666666666,0.9913954723940617
Random Forest,0.6008333333333333,0.9914014373716632
Random Forest,0.6005148148148148,0.991433288492112
Random Forest,0.6002555555555555,0.9914417500672914
Random Forest,0.5999777777777778,0.9914499574639974
Random Forest,0.599662962962963,0.9914637208134572
Random Forest,0.5993,0.9914646699835789
Random Forest,0.599025925925926,0.9914790316747074
Random Forest,0.5987962962962963,0.9914940329445242
Random Forest,0.5985148148148148,0.9915022333480588
Random Forest,0.5982259259259259,0.991516423884152
Random Forest,0.5977851851851852,0.9915406778515656
Random Forest,0.597362962962963,0.9915591321828834
Random Forest,0.5965851851851852,0.9916458891248807
Random Forest,0.5962703703703703,0.9916415152448413
Random Forest,0.5957037037037037,0.9916703146290484
Random Forest,0.5953814814814815,0.9916719616540101
Random Forest,0.5950481481481481,0.9916918195902696
Random Forest,0.5947444444444444,0.9917304841897233
Random Forest,0.5944185185185186,0.9917259874437688
Random Forest,0.5939925925925926,0.9917568996543216
Random Forest,0.5936925925925925,0.9917527686691827
Random Forest,0.5933962962962963,0.9917793803584141
Random Forest,0.5931,0.9917814497349254
Random Forest,0.5927962962962963,0.9917957107182471
Random Forest,0.5924444444444444,0.9918031770439355
Random Forest,0.5919481481481481,0.9918086703982724
Random Forest,0.591137037037037,0.9919207989708341
Random Forest,0.5908,0.9919285634335319
Random Forest,0.5904703703703704,0.9919302655483935
Random Forest,0.5901925925925926,0.9919450219737809
Random Forest,0.5896814814814815,0.9919875389408099
Random Forest,0.5892074074074074,0.992018258234289
Random Forest,0.5888629629629629,0.9920136267493589
Random Forest,0.5885407407407407,0.9920216750736652
Random Forest,0.5883037037037037,0.992024681643028
Random Forest,0.5879518518518518,0.9920447444069491
Random Forest,0.5875888888888889,0.992077090472498
Random Forest,0.5872703703703703,0.9921038636008134
Random Forest,0.5868518518518518,0.9921169126348547
Random Forest,0.5865518518518519,0.992119127716489
Random Forest,0.5862296296296297,0.9921583622197289
Random Forest,0.5858148148148148,0.9922026434481505
Random Forest,0.5855444444444444,0.9921990711685703
Random Forest,0.5851481481481482,0.9922249855553044
Random Forest,0.584837037037037,0.9922271164927141
Random Forest,0.5845333333333333,0.9922231093731336
Random Forest,0.5840333333333333,0.9922602080305061
Random Forest,0.583562962962963,0.9922665155236475
Random Forest,0.5830222222222222,0.9922781626439571
Random Forest,0.5826407407407408,0.9922856638239895
Random Forest,0.5823592592592592,0.9923007503612967
Random Forest,0.5819074074074074,0.9923136194831115
Random Forest,0.5816444444444444,0.992316441299128
Random Forest,0.5812851851851852,0.9923242771606148
Random Forest,0.5802,0.9923351745806517
Random Forest,0.5799222222222222,0.9923692666510334
Random Forest,0.5793888888888888,0.9923874774003235
Random Forest,0.5787851851851852,0.9924048060558336
Random Forest,0.5782555555555555,0.992410518487443
Random Forest,0.5778296296296296,0.9924302180606092
Random Forest,0.5772296296296296,0.9924540076542471
Random Forest,0.5767962962962963,0.992473680185577
Random Forest,0.5764555555555556,0.992475593503504
Random Forest,0.5759962962962963,0.9924759728905282
Random Forest,0.5756814814814815,0.9924845636641104
Random Forest,0.5752814814814815,0.9924920607536054
Random Forest,0.5747740740740741,0.9924981773065067
Random Forest,0.5744518518518519,0.9924940009598464
Random Forest,0.5740666666666666,0.9925080682342093
Random Forest,0.5735703703703704,0.9925525232973992
Random Forest,0.5732814814814815,0.9925615277083093
Random Forest,0.5730037037037037,0.9925706843567355
Random Forest,0.5726592592592593,0.992572620767132
Random Forest,0.5723851851851852,0.9925754656390494
Random Forest,0.571962962962963,0.9925700255807077
Random Forest,0.5715666666666667,0.9925712962605642
Random Forest,0.5712518518518519,0.9925672327582323
Random Forest,0.5707185185185185,0.9925795189570101
Random Forest,0.5704,0.9926009951274846
Random Forest,0.5701296296296297,0.9926039127687288
Random Forest,0.5697481481481481,0.9926118069132839
Random Forest,0.5693888888888889,0.9926199976755898
Random Forest,0.5690888888888889,0.9926353734640877
Random Forest,0.5688222222222222,0.992651193453939
Random Forest,0.568462962962963,0.9926465832805164
Random Forest,0.568162962962963,0.9926619989905395
Random Forest,0.5678666666666666,0.9926903329815543
Random Forest,0.5675259259259259,0.9927052695681468
Random Forest,0.5671296296296297,0.9927002093989666
Random Forest,0.5668,0.9927153134101804
Random Forest,0.5665518518518519,0.9927185883666145
Random Forest,0.5662407407407407,0.9927339549622087
Random Forest,0.5659,0.9927618626833088
Random Forest,0.5654370370370371,0.9927753464387205
Random Forest,0.5650259259259259,0.9927765883371186
Random Forest,0.5645592592592592,0.9927771264816986
Random Forest,0.5642148148148148,0.9927856886832416
Random Forest,0.5639148148148149,0.9927948253152672
Random Forest,0.5636703703703704,0.9927981995498875
Random Forest,0.5633888888888889,0.992794627298181
Random Forest,0.5630851851851851,0.9928102185014431
Random Forest,0.562737037037037,0.9928187770357689
Random Forest,0.5623777777777778,0.9928272056179261
Random Forest,0.5619592592592593,0.9928283984950106
Random Forest,0.5614592592592592,0.9928220577640972
Random Forest,0.5611333333333334,0.992824424479525
Random Forest,0.5606814814814814,0.9928382171620451
Random Forest,0.5601333333333334,0.9928508124076809
Random Forest,0.5594407407407408,0.9928681294122287
Random Forest,0.5591185185185186,0.9928771087506988
Random Forest,0.558837037037037,0.9928800800168457
Random Forest,0.5585592592592593,0.992896174863388
Random Forest,0.558274074074074,0.9928991120596528
Random Forest,0.5578962962962963,0.9929074274263717
Random Forest,0.5575814814814815,0.992909999868093
Random Forest,0.5566777777777778,0.9929051308983531
Random Forest,0.5559925925925926,0.9929095839671936
Random Forest,0.5557296296296297,0.992919393582456
Random Forest,0.5552962962962963,0.9929599385401973
Random Forest,0.5547592592592593,0.9929663365286451
Random Forest,0.5544481481481481,0.9929755903422659
Random Forest,0.5530481481481482,0.992977742902932
Random Forest,0.5519185185185185,0.99297008789056
Random Forest,0.5505296296296296,0.9929591107370221
Random Forest,0.5501296296296296,0.9929606652940075
Random Forest,0.5498333333333333,0.9929635401686877
Random Forest,0.5495481481481481,0.992959914341163
Random Forest,0.5492296296296296,0.9929625091232933
Random Forest,0.5485,0.9929731868072923
Random Forest,0.5473777777777777,0.992958882020962
Random Forest,0.5470703703703703,0.9929616284385168
Random Forest,0.5466888888888889,0.9929634313699109
Random Forest,0.5463222222222223,0.9929721105882828
Random Forest,0.5460074074074074,0.9929881519301106
Random Forest,0.5457037037037037,0.9930043537451644
Random Forest,0.5454148148148148,0.9930073702452478
Random Forest,0.5450814814814815,0.9930165241857672
Random Forest,0.5445037037037037,0.9930427029436797
Random Forest,0.5439296296296297,0.9930354112150165
Random Forest,0.5433296296296296,0.9930479401053302
Random Forest,0.5427148148148148,0.9930670389547019
Random Forest,0.5423814814814815,0.9930762762436933
Random Forest,0.5420259259259259,0.9930785046855809
Random Forest,0.5414592592592593,0.9930982949527886
Random Forest,0.5410407407407407,0.9931199989122528
Random Forest,0.5406777777777778,0.9931559504452714
Random Forest,0.5403074074074075,0.9931580523936605
Random Forest,0.5395925925925926,0.9931558209606391
Random Forest,0.5392518518518519,0.9931853994283648
Random Forest,0.5388592592592593,0.993194028220549
Random Forest,0.5383703703703704,0.9932218213621953
Random Forest,0.5379259259259259,0.9932298433973876
Random Forest,0.5375518518518518,0.9932319610204752
Random Forest,0.536974074074074,0.9932247280300331
Random Forest,0.5362962962962963,0.9932162234462134
Random Forest,0.5359592592592592,0.9932188034070708
Random Forest,0.5355555555555556,0.9932273707636723
Random Forest,0.534937037037037,0.9932810673268688
Random Forest,0.5344407407407408,0.9932817071072104
Random Forest,0.5341407407407407,0.9932848002314161
Random Forest,0.5337962962962963,0.9932873417459803
Random Forest,0.5334666666666666,0.9932969215491559
Random Forest,0.5328296296296297,0.993378123640582
Random Forest,0.5322185185185185,0.993432377686676
Random Forest,0.5317962962962963,0.9934409442826205
Random Forest,0.5313,0.9934692577253903
Random Forest,0.530637037037037,0.993495596699258
Random Forest,0.5302185185185185,0.9935180751320328
Random Forest,0.5298888888888889,0.9935140690536374
Random Forest,0.5289148148148148,0.9935574989737916
Random Forest,0.528062962962963,0.9935956402965936
Random Forest,0.527737037037037,0.9935986388391083
Random Forest,0.5266259259259259,0.9937518782804386
Random Forest,0.5260962962962963,0.9937873424097835
Random Forest,0.5252888888888889,0.9939032081739058
Random Forest,0.5246888888888889,0.9939241714141386
Random Forest,0.5239518518518519,0.9940134486611064
Random Forest,0.5232074074074075,0.994067933769149
Random Forest,0.5226703703703703,0.9940828819182733
Random Forest,0.5220777777777778,0.9941463139409412
Random Forest,0.5216296296296297,0.9941483316745371
Random Forest,0.5213296296296296,0.9941590270224457
Random Forest,0.5209777777777778,0.9941621315994064
Random Forest,0.5189666666666667,0.9945347822075221
Random Forest,0.5186185185185185,0.9945452608402287
Random Forest,0.5182629629629629,0.9945486076561145
Random Forest,0.5179555555555555,0.9945524627704212
Random Forest,0.5176,0.9945699747357933
Random Forest,0.5171481481481481,0.9945935935151614
Random Forest,0.5159333333333334,0.9948437410729589
Random Forest,0.5154148148148148,0.9948528045066556
Random Forest,0.5143148148148148,0.9949131291420383
Random Forest,0.5138333333333334,0.9949511972977431
Random Forest,0.5134333333333333,0.9949472838061881
Random Forest,0.5130222222222223,0.9949432552794139
Random Forest,0.512537037037037,0.9949456459220062
Random Forest,0.5121259259259259,0.9949630866205189
Random Forest,0.5117296296296296,0.9949663704578514
Random Forest,0.5113925925925926,0.9949917489965483
Random Forest,0.5100851851851852,0.9950940015317697
Random Forest,0.5097296296296296,0.9950905962141917
Random Forest,0.5094222222222222,0.9950948474193688
Random Forest,0.5084962962962963,0.9952590831327747
Random Forest,0.5081851851851852,0.9952561945105322
Random Forest,0.507637037037037,0.9952583233489453
Random Forest,0.5071148148148148,0.995253463590504
Random Forest,0.5067851851851852,0.9952576299787612
Random Forest,0.5064666666666666,0.9952546616399074
Random Forest,0.5060629629629629,0.9952653929359663
Random Forest,0.5056592592592593,0.9952979084805319
Random Forest,0.5049888888888889,0.9952989612456292
Random Forest,0.5039222222222223,0.9955730843528654
Random Forest,0.5033444444444445,0.9956117859078988
Random Forest,0.5022592592592593,0.9956169653542035
Random Forest,0.5016333333333334,0.9956407956834321
Random Forest,0.501225925925926,0.9956445928945065
Random Forest,0.5009518518518519,0.9956495494964961
Random Forest,0.5002407407407408,0.9956580712695534
Random Forest,0.49925555555555556,0.9956642488883637
Random Forest,0.4983074074074074,0.9957813089784107
Random Forest,0.4978074074074074,0.995791844476055
Random Forest,0.49705925925925926,0.9958003146054076
Random Forest,0.49674444444444443,0.9957976642140667
Random Forest,0.49623333333333336,0.9958081562576646
Random Forest,0.4956814814814815,0.9958183279264263
Random Forest,0.4951962962962963,0.9958216647798367
Random Forest,0.4946,0.9958240742121669
Random Forest,0.49311481481481484,0.9959009342578672
Random Forest,0.4927259259259259,0.995912622958183
Random Forest,0.4920925925925926,0.9959223140867558
Random Forest,0.49177777777777776,0.9959271843567876
Random Forest,0.4910148148148148,0.9959657729263547
Random Forest,0.4905555555555556,0.99596950054893
Random Forest,0.4894962962962963,0.9960809140514305
Random Forest,0.4888148148148148,0.9961656904776282
Random Forest,0.4883851851851852,0.9961623304021998
Random Forest,0.48795925925925926,0.9961589934748255
Random Forest,0.48765185185185184,0.9961641182389747
Random Forest,0.4871037037037037,0.9962050916913474
Random Forest,0.4846962962962963,0.9964593818766038
Random Forest,0.4816259259259259,0.9966278098391312
Random Forest,0.4786222222222222,0.9972296603826001
Random Forest,0.4776185185185185,0.9973318278139549
Random Forest,0.47725185185185187,0.997337502515441
Random Forest,0.4768925925925926,0.9973355021106851
Random Forest,0.4765185185185185,0.997333416018108
Random Forest,0.4747037037037037,0.997470718705008
Random Forest,0.4741074074074074,0.9974675456231397
Random Forest,0.47377407407407407,0.9974657683790275
Random Forest,0.4731592592592593,0.9974702717896266
Random Forest,0.4719407407407407,0.9976199423775522
Random Forest,0.47035925925925925,0.9979333647650479
Random Forest,0.4688222222222222,0.9983201230332427
Random Forest,0.4671148148148148,0.998606459377499
Random Forest,0.4666814814814815,0.9986051672214297
Random Forest,0.4648703703703704,0.9988301952857666
Random Forest,0.4644037037037037,0.9988369777352929
Random Forest,0.46395925925925924,0.9988438292375652
Random Forest,0.4634740740740741,0.9988585659437584
Random Forest,0.46315185185185187,0.9988577727367126
Random Forest,0.46274444444444446,0.9988567682517349
Random Forest,0.46197777777777776,0.9988788699008601
Random Forest,0.4603111111111111,0.9989069281466002
Random Forest,0.4598851851851852,0.9989059168979526
Random Forest,0.4588925925925926,0.998927713368915
Random Forest,0.4584666666666667,0.9989347794509272
Random Forest,0.45794074074074076,0.998933557394002
Random Forest,0.39282962962962964,0.9987664202646076
Random Forest,0.3920925925925926,0.9987641043058229
Random Forest,0.39114444444444446,0.9987800034046417
Random Forest,0.39061851851851853,0.9987783628167733
Random Forest,0.3901074074074074,0.9987767642094483
Random Forest,0.38956666666666667,0.9987750683682771
Random Forest,0.3890296296296296,0.9988873567590699
Random Forest,0.3879518518518518,0.9988937947607831
Random Forest,0.3874962962962963,0.9989115698218411
Random Forest,0.38705925925925927,0.998919890268498
Random Forest,0.38658148148148147,0.9989185567996938
Random Forest,0.38605925925925927,0.9989266684555526
Random Forest,0.3854814814814815,0.9989346488660249
Random Forest,0.3848888888888889,0.9989330103526833
Random Forest,0.3843925925925926,0.9989316342146549
Random Forest,0.3832074074074074,0.9989379779099405
Random Forest,0.3824925925925926,0.9989359952796881
Random Forest,0.38156296296296294,0.9989430917958713
Random Forest,0.3800851851851852,0.9989584347318213
Random Forest,0.37883333333333336,0.9989940227370395
Random Forest,0.37786296296296296,0.9990012239902081
Random Forest,0.37604814814814813,0.9990553877338161
Random Forest,0.37520740740740743,0.9990729783037475
Random Forest,0.3746703703703704,0.9990716507826773
Random Forest,0.37349629629629627,0.9990786332068518
Random Forest,0.3727037037037037,0.9990766756351578
Random Forest,0.3722259259259259,0.9990854234390066
Random Forest,0.3717185185185185,0.9991140135187601
Random Forest,0.37112962962962964,0.9991126089297465
Random Forest,0.3701888888888889,0.999160293897136
Random Forest,0.36915925925925924,0.9991880024861158
Random Forest,0.36870740740740743,0.9991970370667764
Random Forest,0.3676888888888889,0.9992048714206633
Random Forest,0.36686296296296295,0.9992030827583425
Random Forest,0.3661962962962963,0.99922182920667
Random Forest,0.36555185185185185,0.9992305745380916
Random Forest,0.3650333333333333,0.999239613115153
Random Forest,0.36331851851851854,0.9992360269325972
Random Forest,0.36245925925925926,0.999234217216839
Random Forest,0.3617111111111111,0.9992326345191688
Random Forest,0.36088148148148147,0.9992411190417589
Random Forest,0.35864814814814816,0.999257019616746
Random Forest,0.35764814814814816,0.9992549437586018
Random Forest,0.3561111111111111,0.9992621153386475
Random Forest,0.35536666666666666,0.9992605707144345
Random Forest,0.35427037037037035,0.9993209218746735
Random Forest,0.352862962962963,0.999360144334655
Random Forest,0.35112592592592595,0.9993569809729616
Random Forest,0.34955555555555556,0.9994387555197866
Random Forest,0.3484037037037037,0.9994369010433267
Random Forest,0.3459740740740741,0.9994329488798066
Random Forest,0.3440666666666667,0.999429807102667
Random Forest,0.34265555555555555,0.9994274603003133
Random Forest,0.3409333333333333,0.9994354208286285
Random Forest,0.33722962962962966,0.999451164628658
Random Forest,0.33540740740740743,0.9994481845270942
Random Forest,0.3325814814814815,0.9994434983917103
Random Forest,0.3307185185185185,0.999451551884311
Random Forest,0.32775185185185185,0.9994578782710835
Random Forest,0.3245296296296296,0.9994524985456993
Random Forest,0.31866666666666665,0.9994656506284413
Random Forest,0.315437037037037,0.9995422911263159
Random Forest,0.3144925925925926,0.9995644496762802
Random Forest,0.313162962962963,0.9995744177798794
Random Forest,0.31158148148148146,0.9995960124047956
Random Forest,0.3088851851851852,0.9996404128060986
Random Forest,0.3078037037037037,0.999639149837016
Random Forest,0.3046333333333333,0.999659694454235
Random Forest,0.30017037037037037,0.9996669668076918
Random Forest,0.29812962962962963,0.9996771028675749
Random Forest,0.29614814814814816,0.9996749431150451
Random Forest,0.2934,0.9996718994498006
Random Forest,0.29157777777777777,0.9996698496546119
Random Forest,0.28915555555555555,0.999679885270881
Random Forest,0.2882111111111111,0.9996788366177642
Random Forest,0.28585185185185186,0.9997279827981502
Random Forest,0.28477407407407407,0.999726953582109
Random Forest,0.28351481481481483,0.9997387976857475
Random Forest,0.28207777777777776,0.9997374673475014
Random Forest,0.2803925925925926,0.9997358899189182
Random Forest,0.2786296296296296,0.9997475049502319
Random Forest,0.2748814814814815,0.9997440629335776
Random Forest,0.2711296296296296,0.9997541756005627
Random Forest,0.2685222222222222,0.9997517891862823
Random Forest,0.2625296296296296,0.9997602256699577
Random Forest,0.2598,0.9997719563296371
Random Forest,0.2542962962962963,0.9997670219581805
Random Forest,0.2482185185185185,0.9997613187141046
Random Forest,0.2416037037037037,0.9998773777225978
Random Forest,0.23545555555555556,0.9998741762476211
Random Forest,0.23053333333333334,0.9999196774245369
Random Forest,0.2059925925925926,0.9999460635371532
Random Forest,0.0,1.0
XGBoost,1.0,0.500055561729081
XGBoost,1.0,0.5003613721020738
XGBoost,1.0,0.5007715591429759
XGBoost,1.0,0.501115445862828
XGBoost,1.0,0.5014300040857259
XGBoost,1.0,0.5020883154751057
XGBoost,1.0,0.5026809651474531
XGBoost,1.0,0.503035914901228
XGBoost,1.0,0.5031802857691297
XGBoost,1.0,0.5036777805345327
XGBoost,1.0,0.5040755441215456
XGBoost,1.0,0.5043928884338974
XGBoost,1.0,0.5057069971118512
XGBoost,1.0,0.5062275361530832
XGBoost,1.0,0.5071441585445339
XGBoost,1.0,0.5081817257851408
XGBoost,1.0,0.5084496804299601
XGBoost,1.0,0.5087850213689709
XGBoost,0.9999962962962963,0.5090248555872283
XGBoost,0.9999962962962963,0.5097812275199807
XGBoost,0.9999962962962963,0.5104066632891483
XGBoost,0.9999962962962963,0.5118930253369027
XGBoost,0.9999962962962963,0.5126822877107702
XGBoost,0.9999962962962963,0.514007713951744
XGBoost,0.9999962962962963,0.5155377938337633
XGBoost,0.9999962962962963,0.5165072502582546
XGBoost,0.9999962962962963,0.5192428257683861
XGBoost,0.9999962962962963,0.5199758114060006
XGBoost,0.9999962962962963,0.5215970975911784
XGBoost,0.9999962962962963,0.5222013770694723
XGBoost,0.9999962962962963,0.5234993931262336
XGBoost,0.9999962962962963,0.5244307962442847
XGBoost,0.9999962962962963,0.5247549191097014
XGBoost,0.9999962962962963,0.5252306160005291
XGBoost,0.9999962962962963,0.5253696086176501
XGBoost,0.9999962962962963,0.5255557285786585
XGBoost,0.9999962962962963,0.525857686801897
XGBoost,0.9999962962962963,0.5266577589654062
XGBoost,0.9999962962962963,0.5267635915264886
XGBoost,0.9999962962962963,0.5271667610363746
XGBoost,0.9999962962962963,0.5273387069997637
XGBoost,0.9999962962962963,0.5277964027609718
XGBoost,0.9999962962962963,0.5279997340435933
XGBoost,0.9999962962962963,0.528519611086425
XGBoost,0.9999962962962963,0.5290996063092422
XGBoost,0.9999962962962963,0.5292738531867305
XGBoost,0.9999962962962963,0.5294959767962237
XGBoost,0.9999962962962963,0.5297006199482068
XGBoost,0.9999962962962963,0.5301218303014834
XGBoost,0.9999962962962963,0.5301728369849941
XGBoost,0.9999962962962963,0.5302842530525828
XGBoost,0.9999962962962963,0.5303530003358915
XGBoost,0.9999962962962963,0.5304342701099182
XGBoost,0.9999962962962963,0.5305072257316605
XGBoost,0.9999962962962963,0.5306187824022577
XGBoost,0.9999962962962963,0.5307116082783455
XGBoost,0.9999962962962963,0.5309140604261092
XGBoost,0.9999962962962963,0.531035188095327
XGBoost,0.9999962962962963,0.5311208461769976
XGBoost,0.9999962962962963,0.5312054867827716
XGBoost,0.9999962962962963,0.5312650648637693
XGBoost,0.9999962962962963,0.5313466144239493
XGBoost,0.9999962962962963,0.5314480635535505
XGBoost,0.9999962962962963,0.53154641204843
XGBoost,0.9999962962962963,0.5316364223492903
XGBoost,0.9999962962962963,0.5317337933832377
XGBoost,0.9999962962962963,0.5318123443950711
XGBoost,0.9999962962962963,0.5319150193657185
XGBoost,0.9999962962962963,0.531989431104158
XGBoost,0.9999962962962963,0.5321047580195382
XGBoost,0.9999962962962963,0.5321928595222467
XGBoost,0.9999962962962963,0.5322799408575652
XGBoost,0.9999962962962963,0.5324048421413796
XGBoost,0.9999962962962963,0.532480441132097
XGBoost,0.9999962962962963,0.5325560615952677
XGBoost,0.9999962962962963,0.532645363403577
XGBoost,0.9999962962962963,0.5327199796381832
XGBoost,0.9999962962962963,0.5328009251036993
XGBoost,0.9999962962962963,0.5328713781881121
XGBoost,0.9999962962962963,0.5329365901801135
XGBoost,0.9999962962962963,0.5331049529582498
XGBoost,0.9999962962962963,0.5332481449808326
XGBoost,0.9999962962962963,0.5333450537989124
XGBoost,0.9999962962962963,0.5334356743343389
XGBoost,0.9999962962962963,0.5335252714072868
XGBoost,0.9999962962962963,0.5335874800150986
XGBoost,0.9999962962962963,0.5336549769440431
XGBoost,0.9999962962962963,0.5337319864787397
XGBoost,0.9999962962962963,0.5337889667388932
XGBoost,0.9999962962962963,0.5338512368588076
XGBoost,0.9999962962962963,0.5339261913519456
XGBoost,0.9999962962962963,0.5339821570190236
XGBoost,0.9999962962962963,0.5340486975097415
XGBoost,0.9999962962962963,0.5341141979948884
XGBoost,0.9999962962962963,0.5341860557138335
XGBoost,0.9999962962962963,0.5342695617588219
XGBoost,0.9999962962962963,0.5343520363835712
XGBoost,0.9999962962962963,0.5344281894099693
XGBoost,0.9999962962962963,0.5345043641453144
XGBoost,0.9999962962962963,0.5346080813240905
XGBoost,0.9999962962962963,0.5346938371356147
XGBoost,0.9999962962962963,0.5348018650788935
XGBoost,0.9999962962962963,0.5349003991956653
XGBoost,0.9999962962962963,0.5349851887811209
XGBoost,0.9999962962962963,0.5350636430834841
XGBoost,0.9999962962962963,0.5351887935015947
XGBoost,0.9999962962962963,0.5352513906675601
XGBoost,0.9999962962962963,0.5353362915729825
XGBoost,0.9999962962962963,0.535483870967742
XGBoost,0.9999962962962963,0.5355730950883798
XGBoost,0.9999962962962963,0.5356580980892807
XGBoost,0.9999962962962963,0.5357303718577809
XGBoost,0.9999962962962963,0.5358090448870728
XGBoost,0.9999962962962963,0.5358856137997011
XGBoost,0.9999962962962963,0.5359770997973206
XGBoost,0.9999962962962963,0.536043074198563
XGBoost,0.9999962962962963,0.5361772012637942
XGBoost,0.9999962962962963,0.536287959893457
XGBoost,0.9999962962962963,0.5363945017373286
XGBoost,0.9999962962962963,0.5365298709144093
XGBoost,0.9999962962962963,0.5366493083161075
XGBoost,0.9999962962962963,0.5367581279397556
XGBoost,0.9999962962962963,0.5368701942483094
XGBoost,0.9999962962962963,0.5369929872433861
XGBoost,0.9999962962962963,0.5371040831997199
XGBoost,0.9999962962962963,0.537217362929477
XGBoost,0.9999962962962963,0.5373050272036552
XGBoost,0.9999962962962963,0.5374173220196616
XGBoost,0.9999962962962963,0.5375446462345853
XGBoost,0.9999962962962963,0.5376463349310118
XGBoost,0.9999962962962963,0.5377341392736579
XGBoost,0.9999962962962963,0.5378519706371577
XGBoost,0.9999962962962963,0.5380052286331428
XGBoost,0.9999962962962963,0.5380856436225654
XGBoost,0.9999962962962963,0.5381993378130289
XGBoost,0.9999925925925925,0.5382885487234492
XGBoost,0.9999925925925925,0.5383991082449455
XGBoost,0.9999925925925925,0.5385161575989181
XGBoost,0.9999925925925925,0.5386225125928882
XGBoost,0.9999925925925925,0.5387493340410291
XGBoost,0.9999925925925925,0.5388944996427303
XGBoost,0.9999925925925925,0.5389794846918712
XGBoost,0.9999925925925925,0.5390731068410881
XGBoost,0.9999925925925925,0.5391796819615102
XGBoost,0.9999925925925925,0.5393240022931427
XGBoost,0.9999925925925925,0.539475945188838
XGBoost,0.9999925925925925,0.539565426789422
XGBoost,0.9999925925925925,0.5397250580208736
XGBoost,0.9999925925925925,0.5398804655803658
XGBoost,0.9999925925925925,0.5400100402610468
XGBoost,0.9999925925925925,0.5401321132925497
XGBoost,0.9999925925925925,0.5402769440108857
XGBoost,0.9999925925925925,0.5404077907365412
XGBoost,0.9999925925925925,0.5405181405237459
XGBoost,0.9999925925925925,0.5406350306061765
XGBoost,0.9999925925925925,0.5408147935975066
XGBoost,0.9999925925925925,0.5409426496368646
XGBoost,0.9999925925925925,0.5410640604553388
XGBoost,0.9999925925925925,0.5411649162190331
XGBoost,0.9999925925925925,0.5413200688885013
XGBoost,0.9999925925925925,0.5414373061088618
XGBoost,0.9999925925925925,0.5415589390982375
XGBoost,0.9999925925925925,0.5417240998786128
XGBoost,0.9999925925925925,0.5418208526316635
XGBoost,0.9999925925925925,0.5419122015446619
XGBoost,0.9999925925925925,0.5420492826828025
XGBoost,0.9999925925925925,0.5421722795300336
XGBoost,0.9999925925925925,0.5423029567781342
XGBoost,0.9999925925925925,0.542439145913193
XGBoost,0.9999925925925925,0.5425852166538723
XGBoost,0.9999925925925925,0.5427455489509857
XGBoost,0.9999925925925925,0.5429168928837144
XGBoost,0.9999925925925925,0.5430675902906841
XGBoost,0.9999925925925925,0.5431495261488201
XGBoost,0.9999925925925925,0.5432839544925891
XGBoost,0.9999925925925925,0.5433747039089055
XGBoost,0.9999925925925925,0.5434950209448429
XGBoost,0.9999925925925925,0.5436044463146366
XGBoost,0.9999925925925925,0.5437040617007994
XGBoost,0.9999888888888889,0.5438301780761492
XGBoost,0.9999888888888889,0.5439178231763945
XGBoost,0.9999888888888889,0.5441041628461397
XGBoost,0.9999888888888889,0.5441907994453223
XGBoost,0.9999888888888889,0.5442983110437338
XGBoost,0.9999888888888889,0.5444387983497272
XGBoost,0.9999888888888889,0.5445398184040369
XGBoost,0.9999888888888889,0.5446518627300675
XGBoost,0.9999888888888889,0.544749664571711
XGBoost,0.9999888888888889,0.5449002821403921
XGBoost,0.9999888888888889,0.5449838723351002
XGBoost,0.9999888888888889,0.5451324181737054
XGBoost,0.9999888888888889,0.545229291658505
XGBoost,0.9999888888888889,0.5453261995794882
XGBoost,0.9999888888888889,0.5454143275875653
XGBoost,0.9999888888888889,0.5455046883618312
XGBoost,0.9999888888888889,0.5456336696090794
XGBoost,0.9999888888888889,0.5457152789848775
XGBoost,0.9999888888888889,0.5458410493203193
XGBoost,0.9999888888888889,0.5459459022260686
XGBoost,0.9999888888888889,0.5460231880423638
XGBoost,0.9999851851851852,0.5460995776767367
XGBoost,0.9999851851851852,0.5461746975765668
XGBoost,0.9999851851851852,0.5462708370004835
XGBoost,0.9999851851851852,0.5463614821590097
XGBoost,0.9999814814814815,0.5464379680226675
XGBoost,0.9999814814814815,0.5465242438595852
XGBoost,0.9999814814814815,0.5466061204823179
XGBoost,0.9999777777777777,0.5467180998086444
XGBoost,0.9999777777777777,0.5468465494228615
XGBoost,0.9999777777777777,0.5469961142153268
XGBoost,0.9999777777777777,0.5470803496529002
XGBoost,0.9999777777777777,0.5471878983667091
XGBoost,0.9999777777777777,0.5473853658338791
XGBoost,0.9999777777777777,0.5474519600229529
XGBoost,0.9999777777777777,0.5475196807280956
XGBoost,0.9999777777777777,0.547632956066691
XGBoost,0.9999777777777777,0.5477562795566727
XGBoost,0.9999777777777777,0.5478496423679805
XGBoost,0.9999777777777777,0.5479341409114985
XGBoost,0.9999777777777777,0.5480420256083401
XGBoost,0.9999740740740741,0.5481112004352522
XGBoost,0.9999740740740741,0.5482013453615888
XGBoost,0.9999740740740741,0.5483327206741012
XGBoost,0.9999740740740741,0.5484519035837183
XGBoost,0.9999740740740741,0.5485555345609106
XGBoost,0.9999740740740741,0.5488376536785273
XGBoost,0.9999703703703704,0.5490086034230685
XGBoost,0.9999666666666667,0.5492489279117266
XGBoost,0.9999666666666667,0.5493394481599567
XGBoost,0.9999666666666667,0.5494680158252063
XGBoost,0.9999666666666667,0.5497421216273723
XGBoost,0.9999666666666667,0.5498283256558448
XGBoost,0.9999666666666667,0.5500041760968366
XGBoost,0.9999666666666667,0.550098307881949
XGBoost,0.9999666666666667,0.5502395659891701
XGBoost,0.9999666666666667,0.5504762797980705
XGBoost,0.9999666666666667,0.5507244307461341
XGBoost,0.9999629629629629,0.5509538997757331
XGBoost,0.9999629629629629,0.5518525558873607
XGBoost,0.9999592592592592,0.5520705534017111
XGBoost,0.9999592592592592,0.5522941597627083
XGBoost,0.9999555555555556,0.552484243267578
XGBoost,0.9999555555555556,0.5526980026244086
XGBoost,0.9999555555555556,0.5529515613383661
XGBoost,0.9999555555555556,0.5531192188790028
XGBoost,0.9999555555555556,0.5534593773510257
XGBoost,0.9999444444444444,0.553647302972636
XGBoost,0.9999444444444444,0.5539165098859073
XGBoost,0.9999444444444444,0.5541063614944464
XGBoost,0.9999444444444444,0.5542371733154873
XGBoost,0.9999444444444444,0.5545149265226902
XGBoost,0.9999444444444444,0.5546721397358382
XGBoost,0.9999444444444444,0.5547655985123237
XGBoost,0.9999444444444444,0.5551066480798411
XGBoost,0.9999444444444444,0.5553510013329165
XGBoost,0.9999444444444444,0.5556573173843963
XGBoost,0.9999444444444444,0.5557705569336229
XGBoost,0.9999444444444444,0.5559742754943813
XGBoost,0.9999333333333333,0.5563175095095425
XGBoost,0.9999296296296296,0.5564633646142716
XGBoost,0.9999259259259259,0.5566276586093999
XGBoost,0.9999259259259259,0.5569158602821503
XGBoost,0.9999259259259259,0.5570146753292303
XGBoost,0.9999259259259259,0.5572135606933076
XGBoost,0.9999259259259259,0.5574183424866829
XGBoost,0.9999259259259259,0.5575887251338312
XGBoost,0.9999222222222223,0.5577582983329994
XGBoost,0.9999185185185185,0.5581113626262313
XGBoost,0.9999185185185185,0.5582383044714396
XGBoost,0.9999185185185185,0.5583387448349457
XGBoost,0.9999185185185185,0.5590023272956163
XGBoost,0.9999185185185185,0.5591655741337923
XGBoost,0.9999148148148148,0.5592874485204551
XGBoost,0.9999148148148148,0.5593836310405629
XGBoost,0.9999111111111111,0.5596227392858993
XGBoost,0.9999111111111111,0.5598571615207072
XGBoost,0.9999111111111111,0.559979092255423
XGBoost,0.9999111111111111,0.5601556956299822
XGBoost,0.9999037037037037,0.5602933729588829
XGBoost,0.9999037037037037,0.5604794844752992
XGBoost,0.9999037037037037,0.5605632750014534
XGBoost,0.9999037037037037,0.5607647074707284
XGBoost,0.9999,0.5609910170121954
XGBoost,0.9999,0.5612324233529299
XGBoost,0.9999,0.5613701296270882
XGBoost,0.9999,0.5615394375308097
XGBoost,0.9999,0.5616854746092774
XGBoost,0.9998851851851852,0.5618770513468907
XGBoost,0.9998851851851852,0.5619717899399662
XGBoost,0.9998851851851852,0.5621063502407966
XGBoost,0.9998851851851852,0.5622714208355897
XGBoost,0.9998851851851852,0.5624834621290569
XGBoost,0.9998851851851852,0.5626510995881755
XGBoost,0.9998851851851852,0.5627484454894702
XGBoost,0.9998851851851852,0.5628962880024687
XGBoost,0.9998851851851852,0.5630759155205713
XGBoost,0.9998851851851852,0.563165184885414
XGBoost,0.9998851851851852,0.5632509571149894
XGBoost,0.9998851851851852,0.563415524923565
XGBoost,0.9998814814814815,0.5636086922937209
XGBoost,0.9998777777777778,0.5638490955381553
XGBoost,0.9998777777777778,0.5639975181075779
XGBoost,0.999874074074074,0.5641368559410047
XGBoost,0.999874074074074,0.5642960460858005
XGBoost,0.999874074074074,0.5644836519582731
XGBoost,0.999874074074074,0.5645851763086955
XGBoost,0.999874074074074,0.5646938241907651
XGBoost,0.999874074074074,0.5648202390118167
XGBoost,0.9998703703703704,0.5650959845771593
XGBoost,0.9998703703703704,0.5652497995196848
XGBoost,0.9998703703703704,0.5653823841705917
XGBoost,0.9998666666666667,0.5655638795313993
XGBoost,0.9998666666666667,0.5657428460659911
XGBoost,0.9998666666666667,0.5658187336126476
XGBoost,0.9998666666666667,0.5661224874964612
XGBoost,0.9998666666666667,0.5662637966548225
XGBoost,0.9998666666666667,0.5666060807038605
XGBoost,0.9998666666666667,0.5667024226610436
XGBoost,0.9998666666666667,0.5668130779114982
XGBoost,0.9998666666666667,0.5669392538084498
XGBoost,0.9998666666666667,0.5670702504684205
XGBoost,0.999862962962963,0.5671658410121306
XGBoost,0.999862962962963,0.5672564140278624
XGBoost,0.999862962962963,0.5673565547069728
XGBoost,0.999862962962963,0.5674925164805597
XGBoost,0.999862962962963,0.567603480937473
XGBoost,0.999862962962963,0.5676774813534445
XGBoost,0.9998592592592592,0.568049254698639
XGBoost,0.9998592592592592,0.5681939203111616
XGBoost,0.9998592592592592,0.568312337902927
XGBoost,0.9998555555555556,0.5684490469733086
XGBoost,0.9998481481481482,0.5688269218207754
XGBoost,0.9998444444444444,0.5689171190612672
XGBoost,0.9998444444444444,0.5691186143389607
XGBoost,0.9998444444444444,0.5692338185928038
XGBoost,0.9998444444444444,0.5693382627419801
XGBoost,0.9998444444444444,0.5695556774547449
XGBoost,0.9998444444444444,0.5697395884996
XGBoost,0.9998444444444444,0.5698261759770346
XGBoost,0.9998407407407407,0.5700310188499165
XGBoost,0.9998407407407407,0.5701213073485559
XGBoost,0.9998370370370371,0.5702167388002797
XGBoost,0.9998333333333334,0.5703435308036846
XGBoost,0.9998333333333334,0.5704724933592272
XGBoost,0.9998296296296296,0.5705825160635779
XGBoost,0.9998296296296296,0.5706995220105576
XGBoost,0.9998296296296296,0.5707779549135441
XGBoost,0.9998296296296296,0.5708467522800755
XGBoost,0.9998259259259259,0.5711236168997398
XGBoost,0.9998259259259259,0.5713254730657795
XGBoost,0.9998259259259259,0.5714149639416717
XGBoost,0.9998185185185186,0.5716817907476626
XGBoost,0.9998111111111111,0.5717841128364367
XGBoost,0.9998074074074074,0.5718667844515483
XGBoost,0.9998074074074074,0.5719261522294586
XGBoost,0.9998074074074074,0.572029166392958
XGBoost,0.9998037037037037,0.5720997853144941
XGBoost,0.9997925925925926,0.5721989291301196
XGBoost,0.9997925925925926,0.5723081098041877
XGBoost,0.9997925925925926,0.5724088355849217
XGBoost,0.9997925925925926,0.5725375248946418
XGBoost,0.9997925925925926,0.5726286136118725
XGBoost,0.9997925925925926,0.5727075806147064
XGBoost,0.9997925925925926,0.5728120935108146
XGBoost,0.9997925925925926,0.5729251562075522
XGBoost,0.9997888888888888,0.5730203274122881
XGBoost,0.9997851851851852,0.5731155309463958
XGBoost,0.9997777777777778,0.5732110777489456
XGBoost,0.9997777777777778,0.5734314756396776
XGBoost,0.9997777777777778,0.5735045731221518
XGBoost,0.9997777777777778,0.5735789080029918
XGBoost,0.9997777777777778,0.5736630149504309
XGBoost,0.9997777777777778,0.5737703175780661
XGBoost,0.9997777777777778,0.5739533123404001
XGBoost,0.9997777777777778,0.574039970568596
XGBoost,0.999774074074074,0.5741684905953346
XGBoost,0.999774074074074,0.5742772045527071
XGBoost,0.999774074074074,0.5744055155390524
XGBoost,0.9997703703703704,0.5745060773292527
XGBoost,0.9997703703703704,0.5746467239742329
XGBoost,0.9997703703703704,0.5747507244587053
XGBoost,0.9997703703703704,0.5748853692144197
XGBoost,0.9997703703703704,0.5750115028714575
XGBoost,0.9997703703703704,0.5751058331256085
XGBoost,0.9997666666666667,0.575193160848757
XGBoost,0.999762962962963,0.5752903240931169
XGBoost,0.999762962962963,0.5754117300977579
XGBoost,0.9997555555555555,0.5755056093536132
XGBoost,0.9997518518518519,0.5756090175540354
XGBoost,0.9997444444444444,0.5757176982468114
XGBoost,0.9997444444444444,0.5758429722799397
XGBoost,0.9997444444444444,0.576010089155012
XGBoost,0.9997444444444444,0.5762203517550395
XGBoost,0.9997444444444444,0.5763076988769802
XGBoost,0.9997444444444444,0.5764381537305082
XGBoost,0.9997444444444444,0.576574825434731
XGBoost,0.9997407407407407,0.5767661098361987
XGBoost,0.9997407407407407,0.5768486918166684
XGBoost,0.9997407407407407,0.5770237945091568
XGBoost,0.9997407407407407,0.5771089180036261
XGBoost,0.9997407407407407,0.5772508463194992
XGBoost,0.9997370370370371,0.5773647702018527
XGBoost,0.9997370370370371,0.5774635834836204
XGBoost,0.9997370370370371,0.5775809681947345
XGBoost,0.9997259259259259,0.5777686451035666
XGBoost,0.9997259259259259,0.5778663606703375
XGBoost,0.9997259259259259,0.5780816989124802
XGBoost,0.9997222222222222,0.5781724246506975
XGBoost,0.9997222222222222,0.5782640830360872
XGBoost,0.9997185185185186,0.5784304691534751
XGBoost,0.9997185185185186,0.5785432893659523
XGBoost,0.9997185185185186,0.5786586346242484
XGBoost,0.9997148148148148,0.5787607128077688
XGBoost,0.9997148148148148,0.5788848355390848
XGBoost,0.9997111111111111,0.5789981724111303
XGBoost,0.9997111111111111,0.579185772803447
XGBoost,0.9997111111111111,0.5793051051527983
XGBoost,0.9997111111111111,0.5794058300777057
XGBoost,0.9997074074074074,0.5795554582189987
XGBoost,0.9997074074074074,0.579645067494728
XGBoost,0.9997074074074074,0.579759608569207
XGBoost,0.9997074074074074,0.5799140616607584
XGBoost,0.9997074074074074,0.5800997633789741
XGBoost,0.9997074074074074,0.5802194731354994
XGBoost,0.9997,0.580384846119608
XGBoost,0.9996962962962963,0.5804887910121639
XGBoost,0.9996962962962963,0.5805761925861557
XGBoost,0.9996962962962963,0.580663620483431
XGBoost,0.9996962962962963,0.5807923122771609
XGBoost,0.9996962962962963,0.580919810863918
XGBoost,0.9996962962962963,0.5810098435747696
XGBoost,0.9996925925925926,0.5810889942346857
XGBoost,0.9996925925925926,0.5812003539952585
XGBoost,0.9996925925925926,0.5812867184673431
XGBoost,0.9996851851851852,0.5813688008184804
XGBoost,0.9996851851851852,0.5814464480744831
XGBoost,0.9996851851851852,0.5815404039315893
XGBoost,0.9996851851851852,0.5816494307737727
XGBoost,0.9996851851851852,0.5817346756238914
XGBoost,0.9996814814814815,0.5818140274789941
XGBoost,0.9996814814814815,0.5819168844160436
XGBoost,0.9996814814814815,0.5820611962796596
XGBoost,0.9996777777777778,0.5821293390702339
XGBoost,0.9996703703703703,0.5823096406180558
XGBoost,0.999662962962963,0.5824246962278523
XGBoost,0.999662962962963,0.5825504022032146
XGBoost,0.999662962962963,0.5826384286772023
XGBoost,0.999662962962963,0.5827227075084307
XGBoost,0.999662962962963,0.5828007185980428
XGBoost,0.999662962962963,0.5829001500934035
XGBoost,0.999662962962963,0.5830159865040295
XGBoost,0.999662962962963,0.5831079329415831
XGBoost,0.999662962962963,0.5831835270731602
XGBoost,0.9996592592592592,0.5833490026735136
XGBoost,0.9996444444444444,0.5834349303520012
XGBoost,0.9996444444444444,0.5835484582355002
XGBoost,0.9996444444444444,0.5836733899481643
XGBoost,0.9996444444444444,0.5837579700490532
XGBoost,0.9996444444444444,0.583919624081622
XGBoost,0.9996444444444444,0.5840156485312191
XGBoost,0.9996444444444444,0.5841723878206516
XGBoost,0.9996407407407407,0.5843953664609722
XGBoost,0.9996333333333334,0.5844960770258594
XGBoost,0.9996333333333334,0.584585961325201
XGBoost,0.9996333333333334,0.5847341408512953
XGBoost,0.9996296296296296,0.5848333365836113
XGBoost,0.9996296296296296,0.5849486788265483
XGBoost,0.9996296296296296,0.585026021627972
XGBoost,0.9996296296296296,0.5850983112575603
XGBoost,0.9996259259259259,0.5852115897909579
XGBoost,0.9996185185185186,0.5853532111285579
XGBoost,0.9996185185185186,0.5854243126230945
XGBoost,0.9996185185185186,0.5855081329914397
XGBoost,0.9996185185185186,0.5855792721292411
XGBoost,0.9996148148148148,0.5856546127222819
XGBoost,0.9996148148148148,0.5857893514549453
XGBoost,0.9996148148148148,0.5858859947510436
XGBoost,0.9996148148148148,0.5859534096089968
XGBoost,0.9996148148148148,0.5860806497144471
XGBoost,0.9996148148148148,0.5861442904921166
XGBoost,0.9996148148148148,0.5862919903376606
XGBoost,0.9996148148148148,0.58638242955811
XGBoost,0.9996111111111111,0.5867180570772682
XGBoost,0.9996111111111111,0.5868048006261686
XGBoost,0.9996111111111111,0.5869170950653688
XGBoost,0.9996111111111111,0.5870090043064075
XGBoost,0.9996111111111111,0.5870805091750703
XGBoost,0.9996111111111111,0.5871954642171815
XGBoost,0.9996111111111111,0.587291294480143
XGBoost,0.9996111111111111,0.5873871560271957
XGBoost,0.9996074074074074,0.5874770358632339
XGBoost,0.9996,0.5875647668393782
XGBoost,0.9996,0.5876683962644172
XGBoost,0.9995962962962963,0.5877532442926799
XGBoost,0.9995962962962963,0.5878530993459127
XGBoost,0.9995962962962963,0.5879837302374017
XGBoost,0.9995962962962963,0.5882938908252301
XGBoost,0.9995962962962963,0.5883734061176307
XGBoost,0.9995962962962963,0.588449093858471
XGBoost,0.9995962962962963,0.5885607367394959
XGBoost,0.9995962962962963,0.5886891142321812
XGBoost,0.9995925925925926,0.5888834582856943
XGBoost,0.9995888888888889,0.5890046528681048
XGBoost,0.9995888888888889,0.5890792179048966
XGBoost,0.9995888888888889,0.5891949596562925
XGBoost,0.9995888888888889,0.5893660835366027
XGBoost,0.9995888888888889,0.5894484642920323
XGBoost,0.9995888888888889,0.5895772303377046
XGBoost,0.9995814814814815,0.5897570931594497
XGBoost,0.9995814814814815,0.5898769700850871
XGBoost,0.9995777777777778,0.589944412505984
XGBoost,0.9995740740740741,0.5900325093406966
XGBoost,0.9995740740740741,0.5901215293721492
XGBoost,0.9995740740740741,0.5901925066096925
XGBoost,0.9995740740740741,0.5902751198003583
XGBoost,0.9995703703703703,0.5903956038186575
XGBoost,0.9995666666666667,0.5904722106142917
XGBoost,0.9995666666666667,0.5906414958899793
XGBoost,0.9995666666666667,0.590741044751617
XGBoost,0.9995666666666667,0.5908664982332
XGBoost,0.9995666666666667,0.5910023584647424
XGBoost,0.9995666666666667,0.5910981451183694
XGBoost,0.9995555555555555,0.5911809160806992
XGBoost,0.9995518518518518,0.5912940026861165
XGBoost,0.9995518518518518,0.5913937731185246
XGBoost,0.9995481481481482,0.5914862000872289
XGBoost,0.9995407407407407,0.5916776286942033
XGBoost,0.999537037037037,0.5917519805464619
XGBoost,0.9995333333333334,0.5919289002748271
XGBoost,0.9995333333333334,0.5920094063760664
XGBoost,0.9995296296296297,0.5921046280491283
XGBoost,0.9995259259259259,0.5922323705358514
XGBoost,0.9995222222222222,0.5923081650300904
XGBoost,0.9995222222222222,0.5924485969818976
XGBoost,0.9995185185185185,0.5925738878397963
XGBoost,0.9995185185185185,0.5926832053692218
XGBoost,0.9995185185185185,0.5929254092057563
XGBoost,0.9995185185185185,0.5930048847588054
XGBoost,0.9995185185185185,0.593076561311902
XGBoost,0.9995185185185185,0.5932043188492447
XGBoost,0.9995185185185185,0.5933295224694398
XGBoost,0.9995148148148149,0.5934447498625618
XGBoost,0.9995148148148149,0.5935909448836217
XGBoost,0.9995111111111111,0.5937062752448586
XGBoost,0.9995111111111111,0.5937990261333357
XGBoost,0.9995111111111111,0.5939166393404741
XGBoost,0.9995111111111111,0.594001611192062
XGBoost,0.9995111111111111,0.5940970701091252
XGBoost,0.9995111111111111,0.5942161098120038
XGBoost,0.9995074074074074,0.6199008129296939
XGBoost,0.9995074074074074,0.6199905347411757
XGBoost,0.9995,0.6201084583745031
XGBoost,0.9994962962962963,0.6202273014559704
XGBoost,0.9994962962962963,0.6204026833294252
XGBoost,0.9994888888888889,0.6205350367682565
XGBoost,0.9994851851851851,0.6205969538291007
XGBoost,0.9994814814814815,0.620688862055086
XGBoost,0.9994814814814815,0.6208702214205518
XGBoost,0.9994703703703703,0.6209718987877728
XGBoost,0.999462962962963,0.6210873487875385
XGBoost,0.9994555555555555,0.6211956934593896
XGBoost,0.9994555555555555,0.6212986690058641
XGBoost,0.9994555555555555,0.6214116953516112
XGBoost,0.9994555555555555,0.6215247628282344
XGBoost,0.9994555555555555,0.6216178238895774
XGBoost,0.9994555555555555,0.6217066157971856
XGBoost,0.9994555555555555,0.6218025968639469
XGBoost,0.9994555555555555,0.6219143733565027
XGBoost,0.9994555555555555,0.6219989489406428
XGBoost,0.9994555555555555,0.622102190992586
XGBoost,0.9994518518518518,0.6222189428927836
XGBoost,0.999437037037037,0.6223403028583816
XGBoost,0.999437037037037,0.6224364814836172
XGBoost,0.999437037037037,0.622515456307096
XGBoost,0.9994333333333333,0.6226338037268456
XGBoost,0.9994333333333333,0.622727199300304
XGBoost,0.9994333333333333,0.622830685571448
XGBoost,0.9994333333333333,0.6229155124653739
XGBoost,0.9994333333333333,0.6230147461160711
XGBoost,0.9994333333333333,0.6231140113886695
XGBoost,0.9994333333333333,0.6231945977653889
XGBoost,0.9994296296296297,0.6233520830686425
XGBoost,0.9994259259259259,0.6235024457645643
XGBoost,0.9994222222222222,0.6235808223546622
XGBoost,0.9994222222222222,0.6236975675600713
XGBoost,0.9994222222222222,0.6238114722832909
XGBoost,0.9994185185185185,0.6238942554460665
XGBoost,0.9994111111111111,0.6239891778145198
XGBoost,0.9994111111111111,0.6240829825616356
XGBoost,0.9994074074074074,0.624175946187262
XGBoost,0.9994074074074074,0.6242856944553695
XGBoost,0.9994,0.624392298240702
XGBoost,0.9994,0.6245353676092783
XGBoost,0.9993962962962963,0.6247485025919571
XGBoost,0.9993962962962963,0.624916338001422
XGBoost,0.9993962962962963,0.6250002895267743
XGBoost,0.9993851851851852,0.6251135163185499
XGBoost,0.9993851851851852,0.6252134563830699
XGBoost,0.9993814814814814,0.6252980694139648
XGBoost,0.9993814814814814,0.6254154633488316
XGBoost,0.9993814814814814,0.6254995502888351
XGBoost,0.9993814814814814,0.6255981637763146
XGBoost,0.9993814814814814,0.625686652336531
XGBoost,0.9993814814814814,0.6258433820169732
XGBoost,0.9993777777777778,0.6259223605005857
XGBoost,0.9993777777777778,0.626003679481439
XGBoost,0.9993777777777778,0.6261111691204622
XGBoost,0.9993740740740741,0.626220734854533
XGBoost,0.9993703703703704,0.626373957997219
XGBoost,0.9993703703703704,0.6264612127107803
XGBoost,0.9993666666666666,0.6265869081096896
XGBoost,0.9993666666666666,0.626656757666895
XGBoost,0.9993666666666666,0.6267455472865624
XGBoost,0.9993666666666666,0.6268212566671003
XGBoost,0.9993666666666666,0.6269159191184158
XGBoost,0.999362962962963,0.6270257709199917
XGBoost,0.9993592592592593,0.6271312892789409
XGBoost,0.9993555555555556,0.6272178895617104
XGBoost,0.9993555555555556,0.6273433013491929
XGBoost,0.9993555555555556,0.6274191560653588
XGBoost,0.9993555555555556,0.627503784892523
XGBoost,0.9993518518518518,0.6275992482532121
XGBoost,0.9993518518518518,0.6277175114167467
XGBoost,0.9993518518518518,0.6277978389747694
XGBoost,0.9993518518518518,0.6278854924884115
XGBoost,0.9993481481481481,0.6280044594125958
XGBoost,0.9993481481481481,0.6281725947413267
XGBoost,0.999337037037037,0.6283060343422394
XGBoost,0.9993333333333333,0.628441264428855
XGBoost,0.999325925925926,0.6285156559374229
XGBoost,0.999325925925926,0.6285903322826464
XGBoost,0.999325925925926,0.6287294826027384
XGBoost,0.9993222222222222,0.6288575697048657
XGBoost,0.9993222222222222,0.6289308615903163
XGBoost,0.9993185185185185,0.629078098515529
XGBoost,0.9993148148148148,0.6291872555855337
XGBoost,0.9993074074074074,0.6292941190190202
XGBoost,0.9993037037037037,0.6294033530917074
XGBoost,0.9993037037037037,0.6295487423584861
XGBoost,0.9993037037037037,0.629813258636788
XGBoost,0.9993037037037037,0.6299220687046783
XGBoost,0.9993,0.630003572521009
XGBoost,0.9992925925925926,0.6301063064577903
XGBoost,0.9992925925925926,0.6302741063627997
XGBoost,0.9992925925925926,0.6303683489946684
XGBoost,0.9992925925925926,0.6305407091827315
XGBoost,0.9992888888888889,0.6306901855548647
XGBoost,0.9992888888888889,0.6307712808859526
XGBoost,0.9992888888888889,0.6308715730402759
XGBoost,0.9992888888888889,0.6309571415542413
XGBoost,0.9992851851851852,0.6311186275748176
XGBoost,0.9992851851851852,0.6312382289290519
XGBoost,0.9992851851851852,0.6313431019716675
XGBoost,0.9992851851851852,0.6315485177252671
XGBoost,0.9992851851851852,0.6316830709583166
XGBoost,0.9992814814814814,0.6319011651736051
XGBoost,0.9992814814814814,0.632003298149944
XGBoost,0.9992814814814814,0.6321084259725656
XGBoost,0.9992814814814814,0.6322328477261916
XGBoost,0.9992777777777778,0.6324068518067093
XGBoost,0.9992777777777778,0.6324824593687951
XGBoost,0.9992740740740741,0.6326922084804825
XGBoost,0.9992740740740741,0.6328391256722936
XGBoost,0.9992629629629629,0.632913738259001
XGBoost,0.9992592592592593,0.6330539574084676
XGBoost,0.9992555555555556,0.6332031561703506
XGBoost,0.9992518518518518,0.6333018792633175
XGBoost,0.9992444444444445,0.6333908511462478
XGBoost,0.999237037037037,0.6335482780159964
XGBoost,0.999237037037037,0.6336583899363979
XGBoost,0.9992296296296296,0.6337310908578409
XGBoost,0.9992296296296296,0.6338531804021258
XGBoost,0.9992222222222222,0.6339884947267498
XGBoost,0.9992222222222222,0.6340659753884914
XGBoost,0.9992222222222222,0.6343030049396591
XGBoost,0.9992185185185185,0.6344035704879792
XGBoost,0.9992185185185185,0.6346393605359605
XGBoost,0.9992148148148148,0.6347624358268513
XGBoost,0.9992111111111112,0.6348975125314757
XGBoost,0.9992111111111112,0.6350469599604548
XGBoost,0.9992111111111112,0.6351351669487795
XGBoost,0.9992111111111112,0.6352144246299898
XGBoost,0.9992111111111112,0.6353146466156915
XGBoost,0.9992111111111112,0.635426872927344
XGBoost,0.9992037037037037,0.635531433228976
XGBoost,0.9992037037037037,0.6356587138151539
XGBoost,0.9992037037037037,0.6358145147225875
XGBoost,0.9992037037037037,0.6360408616498846
XGBoost,0.9992037037037037,0.6361428453530459
XGBoost,0.9992,0.6363730716610841
XGBoost,0.9991925925925926,0.6364704439075948
XGBoost,0.9991925925925926,0.6365920937443221
XGBoost,0.9991925925925926,0.6366822347196689
XGBoost,0.9991888888888889,0.6368361789970894
XGBoost,0.9991888888888889,0.6369504498867905
XGBoost,0.9991888888888889,0.6370256504707191
XGBoost,0.9991851851851852,0.6371090392117966
XGBoost,0.9991703703703704,0.6372485797635499
XGBoost,0.9991666666666666,0.6373591324686371
XGBoost,0.9991666666666666,0.6374494931594245
XGBoost,0.9991592592592593,0.6375336463815517
XGBoost,0.9991592592592593,0.6376466639563577
XGBoost,0.9991592592592593,0.6377567062172136
XGBoost,0.9991518518518518,0.6378499921974379
XGBoost,0.9991518518518518,0.6379420020478768
XGBoost,0.9991481481481481,0.6380286553552592
XGBoost,0.9991481481481481,0.6381161888541962
XGBoost,0.999137037037037,0.6381770223436595
XGBoost,0.9991333333333333,0.6383392568964946
XGBoost,0.9991333333333333,0.6384223442850685
XGBoost,0.9991333333333333,0.6385205663619623
XGBoost,0.9991333333333333,0.63864905622856
XGBoost,0.9991333333333333,0.6387564227026259
XGBoost,0.9991333333333333,0.638874416225382
XGBoost,0.9991333333333333,0.6389470492937064
XGBoost,0.9991296296296296,0.6390642582173527
XGBoost,0.9991296296296296,0.63914904908913
XGBoost,0.9991296296296296,0.6392429509463113
XGBoost,0.9991296296296296,0.6393490023392118
XGBoost,0.9991296296296296,0.6394808581249259
XGBoost,0.9991296296296296,0.6395627270054718
XGBoost,0.9991296296296296,0.6396567504635623
XGBoost,0.9991296296296296,0.6397659736945706
XGBoost,0.9991296296296296,0.6399313965266527
XGBoost,0.9991296296296296,0.6400346394296357
XGBoost,0.9991222222222222,0.6401681087058667
XGBoost,0.9991222222222222,0.6402744681053061
XGBoost,0.9991222222222222,0.640374782199982
XGBoost,0.9991222222222222,0.6404720864969586
XGBoost,0.9991222222222222,0.6406059281986008
XGBoost,0.9991185185185185,0.6407481039687799
XGBoost,0.9991185185185185,0.640990181821638
XGBoost,0.9991185185185185,0.6410846265358017
XGBoost,0.9991148148148148,0.6411523396649744
XGBoost,0.9991074074074074,0.6412618947438485
XGBoost,0.9991,0.6413470911295499
XGBoost,0.9991,0.6414523197500362
XGBoost,0.9991,0.641549953980836
XGBoost,0.9991,0.6416384606785136
XGBoost,0.9991,0.6419667590027701
XGBoost,0.9990962962962963,0.6420392474205948
XGBoost,0.9990962962962963,0.6421936227246973
XGBoost,0.9990962962962963,0.6423052471421327
XGBoost,0.9990962962962963,0.6424016117432451
XGBoost,0.9990962962962963,0.6424857632132386
XGBoost,0.9990925925925926,0.6425813305891629
XGBoost,0.9990925925925926,0.6426670605584845
XGBoost,0.9990925925925926,0.6427727235902153
XGBoost,0.9990777777777777,0.6429792173678829
XGBoost,0.9990777777777777,0.6430727199908456
XGBoost,0.9990777777777777,0.643141714768005
XGBoost,0.9990740740740741,0.6432098735994239
XGBoost,0.9990740740740741,0.6433187856240014
XGBoost,0.9990666666666667,0.6434674745354357
XGBoost,0.9990629629629629,0.6435418455959538
XGBoost,0.9990592592592593,0.6436177700789055
XGBoost,0.9990592592592593,0.6437575474084646
XGBoost,0.9990555555555556,0.643859649122807
XGBoost,0.9990555555555556,0.6439457237391798
XGBoost,0.9990555555555556,0.6440548871480315
XGBoost,0.9990555555555556,0.6441687024924239
XGBoost,0.9990518518518519,0.6442970974337416
XGBoost,0.9990481481481481,0.6443839792071782
XGBoost,0.9990444444444444,0.644458567073462
XGBoost,0.9990296296296296,0.6445521865568749
XGBoost,0.9990296296296296,0.6447278159545862
XGBoost,0.9990296296296296,0.6448403306701856
XGBoost,0.9990296296296296,0.6449266699502206
XGBoost,0.9990259259259259,0.6450013869094874
XGBoost,0.9990222222222223,0.6451578954921513
XGBoost,0.9990185185185185,0.6452388413521226
XGBoost,0.9989925925925925,0.6461665245263853
XGBoost,0.9989925925925925,0.646253222544876
XGBoost,0.9989888888888889,0.6463530359017124
XGBoost,0.9989888888888889,0.6464645738362645
XGBoost,0.9989888888888889,0.6465885500318828
XGBoost,0.9989888888888889,0.6466614082237891
XGBoost,0.9989851851851852,0.6467597987732651
XGBoost,0.9989851851851852,0.6468590669052084
XGBoost,0.9989777777777777,0.6469271893910503
XGBoost,0.9989777777777777,0.6471227552452585
XGBoost,0.9989740740740741,0.6472383731393784
XGBoost,0.9989703703703704,0.6473540332122893
XGBoost,0.9989666666666667,0.6474448682527071
XGBoost,0.9989666666666667,0.6475272482834782
XGBoost,0.9989666666666667,0.6476003198132981
XGBoost,0.9989629629629629,0.6476694513347436
XGBoost,0.9989629629629629,0.6477565557372758
XGBoost,0.9989629629629629,0.6478810312482736
XGBoost,0.9989629629629629,0.6479806461067588
XGBoost,0.9989629629629629,0.648127010979135
XGBoost,0.9989629629629629,0.6482298173218581
XGBoost,0.9989629629629629,0.6483310978746316
XGBoost,0.9989629629629629,0.6484448814638333
XGBoost,0.9989444444444444,0.6485653963795857
XGBoost,0.9989444444444444,0.6486543035591031
XGBoost,0.9989407407407408,0.6487236657598957
XGBoost,0.9989407407407408,0.6488032522672055
XGBoost,0.9989407407407408,0.6490296343532299
XGBoost,0.9989370370370371,0.6491084514804591
XGBoost,0.9989333333333333,0.649202914423121
XGBoost,0.9989296296296296,0.6493474288383246
XGBoost,0.9989259259259259,0.6494466544022037
XGBoost,0.9989222222222223,0.6495537327020244
XGBoost,0.9989185185185185,0.6496733663499894
XGBoost,0.9989148148148148,0.6497460828338505
XGBoost,0.9989148148148148,0.64982122549681
XGBoost,0.9989148148148148,0.6499136121680333
XGBoost,0.9989148148148148,0.6500796610128639
XGBoost,0.9989148148148148,0.6502160097975872
XGBoost,0.9989148148148148,0.6503006688495498
XGBoost,0.9989111111111111,0.6505335365853658
XGBoost,0.9989111111111111,0.650660657980126
XGBoost,0.9989074074074074,0.6507477307493714
XGBoost,0.9989074074074074,0.6508246763431909
XGBoost,0.9989,0.6509156642789566
XGBoost,0.9988962962962963,0.6510405225665821
XGBoost,0.9988888888888889,0.6511488661028366
XGBoost,0.9988888888888889,0.6512290529772541
XGBoost,0.9988851851851852,0.6513115632984452
XGBoost,0.9988814814814815,0.6514003883795298
XGBoost,0.9988814814814815,0.6514759167109522
XGBoost,0.9988814814814815,0.6515624811258078
XGBoost,0.9988777777777778,0.6516387798248263
XGBoost,0.9988703703703704,0.6517284293706125
XGBoost,0.9988666666666667,0.6518299742114181
XGBoost,0.9988592592592592,0.6519511976967092
XGBoost,0.9988555555555556,0.6520890758740752
XGBoost,0.9988555555555556,0.652349334204129
XGBoost,0.9988518518518519,0.6525805351020043
XGBoost,0.9988407407407407,0.6526790900290417
XGBoost,0.9988370370370371,0.6527730376459254
XGBoost,0.9988370370370371,0.6529152715537382
XGBoost,0.9988333333333334,0.6529918958641546
XGBoost,0.9988222222222222,0.6530937447024919
XGBoost,0.9988222222222222,0.6532408674610076
XGBoost,0.9988222222222222,0.6533294894871615
XGBoost,0.9988222222222222,0.65341496921694
XGBoost,0.9988148148148148,0.653585900692169
XGBoost,0.9988148148148148,0.6536556043551186
XGBoost,0.9988074074074074,0.6537426608551468
XGBoost,0.9987888888888888,0.6538240535331127
XGBoost,0.9987814814814815,0.6539127440615331
XGBoost,0.9987666666666667,0.6540632314241017
XGBoost,0.998762962962963,0.6542115477923338
XGBoost,0.9987555555555555,0.6542971735538393
XGBoost,0.9987518518518519,0.6543709581528531
XGBoost,0.9987407407407407,0.6544589658645503
XGBoost,0.9987407407407407,0.6545685809023075
XGBoost,0.9987259259259259,0.6546796474786958
XGBoost,0.9987259259259259,0.6548274999575033
XGBoost,0.9987259259259259,0.6549245147375988
XGBoost,0.9987222222222222,0.6550143558800811
XGBoost,0.9987185185185186,0.6551599305125309
XGBoost,0.9987111111111111,0.6552760692961758
XGBoost,0.9987111111111111,0.655376404193989
XGBoost,0.9987037037037036,0.6575706586680323
XGBoost,0.9987,0.6576612391832434
XGBoost,0.9986962962962963,0.6577823313452132
XGBoost,0.9986888888888888,0.6579042395377889
XGBoost,0.9986851851851852,0.6579917032698878
XGBoost,0.9986814814814815,0.6580711606373658
XGBoost,0.9986814814814815,0.6582028818528219
XGBoost,0.9986777777777778,0.6583048910893989
XGBoost,0.998674074074074,0.6584310488813788
XGBoost,0.998674074074074,0.6585323561089145
XGBoost,0.9986666666666667,0.6586497240969947
XGBoost,0.9986666666666667,0.6587993842996408
XGBoost,0.998662962962963,0.6589531101460679
XGBoost,0.998662962962963,0.6590271956045137
XGBoost,0.9986518518518519,0.6591004089494668
XGBoost,0.9986333333333334,0.6601645324780256
XGBoost,0.9986296296296296,0.6602752473307866
XGBoost,0.9986296296296296,0.6604110944557113
XGBoost,0.9986222222222222,0.6604951729577851
XGBoost,0.9986148148148148,0.6606359232697345
XGBoost,0.9986148148148148,0.6607249629970888
XGBoost,0.9986,0.6608349959068828
XGBoost,0.9985925925925926,0.6609694152717717
XGBoost,0.9985851851851851,0.6610844395623795
XGBoost,0.9985814814814815,0.6611889861100212
XGBoost,0.9985777777777778,0.6612968104623898
XGBoost,0.9985740740740741,0.661377089072431
XGBoost,0.9985740740740741,0.6615117745489163
XGBoost,0.9985703703703703,0.6616278242261983
XGBoost,0.9985703703703703,0.6617203836600858
XGBoost,0.9985666666666667,0.6618170124919301
XGBoost,0.9985666666666667,0.661955128677283
XGBoost,0.9985592592592593,0.6620379919655047
XGBoost,0.9985555555555555,0.66211845488503
XGBoost,0.9985518518518518,0.6622412285441988
XGBoost,0.9985444444444445,0.6623420652448956
XGBoost,0.9985444444444445,0.6624657534246575
XGBoost,0.9985407407407407,0.6625740033963534
XGBoost,0.998537037037037,0.6626741453726736
XGBoost,0.998537037037037,0.6628109941980529
XGBoost,0.9985333333333334,0.6629323996026398
XGBoost,0.9985296296296297,0.6630179770307159
XGBoost,0.9985148148148149,0.6630929366566809
XGBoost,0.9985037037037037,0.6631883202341857
XGBoost,0.9984962962962963,0.663281298052675
XGBoost,0.9984888888888889,0.6633481869339166
XGBoost,0.9984777777777778,0.6634403839055002
XGBoost,0.9984666666666666,0.6635064791228265
XGBoost,0.9984592592592593,0.6636354908510843
XGBoost,0.9984555555555555,0.6637163566173936
XGBoost,0.9984518518518518,0.6637956082162503
XGBoost,0.9984518518518518,0.6638904212143899
XGBoost,0.9984444444444445,0.6639688876957142
XGBoost,0.9984407407407407,0.664125089920082
XGBoost,0.9984333333333333,0.6641970685122539
XGBoost,0.9984259259259259,0.6642625164479358
XGBoost,0.9984148148148149,0.6643369740940814
XGBoost,0.9984074074074074,0.6644122772208899
XGBoost,0.9984037037037037,0.6645162721674694
XGBoost,0.9984037037037037,0.6646080186190539
XGBoost,0.9983925925925926,0.6646825592519898
XGBoost,0.9983814814814815,0.6647833485412711
XGBoost,0.9983740740740741,0.6648948371931261
XGBoost,0.9983666666666666,0.6650129272913871
XGBoost,0.9983666666666666,0.6651212254304453
XGBoost,0.9983592592592593,0.6652213398352476
XGBoost,0.9983481481481481,0.6652911021874931
XGBoost,0.9983444444444445,0.665388811817154
XGBoost,0.9983407407407408,0.6654651926390789
XGBoost,0.9983407407407408,0.6655621371904622
XGBoost,0.998325925925926,0.6656689584321164
XGBoost,0.9983185185185185,0.6657643127249195
XGBoost,0.9983185185185185,0.665846543005852
XGBoost,0.9983148148148148,0.6659937834485553
XGBoost,0.9983111111111111,0.6661345050773653
XGBoost,0.9983074074074074,0.666224235818114
XGBoost,0.9983,0.6663098722461733
XGBoost,0.9982888888888889,0.6663930596109011
XGBoost,0.9982851851851852,0.6665158247959307
XGBoost,0.9982851851851852,0.6666394606279153
XGBoost,0.9982814814814814,0.6667177872378318
XGBoost,0.9982814814814814,0.6668365491426296
XGBoost,0.9982777777777778,0.6669281246288452
XGBoost,0.9982703703703704,0.6670354091804512
XGBoost,0.9982703703703704,0.6671361211836194
XGBoost,0.9982592592592593,0.667212919963165
XGBoost,0.9982333333333333,0.667284791166349
XGBoost,0.9982333333333333,0.6673723619994206
XGBoost,0.9982333333333333,0.6674533441635628
XGBoost,0.9982333333333333,0.6675343459836189
XGBoost,0.9982333333333333,0.6676418277209966
XGBoost,0.9982333333333333,0.6677725059772308
XGBoost,0.998225925925926,0.6678933139052236
XGBoost,0.998225925925926,0.6679810451911591
XGBoost,0.998225925925926,0.66810192036449
XGBoost,0.9982185185185185,0.6681897177934187
XGBoost,0.9982148148148148,0.6682634492984322
XGBoost,0.9982148148148148,0.6684043191659268
XGBoost,0.9982111111111112,0.6685112610378013
XGBoost,0.9982074074074074,0.6686182379296144
XGBoost,0.9982074074074074,0.6687061614078965
XGBoost,0.9982074074074074,0.668804065690279
XGBoost,0.9982037037037037,0.6689061573169793
XGBoost,0.9981925925925926,0.669016601795218
XGBoost,0.9981888888888889,0.669147002741032
XGBoost,0.9981888888888889,0.669221772781788
XGBoost,0.9981851851851852,0.6693223331785298
XGBoost,0.9981777777777778,0.6693971630324903
XGBoost,0.9981777777777778,0.6695152307088453
XGBoost,0.9981666666666666,0.6695942756341773
XGBoost,0.9981518518518518,0.6696741842181116
XGBoost,0.9981481481481481,0.6698015200393679
XGBoost,0.9981444444444444,0.6698806141547915
XGBoost,0.9981444444444444,0.6699855312420757
XGBoost,0.9981444444444444,0.6701038105302418
XGBoost,0.998137037037037,0.6701988237195827
XGBoost,0.998137037037037,0.6702738329146666
XGBoost,0.9981296296296296,0.6703622261911276
XGBoost,0.9981296296296296,0.6704856446235756
XGBoost,0.998125925925926,0.6705849273039896
XGBoost,0.9981148148148148,0.6706592340044297
XGBoost,0.9981111111111111,0.6707635787995998
XGBoost,0.9981,0.6708412680631791
XGBoost,0.9980962962962963,0.6709356490737122
XGBoost,0.9980925925925926,0.6710367409952813
XGBoost,0.9980851851851852,0.6711019466919684
XGBoost,0.9980740740740741,0.6711930937946768
XGBoost,0.9980555555555556,0.6712976802582805
XGBoost,0.9980518518518519,0.6713804864801569
XGBoost,0.9980407407407408,0.6714817546622545
XGBoost,0.9980370370370371,0.671576323987539
XGBoost,0.9980370370370371,0.6716549975947338
XGBoost,0.9980296296296296,0.6717404256273853
XGBoost,0.9980222222222223,0.6718191768117098
XGBoost,0.9980111111111111,0.6718988048782313
XGBoost,0.9980037037037037,0.6719893264171176
XGBoost,0.9979925925925925,0.6720991719046194
XGBoost,0.9979925925925925,0.6721830019707137
XGBoost,0.9979925925925925,0.672255112554793
XGBoost,0.9979777777777777,0.6723323560601335
XGBoost,0.9979740740740741,0.672415428075184
XGBoost,0.9979740740740741,0.6725077308202032
XGBoost,0.9979740740740741,0.6726050957162933
XGBoost,0.9979592592592592,0.6726790676076803
XGBoost,0.9979481481481481,0.6728193910700596
XGBoost,0.9979444444444444,0.6729059487538085
XGBoost,0.9979407407407408,0.6729807629866075
XGBoost,0.9979333333333333,0.6730446902953291
XGBoost,0.9979333333333333,0.6731287614013086
XGBoost,0.9979259259259259,0.6731960823505897
XGBoost,0.9979259259259259,0.6732818743143865
XGBoost,0.9979222222222223,0.6733685546914049
XGBoost,0.9979074074074074,0.6734662760703073
XGBoost,0.9979074074074074,0.673572344622246
XGBoost,0.9979074074074074,0.6736649714717192
XGBoost,0.9979,0.6737475681541978
XGBoost,0.9979,0.6738587821006613
XGBoost,0.9978962962962963,0.6739321295376834
XGBoost,0.9978962962962963,0.6740265425844622
XGBoost,0.9978925925925926,0.674120166734221
XGBoost,0.9978888888888889,0.6741935726028632
XGBoost,0.9978814814814815,0.6742965545375141
XGBoost,0.9978777777777778,0.674408825009199
XGBoost,0.9978703703703704,0.6744865465687993
XGBoost,0.9978703703703704,0.6745692946722984
XGBoost,0.9978703703703704,0.6746554418157416
XGBoost,0.9978703703703704,0.6747483702607332
XGBoost,0.9978703703703704,0.6748413243095667
XGBoost,0.997862962962963,0.6749394385003294
XGBoost,0.997862962962963,0.6750442850377958
XGBoost,0.9978518518518519,0.6751467219975241
XGBoost,0.9978481481481482,0.6752237429418532
XGBoost,0.9978481481481482,0.6753151373720714
XGBoost,0.9978444444444444,0.6754260615815045
XGBoost,0.9978407407407407,0.6755234725833507
XGBoost,0.9978407407407407,0.6756268087048545
XGBoost,0.9978407407407407,0.6758335758220367
XGBoost,0.9978407407407407,0.6759387027010754
XGBoost,0.9978296296296296,0.6760838360619535
XGBoost,0.9978296296296296,0.676168676996903
XGBoost,0.9978148148148148,0.6762401040176308
XGBoost,0.9978111111111111,0.676337755908971
XGBoost,0.9978111111111111,0.6764192655045231
XGBoost,0.9978111111111111,0.6765143848670746
XGBoost,0.9977962962962963,0.676606282225476
XGBoost,0.9977925925925926,0.6767363405033497
XGBoost,0.9977666666666667,0.6768241669618698
XGBoost,0.997762962962963,0.676920293587756
XGBoost,0.9975888888888889,0.6778445796140034
XGBoost,0.9975851851851851,0.6779376046110671
XGBoost,0.9975851851851851,0.6780212256076686
XGBoost,0.9975814814814815,0.6781040568370065
XGBoost,0.9975666666666667,0.6781793552155828
XGBoost,0.9975592592592593,0.678251169068598
XGBoost,0.9975555555555555,0.6784058193688464
XGBoost,0.9975518518518518,0.6784767844907501
XGBoost,0.9975481481481482,0.6786093117357904
XGBoost,0.9975481481481482,0.6786931016409306
XGBoost,0.997537037037037,0.6787898797087606
XGBoost,0.997362962962963,0.6815950997886531
XGBoost,0.997362962962963,0.6816882725659505
XGBoost,0.9973518518518518,0.6817566147746634
XGBoost,0.9973333333333333,0.6818319930317823
XGBoost,0.997325925925926,0.6819288031462962
XGBoost,0.9973222222222222,0.6821128305414053
XGBoost,0.9973185185185185,0.6822157138948286
XGBoost,0.9973148148148148,0.6822892384408002
XGBoost,0.9973074074074074,0.6823913715591913
XGBoost,0.997237037037037,0.6838717870567916
XGBoost,0.9972333333333333,0.6840429856206494
XGBoost,0.9972333333333333,0.6841264114317075
XGBoost,0.9972296296296296,0.6842073164533802
XGBoost,0.9972222222222222,0.6843204831035745
XGBoost,0.9972074074074074,0.684397289314347
XGBoost,0.9971925925925926,0.684494996745851
XGBoost,0.9971777777777778,0.6845770688879227
XGBoost,0.9971740740740741,0.6846633099379513
XGBoost,0.9971629629629629,0.6847636439475251
XGBoost,0.9971407407407408,0.6848528940419925
XGBoost,0.9971333333333333,0.6849453775740214
XGBoost,0.9971074074074074,0.685053054785109
XGBoost,0.9971074074074074,0.6851768430643466
XGBoost,0.9970925925925926,0.6852730503133447
XGBoost,0.9970851851851852,0.6853673997774955
XGBoost,0.9970777777777777,0.6854705033113595
XGBoost,0.9970666666666667,0.6855483969543406
XGBoost,0.9970555555555556,0.6856245638520586
XGBoost,0.9970407407407408,0.6857191618566312
XGBoost,0.9970222222222223,0.6857902754920593
XGBoost,0.9970148148148148,0.6858812828202273
XGBoost,0.9970111111111111,0.6859871004569119
XGBoost,0.9969814814814815,0.686066367621572
XGBoost,0.9969814814814815,0.686166050221385
XGBoost,0.9969703703703704,0.6866187123762881
XGBoost,0.9969629629629629,0.6868956999481983
XGBoost,0.9969518518518519,0.687014269780785
XGBoost,0.9969370370370371,0.687104020421187
XGBoost,0.9969296296296296,0.6872059210240777
XGBoost,0.9969259259259259,0.6872981219758193
XGBoost,0.9969222222222223,0.6873921037846672
XGBoost,0.9969185185185185,0.6874808442818905
XGBoost,0.9969111111111111,0.6876004261004401
XGBoost,0.9969037037037037,0.6876972092417201
XGBoost,0.9969,0.6877860313225859
XGBoost,0.9968962962962963,0.6878994891139616
XGBoost,0.9968851851851852,0.6879727018288241
XGBoost,0.9968814814814815,0.6880528032557236
XGBoost,0.9968777777777778,0.6881364425434436
XGBoost,0.9968777777777778,0.6882543367973161
XGBoost,0.996874074074074,0.6884207726305451
XGBoost,0.9968592592592592,0.6885285322159377
XGBoost,0.9968518518518519,0.6886009235925448
XGBoost,0.9968333333333333,0.6886832765710279
XGBoost,0.9968185185185185,0.6887682114459882
XGBoost,0.9968111111111111,0.6888688676903073
XGBoost,0.9968037037037037,0.6889801372650917
XGBoost,0.9967962962962963,0.6890614518846234
XGBoost,0.9967888888888888,0.689151610127827
XGBoost,0.996774074074074,0.6892578535171157
XGBoost,0.9967703703703704,0.689391241979072
XGBoost,0.996762962962963,0.6894691267568107
XGBoost,0.9967481481481482,0.6895613405759967
XGBoost,0.9967407407407407,0.6896498704600142
XGBoost,0.9967407407407407,0.689771836025405
XGBoost,0.9967370370370371,0.6899107358015576
XGBoost,0.9967185185185186,0.6900111278056685
XGBoost,0.9967074074074074,0.6902034106093599
XGBoost,0.9966888888888888,0.6903977587586971
XGBoost,0.9966851851851852,0.6905085702555681
XGBoost,0.9966814814814815,0.6906087840230765
XGBoost,0.9966666666666667,0.6906906906906907
XGBoost,0.9966666666666667,0.6908023935494305
XGBoost,0.9966518518518519,0.6908985409012367
XGBoost,0.9966407407407407,0.6909866395503206
XGBoost,0.9966333333333334,0.6910684568446572
XGBoost,0.9966185185185186,0.6911362819129809
XGBoost,0.9966148148148148,0.6912242575567252
XGBoost,0.9966,0.6912956687724635
XGBoost,0.9965814814814815,0.6913609747198733
XGBoost,0.9965555555555555,0.6914495848527134
XGBoost,0.9965481481481482,0.6915492957746479
XGBoost,0.9964814814814815,0.6918124173964917
XGBoost,0.9964703703703703,0.6918989952501331
XGBoost,0.996462962962963,0.6919828293505966
XGBoost,0.9964444444444445,0.6920660889159843
XGBoost,0.9964333333333333,0.6921456135837407
XGBoost,0.9964259259259259,0.6922455428017116
XGBoost,0.9964037037037037,0.6923227368762368
XGBoost,0.9963814814814815,0.6924052978632501
XGBoost,0.996337037037037,0.6924973935875819
XGBoost,0.9963222222222222,0.6925869379957725
XGBoost,0.9963185185185185,0.6926753150443663
XGBoost,0.9963111111111111,0.692757571933692
XGBoost,0.9963037037037037,0.692854125670956
XGBoost,0.9962962962962963,0.6929346426105862
XGBoost,0.9962888888888889,0.6930241065976901
XGBoost,0.9962888888888889,0.6931294641476763
XGBoost,0.9962851851851852,0.6932215576269396
XGBoost,0.9962777777777778,0.6933629242416041
XGBoost,0.996262962962963,0.6934527108721039
XGBoost,0.9962592592592593,0.6935413175196596
XGBoost,0.9962592592592593,0.6936611455375816
XGBoost,0.9962555555555556,0.6937498065674229
XGBoost,0.9962518518518518,0.693831332138205
XGBoost,0.9962333333333333,0.6947879858657244
XGBoost,0.9962296296296296,0.6949164365193983
XGBoost,0.996225925925926,0.6950090176684288
XGBoost,0.996225925925926,0.6951185790669248
XGBoost,0.9962222222222222,0.6951986374127384
XGBoost,0.9962185185185185,0.695282309241256
XGBoost,0.9962185185185185,0.6953955532574975
XGBoost,0.9962037037037037,0.6955182739200364
XGBoost,0.9962037037037037,0.6956118073622741
XGBoost,0.9962037037037037,0.6956981682556269
XGBoost,0.9961888888888889,0.695777803071065
XGBoost,0.9961851851851852,0.6958976269572686
XGBoost,0.9961629629629629,0.6959937481562753
XGBoost,0.9961629629629629,0.6961630844411314
XGBoost,0.9961407407407408,0.6962376586194221
XGBoost,0.996137037037037,0.696323394251954
XGBoost,0.9961333333333333,0.696421774379397
XGBoost,0.9961333333333333,0.6965263803966966
XGBoost,0.9961296296296296,0.6966663212972077
XGBoost,0.9961148148148148,0.6968057682193498
XGBoost,0.9961148148148148,0.696923132734924
XGBoost,0.9960925925925926,0.6970123414555764
XGBoost,0.9960814814814815,0.6970912842205668
XGBoost,0.9960777777777777,0.6971682021557333
XGBoost,0.9960703703703704,0.6974052714014543
XGBoost,0.9960444444444444,0.6974865978686267
XGBoost,0.9960444444444444,0.6975824859929446
XGBoost,0.996037037037037,0.6977184634782925
XGBoost,0.9960333333333333,0.6978009574592301
XGBoost,0.9960296296296296,0.6979269394068368
XGBoost,0.9960222222222223,0.6980250060347759
XGBoost,0.9959851851851852,0.6981113952311107
XGBoost,0.9959777777777777,0.6982004554034371
XGBoost,0.9959555555555556,0.6982809659828616
XGBoost,0.9959518518518519,0.6983599745490904
XGBoost,0.9959407407407408,0.6984991194210518
XGBoost,0.9959222222222223,0.6985696026269848
XGBoost,0.9959148148148148,0.6986969118239337
XGBoost,0.9959,0.698791830497639
XGBoost,0.9958962962962963,0.6988745938921378
XGBoost,0.9958925925925926,0.6989610112788893
XGBoost,0.9958888888888889,0.6990928873948007
XGBoost,0.9958777777777778,0.6992050675965582
XGBoost,0.9958666666666667,0.6992954614610397
XGBoost,0.995862962962963,0.6993783488529366
XGBoost,0.9958592592592592,0.6994703544151006
XGBoost,0.9958296296296296,0.6995532729198051
XGBoost,0.9958222222222223,0.6996645736129508
XGBoost,0.9958185185185185,0.6997821566234016
XGBoost,0.9958148148148148,0.6998888486858375
XGBoost,0.9958037037037037,0.6999721434689452
XGBoost,0.9958,0.700067958662386
XGBoost,0.9957962962962963,0.7001455679885837
XGBoost,0.9957814814814815,0.7002372661521994
XGBoost,0.9957666666666667,0.7003143974223058
XGBoost,0.9957481481481482,0.7004728840717533
XGBoost,0.9957370370370371,0.7005545045678877
XGBoost,0.9957222222222222,0.7006426695021266
XGBoost,0.9957037037037038,0.7007282527667871
XGBoost,0.9956777777777778,0.7008068195148656
XGBoost,0.9956777777777778,0.7008872122035348
XGBoost,0.995674074074074,0.7010253361287564
XGBoost,0.9956666666666667,0.7011609073386766
XGBoost,0.995662962962963,0.7012424320679465
XGBoost,0.9956481481481482,0.7013307870714597
XGBoost,0.9956259259259259,0.7014157786521662
XGBoost,0.9956222222222222,0.7015284885526464
XGBoost,0.9956074074074074,0.701609598605206
XGBoost,0.9955925925925926,0.7016779084093804
XGBoost,0.9955888888888889,0.7017723858679051
XGBoost,0.9955703703703703,0.7018619430946742
XGBoost,0.995562962962963,0.7019465292031608
XGBoost,0.9955555555555555,0.7020384710813952
XGBoost,0.9955407407407407,0.7021252141931709
XGBoost,0.9955185185185185,0.7021884118927137
XGBoost,0.9955,0.7022670801773533
XGBoost,0.9954925925925926,0.7024141787924402
XGBoost,0.9954814814814815,0.7025073117947941
XGBoost,0.9954703703703703,0.7025967983102774
XGBoost,0.9954703703703703,0.7026941528647433
XGBoost,0.995462962962963,0.7027844672277961
XGBoost,0.9954555555555555,0.702882158650791
XGBoost,0.995437037037037,0.7029646775733323
XGBoost,0.9954185185185185,0.7031906960924111
XGBoost,0.9954037037037037,0.7032648714278612
XGBoost,0.9953925925925926,0.7033343190698137
XGBoost,0.9953851851851852,0.7034248099145434
XGBoost,0.9953740740740741,0.703529282415891
XGBoost,0.9953592592592593,0.7036072217742357
XGBoost,0.9953444444444445,0.7037146627842427
XGBoost,0.995337037037037,0.703796042896987
XGBoost,0.9953185185185185,0.704334470810859
XGBoost,0.9953037037037037,0.7044199908779692
XGBoost,0.9952962962962963,0.7046862830964974
XGBoost,0.9952925925925926,0.7047927026289839
XGBoost,0.9952851851851852,0.7049298157713182
XGBoost,0.9952703703703704,0.7050117929169039
XGBoost,0.9952555555555556,0.7050882413136227
XGBoost,0.9952444444444445,0.7051617813000236
XGBoost,0.9952333333333333,0.7052501456624096
XGBoost,0.995225925925926,0.7053319019032944
XGBoost,0.9952148148148148,0.7054814301392017
XGBoost,0.9952,0.7057284758645505
XGBoost,0.9951925925925926,0.7059475705810954
XGBoost,0.9951814814814814,0.706049131953112
XGBoost,0.9951814814814814,0.7061381954646154
XGBoost,0.9951629629629629,0.7062512649460772
XGBoost,0.9951592592592593,0.7063266116206504
XGBoost,0.9951555555555556,0.706437262717301
XGBoost,0.9951444444444445,0.7065092491552832
XGBoost,0.9951,0.7066820973447836
XGBoost,0.9950777777777777,0.7067983079205733
XGBoost,0.9950666666666667,0.7068666580720527
XGBoost,0.9950518518518519,0.7070105263157894
XGBoost,0.9950444444444444,0.707107607680059
XGBoost,0.9950333333333333,0.7072020848140251
XGBoost,0.9950037037037037,0.7073392925316939
XGBoost,0.9949925925925925,0.7074804134571071
XGBoost,0.9949814814814815,0.7075694084119756
XGBoost,0.9949629629629629,0.7076885790907319
XGBoost,0.9949592592592592,0.7077735769519569
XGBoost,0.9949518518518519,0.7078429047600227
XGBoost,0.9949407407407408,0.7079655813095442
XGBoost,0.9949259259259259,0.708089400141813
XGBoost,0.9949037037037037,0.7081818541317902
XGBoost,0.9948888888888889,0.7082684047745232
XGBoost,0.9948777777777777,0.7083949777289018
XGBoost,0.9948592592592592,0.7085574404440025
XGBoost,0.9948259259259259,0.708651466623047
XGBoost,0.9948222222222223,0.7087460618182394
XGBoost,0.9948222222222223,0.708839580716329
XGBoost,0.9948148148148148,0.7089633983788335
XGBoost,0.9948111111111111,0.7090618227127655
XGBoost,0.9947370370370371,0.7091456845929619
XGBoost,0.9947333333333334,0.7092853747425131
XGBoost,0.9947111111111111,0.7095487317409533
XGBoost,0.9946925925925926,0.7096292616676487
XGBoost,0.9946703703703703,0.7098703756568444
XGBoost,0.9946592592592592,0.7099581519167374
XGBoost,0.9946481481481482,0.7101229305544171
XGBoost,0.993562962962963,0.7183036742300504
XGBoost,0.9935333333333334,0.718468860564214
XGBoost,0.9935148148148149,0.7185709425703639
XGBoost,0.9935,0.7186738111185532
XGBoost,0.9934444444444445,0.7187549405525916
XGBoost,0.9934333333333333,0.7188740381806438
XGBoost,0.9934259259259259,0.7190016405219648
XGBoost,0.9934259259259259,0.7190864539098357
XGBoost,0.9934111111111111,0.7191586341881946
XGBoost,0.9933851851851851,0.7196125778063962
XGBoost,0.9933777777777778,0.7196998969603298
XGBoost,0.9933444444444445,0.7203155172274877
XGBoost,0.9911888888888889,0.7638326778283281
XGBoost,0.9911555555555556,0.764064320138873
XGBoost,0.9911481481481481,0.7641895210572607
XGBoost,0.991125925925926,0.7642705980128119
XGBoost,0.9911222222222222,0.764396544829241
XGBoost,0.9911185185185185,0.764507245051881
XGBoost,0.9910925925925926,0.7645920956386578
XGBoost,0.9910814814814815,0.7646796593701778
XGBoost,0.9910444444444444,0.7652590215694013
XGBoost,0.991037037037037,0.7653583666557975
XGBoost,0.9909740740740741,0.7660240260186436
XGBoost,0.9909592592592592,0.7661222432839496
XGBoost,0.9909481481481481,0.7662431016756449
XGBoost,0.9907333333333334,0.7685112031096925
XGBoost,0.9907148148148148,0.7686823434074066
XGBoost,0.9907,0.7687967763815918
XGBoost,0.9906888888888888,0.7689052802842368
XGBoost,0.990674074074074,0.7690153640921845
XGBoost,0.9906703703703704,0.7691495908121071
XGBoost,0.9906259259259259,0.7692854163970261
XGBoost,0.9906111111111111,0.7693956217817794
XGBoost,0.9905851851851852,0.7695149424427521
XGBoost,0.9905814814814815,0.7696537871615496
XGBoost,0.990562962962963,0.7697523686725073
XGBoost,0.9905592592592593,0.7698846544671566
XGBoost,0.9905333333333334,0.770010796804146
XGBoost,0.9905185185185185,0.7701944205254624
XGBoost,0.9905074074074074,0.7703144487425795
XGBoost,0.9904962962962963,0.7705366275300728
XGBoost,0.9904592592592593,0.7706454801405135
XGBoost,0.9904444444444445,0.7707716651630921
XGBoost,0.9904333333333334,0.7709007780586874
XGBoost,0.9904185185185185,0.7710470621478701
XGBoost,0.9904,0.7711994185895605
XGBoost,0.9904,0.7713084160671947
XGBoost,0.9903666666666666,0.7714337643454329
XGBoost,0.9903592592592593,0.7715971721252345
XGBoost,0.990337037037037,0.77168674351086
XGBoost,0.9903259259259259,0.7718228711136512
XGBoost,0.9903111111111111,0.7719427908238976
XGBoost,0.9903111111111111,0.7720676133771461
XGBoost,0.9903037037037037,0.7722223826714801
XGBoost,0.9902962962962963,0.7723638296397292
XGBoost,0.9902777777777778,0.772472112998333
XGBoost,0.9902740740740741,0.7725875241276483
XGBoost,0.9902555555555556,0.7727338412272691
XGBoost,0.9902481481481481,0.7728598476636459
XGBoost,0.9902407407407408,0.7730507117103311
XGBoost,0.990225925925926,0.7731799857718757
XGBoost,0.9902185185185185,0.7733150917910168
XGBoost,0.9901962962962962,0.7747318823150995
XGBoost,0.9901777777777778,0.7748543604903921
XGBoost,0.9901666666666666,0.7750028988868275
XGBoost,0.9901629629629629,0.7751235847552225
XGBoost,0.9901481481481481,0.7752243696626118
XGBoost,0.9901296296296296,0.7754009919656583
XGBoost,0.9901148148148148,0.7755446024235497
XGBoost,0.9901,0.7756635126783367
XGBoost,0.9900962962962963,0.7757821636790495
XGBoost,0.9900814814814815,0.7759034046382027
XGBoost,0.9900592592592593,0.7760797110705949
XGBoost,0.990025925925926,0.7761865354182093
XGBoost,0.9899814814814815,0.7763094840480375
XGBoost,0.9899592592592592,0.7764589342931261
XGBoost,0.9899333333333333,0.7765762101226102
XGBoost,0.9899111111111111,0.7766828913912096
XGBoost,0.9898851851851852,0.7768657258709143
XGBoost,0.9898555555555556,0.7769644253607031
XGBoost,0.9898296296296296,0.7771044750079963
XGBoost,0.9898259259259259,0.7772281258906396
XGBoost,0.9898185185185185,0.7773896096340683
XGBoost,0.9897592592592592,0.7777276563545881
XGBoost,0.9897444444444444,0.7778314641735481
XGBoost,0.9897407407407407,0.7779395068556956
XGBoost,0.9897259259259259,0.7780569684935057
XGBoost,0.9896777777777778,0.7787673807934764
XGBoost,0.9896703703703704,0.7789272700772483
XGBoost,0.9896592592592592,0.7792501691435504
XGBoost,0.989637037037037,0.7796009826633444
XGBoost,0.9896185185185186,0.7797524725026191
XGBoost,0.9896,0.7799404518652577
XGBoost,0.989574074074074,0.7800680262178299
XGBoost,0.9895481481481482,0.7801865360019156
XGBoost,0.9894555555555555,0.780330004468993
XGBoost,0.9894444444444445,0.7804557405784399
XGBoost,0.989437037037037,0.780582161160816
XGBoost,0.9894259259259259,0.7807444902635263
XGBoost,0.9894111111111111,0.7809793047398256
XGBoost,0.9893962962962963,0.7811114749880116
XGBoost,0.9893740740740741,0.7812424144052456
XGBoost,0.9893666666666666,0.7813508208996698
XGBoost,0.9893407407407407,0.7814720656253749
XGBoost,0.9893111111111111,0.7816910682356246
XGBoost,0.9892851851851852,0.7818582037344386
XGBoost,0.9892703703703704,0.78200901744935
XGBoost,0.9892555555555556,0.7823133834375054
XGBoost,0.9891814814814814,0.7824725263457036
XGBoost,0.9890518518518518,0.7830788990610467
XGBoost,0.9890333333333333,0.7831652853296732
XGBoost,0.9890222222222222,0.7833081065859411
XGBoost,0.9889925925925926,0.7834822869415706
XGBoost,0.9889851851851852,0.783724766226219
XGBoost,0.9889703703703704,0.7838165492017178
XGBoost,0.9889222222222223,0.7839417729992543
XGBoost,0.9889148148148148,0.7841269841269841
XGBoost,0.9888925925925925,0.7842475510713603
XGBoost,0.9888740740740741,0.7843549685372001
XGBoost,0.9888296296296296,0.7853463820424348
XGBoost,0.9888148148148148,0.7854593810587138
XGBoost,0.9887962962962963,0.7856018361852075
XGBoost,0.988774074074074,0.7856882191942082
XGBoost,0.9887555555555556,0.7861339081424419
XGBoost,0.9887296296296296,0.786242949916798
XGBoost,0.9887222222222222,0.7864385708562136
XGBoost,0.9887111111111111,0.7866661165889682
XGBoost,0.9887074074074074,0.786811560884456
XGBoost,0.9885925925925926,0.7869521377903309
XGBoost,0.988574074074074,0.7871323334257353
XGBoost,0.9885444444444444,0.7872271396001145
XGBoost,0.9885259259259259,0.787356372700857
XGBoost,0.9884888888888889,0.7879149297970076
XGBoost,0.9884703703703703,0.7880304479797801
XGBoost,0.9884444444444445,0.7881447530845967
XGBoost,0.9884037037037037,0.7882263290496176
XGBoost,0.9883925925925926,0.7883269034213434
XGBoost,0.9883851851851851,0.7884630725548881
XGBoost,0.9883666666666666,0.7885904255319149
XGBoost,0.9883444444444445,0.7887032132977089
XGBoost,0.9883407407407407,0.788851805757969
XGBoost,0.9883259259259259,0.7890079152708253
XGBoost,0.9883111111111111,0.7891104158411157
XGBoost,0.9882592592592593,0.7894588909172138
XGBoost,0.9882185185185185,0.7896109046142191
XGBoost,0.9881925925925926,0.7897117149115018
XGBoost,0.9881740740740741,0.7898418581519133
XGBoost,0.9881666666666666,0.7899575420582331
XGBoost,0.9881592592592593,0.7902487715442555
XGBoost,0.9881407407407408,0.7903673991740776
XGBoost,0.9881148148148148,0.7905152745266526
XGBoost,0.9881,0.7906275838156456
XGBoost,0.9880666666666666,0.7907977696952451
XGBoost,0.9880481481481481,0.7909283081967796
XGBoost,0.9880296296296296,0.7910518574749728
XGBoost,0.9879925925925926,0.7917617692191252
XGBoost,0.9879851851851852,0.7918662985721495
XGBoost,0.9879592592592593,0.7920971128063357
XGBoost,0.9879592592592593,0.7922217932345341
XGBoost,0.9879333333333333,0.7923186597754411
XGBoost,0.9879148148148148,0.7924332674796869
XGBoost,0.9878740740740741,0.7925536340405301
XGBoost,0.9878148148148148,0.7931518500234933
XGBoost,0.9878,0.7933522916567513
XGBoost,0.9877888888888889,0.7934424961473698
XGBoost,0.9877592592592592,0.7935532630914939
XGBoost,0.9874111111111111,0.7955056783256846
XGBoost,0.9873851851851851,0.7956343580912703
XGBoost,0.9873740740740741,0.7957488978237055
XGBoost,0.9872555555555556,0.7965378443553954
XGBoost,0.9872407407407408,0.7966996837769821
XGBoost,0.9872037037037037,0.7968150714620956
XGBoost,0.9871851851851852,0.7970050265080272
XGBoost,0.9871074074074074,0.7972306808732119
XGBoost,0.9870629629629629,0.7973927587269577
XGBoost,0.9870518518518518,0.7974887709880034
XGBoost,0.9869185185185185,0.7981285905123613
XGBoost,0.9868703703703704,0.7982546278127125
XGBoost,0.9868555555555556,0.7984100776982384
XGBoost,0.9866444444444444,0.7993890417618164
XGBoost,0.9863296296296297,0.8007342572185423
XGBoost,0.9863074074074074,0.8008558806458501
XGBoost,0.9862888888888889,0.8009877820623109
XGBoost,0.9862518518518518,0.8011577145367186
XGBoost,0.9861296296296296,0.801678298938342
XGBoost,0.986125925925926,0.8018298008179294
XGBoost,0.9860962962962962,0.8019626919844696
XGBoost,0.9860851851851852,0.802144531414764
XGBoost,0.9859592592592593,0.8027071604968052
XGBoost,0.9859370370370371,0.8028149475100049
XGBoost,0.9858925925925925,0.8029070924852353
XGBoost,0.9858666666666667,0.8030361538832843
XGBoost,0.9858444444444444,0.8031682809812619
XGBoost,0.9858111111111111,0.8033835380761221
XGBoost,0.9856444444444444,0.804165206145069
XGBoost,0.9856185185185186,0.8043773954466866
XGBoost,0.985537037037037,0.8048436710755951
XGBoost,0.9854851851851851,0.805083797023307
XGBoost,0.985462962962963,0.8052215702236735
XGBoost,0.9854592592592593,0.805357467159029
XGBoost,0.9854296296296297,0.8055575739960277
XGBoost,0.9850777777777778,0.807073281747838
XGBoost,0.985025925925926,0.807236558552324
XGBoost,0.9849814814814815,0.807501601673635
XGBoost,0.9849481481481481,0.8077587804159441
XGBoost,0.9849185185185185,0.8079504403914456
XGBoost,0.9849037037037037,0.8080684076502799
XGBoost,0.9848962962962963,0.8081924913306568
XGBoost,0.9848481481481481,0.8083151197536531
XGBoost,0.9847111111111111,0.8085295316177767
XGBoost,0.984674074074074,0.8086589672383954
XGBoost,0.9846333333333334,0.8089330704348778
XGBoost,0.9846148148148148,0.8090680284737798
XGBoost,0.9845222222222222,0.8094945170062641
XGBoost,0.9844814814814815,0.8096434717716757
XGBoost,0.9844518518518518,0.8097424258579458
XGBoost,0.9844037037037037,0.8099865910891693
XGBoost,0.9843851851851851,0.8101244216314413
XGBoost,0.9841518518518518,0.81099286126312
XGBoost,0.9841185185185185,0.8112005959322738
XGBoost,0.9839555555555556,0.811393247857505
XGBoost,0.9839074074074075,0.81152456216989
XGBoost,0.9838629629629629,0.8117631599855765
XGBoost,0.9838296296296296,0.8119465577688999
XGBoost,0.9838074074074074,0.8120970133511063
XGBoost,0.9837518518518519,0.8122597513799483
XGBoost,0.9837333333333333,0.8123984914801663
XGBoost,0.9837111111111111,0.8125019119347556
XGBoost,0.9836925925925926,0.8126233405438151
XGBoost,0.9836777777777778,0.8127329477646195
XGBoost,0.9836296296296296,0.812889679257815
XGBoost,0.9835296296296296,0.8133273303073182
XGBoost,0.9834925925925926,0.8134960266158531
XGBoost,0.9834259259259259,0.8136776913954408
XGBoost,0.9833962962962963,0.8138427161909082
XGBoost,0.9833592592592593,0.8140915376572566
XGBoost,0.9833296296296297,0.814229285376939
XGBoost,0.9832962962962963,0.8143815068619211
XGBoost,0.983262962962963,0.8144963107272699
XGBoost,0.983237037037037,0.8145947952880818
XGBoost,0.9832074074074074,0.8147527499508938
XGBoost,0.9831666666666666,0.8151217669799762
XGBoost,0.9830925925925926,0.8156790077931018
XGBoost,0.9830629629629629,0.8158474698698895
XGBoost,0.9830148148148148,0.8159956220178071
XGBoost,0.9829555555555556,0.8168102917641266
XGBoost,0.9829074074074075,0.8169739470937911
XGBoost,0.9828666666666667,0.8171992018131652
XGBoost,0.9828518518518519,0.8173253131535261
XGBoost,0.9828074074074075,0.8174394139627442
XGBoost,0.9827074074074074,0.817865168192985
XGBoost,0.9826592592592592,0.8180394284903834
XGBoost,0.9826037037037038,0.8181949952814769
XGBoost,0.9825777777777778,0.8183223060195253
XGBoost,0.9824555555555555,0.8186472690463111
XGBoost,0.9824222222222222,0.8188469327274523
XGBoost,0.9823851851851851,0.8190284450922026
XGBoost,0.9822925925925926,0.8194244048630529
XGBoost,0.9822185185185185,0.8197577192597424
XGBoost,0.9821962962962963,0.8198836303377317
XGBoost,0.9821333333333333,0.8201277313003541
XGBoost,0.9821148148148148,0.8202314963747495
XGBoost,0.9820962962962962,0.8203733610538756
XGBoost,0.9820407407407408,0.8205249606991224
XGBoost,0.9820074074074074,0.8206748834646742
XGBoost,0.9819814814814815,0.8207675376819087
XGBoost,0.9819666666666667,0.8209000049539285
XGBoost,0.9819333333333333,0.8210017805992104
XGBoost,0.9817259259259259,0.822746855716822
XGBoost,0.9817,0.8228400599763447
XGBoost,0.9816444444444444,0.8231052312852285
XGBoost,0.9815814814814815,0.8232032701136215
XGBoost,0.9815,0.8242255536203036
XGBoost,0.9814666666666667,0.8243590900182606
XGBoost,0.9813851851851851,0.8247781440359576
XGBoost,0.9813,0.8248888529122405
XGBoost,0.9746555555555556,0.8487977163868595
XGBoost,0.9745888888888888,0.8489340697629402
XGBoost,0.9745296296296296,0.8491098195759017
XGBoost,0.974474074074074,0.8495110052079802
XGBoost,0.9744592592592592,0.8496544597300265
XGBoost,0.9744296296296296,0.8498317107362736
XGBoost,0.9744111111111111,0.8499665623152447
XGBoost,0.9743740740740741,0.8501127749090368
XGBoost,0.9743444444444445,0.8502270413522292
XGBoost,0.9743148148148149,0.8503825776065221
XGBoost,0.974125925925926,0.8507072138072458
XGBoost,0.9740888888888889,0.8508124650217875
XGBoost,0.9740555555555556,0.8509209857929084
XGBoost,0.9740185185185185,0.851053845979593
XGBoost,0.9739851851851852,0.8512010150608357
XGBoost,0.9739481481481481,0.8514332153692233
XGBoost,0.9739148148148148,0.8516660404979984
XGBoost,0.9738851851851852,0.8518691301150408
XGBoost,0.9736851851851852,0.8521110326005925
XGBoost,0.9736370370370371,0.8523479270218306
XGBoost,0.9735703703703704,0.8528177010673847
XGBoost,0.9735333333333334,0.8529429898141628
XGBoost,0.9734555555555555,0.8533261907080939
XGBoost,0.9734185185185186,0.8534294926955036
XGBoost,0.9733888888888889,0.853603084228407
XGBoost,0.9733518518518518,0.8537730332406372
XGBoost,0.9733185185185185,0.8540517703644724
XGBoost,0.9732962962962963,0.8541599628159748
XGBoost,0.9732555555555555,0.8543185874657416
XGBoost,0.9732259259259259,0.8544564757909797
XGBoost,0.9731481481481481,0.8549692341232783
XGBoost,0.9731185185185185,0.8551184997624146
XGBoost,0.9731,0.8552915133956184
XGBoost,0.9730666666666666,0.8554571502995572
XGBoost,0.9730074074074074,0.8555554831860251
XGBoost,0.9729444444444444,0.855689613613118
XGBoost,0.9729296296296296,0.8558131806912549
XGBoost,0.9727962962962963,0.8570137400196426
XGBoost,0.9726814814814815,0.8573965733389052
XGBoost,0.9726407407407407,0.8575398380355277
XGBoost,0.9725851851851852,0.8578213914713742
XGBoost,0.9725555555555555,0.8579578127450468
XGBoost,0.9724962962962963,0.8581550780292507
XGBoost,0.9724259259259259,0.8583819375425015
XGBoost,0.9723888888888889,0.858506422162346
XGBoost,0.9723592592592593,0.8586178364571716
XGBoost,0.9723074074074074,0.8587714592274678
XGBoost,0.9722814814814815,0.8589002820293022
XGBoost,0.9722481481481482,0.8590394722202224
XGBoost,0.9721777777777778,0.859446981975345
XGBoost,0.9719296296296296,0.860955636774037
XGBoost,0.9719111111111111,0.8611256956841331
XGBoost,0.9718407407407408,0.8612894543353815
XGBoost,0.9718222222222223,0.8614342135069386
XGBoost,0.9717074074074074,0.8616266276950361
XGBoost,0.9715777777777778,0.8617947075346178
XGBoost,0.971562962962963,0.8619316426914458
XGBoost,0.9714259259259259,0.8621896860043129
XGBoost,0.9714,0.8623310866348841
XGBoost,0.9713259259259259,0.8625545966426353
XGBoost,0.9711222222222222,0.8633817704062985
XGBoost,0.9710296296296296,0.863526924077691
XGBoost,0.9709222222222222,0.8639265222993748
XGBoost,0.9708777777777777,0.8640891590411646
XGBoost,0.9707592592592592,0.8642315212624596
XGBoost,0.9706888888888889,0.8644482045497274
XGBoost,0.9706592592592592,0.8645501388806418
XGBoost,0.9705925925925926,0.8647903033663
XGBoost,0.9705481481481482,0.8649248115337391
XGBoost,0.9702740740740741,0.865006042435729
XGBoost,0.9702074074074074,0.8651780022921159
XGBoost,0.9701074074074074,0.8653717812328613
XGBoost,0.970062962962963,0.8655523279830536
XGBoost,0.9690777777777778,0.8655428270872685
XGBoost,0.9690185185185185,0.8657648386338893
XGBoost,0.9689851851851852,0.8660130286259037
XGBoost,0.9689518518518518,0.8661179843539465
XGBoost,0.9689148148148148,0.8662712919547537
XGBoost,0.968674074074074,0.8675527662693924
XGBoost,0.9685592592592592,0.8678011209594192
XGBoost,0.9684962962962963,0.8679175144130719
XGBoost,0.9683185185185185,0.8689551107772688
XGBoost,0.9682444444444445,0.8690792798063881
XGBoost,0.9682185185185185,0.8693363395419522
XGBoost,0.9681407407407407,0.8697032206547778
XGBoost,0.968025925925926,0.870022702004567
XGBoost,0.9679962962962962,0.8701437926775268
XGBoost,0.9679518518518518,0.8702487071821733
XGBoost,0.9679037037037037,0.8703822122750223
XGBoost,0.9678,0.8705731058056864
XGBoost,0.9677740740740741,0.8707180368948603
XGBoost,0.9676370370370371,0.8710852974223727
XGBoost,0.9675888888888889,0.8711929970821175
XGBoost,0.9675333333333334,0.8713609072715144
XGBoost,0.9674777777777778,0.871470750137617
XGBoost,0.9672444444444445,0.8730927131948809
XGBoost,0.9671888888888889,0.8734046395890191
XGBoost,0.9671296296296297,0.8735088881306492
XGBoost,0.9670481481481481,0.8736603303877053
XGBoost,0.9670185185185185,0.8737914439755428
XGBoost,0.9669222222222222,0.8739120829093247
XGBoost,0.9668962962962963,0.8740349397025639
XGBoost,0.9667259259259259,0.8748123123123123
XGBoost,0.9666777777777777,0.8749300231635899
XGBoost,0.9666222222222223,0.8750586752142484
XGBoost,0.9665777777777778,0.875206245724174
XGBoost,0.9664666666666667,0.8756048292385024
XGBoost,0.9661888888888889,0.8775026237184145
XGBoost,0.9661333333333333,0.8776440585015292
XGBoost,0.965937037037037,0.8784617664692845
XGBoost,0.9658555555555556,0.8788316887738596
XGBoost,0.9658074074074074,0.8789478296627365
XGBoost,0.9657481481481481,0.879160597723472
XGBoost,0.9657222222222223,0.8793089493953475
XGBoost,0.965662962962963,0.8795070990288381
XGBoost,0.9655888888888889,0.8796532794380131
XGBoost,0.9655,0.8797890004859874
XGBoost,0.965462962962963,0.8799423442399937
XGBoost,0.9654,0.8800572618955173
XGBoost,0.9653148148148148,0.8801787137473153
XGBoost,0.9652296296296297,0.8803299565259982
XGBoost,0.9651296296296297,0.8804915628780148
XGBoost,0.9638333333333333,0.8805347463304708
XGBoost,0.9637777777777777,0.8806359584555875
XGBoost,0.9637333333333333,0.8807741909278308
XGBoost,0.9636777777777777,0.8809440778447777
XGBoost,0.9634444444444444,0.8822990720138927
XGBoost,0.9633814814814815,0.8825766829533116
XGBoost,0.9632555555555555,0.8826859441022247
XGBoost,0.9632185185185185,0.8828287834452418
XGBoost,0.9631222222222222,0.8829203533813653
XGBoost,0.9630333333333333,0.8832707162802074
XGBoost,0.9629703703703704,0.8835130928836966
XGBoost,0.9629037037037037,0.8836320873354134
XGBoost,0.9627592592592593,0.8841486228172214
XGBoost,0.9627333333333333,0.8843353655217462
XGBoost,0.9626814814814815,0.8844562406424391
XGBoost,0.962337037037037,0.88464851503689
XGBoost,0.9622740740740741,0.8848647912267557
XGBoost,0.9619925925925926,0.8852692569870484
XGBoost,0.9618518518518518,0.8854626602066875
XGBoost,0.9617629629629629,0.8855650133682544
XGBoost,0.9616148148148148,0.8857729651539653
XGBoost,0.9615481481481482,0.8859805684761577
XGBoost,0.9614074074074074,0.8861351494358817
XGBoost,0.9613666666666667,0.8862670249488697
XGBoost,0.9612962962962963,0.8864079559852601
XGBoost,0.9612222222222222,0.8866636602164644
XGBoost,0.9611407407407407,0.8868672508304513
XGBoost,0.9610777777777778,0.8870061904582853
XGBoost,0.9609777777777778,0.8872444757521253
XGBoost,0.9608777777777778,0.8874465093845886
XGBoost,0.9607481481481481,0.8875787831299742
XGBoost,0.9606703703703704,0.8877104359819433
XGBoost,0.9606259259259259,0.8878212917734929
XGBoost,0.9605296296296296,0.8880849242359387
XGBoost,0.9605,0.8882156911769239
XGBoost,0.9604259259259259,0.8884240891867261
XGBoost,0.9603592592592592,0.88854811682504
XGBoost,0.9602740740740741,0.8886794263621157
XGBoost,0.960162962962963,0.8892105479790358
XGBoost,0.9600222222222222,0.8894524092209922
XGBoost,0.9599814814814814,0.8896802649870424
XGBoost,0.959737037037037,0.8903093916957276
XGBoost,0.9596,0.8905096443350702
XGBoost,0.9595370370370371,0.8907236839843361
XGBoost,0.9592407407407407,0.8912575921815585
XGBoost,0.9591814814814815,0.891417261853541
XGBoost,0.9590851851851852,0.8916223930805808
XGBoost,0.9589592592592593,0.8920674186724364
XGBoost,0.9588518518518518,0.8922072730280389
XGBoost,0.9588074074074074,0.8923750430885902
XGBoost,0.958725925925926,0.892489949592812
XGBoost,0.9586370370370371,0.892604164511301
XGBoost,0.9585111111111111,0.8927424445739951
XGBoost,0.9584518518518519,0.8929552387130613
XGBoost,0.9584037037037038,0.8930922017636197
XGBoost,0.958362962962963,0.8932268743376518
XGBoost,0.9583222222222222,0.8933461769519193
XGBoost,0.9581925925925926,0.8935461811048098
XGBoost,0.9581555555555555,0.8937308049733472
XGBoost,0.958062962962963,0.8938914863692753
XGBoost,0.9578925925925926,0.8940136609377376
XGBoost,0.9578296296296296,0.8941310698912649
XGBoost,0.9577629629629629,0.8942821770194282
XGBoost,0.9577148148148148,0.8944042447217687
XGBoost,0.9575037037037037,0.8945412520241934
XGBoost,0.9573518518518519,0.8947585223339148
XGBoost,0.9572925925925926,0.8948859013464714
XGBoost,0.9571740740740741,0.8950974110312582
XGBoost,0.9571185185185185,0.8951911818704578
XGBoost,0.9570592592592593,0.8952939260706725
XGBoost,0.9569851851851852,0.8953766399379024
XGBoost,0.9567481481481481,0.8956825053396577
XGBoost,0.9566629629629629,0.8957735830735245
XGBoost,0.9566074074074075,0.8959390598821297
XGBoost,0.9565592592592592,0.8960462679628357
XGBoost,0.9565,0.896133773786556
XGBoost,0.9564444444444444,0.8962247780608172
XGBoost,0.9563444444444444,0.8964048407590244
XGBoost,0.9562518518518518,0.8965016753763086
XGBoost,0.9561888888888889,0.8966294476183861
XGBoost,0.9559407407407408,0.8968359312563847
XGBoost,0.9558185185185185,0.8969363107133548
XGBoost,0.9556962962962963,0.8970679237674085
XGBoost,0.9556370370370371,0.897174489036628
XGBoost,0.9555333333333333,0.8972705646675848
XGBoost,0.9554481481481482,0.8973622237605096
XGBoost,0.9552888888888889,0.8974499044888501
XGBoost,0.9551851851851851,0.8975304861072443
XGBoost,0.9550703703703703,0.8983167164823833
XGBoost,0.9549925925925926,0.89849396120957
XGBoost,0.9549037037037037,0.8985731512654831
XGBoost,0.9548222222222222,0.8987000672799719
XGBoost,0.9545,0.8987884325651471
XGBoost,0.9544111111111111,0.8989618145918076
XGBoost,0.9541518518518518,0.8992320848895249
XGBoost,0.9540518518518518,0.8993513068130241
XGBoost,0.9539962962962963,0.8994936443637379
XGBoost,0.9533222222222222,0.8995365969581749
XGBoost,0.9532444444444444,0.8996235489858193
XGBoost,0.9530148148148149,0.8997087382035476
XGBoost,0.9529037037037037,0.8998083460403172
XGBoost,0.9528296296296296,0.8999366842854595
XGBoost,0.9527296296296296,0.9000500344642989
XGBoost,0.9525851851851852,0.90017499650007
XGBoost,0.9525185185185185,0.900263238959366
XGBoost,0.9522925925925926,0.9003648817110921
XGBoost,0.9521296296296297,0.9007154569534568
XGBoost,0.9520444444444445,0.9008179314115099
XGBoost,0.9519555555555556,0.9008979958079508
XGBoost,0.9518444444444445,0.9009602137080235
XGBoost,0.9515888888888889,0.9010373560396706
XGBoost,0.9514777777777778,0.9011154372303483
XGBoost,0.9509407407407408,0.9012169310312148
XGBoost,0.9507407407407408,0.9012962936954904
XGBoost,0.9505666666666667,0.9013749626846015
XGBoost,0.9504777777777778,0.9014679691863468
XGBoost,0.9504111111111111,0.901578925178481
XGBoost,0.9502962962962963,0.9016790952986737
XGBoost,0.9502259259259259,0.9018088127776841
XGBoost,0.9501148148148149,0.9019094261877222
XGBoost,0.9496925925925926,0.9021493232569513
XGBoost,0.9496,0.9022518290172398
XGBoost,0.9494666666666667,0.9023442449841605
XGBoost,0.9493703703703704,0.9025481766294493
XGBoost,0.9492666666666667,0.9026180296808638
XGBoost,0.9490481481481482,0.9027917726558481
XGBoost,0.9489148148148148,0.9028907926685297
XGBoost,0.9488296296296296,0.9029624799534745
XGBoost,0.9485851851851852,0.9030290422782516
XGBoost,0.9483555555555555,0.9031670952244902
XGBoost,0.9482444444444444,0.9032651837217097
XGBoost,0.948162962962963,0.9035669158495867
XGBoost,0.948062962962963,0.9036310877024527
XGBoost,0.9478851851851852,0.903697713999195
XGBoost,0.9478222222222222,0.9038100216141381
XGBoost,0.9477,0.9040542689066723
XGBoost,0.9476296296296296,0.9041564481133075
XGBoost,0.9475481481481481,0.9042288864933642
XGBoost,0.947362962962963,0.90435901696725
XGBoost,0.9454111111111111,0.906057992311706
XGBoost,0.9453296296296296,0.9068908912607837
XGBoost,0.9452074074074074,0.906976661537204
XGBoost,0.9450703703703703,0.9070579243908075
XGBoost,0.9449555555555555,0.9071508824826134
XGBoost,0.9445444444444444,0.9082675651034247
XGBoost,0.944062962962963,0.9086783547345231
XGBoost,0.9440037037037037,0.908802744082893
XGBoost,0.9439074074074074,0.9088947614309507
XGBoost,0.9437962962962962,0.9090373995804855
XGBoost,0.9437111111111111,0.9091304813215828
XGBoost,0.9436148148148148,0.9092388511391538
XGBoost,0.9432703703703704,0.9092931175447804
XGBoost,0.943137037037037,0.9094113487588076
XGBoost,0.9426629629629629,0.9097469698215314
XGBoost,0.9425222222222223,0.9098745745259003
XGBoost,0.9424,0.9099745727252245
XGBoost,0.9416555555555556,0.9099847170871556
XGBoost,0.9414222222222223,0.9101077732822515
XGBoost,0.9412555555555555,0.9101747725807607
XGBoost,0.9410666666666667,0.9102790077812648
XGBoost,0.9408444444444445,0.9103543181516827
XGBoost,0.9406703703703704,0.9104338505988163
XGBoost,0.9404555555555556,0.910529486434734
XGBoost,0.940274074074074,0.9106640026687807
XGBoost,0.9400851851851851,0.9107097366787581
XGBoost,0.9399777777777778,0.9107886870049847
XGBoost,0.9397481481481481,0.9108178737579691
XGBoost,0.9395740740740741,0.9109009368076726
XGBoost,0.9393481481481482,0.9109501215802196
XGBoost,0.9391296296296296,0.9110621662989817
XGBoost,0.9390333333333334,0.9111488052669596
XGBoost,0.9388962962962963,0.9112286932328773
XGBoost,0.9387629629629629,0.9113056609200568
XGBoost,0.9386296296296296,0.9113761085178765
XGBoost,0.9385222222222223,0.9115898077898531
XGBoost,0.9383777777777778,0.9116430026122814
XGBoost,0.9382481481481482,0.9117073346289498
XGBoost,0.9380555555555555,0.9117695763614895
XGBoost,0.9376925925925926,0.911856654060868
XGBoost,0.9375259259259259,0.9119902003170486
XGBoost,0.9374222222222223,0.912125929769936
XGBoost,0.9373296296296296,0.9122067792211537
XGBoost,0.9367037037037037,0.9122585532129781
XGBoost,0.9365259259259259,0.9123848973818665
XGBoost,0.9353925925925926,0.9129839097412762
XGBoost,0.9351592592592592,0.9130697351481926
XGBoost,0.9350740740740741,0.9131483671690483
XGBoost,0.9345148148148148,0.9138152081009431
XGBoost,0.9343333333333333,0.9139257107043101
XGBoost,0.9342222222222222,0.9139858974266065
XGBoost,0.934062962962963,0.9140387438160303
XGBoost,0.9338814814814815,0.9140864319713464
XGBoost,0.9337814814814814,0.9141675096902387
XGBoost,0.9335666666666667,0.9142621898360905
XGBoost,0.9333407407407407,0.9143261433521398
XGBoost,0.9330814814814815,0.914393977888922
XGBoost,0.9328037037037037,0.9145001525032316
XGBoost,0.9324740740740741,0.9145422711719108
XGBoost,0.9322185185185186,0.9146172182735214
XGBoost,0.9320518518518518,0.9146531170039545
XGBoost,0.9319444444444445,0.9147139440029664
XGBoost,0.9317962962962963,0.9148611989905381
XGBoost,0.9316296296296296,0.914940438301355
XGBoost,0.9315296296296296,0.9150485878419431
XGBoost,0.9314185185185185,0.9151358786626105
XGBoost,0.931262962962963,0.915209510220721
XGBoost,0.9311074074074074,0.9152998401677692
XGBoost,0.9309777777777778,0.9154657197487025
XGBoost,0.9308703703703703,0.9155334889972789
XGBoost,0.930725925925926,0.9156782795322788
XGBoost,0.9305740740740741,0.9158893153840826
XGBoost,0.9303222222222223,0.915958633867427
XGBoost,0.9300481481481482,0.9161197351379946
XGBoost,0.9298925925925926,0.9162071721289042
XGBoost,0.9296777777777778,0.9163667029300312
XGBoost,0.9295740740740741,0.9164685734734044
XGBoost,0.9294333333333333,0.9165473564259522
XGBoost,0.9292814814814815,0.9166687978371664
XGBoost,0.9290481481481482,0.916766867555744
XGBoost,0.9289185185185185,0.9168802208046208
XGBoost,0.9287074074074074,0.9170238443534231
XGBoost,0.9268074074074074,0.9180552804009187
XGBoost,0.9266185185185185,0.9181376470674584
XGBoost,0.9264777777777777,0.9182677835940884
XGBoost,0.9262888888888889,0.918394101079241
XGBoost,0.9261444444444444,0.9184498754875818
XGBoost,0.9259666666666667,0.91858059822685
XGBoost,0.9257666666666666,0.9186690972707159
XGBoost,0.9255555555555556,0.9188513438982241
XGBoost,0.9254,0.9189368110952965
XGBoost,0.9252518518518519,0.9190432044263935
XGBoost,0.9250777777777778,0.9191746340170902
XGBoost,0.924862962962963,0.9192419685552419
XGBoost,0.9245925925925926,0.9193048870754512
XGBoost,0.9244333333333333,0.9193835341439427
XGBoost,0.9242037037037037,0.9194260933003688
XGBoost,0.9240777777777778,0.919493930258784
XGBoost,0.9236814814814814,0.9196181317364386
XGBoost,0.9235222222222222,0.9197308871208684
XGBoost,0.9232777777777778,0.9201492702588975
XGBoost,0.9231222222222222,0.9202388072927051
XGBoost,0.9229,0.9202857068992898
XGBoost,0.9224037037037037,0.9208246599350004
XGBoost,0.9220333333333334,0.9208566831271153
XGBoost,0.9218444444444445,0.9209303358148209
XGBoost,0.9215814814814814,0.9210800045900935
XGBoost,0.9213888888888889,0.9211603046651387
XGBoost,0.9212185185185185,0.9212799371809972
XGBoost,0.9210333333333334,0.9213575146810915
XGBoost,0.9208333333333333,0.9214817834772617
XGBoost,0.9205629629629629,0.9215322783965356
XGBoost,0.9204444444444444,0.9215981487936751
XGBoost,0.9202592592592592,0.9216588152379539
XGBoost,0.9201518518518519,0.921763230536345
XGBoost,0.9184185185185185,0.9227898080164929
XGBoost,0.9181666666666667,0.9228698850437786
XGBoost,0.9180518518518519,0.922940015638381
XGBoost,0.9178740740740741,0.9229812369183557
XGBoost,0.9176814814814814,0.9230694721783447
XGBoost,0.9171555555555555,0.9234521310118251
XGBoost,0.9169555555555555,0.923533163979006
XGBoost,0.9167333333333333,0.9235815192650692
XGBoost,0.9165666666666666,0.9236031544022423
XGBoost,0.9163962962962963,0.9237176136787875
XGBoost,0.916074074074074,0.9238825928775801
XGBoost,0.9159333333333334,0.923971888765594
XGBoost,0.9156555555555556,0.9240610890171337
XGBoost,0.9154962962962963,0.9241248845703774
XGBoost,0.9153222222222223,0.9242186828022334
XGBoost,0.9150444444444444,0.9243391885066502
XGBoost,0.9148074074074074,0.9244352291270566
XGBoost,0.9145888888888889,0.9245362137067336
XGBoost,0.9143740740740741,0.9246063847317724
XGBoost,0.9142,0.9246554559519305
XGBoost,0.9138851851851851,0.924707690001499
XGBoost,0.9137185185185185,0.9247677809681604
XGBoost,0.9134703703703704,0.9249257470298812
XGBoost,0.9132407407407407,0.9250366713310849
XGBoost,0.9129259259259259,0.9251342718916667
XGBoost,0.9127518518518518,0.9251835778535281
XGBoost,0.9125111111111112,0.9252626005054848
XGBoost,0.9122,0.9253467786778077
XGBoost,0.911937037037037,0.925417282113152
XGBoost,0.9117,0.925521115322144
XGBoost,0.9115740740740741,0.9255742414897937
XGBoost,0.9113703703703704,0.9256911553928742
XGBoost,0.9111777777777778,0.9257706665061112
XGBoost,0.910562962962963,0.9260101847108808
XGBoost,0.9102333333333333,0.926104012088645
XGBoost,0.9100185185185186,0.9261681467967372
XGBoost,0.9098259259259259,0.9262584367105313
XGBoost,0.9096148148148148,0.9263613697999766
XGBoost,0.9094851851851852,0.9263970785185855
XGBoost,0.9088962962962963,0.9266852203597201
XGBoost,0.9076074074074074,0.9272163154111014
XGBoost,0.9073296296296296,0.9272447871128421
XGBoost,0.9070777777777778,0.9273313820744179
XGBoost,0.9068925925925926,0.9274019141836692
XGBoost,0.8989407407407407,0.9321172088021813
XGBoost,0.898562962962963,0.9322267050912584
XGBoost,0.8982037037037037,0.9323698799720114
XGBoost,0.8980074074074074,0.9324242214479646
XGBoost,0.8976555555555555,0.9324856202989439
XGBoost,0.8969814814814815,0.9327615225521196
XGBoost,0.8963851851851852,0.9328672029478764
XGBoost,0.8961370370370371,0.9329649651811122
XGBoost,0.8959037037037038,0.9331106259209826
XGBoost,0.8956407407407407,0.9332075282386129
XGBoost,0.8953925925925926,0.9332947285115911
XGBoost,0.8949037037037038,0.9333292130838522
XGBoost,0.8944814814814814,0.9335307259978508
XGBoost,0.8941962962962963,0.9335975715860095
XGBoost,0.8939925925925926,0.9336484458403602
XGBoost,0.8936740740740741,0.9337997972120528
XGBoost,0.8932518518518519,0.9339983967221875
XGBoost,0.8930703703703704,0.9340401383654133
XGBoost,0.8928296296296296,0.9340778139857484
XGBoost,0.892425925925926,0.9342056799457207
XGBoost,0.8921333333333333,0.9342724825654909
XGBoost,0.8919666666666667,0.9343262504897986
XGBoost,0.8910407407407407,0.9348251824335352
XGBoost,0.8904074074074074,0.9352109388676015
XGBoost,0.8901703703703704,0.9352748668179112
XGBoost,0.8898111111111111,0.9354397850718374
XGBoost,0.8894222222222222,0.9355227020393853
XGBoost,0.8886222222222222,0.9355267621450267
XGBoost,0.8877481481481482,0.9357522379552526
XGBoost,0.8875407407407407,0.9357856919712589
XGBoost,0.8872592592592593,0.9358470517458258
XGBoost,0.886562962962963,0.9362134847720401
XGBoost,0.8863222222222222,0.9362375540384578
XGBoost,0.8860074074074074,0.9363519294825878
XGBoost,0.8854074074074074,0.9368105492093971
XGBoost,0.8849851851851852,0.9368778058773942
XGBoost,0.8847259259259259,0.93698174486746
XGBoost,0.8844740740740741,0.9370641993038961
XGBoost,0.8842814814814814,0.9371359490053852
XGBoost,0.8840703703703704,0.9372175476757928
XGBoost,0.8838592592592592,0.9373286514426665
XGBoost,0.8831,0.93773154520785
XGBoost,0.8828666666666667,0.9377751375933845
XGBoost,0.8826185185185185,0.9378288502784282
XGBoost,0.8818407407407407,0.9380175708151125
XGBoost,0.8811518518518519,0.9384494014160898
XGBoost,0.8810037037037037,0.9385211459323819
XGBoost,0.8803666666666666,0.9386943524087464
XGBoost,0.8796814814814815,0.938942674504564
XGBoost,0.8792962962962962,0.9390438294287262
XGBoost,0.8790296296296296,0.9391119235852267
XGBoost,0.8786037037037037,0.9391920247681941
XGBoost,0.8782111111111112,0.9392334566541761
XGBoost,0.8778962962962963,0.9393060376939781
XGBoost,0.8771518518518518,0.9396004840213446
XGBoost,0.8767666666666667,0.9396986320945705
XGBoost,0.8764592592592593,0.9398504303206257
XGBoost,0.8755,0.9403380499079095
XGBoost,0.874862962962963,0.9404132494625368
XGBoost,0.8743555555555556,0.9404519089808145
XGBoost,0.8738703703703704,0.9405407775620762
XGBoost,0.8736888888888888,0.9405816633306485
XGBoost,0.8734333333333333,0.9406628560487909
XGBoost,0.8727777777777778,0.9408537753928709
XGBoost,0.8723851851851852,0.9409903521562831
XGBoost,0.8720222222222223,0.9410386973516974
XGBoost,0.8717444444444444,0.9411037940671968
XGBoost,0.8709629629629629,0.9414797999815836
XGBoost,0.8706111111111111,0.9415706663675837
XGBoost,0.8703333333333333,0.9417002620843319
XGBoost,0.8700037037037037,0.9417587440062863
XGBoost,0.8683740740740741,0.942526471510464
XGBoost,0.8677592592592592,0.9426890749540313
XGBoost,0.8672962962962963,0.9428386218781079
XGBoost,0.8670148148148148,0.942900874048415
XGBoost,0.8662703703703704,0.9431739822973164
XGBoost,0.8659851851851852,0.943221012461122
XGBoost,0.865674074074074,0.943293123418475
XGBoost,0.8647703703703704,0.9435192855555331
XGBoost,0.8645222222222222,0.943576455560092
XGBoost,0.8636407407407407,0.9441218864379879
XGBoost,0.8622703703703704,0.9445436177895343
XGBoost,0.8620851851851852,0.9445936952145965
XGBoost,0.8615296296296296,0.9448054849270111
XGBoost,0.8612333333333333,0.9448796820778714
XGBoost,0.8608111111111111,0.9449348072677598
XGBoost,0.8605962962962963,0.9450294252817466
XGBoost,0.8602296296296297,0.9450534248024544
XGBoost,0.8597592592592592,0.9450711851710113
XGBoost,0.8595407407407407,0.945096474152746
XGBoost,0.8593185185185185,0.945167755707279
XGBoost,0.8590740740740741,0.9452261900395695
XGBoost,0.8582,0.945470421661675
XGBoost,0.8577814814814815,0.9455803699016045
XGBoost,0.8573592592592593,0.9456554597818538
XGBoost,0.8571296296296296,0.9457073854465062
XGBoost,0.8569444444444444,0.9457813349465948
XGBoost,0.8567296296296296,0.9458226171151464
XGBoost,0.8565185185185186,0.9458486707566462
XGBoost,0.8563481481481482,0.9459081313718111
XGBoost,0.8560888888888889,0.9459778017876437
XGBoost,0.855937037037037,0.9460423114080333
XGBoost,0.8546518518518519,0.9466524450278962
XGBoost,0.8536407407407407,0.9470126839209628
XGBoost,0.8534259259259259,0.947077899392111
XGBoost,0.8530814814814814,0.94715502317185
XGBoost,0.8525074074074074,0.9473669046982076
XGBoost,0.8520592592592593,0.9474538228692626
XGBoost,0.8519074074074074,0.9475269100690825
XGBoost,0.8515481481481482,0.9475957516083963
XGBoost,0.8513518518518518,0.947635086388503
XGBoost,0.8505888888888888,0.9478095788365902
XGBoost,0.8499333333333333,0.9479711001045122
XGBoost,0.8491777777777778,0.9481153726868603
XGBoost,0.8465888888888888,0.9488936859147329
XGBoost,0.8459555555555556,0.948888916584618
XGBoost,0.8452111111111111,0.9491816574815432
XGBoost,0.8047814814814814,0.9645289015544961
XGBoost,0.8040407407407407,0.9646902509365126
XGBoost,0.8035888888888889,0.9648383998292392
XGBoost,0.8030407407407407,0.9650170686439886
XGBoost,0.8020407407407407,0.9652975893302903
XGBoost,0.8006555555555556,0.9657959282143384
XGBoost,0.7968962962962963,0.9672723676284155
XGBoost,0.7966407407407408,0.9673231126241798
XGBoost,0.7963370370370371,0.9673893970547874
XGBoost,0.7953518518518519,0.9674941430888448
XGBoost,0.7950962962962963,0.9675276386892073
XGBoost,0.7937444444444445,0.9681034638527004
XGBoost,0.7931074074074074,0.9683982507789641
XGBoost,0.7929481481481482,0.9684402889543273
XGBoost,0.791737037037037,0.9685778236914601
XGBoost,0.7907111111111111,0.9688767869298843
XGBoost,0.7902740740740741,0.9690757233755558
XGBoost,0.7900777777777778,0.9691255105239486
XGBoost,0.7893925925925926,0.9694830448725238
XGBoost,0.7892111111111111,0.9695379967422264
XGBoost,0.7885333333333333,0.9698438439532807
XGBoost,0.7881962962962963,0.9698843775208389
XGBoost,0.7872962962962963,0.9702582547492765
XGBoost,0.7866185185185185,0.9703796774340933
XGBoost,0.7863185185185185,0.9704086296736447
XGBoost,0.7859481481481482,0.9704483509246895
XGBoost,0.7855555555555556,0.9705050652951781
XGBoost,0.7853518518518519,0.9705598300965319
XGBoost,0.7851296296296296,0.9705872926481968
XGBoost,0.7848592592592593,0.9706174682929734
XGBoost,0.7845518518518518,0.9706641127979068
XGBoost,0.7842370370370371,0.9707416814134949
XGBoost,0.7835814814814814,0.9709406651705607
XGBoost,0.7831259259259259,0.9710000505145596
XGBoost,0.7825703703703704,0.9713550166647512
XGBoost,0.7821925925925926,0.9714041277040049
XGBoost,0.7817296296296297,0.9714189720955279
XGBoost,0.781325925925926,0.9714717273074744
XGBoost,0.7802777777777777,0.9716943711602679
XGBoost,0.7798888888888889,0.9717927654350615
XGBoost,0.7796703703703703,0.9718613519477761
XGBoost,0.7786148148148148,0.9724536383863521
XGBoost,0.7777666666666667,0.9729786080647179
XGBoost,0.7773666666666667,0.973064316478055
XGBoost,0.7770703703703704,0.9731310470218273
XGBoost,0.7767666666666667,0.9731479161446588
XGBoost,0.7763333333333333,0.9731649565903709
XGBoost,0.7760925925925926,0.9732382133418793
XGBoost,0.7759037037037037,0.9732499581885418
XGBoost,0.7745481481481481,0.9737889801030932
XGBoost,0.7742481481481481,0.9738244528709716
XGBoost,0.7735185185185185,0.9741774183015682
XGBoost,0.7733222222222222,0.9742119407999105
XGBoost,0.7731074074074074,0.9742640709815031
XGBoost,0.7728,0.9743041385139078
XGBoost,0.7725592592592593,0.974328193678271
XGBoost,0.7722,0.9743620899149453
XGBoost,0.7718555555555555,0.9744101667336843
XGBoost,0.7716074074074074,0.9744294928461513
XGBoost,0.771074074074074,0.9745947185851314
XGBoost,0.770862962962963,0.9746472673462985
XGBoost,0.770662962962963,0.9747047718979385
XGBoost,0.7704407407407408,0.9747753066981565
XGBoost,0.7702407407407408,0.9748603090077252
XGBoost,0.7699592592592592,0.9749062089664228
XGBoost,0.7689370370370371,0.9750385106702735
XGBoost,0.7686222222222222,0.9750835169688626
XGBoost,0.7679888888888889,0.9751230913203572
XGBoost,0.7677555555555555,0.9751340671747107
XGBoost,0.767462962962963,0.9751661239011351
XGBoost,0.7671407407407408,0.9752248222609351
XGBoost,0.7669185185185186,0.9752453797027185
XGBoost,0.7665962962962963,0.9753087583226919
XGBoost,0.7662888888888889,0.9753726629015378
XGBoost,0.7659555555555555,0.9754404169516308
XGBoost,0.7656333333333334,0.9755131895616064
XGBoost,0.7652148148148148,0.9755600045329204
XGBoost,0.7649037037037038,0.9755963909490293
XGBoost,0.7642740740740741,0.9756275146684066
XGBoost,0.7640296296296296,0.9756614357198937
XGBoost,0.763774074074074,0.9756765707797124
XGBoost,0.7634074074074074,0.9757483088197005
XGBoost,0.763237037037037,0.9757661275048297
XGBoost,0.7630481481481481,0.9758064898096442
XGBoost,0.7626592592592593,0.9758129484129617
XGBoost,0.7620740740740741,0.9758781290610209
XGBoost,0.7618222222222222,0.9759120174219169
XGBoost,0.7603296296296296,0.9759447394568075
XGBoost,0.7599444444444444,0.9760071160496411
XGBoost,0.7593555555555556,0.9760261256200551
XGBoost,0.7590703703703704,0.9761010063486167
XGBoost,0.7587407407407407,0.976165289571242
XGBoost,0.7585185185185185,0.9762468836845692
XGBoost,0.7582925925925926,0.9762818709379009
XGBoost,0.7578259259259259,0.9763654409589342
XGBoost,0.7574111111111111,0.9763947575735873
XGBoost,0.7571111111111111,0.976432263056832
XGBoost,0.7559444444444444,0.9765041910667126
XGBoost,0.7556962962962963,0.9765480668906565
XGBoost,0.7555296296296297,0.9765944408804971
XGBoost,0.7552592592592593,0.9766283524904215
XGBoost,0.7550555555555556,0.9766923777128348
XGBoost,0.7548777777777778,0.97673382149977
XGBoost,0.7543518518518518,0.9768350878875807
XGBoost,0.7538185185185186,0.9768753389745091
XGBoost,0.7531296296296296,0.9769532338499678
XGBoost,0.7527481481481482,0.9770404484227326
XGBoost,0.7523851851851852,0.9770766196912125
XGBoost,0.7520777777777777,0.9771144805285419
XGBoost,0.7518,0.977139143620478
XGBoost,0.7511777777777778,0.9772147995393814
XGBoost,0.7509925925925925,0.9772375669306138
XGBoost,0.7507407407407407,0.9772819316143714
XGBoost,0.7498666666666667,0.9773928659357848
XGBoost,0.7491111111111111,0.9775831569179015
XGBoost,0.748862962962963,0.977632615958882
XGBoost,0.7483185185185185,0.977697128063681
XGBoost,0.7478481481481482,0.9777402235177904
XGBoost,0.7470740740740741,0.977769806491643
XGBoost,0.7468370370370371,0.9778198040927165
XGBoost,0.746662962962963,0.9778289760876946
XGBoost,0.7463148148148148,0.9778663146758806
XGBoost,0.7459185185185185,0.9779307866739826
XGBoost,0.7456074074074074,0.9779502849120489
XGBoost,0.7449222222222223,0.9780493379302967
XGBoost,0.7445666666666667,0.978115223494266
XGBoost,0.7441888888888889,0.9781376872973684
XGBoost,0.7439592592592592,0.978164429056308
XGBoost,0.7437037037037038,0.9782190372726786
XGBoost,0.7434111111111111,0.9782392560895967
XGBoost,0.7429629629629629,0.9783361457652578
XGBoost,0.7422814814814814,0.9784695302354194
XGBoost,0.7419666666666667,0.9785179432322729
XGBoost,0.7413703703703703,0.9786062792721442
XGBoost,0.7410555555555556,0.9786452499620936
XGBoost,0.7408,0.9787146589941575
XGBoost,0.740562962962963,0.9787319441793075
XGBoost,0.740237037037037,0.97876112261938
XGBoost,0.7398185185185185,0.9787781381993512
XGBoost,0.7395962962962963,0.9788006822994275
XGBoost,0.7390777777777777,0.9788341361482542
XGBoost,0.7387148148148148,0.9788767993246857
XGBoost,0.7384888888888889,0.9788993077716137
XGBoost,0.7381629629629629,0.9789334603841979
XGBoost,0.7376925925925926,0.9789443677166632
XGBoost,0.7373111111111111,0.9789674011930111
XGBoost,0.7366259259259259,0.9790157123730014
XGBoost,0.736262962962963,0.9790248707214971
XGBoost,0.7359296296296296,0.9790686330063217
XGBoost,0.7356296296296296,0.9790795804085496
XGBoost,0.7353185185185185,0.9791095417513266
XGBoost,0.7349518518518519,0.9791234926086012
XGBoost,0.7346592592592592,0.9791685178054873
XGBoost,0.7344222222222222,0.9792054517172416
XGBoost,0.7341518518518518,0.9792705158163593
XGBoost,0.7338962962962963,0.9793021646733221
XGBoost,0.733462962962963,0.9793192461563568
XGBoost,0.7329740740740741,0.9793348146022101
XGBoost,0.7327296296296296,0.9793668473552635
XGBoost,0.7323888888888889,0.9793962507119685
XGBoost,0.7317074074074074,0.9794502890345355
XGBoost,0.7313,0.9795459731909869
XGBoost,0.7305814814814815,0.9798912098556916
XGBoost,0.7303074074074074,0.979917902437085
XGBoost,0.7298333333333333,0.9799635973026198
XGBoost,0.7296370370370371,0.9799778139254925
XGBoost,0.7294148148148148,0.9800254782141364
XGBoost,0.7291703703703704,0.9800481870134008
XGBoost,0.7288814814814815,0.9800648403145402
XGBoost,0.7286222222222222,0.9800969495274582
XGBoost,0.7276888888888889,0.9802528513126515
XGBoost,0.7273333333333334,0.9803559393954522
XGBoost,0.7271074074074074,0.9803793296312573
XGBoost,0.7269037037037037,0.980413117865974
XGBoost,0.7265962962962963,0.9804392913366151
XGBoost,0.7262592592592593,0.9804549022745114
XGBoost,0.7260333333333333,0.9804881708598009
XGBoost,0.7258,0.9805261735832441
XGBoost,0.7251222222222222,0.9806802244039271
XGBoost,0.7223111111111111,0.9814157822430895
XGBoost,0.7207333333333333,0.9816382328312433
XGBoost,0.7201333333333333,0.9816926013066616
XGBoost,0.7194481481481482,0.9818243390094366
XGBoost,0.7191185185185185,0.9818409834490501
XGBoost,0.7188851851851852,0.9818699635274657
XGBoost,0.7182814814814815,0.9818848284172261
XGBoost,0.7169777777777778,0.9820716525127081
XGBoost,0.715937037037037,0.9822257000726622
XGBoost,0.7154592592592592,0.9822789701971433
XGBoost,0.7152111111111111,0.982282923851671
XGBoost,0.7145925925925926,0.9823828920570264
XGBoost,0.7143407407407407,0.9824268293925286
XGBoost,0.7140185185185185,0.9824440707333232
XGBoost,0.7137296296296296,0.9824671418229278
XGBoost,0.7133333333333334,0.9825227265770867
XGBoost,0.712937037037037,0.9825633329760246
XGBoost,0.7121444444444445,0.9825844333042052
XGBoost,0.7118555555555556,0.9826277230456189
XGBoost,0.7115333333333334,0.9826451226810293
XGBoost,0.710825925925926,0.9827942012361547
XGBoost,0.7104481481481482,0.9828154220571282
XGBoost,0.7102148148148149,0.9828400971779443
XGBoost,0.7099037037037037,0.9828478250837098
XGBoost,0.709574074074074,0.9829055444112109
XGBoost,0.7075296296296296,0.9832110965284747
XGBoost,0.7069222222222222,0.9832728883760226
XGBoost,0.7065407407407407,0.9832893488928292
XGBoost,0.7058925925925926,0.9833554332179324
XGBoost,0.7057,0.9834067941823137
XGBoost,0.7050666666666666,0.9835140706451263
XGBoost,0.7047629629629629,0.9835630033184125
XGBoost,0.7043962962962963,0.9835749341911327
XGBoost,0.7041,0.9835935802315835
XGBoost,0.7037518518518519,0.9836263303930095
XGBoost,0.7030962962962963,0.9836164105327516
XGBoost,0.7025962962962963,0.9836253428670687
XGBoost,0.7023851851851852,0.9836358072396642
XGBoost,0.7021555555555555,0.9836815806814821
XGBoost,0.7010148148148149,0.9837423727404081
XGBoost,0.7004703703703704,0.9839090625325149
XGBoost,0.7001814814814815,0.9839383766622427
XGBoost,0.6998777777777778,0.9839520122468745
XGBoost,0.6993333333333334,0.983975611662628
XGBoost,0.6988851851851852,0.9840065496490514
XGBoost,0.6986074074074075,0.9840156921664371
XGBoost,0.6981,0.9840967352884359
XGBoost,0.6977925925925926,0.9841361045961942
XGBoost,0.697362962962963,0.9841522057286222
XGBoost,0.6970074074074074,0.9841802768582292
XGBoost,0.696725925925926,0.9842254788600489
XGBoost,0.6964444444444444,0.9842398103124297
XGBoost,0.6959111111111111,0.9842794805575782
XGBoost,0.6956296296296296,0.9842938522249066
XGBoost,0.6952222222222222,0.9843570555814843
XGBoost,0.6947222222222222,0.9843872999212805
XGBoost,0.6930740740740741,0.9843818221032199
XGBoost,0.6927407407407408,0.9844158714954132
XGBoost,0.6923962962962963,0.9844393423976577
XGBoost,0.6921037037037037,0.984448424823517
XGBoost,0.6917925925925926,0.9844519168941782
XGBoost,0.6913407407407407,0.9845301827579841
XGBoost,0.6907037037037037,0.984547321518132
XGBoost,0.6902481481481482,0.9845788912016736
XGBoost,0.6900592592592593,0.984579938066098
XGBoost,0.6890111111111111,0.9846037408305194
XGBoost,0.6887185185185185,0.9846546502022748
XGBoost,0.6881777777777778,0.984653213498389
XGBoost,0.6877703703703704,0.9846860318369338
XGBoost,0.684262962962963,0.9846559718595107
XGBoost,0.6838925925925926,0.9846635417833165
XGBoost,0.6834185185185185,0.9846793387194894
XGBoost,0.6828296296296297,0.9846873648060417
XGBoost,0.6825703703703704,0.98472372871394
XGBoost,0.682274074074074,0.9847382516611518
XGBoost,0.6815111111111111,0.9847477763863468
XGBoost,0.6809481481481482,0.9848039294456675
XGBoost,0.6804888888888889,0.984846616887955
XGBoost,0.6802074074074074,0.984893255323827
XGBoost,0.6796703703703704,0.9848920708865108
XGBoost,0.6787925925925926,0.9850157474390256
XGBoost,0.6784777777777777,0.9850671628147081
XGBoost,0.6778814814814815,0.9851761742257054
XGBoost,0.6771925925925926,0.9852303282089415
XGBoost,0.6767074074074074,0.985257084310712
XGBoost,0.6764,0.9852717444081184
XGBoost,0.6738185185185185,0.9853388793206166
XGBoost,0.6735888888888889,0.9853553084974969
XGBoost,0.6733888888888889,0.9853670433298106
XGBoost,0.6730222222222222,0.9853752175822745
XGBoost,0.6728074074074074,0.9854026872942082
XGBoost,0.6722962962962963,0.9854238484297386
XGBoost,0.672037037037037,0.98543971411658
XGBoost,0.6717185185185185,0.9854650373018762
XGBoost,0.6708333333333333,0.9854836691277687
XGBoost,0.6703074074074075,0.9855100084946963
XGBoost,0.6698962962962963,0.9855173541110445
XGBoost,0.669525925925926,0.9855631883109802
XGBoost,0.6692,0.985599266871768
XGBoost,0.6687851851851851,0.9856119820095193
XGBoost,0.6680888888888888,0.9856187437163964
XGBoost,0.6670074074074074,0.9857306279727859
XGBoost,0.6667074074074074,0.9857512882434438
XGBoost,0.6662555555555556,0.9857579676471877
XGBoost,0.6658925925925926,0.9858151750759412
XGBoost,0.6638222222222222,0.985977632425831
XGBoost,0.6624185185185185,0.9861005436280834
XGBoost,0.6620703703703704,0.9861368551127587
XGBoost,0.6616777777777778,0.986172291590766
XGBoost,0.6611074074074074,0.9862150126523531
XGBoost,0.6604444444444444,0.9862395469227025
XGBoost,0.6592555555555556,0.986455556602362
XGBoost,0.6587518518518518,0.9864617534830065
XGBoost,0.6577074074074074,0.9865611111111111
XGBoost,0.6572888888888889,0.9865636378797565
XGBoost,0.6568333333333334,0.9865709088279307
XGBoost,0.6564074074074074,0.9866172328178408
XGBoost,0.6560444444444444,0.9866319096317091
XGBoost,0.6557592592592593,0.9866811557858954
XGBoost,0.655337037037037,0.986683693100391
XGBoost,0.6550777777777778,0.9866950060249029
XGBoost,0.6547888888888889,0.9867057346169945
XGBoost,0.6541444444444444,0.9867258861979384
XGBoost,0.6536111111111111,0.9867372670494893
XGBoost,0.6532259259259259,0.9869780299723556
XGBoost,0.6526777777777778,0.9870169876947031
XGBoost,0.6523592592592593,0.9870383861025497
XGBoost,0.6516518518518518,0.987063258757265
XGBoost,0.6514222222222222,0.9870809154479028
XGBoost,0.6509111111111111,0.9871097106846176
XGBoost,0.6499703703703704,0.9872134559671476
XGBoost,0.6492666666666667,0.9872776116376907
XGBoost,0.6489555555555555,0.987288278846479
XGBoost,0.6486740740740741,0.9873106605108432
XGBoost,0.6483296296296296,0.9873262792166771
XGBoost,0.6480666666666667,0.9873713434452871
XGBoost,0.6475703703703704,0.9874008188620641
XGBoost,0.6472518518518519,0.9874560679858514
XGBoost,0.6469592592592592,0.9874839592295908
XGBoost,0.645662962962963,0.987660546040667
XGBoost,0.6453407407407408,0.9877104472535571
XGBoost,0.6450925925925926,0.9877281826481946
XGBoost,0.6447444444444445,0.987749659555152
XGBoost,0.6438555555555555,0.9878676637723326
XGBoost,0.6436296296296297,0.9878859195843352
XGBoost,0.6416962962962963,0.9879230909588541
XGBoost,0.6414407407407408,0.9879690584034045
XGBoost,0.6410814814814815,0.9879905933925432
XGBoost,0.6406740740740741,0.9880169065570025
XGBoost,0.6402518518518518,0.9880260397912701
XGBoost,0.6398037037037037,0.9880460085679804
XGBoost,0.639437037037037,0.988067508713294
XGBoost,0.6389296296296296,0.9880864420273668
XGBoost,0.638537037037037,0.9881018563625839
XGBoost,0.6382074074074074,0.9881184485170998
XGBoost,0.6378925925925926,0.988163677464514
XGBoost,0.6373222222222222,0.9882156332374274
XGBoost,0.6368148148148148,0.9882233934329182
XGBoost,0.634974074074074,0.9882466192458007
XGBoost,0.6344037037037037,0.9882874930042292
XGBoost,0.6338555555555555,0.9883003112602285
XGBoost,0.6335740740740741,0.9883065937176828
XGBoost,0.6330777777777777,0.9883718240797493
XGBoost,0.6314407407407407,0.9883706774109394
XGBoost,0.6310814814814815,0.9884100005800801
XGBoost,0.6306259259259259,0.988436152118007
XGBoost,0.6298222222222222,0.9884617843835919
XGBoost,0.6288444444444444,0.9885649075411058
XGBoost,0.6281925925925926,0.9885992725916255
XGBoost,0.6277148148148148,0.988631060712119
XGBoost,0.627125925925926,0.9886666861296821
XGBoost,0.6253703703703704,0.9889015783771121
XGBoost,0.6248888888888889,0.9889047141777004
XGBoost,0.6228296296296296,0.9892232758417845
XGBoost,0.6222074074074074,0.9893174724692303
XGBoost,0.6214148148148149,0.9893739975469384
XGBoost,0.6210074074074075,0.9894079673328731
XGBoost,0.6206,0.9894302990221551
XGBoost,0.6201851851851852,0.9894700765812612
XGBoost,0.6196703703703703,0.9894789756934177
XGBoost,0.6176296296296296,0.9897558254098263
XGBoost,0.6170222222222222,0.989810529317751
XGBoost,0.6165555555555555,0.9898205515453496
XGBoost,0.6161851851851852,0.9898380513809065
XGBoost,0.6157592592592592,0.9898664539137993
XGBoost,0.6151555555555556,0.9899038060386445
XGBoost,0.6146555555555555,0.9899074852817493
XGBoost,0.6138296296296296,0.9899649969536598
XGBoost,0.613262962962963,0.9899617362190601
XGBoost,0.6129370370370371,0.9899564520374226
XGBoost,0.6124111111111111,0.9899775482712169
XGBoost,0.6120185185185185,0.9899830454657105
XGBoost,0.6116074074074074,0.9899823146788166
XGBoost,0.6112666666666666,0.9900005398628748
XGBoost,0.6103592592592593,0.9900096119187792
XGBoost,0.6100037037037037,0.9900276508776148
XGBoost,0.6093962962962963,0.9900297242981094
XGBoost,0.6075259259259259,0.9900411631921392
XGBoost,0.6069518518518519,0.9900856704406772
XGBoost,0.6064,0.9901306240928882
XGBoost,0.6060592592592593,0.9901850439918188
XGBoost,0.6057407407407407,0.9902159039996125
XGBoost,0.6049111111111111,0.9902326342785427
XGBoost,0.6042925925925926,0.9902287444847028
XGBoost,0.6038037037037037,0.9902509840128286
XGBoost,0.603162962962963,0.9902648140828798
XGBoost,0.6027962962962963,0.9903312563890376
XGBoost,0.6023814814814815,0.99038496669143
XGBoost,0.6020518518518518,0.9904159583736984
XGBoost,0.6013814814814815,0.9904416249847505
XGBoost,0.6010185185185185,0.990447998046875
XGBoost,0.6006296296296296,0.9904418725379424
XGBoost,0.6003962962962963,0.9904563478728409
XGBoost,0.6001703703703704,0.9904951681224442
XGBoost,0.5999444444444444,0.9905097928909055
XGBoost,0.5995370370370371,0.9905337102715669
XGBoost,0.5982962962962963,0.9905385601196937
XGBoost,0.5976111111111111,0.9905460572761595
XGBoost,0.5968703703703704,0.99061358970261
XGBoost,0.5966666666666667,0.9906165065856628
XGBoost,0.5961296296296297,0.9906447145714725
XGBoost,0.5958518518518519,0.9906586944340104
XGBoost,0.5955851851851852,0.9906667570214942
XGBoost,0.5953962962962963,0.9906638237034116
XGBoost,0.5951814814814815,0.9906849146168547
XGBoost,0.5948592592592593,0.9906921373541984
XGBoost,0.5945925925925926,0.9907185702648663
XGBoost,0.5943333333333334,0.9907267922850863
XGBoost,0.5940037037037037,0.9907339341862232
XGBoost,0.5934518518518519,0.9907315233319525
XGBoost,0.5931703703703703,0.9907578100835137
XGBoost,0.5927481481481481,0.9907512876386688
XGBoost,0.5922592592592593,0.9907682775712515
XGBoost,0.5919444444444445,0.990781838920849
XGBoost,0.5916666666666667,0.990839003392732
XGBoost,0.5914666666666667,0.990860525287121
XGBoost,0.5911592592592593,0.9908927241122424
XGBoost,0.5909222222222222,0.9909014122995516
XGBoost,0.5906148148148148,0.9909213494317299
XGBoost,0.5900481481481481,0.9909250366979325
XGBoost,0.5897333333333333,0.9909202362356632
XGBoost,0.5895185185185186,0.9909169577100025
XGBoost,0.5892814814814815,0.9909256802625761
XGBoost,0.5887148148148148,0.9909479130949783
XGBoost,0.5879740740740741,0.9909427979326358
XGBoost,0.5877444444444444,0.9909578553631533
XGBoost,0.5865555555555556,0.9911133362538331
XGBoost,0.5856925925925925,0.9911314179703169
XGBoost,0.5854259259259259,0.9911336288790373
XGBoost,0.5849703703703704,0.9911267853108763
XGBoost,0.5843111111111111,0.9911230893910552
XGBoost,0.5839222222222222,0.9911296913308606
XGBoost,0.5834222222222222,0.9911845210004719
XGBoost,0.5828888888888889,0.9911952537505196
XGBoost,0.5825259259259259,0.9912085557453191
XGBoost,0.5817407407407408,0.9912280701754386
XGBoost,0.5808481481481481,0.9913024240700357
XGBoost,0.5805185185185185,0.9913288765487537
XGBoost,0.580237037037037,0.991337252346029
XGBoost,0.5792074074074074,0.9913534072900159
XGBoost,0.5788518518518518,0.9913607185446426
XGBoost,0.5785296296296296,0.9913622401056079
XGBoost,0.5781296296296297,0.991368907744484
XGBoost,0.5776111111111111,0.9913801323492953
XGBoost,0.5773888888888888,0.991395757020757
XGBoost,0.5766703703703704,0.9914608830758651
XGBoost,0.5763962962962963,0.9914694902080705
XGBoost,0.5760518518518518,0.9914897143476404
XGBoost,0.5755148148148148,0.9915008199284078
XGBoost,0.5750777777777778,0.9915070784988601
XGBoost,0.5746518518518519,0.9915135093683699
XGBoost,0.5743851851851852,0.9915159419733907
XGBoost,0.5741074074074074,0.9915499264376639
XGBoost,0.5732851851851852,0.9915887251761691
XGBoost,0.5729851851851852,0.9915907138919868
XGBoost,0.5725666666666667,0.9916227814161733
XGBoost,0.5722296296296296,0.991624253082339
XGBoost,0.5718777777777778,0.9916382482708128
XGBoost,0.5716407407407408,0.9916539237480886
XGBoost,0.571362962962963,0.9916562745072831
XGBoost,0.5709185185185185,0.9916498333826538
XGBoost,0.5706333333333333,0.9916584602907953
XGBoost,0.5669888888888889,0.991759469807397
XGBoost,0.5667111111111112,0.9917554639495995
XGBoost,0.5662555555555555,0.9918325245867607
XGBoost,0.5647185185185185,0.9919072587465358
XGBoost,0.5641814814814815,0.9919319128985206
XGBoost,0.5634629629629629,0.9919605132752595
XGBoost,0.5622111111111111,0.9919816499372648
XGBoost,0.5615296296296296,0.9919914680345728
XGBoost,0.5610333333333334,0.9919844403842754
XGBoost,0.5595037037037037,0.9920929927103171
XGBoost,0.5588185185185185,0.9921159915833772
XGBoost,0.5581851851851852,0.992152835380706
XGBoost,0.5574962962962963,0.992169373549884
XGBoost,0.5566037037037037,0.992176565347136
XGBoost,0.5560888888888889,0.9921956054848835
XGBoost,0.5549592592592593,0.9922126941032348
XGBoost,0.554062962962963,0.9922791703424626
XGBoost,0.5533481481481481,0.9922824542061289
XGBoost,0.552537037037037,0.9923240143941359
XGBoost,0.5520481481481482,0.9923238752113763
XGBoost,0.5514777777777777,0.9923292235921359
XGBoost,0.5511407407407407,0.9923510386449268
XGBoost,0.5508888888888889,0.9923541891837797
XGBoost,0.5493037037037037,0.9924518201284797
XGBoost,0.5477925925925926,0.9924644527501728
XGBoost,0.5463518518518519,0.9924781172417969
XGBoost,0.5458407407407407,0.9924978618232755
XGBoost,0.5450222222222222,0.9925536220153783
XGBoost,0.544525925925926,0.9925602873268343
XGBoost,0.5440592592592592,0.9926009014061666
XGBoost,0.5422925925925925,0.992650996928876
XGBoost,0.5418111111111111,0.9926714573621318
XGBoost,0.5401074074074074,0.9926620242738603
XGBoost,0.5396666666666666,0.9926628379897402
XGBoost,0.5392259259259259,0.9926771895135172
XGBoost,0.5382666666666667,0.9926845761357349
XGBoost,0.5338259259259259,0.9929934550465036
XGBoost,0.5324592592592593,0.9929824561403509
XGBoost,0.5312333333333333,0.9930351220930635
XGBoost,0.5310111111111111,0.9930322276785405
XGBoost,0.5305925925925926,0.993026769994316
XGBoost,0.5300703703703704,0.9930337281349958
XGBoost,0.5284481481481481,0.9931092565653472
XGBoost,0.5276481481481482,0.9931058039510924
XGBoost,0.5269333333333334,0.9931173128202264
XGBoost,0.5259037037037037,0.9931317144136079
XGBoost,0.5255185185185185,0.9931267148216586
XGBoost,0.5248259259259259,0.993124667096521
XGBoost,0.5244444444444445,0.9931197003808362
XGBoost,0.5242333333333333,0.9931448217793993
XGBoost,0.5238925925925926,0.9931473667211975
XGBoost,0.5235555555555556,0.993149963115186
XGBoost,0.5231888888888889,0.9931521777340317
XGBoost,0.5227185185185185,0.9931600354664828
XGBoost,0.5216666666666666,0.9931463383678132
XGBoost,0.5211481481481481,0.9931395660704959
XGBoost,0.5208592592592592,0.993142800646879
XGBoost,0.5203666666666666,0.9931363539973139
XGBoost,0.5199185185185186,0.993130478461114
XGBoost,0.5195148148148148,0.9931322085259737
XGBoost,0.519062962962963,0.9931333087672554
XGBoost,0.518637037037037,0.9931347517730497
XGBoost,0.5175740740740741,0.9932548651683796
XGBoost,0.5168296296296296,0.9932452150640957
XGBoost,0.5152666666666667,0.9936150154268084
XGBoost,0.5127814814814815,0.9938338956284545
XGBoost,0.5104444444444445,0.9942144825496675
XGBoost,0.5101333333333333,0.9942181511076463
XGBoost,0.5089,0.9942186075454769
XGBoost,0.5060296296296296,0.9946492141260747
XGBoost,0.505425925925926,0.994650106779204
XGBoost,0.5037666666666667,0.994828998566455
XGBoost,0.5030962962962963,0.9948294297725242
XGBoost,0.5027962962962963,0.9948336508867067
XGBoost,0.5024962962962963,0.994852466709685
XGBoost,0.5013814814814814,0.9948410802866067
XGBoost,0.5010555555555556,0.9948377418429702
XGBoost,0.499662962962963,0.9948234287779015
XGBoost,0.4972259259259259,0.9952480502920855
XGBoost,0.4956851851851852,0.9955813105803063
XGBoost,0.4953037037037037,0.9955853340777964
XGBoost,0.49424074074074076,0.9955981646584847
XGBoost,0.4936814814814815,0.9956155092955684
XGBoost,0.490062962962963,0.99607043112339
XGBoost,0.4888,0.9962332515568976
XGBoost,0.4882888888888889,0.9962519080508411
XGBoost,0.48802962962962965,0.996249924393637
XGBoost,0.48731851851851854,0.9962444727118541
XGBoost,0.4869962962962963,0.9962419971966512
XGBoost,0.48667037037037036,0.9962394899050017
XGBoost,0.48634814814814814,0.9962747998937825
XGBoost,0.48605925925925925,0.9962725940771444
XGBoost,0.48586296296296294,0.9962710937618664
XGBoost,0.4849925925925926,0.9962795864178275
XGBoost,0.4847111111111111,0.9962926027146979
XGBoost,0.48388148148148147,0.996293867341803
XGBoost,0.4835259259259259,0.9963063585579536
XGBoost,0.4831925925925926,0.996303819895224
XGBoost,0.48131111111111113,0.9962894248608535
XGBoost,0.48086296296296294,0.9963012699996163
XGBoost,0.48052222222222224,0.9962986569192847
XGBoost,0.4801037037037037,0.9962954423180386
XGBoost,0.4797296296296296,0.9963002276782967
XGBoost,0.4794074074074074,0.996313087385217
XGBoost,0.4782074074074074,0.9965576326391997
XGBoost,0.47785925925925926,0.996555133314796
XGBoost,0.4774814814814815,0.9965678241241768
XGBoost,0.4757148148148148,0.9967252551119389
XGBoost,0.4740111111111111,0.9972105562524837
XGBoost,0.47375555555555554,0.9972168299927497
XGBoost,0.4705111111111111,0.9979105134167033
XGBoost,0.4701148148148148,0.9979087557096472
XGBoost,0.4694,0.9980234508500736
XGBoost,0.46904814814814816,0.9980219710939839
XGBoost,0.4681740740740741,0.9980813264903277
XGBoost,0.4667148148148148,0.9982176523709184
XGBoost,0.46632962962962965,0.998247839530643
XGBoost,0.46608518518518516,0.9982469221982485
XGBoost,0.46549259259259257,0.9982922683442151
XGBoost,0.46524814814814813,0.9982913726238158
XGBoost,0.4648925925925926,0.998298007714638
XGBoost,0.46416666666666667,0.9982953504488645
XGBoost,0.4639333333333333,0.9982944945646977
XGBoost,0.46216296296296294,0.9983358934971838
XGBoost,0.4610592592592593,0.9984440166827078
XGBoost,0.4601,0.998472877500663
XGBoost,0.45974814814814813,0.9984717105580669
XGBoost,0.4587851851851852,0.9984846042237627
XGBoost,0.4572148148148148,0.9984874833178307
XGBoost,0.45647777777777776,0.9985012233258259
XGBoost,0.4561777777777778,0.9985002391510542
XGBoost,0.4540740740740741,0.998810551871344
XGBoost,0.4515925925925926,0.9988122056113046
XGBoost,0.45082222222222224,0.9988183742799468
XGBoost,0.4504148148148148,0.9988255102459858
XGBoost,0.4495,0.9988642255746771
XGBoost,0.4492259259259259,0.9988799855056948
XGBoost,0.44884444444444443,0.9988790346510171
XGBoost,0.4482962962962963,0.9990343108528603
XGBoost,0.4476074074074074,0.9990493432201638
XGBoost,0.44706666666666667,0.9990564632268958
XGBoost,0.4462259259259259,0.9990878257913112
XGBoost,0.4454962962962963,0.9990863332059737
XGBoost,0.44525925925925924,0.9990858472533866
XGBoost,0.44272222222222224,0.9990889639263147
XGBoost,0.44202592592592593,0.9990875301366193
XGBoost,0.4418037037037037,0.9990870715936883
XGBoost,0.44025185185185184,0.9991090490359238
XGBoost,0.43962222222222225,0.9991077741490185
XGBoost,0.4393,0.9991071202944818
XGBoost,0.43854814814814813,0.9991308823653501
XGBoost,0.4382740740740741,0.999130339336525
XGBoost,0.4375074074074074,0.9991372675062802
XGBoost,0.4373111111111111,0.9991368805848904
XGBoost,0.43694814814814814,0.9991530878417291
XGBoost,0.43635555555555555,0.9991519386682045
XGBoost,0.4346777777777778,0.999174186957262
XGBoost,0.4339777777777778,0.999189896733152
XGBoost,0.43370740740740743,0.9991893921294243
XGBoost,0.4332111111111111,0.9991969998547766
XGBoost,0.4319777777777778,0.9992118294124702
XGBoost,0.4305925925925926,0.9992264718521702
XGBoost,0.42962222222222224,0.999224726069878
XGBoost,0.4281185185185185,0.9992306428886334
XGBoost,0.4277,0.9992385369525902
XGBoost,0.4265074074074074,0.9992364093886936
XGBoost,0.4253074074074074,0.9992429516185173
XGBoost,0.4247222222222222,0.9992506164986363
XGBoost,0.4242185185185185,0.9992497273718648
XGBoost,0.423962962962963,0.9992492754635287
XGBoost,0.423237037037037,0.9992567266240523
XGBoost,0.42244444444444446,0.9993078614671584
XGBoost,0.4218296296296296,0.99931562138069
XGBoost,0.42085555555555554,0.9993140384666122
XGBoost,0.4202148148148148,0.9993217950411767
XGBoost,0.41917037037037036,0.9993201063106496
XGBoost,0.41845185185185185,0.9993277786622795
XGBoost,0.4168703703703704,0.9993252301764168
XGBoost,0.4162074074074074,0.9993241560843737
XGBoost,0.4151962962962963,0.9993403282312774
XGBoost,0.41494444444444445,0.9993399281056828
XGBoost,0.4139259259259259,0.9993740498971654
XGBoost,0.41264074074074075,0.9993810660016864
XGBoost,0.41227407407407407,0.9993805158776474
XGBoost,0.41101481481481483,0.9994056195965418
XGBoost,0.41001481481481483,0.9994041708043694
XGBoost,0.4094888888888889,0.9994034060093285
XGBoost,0.4089962962962963,0.9994026879044301
XGBoost,0.4073925925925926,0.999400337991314
XGBoost,0.40691481481481484,0.9994087253938798
XGBoost,0.4065037037037037,0.9994172281915862
XGBoost,0.4061851851851852,0.9994258791794629
XGBoost,0.40549259259259257,0.9994340225478114
XGBoost,0.40527407407407406,0.9994428460519705
XGBoost,0.40474814814814813,0.9994512630096395
XGBoost,0.40436666666666665,0.9994507456128305
XGBoost,0.4033333333333333,0.9994493392070485
XGBoost,0.40296666666666664,0.9994580194745545
XGBoost,0.4009333333333333,0.9994552723176778
XGBoost,0.4004037037037037,0.999482272454121
XGBoost,0.39914814814814814,0.9994806447424555
XGBoost,0.3988407407407407,0.9994802446562654
XGBoost,0.397,0.9994778360032076
XGBoost,0.39664444444444447,0.999477368175455
XGBoost,0.3958111111111111,0.9994949636654414
XGBoost,0.3951296296296296,0.9994940930681382
XGBoost,0.39476666666666665,0.9995030007501875
XGBoost,0.3944111111111111,0.9995119341486536
XGBoost,0.3928037037037037,0.9995193576356165
XGBoost,0.39224444444444445,0.9995281060062667
XGBoost,0.3915851851851852,0.999527311917412
XGBoost,0.39136666666666664,0.9995270481181244
XGBoost,0.32665185185185186,0.9994447277466145
XGBoost,0.32614074074074073,0.9994438580362514
XGBoost,0.3254814814814815,0.9994427322043922
XGBoost,0.3249740740740741,0.9994418625842901
XGBoost,0.32407407407407407,0.9994517293370494
XGBoost,0.3232074074074074,0.9994502599812172
XGBoost,0.3221148148148148,0.9994483963272389
XGBoost,0.3212703703703704,0.9994469472641172
XGBoost,0.32043333333333335,0.9994570491197264
XGBoost,0.3194037037037037,0.9994552998168881
XGBoost,0.318662962962963,0.9994656444212116
XGBoost,0.3179666666666667,0.9994644748943502
XGBoost,0.317437037037037,0.9994635818737319
XGBoost,0.31643333333333334,0.9994618813097341
XGBoost,0.31600370370370373,0.9994611500931273
XGBoost,0.31555925925925926,0.9994603915680317
XGBoost,0.3144222222222222,0.9994702080316462
XGBoost,0.3131,0.9994679719089168
XGBoost,0.31271481481481483,0.9994673169345866
XGBoost,0.31208148148148146,0.999466236492818
XGBoost,0.31154814814814813,0.9994653232418046
XGBoost,0.31104444444444446,0.999464457852833
XGBoost,0.310337037037037,0.9994632377498927
XGBoost,0.3099925925925926,0.9994626416536307
XGBoost,0.3092814814814815,0.9994614068054243
XGBoost,0.30852962962962965,0.9994600950232759
XGBoost,0.3071407407407407,0.9994576548997867
XGBoost,0.3065962962962963,0.9994566923429841
XGBoost,0.30595555555555554,0.999455555152263
XGBoost,0.3054037037037037,0.9994545718995442
XGBoost,0.30475185185185183,0.9994655459326831
XGBoost,0.30396666666666666,0.9994641661085064
XGBoost,0.3035703703703704,0.9994634669788314
XGBoost,0.30312222222222224,0.9994626741729457
XGBoost,0.30112222222222224,0.9994836806195833
XGBoost,0.3005555555555556,0.9994827076559267
XGBoost,0.30014814814814816,0.9994943328276662
XGBoost,0.29937407407407407,0.9995177445282553
XGBoost,0.29874814814814815,0.999516734612954
XGBoost,0.2976925925925926,0.9995398811152287
XGBoost,0.29722592592592595,0.999539159027501
XGBoost,0.29682592592592594,0.9995385382888501
XGBoost,0.2962925925925926,0.9995377080313859
XGBoost,0.2958777777777778,0.9995370602071968
XGBoost,0.29536296296296294,0.9995362536817698
XGBoost,0.29485185185185186,0.9995354501738923
XGBoost,0.2943,0.9995345794862763
XGBoost,0.29360740740740743,0.9995712916729712
XGBoost,0.2930111111111111,0.9995704195989741
XGBoost,0.2926074074074074,0.9995698271717401
XGBoost,0.29234444444444446,0.9995694403991541
XGBoost,0.29164444444444443,0.9995937849091093
XGBoost,0.29106666666666664,0.9996056932802503
XGBoost,0.2905111111111111,0.9996049395302603
XGBoost,0.28995185185185185,0.9996041778390664
XGBoost,0.2886851851851852,0.9996152613016993
XGBoost,0.2880888888888889,0.9996144652633202
XGBoost,0.28776296296296294,0.9996140287677225
XGBoost,0.28726296296296294,0.9996133572192651
XGBoost,0.28664814814814815,0.9996254391403182
XGBoost,0.2857703703703704,0.9996242890642206
XGBoost,0.2854259259259259,0.9996238358367707
XGBoost,0.28374074074074074,0.9996216025783218
XGBoost,0.2833259259259259,0.9996210487801691
XGBoost,0.28285185185185185,0.9996204138797629
XGBoost,0.28217037037037035,0.9996850806980712
XGBoost,0.28172592592592594,0.9996845840452097
XGBoost,0.2801296296296296,0.9996827872427603
XGBoost,0.27934444444444445,0.9996818959004334
XGBoost,0.2781074074074074,0.9996937906060284
XGBoost,0.2776888888888889,0.9996933292443899
XGBoost,0.27585925925925925,0.9996912958861821
XGBoost,0.2741,0.9996893151425098
XGBoost,0.2734962962962963,0.999688629563946
XGBoost,0.27298518518518516,0.9997016059027778
XGBoost,0.27245555555555556,0.9997010260243256
XGBoost,0.2721296296296296,0.9997006680544784
XGBoost,0.2717,0.9997001948733323
XGBoost,0.27114074074074074,0.9996995766762256
XGBoost,0.2703814814814815,0.9996987333105101
XGBoost,0.2699814814814815,0.9996982870935447
XGBoost,0.2678888888888889,0.9997512025211478
XGBoost,0.26745555555555556,0.9997507995182124
XGBoost,0.26682962962962964,0.9997502150925592
XGBoost,0.26614074074074073,0.9997495687016529
XGBoost,0.2657703703703704,0.999763148728666
XGBoost,0.2646962962962963,0.9997621878715814
XGBoost,0.2638185185185185,0.9997613968111385
XGBoost,0.26335185185185184,0.9997609741008409
XGBoost,0.2629666666666667,0.9997747018319557
XGBoost,0.2623259259259259,0.9997741516571622
XGBoost,0.26065555555555553,0.9997727046723396
XGBoost,0.2597,0.9997718685392457
XGBoost,0.2591259259259259,0.999771363246642
XGBoost,0.25862962962962965,0.9997995532901895
XGBoost,0.2582814814814815,0.9997992831541218
XGBoost,0.2579148148148148,0.999798997860763
XGBoost,0.2574777777777778,0.9998130357245585
XGBoost,0.25696296296296295,0.9998126612194314
XGBoost,0.2566407407407407,0.9998124260525785
XGBoost,0.2557,0.9998117360829519
XGBoost,0.2543592592592593,0.9998107439219682
XGBoost,0.2540296296296296,0.9998104983892363
XGBoost,0.2525222222222222,0.9998093673930257
XGBoost,0.25163703703703705,0.9998086969317931
XGBoost,0.25125555555555557,0.9998084065318634
XGBoost,0.24977407407407407,0.9998072703552155
XGBoost,0.24910370370370372,0.9998216143897726
XGBoost,0.24811111111111112,0.9998209008686307
XGBoost,0.24726296296296296,0.9998202866428048
XGBoost,0.24602962962962963,0.9998193859121012
XGBoost,0.24525185185185186,0.9998188132266345
XGBoost,0.24344814814814814,0.9998174710615579
XGBoost,0.2414111111111111,0.9998159311582532
XGBoost,0.24094444444444443,0.9998155747152935
XGBoost,0.23926666666666666,0.9998607048335423
XGBoost,0.2386851851851852,0.9998758785471584
XGBoost,0.23708148148148148,0.9998750390502967
XGBoost,0.23562592592592593,0.9998742672136043
XGBoost,0.2348925925925926,0.9998896386453932
XGBoost,0.23432962962962964,0.9998893735381503
XGBoost,0.2338222222222222,0.9998891334991051
XGBoost,0.23170370370370372,0.9998881199354293
XGBoost,0.23098518518518518,0.9998877719526077
XGBoost,0.23027777777777778,0.999887427229745
XGBoost,0.22985925925925926,0.9998872222848765
XGBoost,0.22854444444444444,0.9998865735489516
XGBoost,0.2277925925925926,0.9998861992164003
XGBoost,0.22694074074074075,0.9998857720990193
XGBoost,0.22615555555555555,0.9998853755587942
XGBoost,0.22490740740740742,0.9998847395112955
XGBoost,0.2215888888888889,0.9998830135704259
XGBoost,0.22097407407407407,0.9998826881179822
XGBoost,0.21852222222222223,0.9998813720173536
XGBoost,0.2177851851851852,0.9998809705997381
XGBoost,0.21587777777777778,0.9998799190311182
XGBoost,0.21515555555555554,0.9998795159985542
XGBoost,0.2141,0.9998789220604006
XGBoost,0.21301481481481482,0.9998783053145808
XGBoost,0.2121185185185185,0.9998777911625553
XGBoost,0.20821111111111112,0.9998932821087455
XGBoost,0.20753703703703705,0.9998929355293446
XGBoost,0.20700740740740742,0.9999105497611679
XGBoost,0.20587407407407407,0.9999100573833895
XGBoost,0.20546296296296296,0.9999098774333093
XGBoost,0.20458148148148148,0.999927590014663
XGBoost,0.20364444444444443,0.9999272568560413
XGBoost,0.2025888888888889,0.9999268778677586
XGBoost,0.20146296296296295,0.9999264692365668
XGBoost,0.1986925925925926,0.9999254440737358
XGBoost,0.19802962962962964,0.9999251944943148
XGBoost,0.1922037037037037,0.9999229272240313
XGBoost,0.18534444444444445,0.9999200751293784
XGBoost,0.17882592592592592,0.99991716196906
XGBoost,0.17716296296296297,0.9999163844642335
XGBoost,0.1746037037037037,0.9999151589708783
XGBoost,0.1710074074074074,0.999913374913375
XGBoost,0.16903333333333334,0.9999123633415857
XGBoost,0.16512222222222223,0.9999102877520354
XGBoost,0.16295555555555555,0.9999318197313697
XGBoost,0.1595962962962963,0.9999303847403351
XGBoost,0.15697777777777777,0.9999292235827022
XGBoost,0.15486296296296295,0.9999282571264587
XGBoost,0.15255925925925926,0.999927173860271
XGBoost,0.15057777777777778,0.9999262155980225
XGBoost,0.14193703703703703,0.9999217241559255
XGBoost,0.13871111111111112,0.9999199038846616
XGBoost,0.13191481481481482,0.9999157776530039
XGBoost,0.12664814814814815,0.9999415153376027
XGBoost,0.12255925925925926,0.9999697812160039
XGBoost,0.11924814814814814,0.9999689421703212
XGBoost,0.11785555555555556,0.9999685751995475
XGBoost,0.11574814814814814,0.9999680030717051
XGBoost,0.11356296296296296,0.9999673874050158
XGBoost,0.1112962962962963,0.9999667232371635
XGBoost,0.10845555555555556,0.9999658516596094
XGBoost,0.10647777777777778,0.9999652173913044
XGBoost,0.10289259259259259,0.9999640054711684
XGBoost,0.0976074074074074,0.9999620565357618
XGBoost,0.09076666666666666,0.999959196996899
XGBoost,0.08674814814814814,0.9999573069205482
XGBoost,0.08461481481481481,1.0
XGBoost,0.0816037037037037,1.0
XGBoost,0.07899259259259259,1.0
XGBoost,0.07759259259259259,1.0
XGBoost,0.0764925925925926,1.0
XGBoost,0.07458888888888889,1.0
XGBoost,0.07314814814814814,1.0
XGBoost,0.07148518518518518,1.0
XGBoost,0.06982592592592593,1.0
XGBoost,0.06815185185185185,1.0
XGBoost,0.06707777777777778,1.0
XGBoost,0.06528148148148148,1.0
XGBoost,0.06357777777777777,1.0
XGBoost,0.06238888888888889,1.0
XGBoost,0.06118888888888889,1.0
XGBoost,0.06004074074074074,1.0
XGBoost,0.05785185185185185,1.0
XGBoost,0.05472222222222222,1.0
XGBoost,0.05056666666666667,1.0
XGBoost,0.04496296296296296,1.0
XGBoost,0.040766666666666666,1.0
XGBoost,0.035551851851851855,1.0
XGBoost,0.028255555555555555,1.0
XGBoost,0.024288888888888888,1.0
XGBoost,0.02058888888888889,1.0
XGBoost,0.01583703703703704,1.0
XGBoost,0.011781481481481481,1.0
XGBoost,0.009151851851851852,1.0
XGBoost,0.008088888888888889,1.0
XGBoost,0.0067777777777777775,1.0
XGBoost,0.005774074074074074,1.0
XGBoost,0.00482962962962963,1.0
XGBoost,0.0,1.0
Red Neuronal Densa,1.0,0.500055561729081
Red Neuronal Densa,1.0,0.5001630160941344
Red Neuronal Densa,1.0,0.5002695897233509
Red Neuronal Densa,1.0,0.5003780634256995
Red Neuronal Densa,1.0,0.500486584179063
Red Neuronal Densa,1.0,0.5005951520140611
Red Neuronal Densa,1.0,0.5007019098996185
Red Neuronal Densa,1.0,0.5008087133296731
Red Neuronal Densa,1.0,0.500915562333376
Red Neuronal Densa,1.0,0.5010233866583039
Red Neuronal Densa,1.0,0.5011303272937848
Red Neuronal Densa,1.0,0.5012373135907713
Red Neuronal Densa,1.0,0.5013443455785143
Red Neuronal Densa,1.0,0.5014523545973895
Red Neuronal Densa,1.0,0.5015594784524475
Red Neuronal Densa,1.0,0.5016666480864205
Red Neuronal Densa,1.0,0.5017757285504815
Red Neuronal Densa,1.0,0.5018867223079354
Red Neuronal Densa,1.0,0.5019958985075847
Red Neuronal Densa,1.0,0.5021041884787545
Red Neuronal Densa,1.0,0.5022134593207098
Red Neuronal Densa,1.0,0.5023255813953489
Red Neuronal Densa,1.0,0.5024368185700648
Red Neuronal Densa,1.0,0.5025481050213862
Red Neuronal Densa,1.0,0.5026641198351262
Red Neuronal Densa,1.0,0.5027801882260052
Red Neuronal Densa,1.0,0.5028935001946384
Red Neuronal Densa,1.0,0.5030059261550041
Red Neuronal Densa,1.0,0.5031184023940982
Red Neuronal Densa,1.0,0.5032281151684137
Red Neuronal Densa,1.0,0.5033397524686951
Red Neuronal Densa,1.0,0.5034486230680159
Red Neuronal Densa,1.0,0.5035612973977072
Red Neuronal Densa,1.0,0.5036787201337174
Red Neuronal Densa,1.0,0.5037896174557505
Red Neuronal Densa,1.0,0.5039052658100277
Red Neuronal Densa,1.0,0.5040200263957154
Red Neuronal Densa,1.0,0.504132015370425
Red Neuronal Densa,1.0,0.5042468792720917
Red Neuronal Densa,1.0,0.504360853378564
Red Neuronal Densa,1.0,0.5044720513141497
Red Neuronal Densa,1.0,0.5045861272454083
Red Neuronal Densa,1.0,0.5046983679550183
Red Neuronal Densa,1.0,0.5048182093537205
Red Neuronal Densa,1.0,0.504929609072276
Red Neuronal Densa,1.0,0.5050410579674903
Red Neuronal Densa,1.0,0.5051553914112358
Red Neuronal Densa,1.0,0.5052707221815719
Red Neuronal Densa,1.0,0.5053908355795148
Red Neuronal Densa,1.0,0.505504381037969
Red Neuronal Densa,1.0,0.5056189243800082
Red Neuronal Densa,1.0,0.5057373088032008
Red Neuronal Densa,1.0,0.5058500622944984
Red Neuronal Densa,1.0,0.5059647623652166
Red Neuronal Densa,1.0,0.5060852060047947
Red Neuronal Densa,1.0,0.5062009617818274
Red Neuronal Densa,1.0,0.5063177199950494
Red Neuronal Densa,1.0,0.5064326322680116
Red Neuronal Densa,1.0,0.5065513980818587
Red Neuronal Densa,1.0,0.5066654656818591
Red Neuronal Densa,1.0,0.5067805358734926
Red Neuronal Densa,1.0,0.5068966099881161
Red Neuronal Densa,1.0,0.507011785207274
Red Neuronal Densa,1.0,0.507130822847934
Red Neuronal Densa,1.0,0.5072451515817594
Red Neuronal Densa,1.0,0.5073623920445577
Red Neuronal Densa,1.0,0.5074768252249814
Red Neuronal Densa,1.0,0.5075932185546002
Red Neuronal Densa,1.0,0.5077115746956551
Red Neuronal Densa,1.0,0.5078261654610497
Red Neuronal Densa,1.0,0.5079474970416762
Red Neuronal Densa,1.0,0.5080612383145915
Red Neuronal Densa,1.0,0.5081769434474347
Red Neuronal Densa,1.0,0.5082888737448089
Red Neuronal Densa,1.0,0.5084065972346448
Red Neuronal Densa,1.0,0.50852724858507
Red Neuronal Densa,1.0,0.5086412496750348
Red Neuronal Densa,1.0,0.508758177816636
Red Neuronal Densa,1.0,0.5088742006434431
Red Neuronal Densa,1.0,0.5089902764005716
Red Neuronal Densa,1.0,0.5091054451655724
Red Neuronal Densa,1.0,0.5092293097302405
Red Neuronal Densa,1.0,0.5093503519233635
Red Neuronal Densa,1.0,0.5094666450300586
Red Neuronal Densa,1.0,0.5095868383156457
Red Neuronal Densa,1.0,0.5097003528259109
Red Neuronal Densa,1.0,0.5098187311178247
Red Neuronal Densa,1.0,0.5099333120546347
Red Neuronal Densa,1.0,0.5100517985937683
Red Neuronal Densa,1.0,0.5101674482935844
Red Neuronal Densa,1.0,0.5102850792642823
Red Neuronal Densa,1.0,0.5104027644926029
Red Neuronal Densa,1.0,0.5105195387172345
Red Neuronal Densa,1.0,0.510637332127977
Red Neuronal Densa,1.0,0.5107503490127385
Red Neuronal Densa,1.0,0.5108721154646666
Red Neuronal Densa,1.0,0.5109900716521634
Red Neuronal Densa,1.0,0.5111080823224752
Red Neuronal Densa,1.0,0.5112242115786604
Red Neuronal Densa,1.0,0.5113384568184143
Red Neuronal Densa,1.0,0.5114624416080379
Red Neuronal Densa,1.0,0.5115797012753492
Red Neuronal Densa,1.0,0.5117028333175401
Red Neuronal Densa,1.0,0.5118211734732564
Red Neuronal Densa,1.0,0.5119376270363741
Red Neuronal Densa,1.0,0.5120580180699585
Red Neuronal Densa,1.0,0.5121823520931186
Red Neuronal Densa,1.0,0.5122989700893298
Red Neuronal Densa,1.0,0.5124146687239167
Red Neuronal Densa,1.0,0.512533338395391
Red Neuronal Densa,1.0,0.5126481695612302
Red Neuronal Densa,1.0,0.5127766857533544
Red Neuronal Densa,1.0,0.5128994204236549
Red Neuronal Densa,1.0,0.5130290374435194
Red Neuronal Densa,1.0,0.5131518929603163
Red Neuronal Densa,1.0,0.5132796861009564
Red Neuronal Densa,1.0,0.5134065666601382
Red Neuronal Densa,1.0,0.5135344866937509
Red Neuronal Densa,1.0,0.5136693111123795
Red Neuronal Densa,1.0,0.5138061618679709
Red Neuronal Densa,1.0,0.513947977043657
Red Neuronal Densa,1.0,0.5140781246430013
Red Neuronal Densa,1.0,0.5142093174728326
Red Neuronal Densa,1.0,0.5143493956394601
Red Neuronal Densa,1.0,0.5144934716495042
Red Neuronal Densa,1.0,0.5146386093321135
Red Neuronal Densa,1.0,0.5147828474355235
Red Neuronal Densa,1.0,0.5149163642327651
Red Neuronal Densa,1.0,0.5150479853039641
Red Neuronal Densa,1.0,0.5151924530029995
Red Neuronal Densa,1.0,0.515333067396022
Red Neuronal Densa,1.0,0.5154855683132931
Red Neuronal Densa,1.0,0.5156253580731653
Red Neuronal Densa,1.0,0.5157701498980877
Red Neuronal Densa,1.0,0.5159051651660832
Red Neuronal Densa,1.0,0.5160511005267544
Red Neuronal Densa,1.0,0.5162000791506788
Red Neuronal Densa,1.0,0.5163471688875969
Red Neuronal Densa,1.0,0.5165022467847735
Red Neuronal Densa,1.0,0.5166514860427558
Red Neuronal Densa,1.0,0.5168008115686819
Red Neuronal Densa,1.0,0.516951213207912
Red Neuronal Densa,1.0,0.5171007120668324
Red Neuronal Densa,1.0,0.5172552520565685
Red Neuronal Densa,1.0,0.5174138505938761
Red Neuronal Densa,1.0,0.5175616329644589
Red Neuronal Densa,1.0,0.5177104924577252
Red Neuronal Densa,1.0,0.5178614241189163
Red Neuronal Densa,1.0,0.5180154253482214
Red Neuronal Densa,1.0,0.5181506244674563
Red Neuronal Densa,1.0,0.5182948483411686
Red Neuronal Densa,1.0,0.5184540851301608
Red Neuronal Densa,1.0,0.5185984780095038
Red Neuronal Densa,1.0,0.5187469379521024
Red Neuronal Densa,1.0,0.5188894995983411
Red Neuronal Densa,1.0,0.5190251554191994
Red Neuronal Densa,1.0,0.5191758563998039
Red Neuronal Densa,1.0,0.5193206516512473
Red Neuronal Densa,1.0,0.5194615300258384
Red Neuronal Densa,1.0,0.5196014849055769
Red Neuronal Densa,1.0,0.5197615257118327
Red Neuronal Densa,1.0,0.5199126546740148
Red Neuronal Densa,1.0,0.5200648732775259
Red Neuronal Densa,1.0,0.5202091626173843
Red Neuronal Densa,1.0,0.5203545348897716
Red Neuronal Densa,1.0,0.5205009918435567
Red Neuronal Densa,1.0,0.5206415074692773
Red Neuronal Densa,1.0,0.5208031942595914
Red Neuronal Densa,1.0,0.5209549296807318
Red Neuronal Densa,1.0,0.5211308926393157
Red Neuronal Densa,1.0,0.5212888577402707
Red Neuronal Densa,1.0,0.5214539681681322
Red Neuronal Densa,1.0,0.5216201909516284
Red Neuronal Densa,1.0,0.5217915616641672
Red Neuronal Densa,1.0,0.5219559817122089
Red Neuronal Densa,1.0,0.5221225247524752
Red Neuronal Densa,1.0,0.5223023085762039
Red Neuronal Densa,1.0,0.5224822162534541
Red Neuronal Densa,1.0,0.522646060216569
Red Neuronal Densa,1.0,0.522823167650026
Red Neuronal Densa,1.0,0.5229973559578115
Red Neuronal Densa,1.0,0.523184839265991
Red Neuronal Densa,1.0,0.5233734715556211
Red Neuronal Densa,1.0,0.5235561484882801
Red Neuronal Densa,1.0,0.5237521604776619
Red Neuronal Densa,1.0,0.523933068520743
Red Neuronal Densa,1.0,0.5241181711769947
Red Neuronal Densa,1.0,0.5242962778847946
Red Neuronal Densa,1.0,0.5244887691414118
Red Neuronal Densa,1.0,0.5246783430269276
Red Neuronal Densa,1.0,0.524853769907995
Red Neuronal Densa,1.0,0.5250436077885358
Red Neuronal Densa,1.0,0.5252366482898684
Red Neuronal Densa,1.0,0.5254339208462989
Red Neuronal Densa,1.0,0.525610876641074
Red Neuronal Densa,1.0,0.5258033106134372
Red Neuronal Densa,1.0,0.5259948608353967
Red Neuronal Densa,1.0,0.5261896270484855
Red Neuronal Densa,1.0,0.5263578570607007
Red Neuronal Densa,1.0,0.5265282482405181
Red Neuronal Densa,1.0,0.5266956674404542
Red Neuronal Densa,1.0,0.5268786149727194
Red Neuronal Densa,1.0,0.527048314714213
Red Neuronal Densa,1.0,0.5272222417489719
Red Neuronal Densa,1.0,0.5274158576367863
Red Neuronal Densa,1.0,0.5275889964475674
Red Neuronal Densa,1.0,0.5277632805765521
Red Neuronal Densa,1.0,0.5279335507637438
Red Neuronal Densa,1.0,0.5281070296913508
Red Neuronal Densa,1.0,0.5282661522267397
Red Neuronal Densa,1.0,0.5284315759395317
Red Neuronal Densa,1.0,0.5285815806938514
Red Neuronal Densa,1.0,0.5287378830901792
Red Neuronal Densa,1.0,0.5288942779515728
Red Neuronal Densa,1.0,0.5290476554371403
Red Neuronal Densa,1.0,0.5292094199276747
Red Neuronal Densa,1.0,0.5293702454709435
Red Neuronal Densa,1.0,0.5295290917399346
Red Neuronal Densa,1.0,0.529673485722357
Red Neuronal Densa,1.0,0.5298231568041067
Red Neuronal Densa,1.0,0.5299749930318103
Red Neuronal Densa,1.0,0.5301113037400335
Red Neuronal Densa,1.0,0.5302487259301446
Red Neuronal Densa,1.0,0.5303893450673791
Red Neuronal Densa,1.0,0.5305258690308471
Red Neuronal Densa,1.0,0.5306624632958463
Red Neuronal Densa,1.0,0.5307897364923841
Red Neuronal Densa,1.0,0.530916026781764
Red Neuronal Densa,1.0,0.5310434216504436
Red Neuronal Densa,1.0,0.5311771475787175
Red Neuronal Densa,1.0,0.5313036223100295
Red Neuronal Densa,1.0,0.531425973346035
Red Neuronal Densa,1.0,0.5315494272062746
Red Neuronal Densa,1.0,0.5316718914916744
Red Neuronal Densa,1.0,0.5317944122194538
Red Neuronal Densa,0.9999962962962963,0.5319139714617247
Red Neuronal Densa,0.9999962962962963,0.5320355558708371
Red Neuronal Densa,0.9999962962962963,0.5321571958759636
Red Neuronal Densa,0.9999962962962963,0.5322778421770639
Red Neuronal Densa,0.9999962962962963,0.5323995930085815
Red Neuronal Densa,0.9999962962962963,0.5325203492557508
Red Neuronal Densa,0.9999962962962963,0.532645363403577
Red Neuronal Densa,0.9999962962962963,0.5327683337115344
Red Neuronal Densa,0.9999962962962963,0.5328903090577872
Red Neuronal Densa,0.9999962962962963,0.5330112880364186
Red Neuronal Densa,0.9999962962962963,0.5331333746677777
Red Neuronal Densa,0.9999962962962963,0.5332544640476534
Red Neuronal Densa,0.9999962962962963,0.5333756084455402
Red Neuronal Densa,0.9999962962962963,0.5334968078989435
Red Neuronal Densa,0.9999962962962963,0.5336191170744915
Red Neuronal Densa,0.9999962962962963,0.5337404272311421
Red Neuronal Densa,0.9999962962962963,0.5338617925563572
Red Neuronal Densa,0.9999962962962963,0.5339832130877793
Red Neuronal Densa,0.9999962962962963,0.5341057454165644
Red Neuronal Densa,0.9999962962962963,0.5342272769543392
Red Neuronal Densa,0.9999962962962963,0.5343488638117818
Red Neuronal Densa,0.9999962962962963,0.5344726220334185
Red Neuronal Densa,0.9999962962962963,0.5345943206073014
Red Neuronal Densa,0.9999962962962963,0.5347181925665975
Red Neuronal Densa,0.9999925925925925,0.534986387467752
Red Neuronal Densa,0.9999925925925925,0.5351083205996429
Red Neuronal Densa,0.9999888888888889,0.5352283269766004
Red Neuronal Densa,0.9999888888888889,0.535352493878077
Red Neuronal Densa,0.9999888888888889,0.5354745944230693
Red Neuronal Densa,0.9999888888888889,0.5355967506769423
Red Neuronal Densa,0.9999851851851852,0.5357669418962065
Red Neuronal Densa,0.9999851851851852,0.5358913593184949
Red Neuronal Densa,0.9999814814814815,0.5360117210066884
Red Neuronal Densa,0.9999777777777777,0.5361321376659068
Red Neuronal Densa,0.9999777777777777,0.5362727027155865
Red Neuronal Densa,0.9999777777777777,0.5364570397642716
Red Neuronal Densa,0.9999777777777777,0.5365807124757788
Red Neuronal Densa,0.9999777777777777,0.5374148576615166
Red Neuronal Densa,0.9999777777777777,0.5375453937308868
Red Neuronal Densa,0.9999777777777777,0.5376867009200621
Red Neuronal Densa,0.9999518518518519,0.5384104560356724
Red Neuronal Densa,0.9999481481481481,0.53855237593703
Red Neuronal Densa,0.9999481481481481,0.5386899179951715
Red Neuronal Densa,0.9999481481481481,0.5388286056987074
Red Neuronal Densa,0.9999333333333333,0.5389550760975454
Red Neuronal Densa,0.9999259259259259,0.5390909853316453
Red Neuronal Densa,0.9999222222222223,0.539224654469921
Red Neuronal Densa,0.9999222222222223,0.5393593111646073
Red Neuronal Densa,0.9999222222222223,0.5394908009663631
Red Neuronal Densa,0.9999222222222223,0.5396180406344003
Red Neuronal Densa,0.9999222222222223,0.5397474984755946
Red Neuronal Densa,0.9999222222222223,0.5398813368501673
Red Neuronal Densa,0.9999222222222223,0.5400055204858027
Red Neuronal Densa,0.9999222222222223,0.540129761264082
Red Neuronal Densa,0.9999222222222223,0.5402562214342317
Red Neuronal Densa,0.9999222222222223,0.5403816592208291
Red Neuronal Densa,0.9999222222222223,0.5405071552697541
Red Neuronal Densa,0.9999222222222223,0.540631627007251
Red Neuronal Densa,0.9999185185185185,0.5407563193526419
Red Neuronal Densa,0.9999185185185185,0.5408819899668232
Red Neuronal Densa,0.9999185185185185,0.5410098872603832
Red Neuronal Densa,0.9999185185185185,0.5411345911395018
Red Neuronal Densa,0.9999148148148148,0.5412595179573131
Red Neuronal Densa,0.9999148148148148,0.5413908513194017
Red Neuronal Densa,0.9999148148148148,0.5415189898807554
Red Neuronal Densa,0.9999148148148148,0.541643929058663
Red Neuronal Densa,0.9999148148148148,0.5417700130838571
Red Neuronal Densa,0.9999111111111111,0.5418952363174343
Red Neuronal Densa,0.9999111111111111,0.5420203496542807
Red Neuronal Densa,0.9999111111111111,0.542145520777064
Red Neuronal Densa,0.9999111111111111,0.542275106556488
Red Neuronal Densa,0.9999111111111111,0.542402574833096
Red Neuronal Densa,0.9999111111111111,0.5425311932929145
Red Neuronal Densa,0.9999111111111111,0.5426587820046391
Red Neuronal Densa,0.9999111111111111,0.5427853394720441
Red Neuronal Densa,0.9999111111111111,0.5429174149202947
Red Neuronal Densa,0.9999111111111111,0.5430484623322183
Red Neuronal Densa,0.9999111111111111,0.5431762944840574
Red Neuronal Densa,0.9999111111111111,0.5433063735502995
Red Neuronal Densa,0.9999111111111111,0.5434321394208511
Red Neuronal Densa,0.9999111111111111,0.543563435465231
Red Neuronal Densa,0.9999111111111111,0.5436947949685635
Red Neuronal Densa,0.9999111111111111,0.5438218361863018
Red Neuronal Densa,0.9999111111111111,0.5439500327406437
Red Neuronal Densa,0.9999111111111111,0.5440793862238945
Red Neuronal Densa,0.9999111111111111,0.5442077042472132
Red Neuronal Densa,0.9999111111111111,0.5443470581474827
Red Neuronal Densa,0.9999111111111111,0.544477698631021
Red Neuronal Densa,0.9999111111111111,0.5446062046247229
Red Neuronal Densa,0.9999111111111111,0.5447347712919433
Red Neuronal Densa,0.9999074074074074,0.5448602808510294
Red Neuronal Densa,0.9999074074074074,0.5449889679981106
Red Neuronal Densa,0.9999074074074074,0.5451166152796202
Red Neuronal Densa,0.9999074074074074,0.5452443223702148
Red Neuronal Densa,0.9999037037037037,0.5453700692282675
Red Neuronal Densa,0.9999037037037037,0.5454978955897299
Red Neuronal Densa,0.9999037037037037,0.5456279873482958
Red Neuronal Densa,0.9999037037037037,0.5457548314061615
Red Neuronal Densa,0.9999037037037037,0.5458828382170963
Red Neuronal Densa,0.9999,0.5460088826327542
Red Neuronal Densa,0.9999,0.5461414283633539
Red Neuronal Densa,0.9999,0.546272933111295
Red Neuronal Densa,0.9999,0.5464011835828477
Red Neuronal Densa,0.9998962962962963,0.5465274699024448
Red Neuronal Densa,0.9998888888888889,0.546654004483061
Red Neuronal Densa,0.9998888888888889,0.5467835428219596
Red Neuronal Densa,0.9998851851851852,0.5685149736663108
Red Neuronal Densa,0.9998851851851852,0.5686598728583284
Red Neuronal Densa,0.9998666666666667,0.568793112893099
Red Neuronal Densa,0.999862962962963,0.5689300541611346
Red Neuronal Densa,0.9998592592592592,0.5690718607053269
Red Neuronal Densa,0.9998592592592592,0.569212246954813
Red Neuronal Densa,0.9998592592592592,0.5693551040379287
Red Neuronal Densa,0.9998592592592592,0.569496831464277
Red Neuronal Densa,0.9998592592592592,0.570069262606639
Red Neuronal Densa,0.9998518518518519,0.5702059170797752
Red Neuronal Densa,0.9998518518518519,0.570348069508266
Red Neuronal Densa,0.9998518518518519,0.5704914984171798
Red Neuronal Densa,0.9998518518518519,0.5706301747443938
Red Neuronal Densa,0.9998407407407407,0.5707674027215142
Red Neuronal Densa,0.9998407407407407,0.5709158737778868
Red Neuronal Densa,0.9998407407407407,0.5710547580669044
Red Neuronal Densa,0.9998407407407407,0.5712033786771785
Red Neuronal Densa,0.9998333333333334,0.5713393792526905
Red Neuronal Densa,0.9998333333333334,0.5714808903039515
Red Neuronal Densa,0.9998333333333334,0.5716224714723426
Red Neuronal Densa,0.9998333333333334,0.5717629118173443
Red Neuronal Densa,0.9998222222222222,0.5718994888004287
Red Neuronal Densa,0.9998185185185186,0.5720367356625812
Red Neuronal Densa,0.9998148148148148,0.5721801132702546
Red Neuronal Densa,0.9998037037037037,0.5723132567413718
Red Neuronal Densa,0.9998,0.5724543482363819
Red Neuronal Densa,0.9998,0.5725939878331254
Red Neuronal Densa,0.9998,0.5727349107203477
Red Neuronal Densa,0.9998,0.572875902990586
Red Neuronal Densa,0.9997962962962963,0.5730136256439756
Red Neuronal Densa,0.9997962962962963,0.5732326503396564
Red Neuronal Densa,0.9997925925925926,0.5733742000301615
Red Neuronal Densa,0.9997888888888888,0.5735146022155085
Red Neuronal Densa,0.9997888888888888,0.5736547611710978
Red Neuronal Densa,0.9997851851851852,0.5737940826993672
Red Neuronal Densa,0.9997814814814815,0.573934693218011
Red Neuronal Densa,0.9997814814814815,0.5740762795129067
Red Neuronal Densa,0.9997814814814815,0.5742167142094392
Red Neuronal Densa,0.999774074074074,0.5745913625788379
Red Neuronal Densa,0.999774074074074,0.5747467349137472
Red Neuronal Densa,0.999774074074074,0.5748887232456608
Red Neuronal Densa,0.999774074074074,0.5750295568076518
Red Neuronal Densa,0.9997703703703704,0.5751695541838281
Red Neuronal Densa,0.9997703703703704,0.5753154305200341
Red Neuronal Densa,0.9997666666666667,0.57545434196361
Red Neuronal Densa,0.9997592592592592,0.5755911892018679
Red Neuronal Densa,0.9997592592592592,0.5757335972392259
Red Neuronal Densa,0.9997592592592592,0.5758760757608729
Red Neuronal Densa,0.9997555555555555,0.5760189492552601
Red Neuronal Densa,0.9997518518518519,0.5761594351382272
Red Neuronal Densa,0.9997481481481482,0.5763061426225973
Red Neuronal Densa,0.9997481481481482,0.5764538304328978
Red Neuronal Densa,0.9997481481481482,0.576595435631467
Red Neuronal Densa,0.9997481481481482,0.5767371104174278
Red Neuronal Densa,0.9997481481481482,0.5768813205789073
Red Neuronal Densa,0.9997481481481482,0.5770293033715551
Red Neuronal Densa,0.9997481481481482,0.5771724255901471
Red Neuronal Densa,0.9997481481481482,0.5773156188243749
Red Neuronal Densa,0.9997481481481482,0.5774601184733242
Red Neuronal Densa,0.9997481481481482,0.577605926445823
Red Neuronal Densa,0.9997481481481482,0.5777530446694206
Red Neuronal Densa,0.9997481481481482,0.5779014750904536
Red Neuronal Densa,0.9997444444444444,0.5780428888974547
Red Neuronal Densa,0.9997444444444444,0.5781914688532175
Red Neuronal Densa,0.9997444444444444,0.5783351687670599
Red Neuronal Densa,0.9997407407407407,0.5784792764990785
Red Neuronal Densa,0.9997407407407407,0.5786305621889054
Red Neuronal Densa,0.9997407407407407,0.578773240019469
Red Neuronal Densa,0.9997407407407407,0.578918471430471
Red Neuronal Densa,0.9997370370370371,0.5790628727356977
Red Neuronal Densa,0.9997370370370371,0.5792070072441378
Red Neuronal Densa,0.9997370370370371,0.5793499700590449
Red Neuronal Densa,0.9997370370370371,0.5794942475434789
Red Neuronal Densa,0.9997370370370371,0.5796385969056337
Red Neuronal Densa,0.9997370370370371,0.5797830181992357
Red Neuronal Densa,0.9997370370370371,0.5799312493286067
Red Neuronal Densa,0.9997333333333334,0.580074914093778
Red Neuronal Densa,0.9997333333333334,0.5802183062564217
Red Neuronal Densa,0.9997333333333334,0.5803630171446263
Red Neuronal Densa,0.9997333333333334,0.5805115455833869
Red Neuronal Densa,0.9997333333333334,0.580657651882478
Red Neuronal Densa,0.9997333333333334,0.580803831745738
Red Neuronal Densa,0.9997333333333334,0.5809475845504203
Red Neuronal Densa,0.9997333333333334,0.5810926594878992
Red Neuronal Densa,0.9997296296296296,0.5812381567614125
Red Neuronal Densa,0.9997296296296296,0.5813833774155474
Red Neuronal Densa,0.9997296296296296,0.5815286706537288
Red Neuronal Densa,0.9997259259259259,0.5816706281394582
Red Neuronal Densa,0.9997259259259259,0.5818160655433819
Red Neuronal Densa,0.9997259259259259,0.5819628304083481
Red Neuronal Densa,0.9997259259259259,0.582107158646122
Red Neuronal Densa,0.9997259259259259,0.5822515584891822
Red Neuronal Densa,0.9997259259259259,0.5823997997721545
Red Neuronal Densa,0.9997185185185186,0.582545057440008
Red Neuronal Densa,0.9997185185185186,0.5826947072106107
Red Neuronal Densa,0.9997111111111111,0.5828413738302016
Red Neuronal Densa,0.9997111111111111,0.582989917839463
Red Neuronal Densa,0.9997111111111111,0.5831372777766975
Red Neuronal Densa,0.9997111111111111,0.5832847122278839
Red Neuronal Densa,0.9997111111111111,0.5834309601725726
Red Neuronal Densa,0.9997074074074074,0.583576381156641
Red Neuronal Densa,0.9997037037037036,0.5837244004238663
Red Neuronal Densa,0.9997037037037036,0.5838733960354062
Red Neuronal Densa,0.9997037037037036,0.5840186768272762
Red Neuronal Densa,0.9997037037037036,0.5841728798519656
Red Neuronal Densa,0.9997037037037036,0.5843233694710955
Red Neuronal Densa,0.9997037037037036,0.5844714054640454
Red Neuronal Densa,0.9997037037037036,0.5846233151901997
Red Neuronal Densa,0.9997037037037036,0.5847753039024739
Red Neuronal Densa,0.9997,0.584922669521368
Red Neuronal Densa,0.9996962962962963,0.5850688423389054
Red Neuronal Densa,0.9996962962962963,0.5852172574458997
Red Neuronal Densa,0.9996962962962963,0.5853695563068876
Red Neuronal Densa,0.9996962962962963,0.5855232046092506
Red Neuronal Densa,0.9996962962962963,0.5856705795560571
Red Neuronal Densa,0.9996962962962963,0.5858218430345241
Red Neuronal Densa,0.9996962962962963,0.5859757288930378
Red Neuronal Densa,0.9996962962962963,0.5861284228355519
Red Neuronal Densa,0.9996925925925926,0.5862764774366193
Red Neuronal Densa,0.9996888888888888,0.5864271561163834
Red Neuronal Densa,0.9996814814814815,0.586573190714413
Red Neuronal Densa,0.9996814814814815,0.5867287493043962
Red Neuronal Densa,0.9996814814814815,0.5868767340122979
Red Neuronal Densa,0.9996703703703703,0.5870220988827678
Red Neuronal Densa,0.999662962962963,0.5871709918051153
Red Neuronal Densa,0.9996592592592592,0.5873272506109197
Red Neuronal Densa,0.9996592592592592,0.5874780980987517
Red Neuronal Densa,0.9996592592592592,0.5876264643962039
Red Neuronal Densa,0.9996555555555555,0.5877778479482751
Red Neuronal Densa,0.9996555555555555,0.5879302082425721
Red Neuronal Densa,0.9996407407407407,0.5880700882857914
Red Neuronal Densa,0.9996296296296296,0.5882135003606866
Red Neuronal Densa,0.9996259259259259,0.5883703237029755
Red Neuronal Densa,0.9996222222222222,0.5885195320591795
Red Neuronal Densa,0.9996185185185186,0.5886688172183726
Red Neuronal Densa,0.9996148148148148,0.5888194638369171
Red Neuronal Densa,0.9996074074074074,0.5889641507292931
Red Neuronal Densa,0.9996074074074074,0.5891158482016179
Red Neuronal Densa,0.9996037037037037,0.5892718733829537
Red Neuronal Densa,0.9996,0.5894176843650086
Red Neuronal Densa,0.9995851851851851,0.5895621667318367
Red Neuronal Densa,0.9995851851851851,0.589718041498418
Red Neuronal Densa,0.9995814814814815,0.5898692346192767
Red Neuronal Densa,0.9995814814814815,0.590020112806611
Red Neuronal Densa,0.9995777777777778,0.5901701720088695
Red Neuronal Densa,0.9995740740740741,0.5903203086722195
Red Neuronal Densa,0.9995740740740741,0.5904701269832935
Red Neuronal Densa,0.9995740740740741,0.5906213138826701
Red Neuronal Densa,0.9995703703703703,0.5907729756234239
Red Neuronal Densa,0.9995703703703703,0.5909256120898417
Red Neuronal Densa,0.9995666666666667,0.5910735482853626
Red Neuronal Densa,0.9995666666666667,0.5912250455112041
Red Neuronal Densa,0.9995592592592593,0.5913761254796094
Red Neuronal Densa,0.9995555555555555,0.5915268837001335
Red Neuronal Densa,0.9995518518518518,0.5916777199232667
Red Neuronal Densa,0.9995444444444445,0.5918238455819951
Red Neuronal Densa,0.9995444444444445,0.5919757310942065
Red Neuronal Densa,0.9995407407407407,0.5921306972141711
Red Neuronal Densa,0.9995333333333334,0.5922770517167594
Red Neuronal Densa,0.9995333333333334,0.5924291716607616
Red Neuronal Densa,0.9995296296296297,0.592580475165781
Red Neuronal Densa,0.9995259259259259,0.5927344607950802
Red Neuronal Densa,0.9995259259259259,0.5928868169505451
Red Neuronal Densa,0.9995185185185185,0.5930348564823564
Red Neuronal Densa,0.9995185185185185,0.5931886721119777
Red Neuronal Densa,0.9995111111111111,0.5933368657809164
Red Neuronal Densa,0.9995111111111111,0.5934895340807629
Red Neuronal Densa,0.9995111111111111,0.593644892706695
Red Neuronal Densa,0.9995074074074074,0.593800745477189
Red Neuronal Densa,0.9995074074074074,0.5939523459474687
Red Neuronal Densa,0.9995,0.5941009288021116
Red Neuronal Densa,0.9994925925925926,0.5942522053545083
Red Neuronal Densa,0.9994925925925926,0.5944040387131447
Red Neuronal Densa,0.9994925925925926,0.5945559496794377
Red Neuronal Densa,0.9994851851851851,0.5947074625747348
Red Neuronal Densa,0.9994851851851851,0.5948608410815291
Red Neuronal Densa,0.9994851851851851,0.5950182345755776
Red Neuronal Densa,0.9994777777777778,0.595168675123948
Red Neuronal Densa,0.9994777777777778,0.5953249194236891
Red Neuronal Densa,0.9994740740740741,0.5954816671668403
Red Neuronal Densa,0.999462962962963,0.595626196030998
Red Neuronal Densa,0.9994592592592593,0.5957765291591695
Red Neuronal Densa,0.9994592592592593,0.595931779686282
Red Neuronal Densa,0.9994592592592593,0.5960857944379404
Red Neuronal Densa,0.9994518518518518,0.5962328350953944
Red Neuronal Densa,0.9994407407407407,0.596380376504493
Red Neuronal Densa,0.999437037037037,0.5965337341940048
Red Neuronal Densa,0.9994296296296297,0.5966836413167257
Red Neuronal Densa,0.9994296296296297,0.5968380495702525
Red Neuronal Densa,0.9994222222222222,0.5969854715925055
Red Neuronal Densa,0.9994222222222222,0.5971413586844674
Red Neuronal Densa,0.9994222222222222,0.597294682996257
Red Neuronal Densa,0.9994222222222222,0.5974494088473631
Red Neuronal Densa,0.9994185185185185,0.597600676788973
Red Neuronal Densa,0.9994185185185185,0.5977555618073354
Red Neuronal Densa,0.9994074074074074,0.5979131536905361
Red Neuronal Densa,0.9994,0.5980637697091665
Red Neuronal Densa,0.9993925925925926,0.5982157900804314
Red Neuronal Densa,0.9993925925925926,0.5983709981794031
Red Neuronal Densa,0.9993888888888889,0.5985227411358923
Red Neuronal Densa,0.9993888888888889,0.5986754526091587
Red Neuronal Densa,0.9993814814814814,0.5988264614305719
Red Neuronal Densa,0.9993777777777778,0.5989784388894686
Red Neuronal Densa,0.9993740740740741,0.5991291643352606
Red Neuronal Densa,0.9993740740740741,0.5992835187093565
Red Neuronal Densa,0.9993740740740741,0.5994432793644587
Red Neuronal Densa,0.9993666666666666,0.5995946837800181
Red Neuronal Densa,0.9993666666666666,0.5997519454279941
Red Neuronal Densa,0.9993666666666666,0.5999066220527586
Red Neuronal Densa,0.9993666666666666,0.6000653818612036
Red Neuronal Densa,0.9993592592592593,0.6002184416347086
Red Neuronal Densa,0.9993518518518518,0.600367574254672
Red Neuronal Densa,0.9993518518518518,0.6005252439825067
Red Neuronal Densa,0.9993518518518518,0.6006789848619768
Red Neuronal Densa,0.9993444444444445,0.6008296888778046
Red Neuronal Densa,0.9993444444444445,0.6009969729975343
Red Neuronal Densa,0.999337037037037,0.6011505187805927
Red Neuronal Densa,0.9993296296296297,0.6013028052878829
Red Neuronal Densa,0.9993296296296297,0.6014582887509808
Red Neuronal Densa,0.9993296296296297,0.6016125112320594
Red Neuronal Densa,0.9993185185185185,0.6017614641250555
Red Neuronal Densa,0.9993148148148148,0.6019162985767189
Red Neuronal Densa,0.9993148148148148,0.6020734453065205
Red Neuronal Densa,0.9993111111111111,0.6022284420993425
Red Neuronal Densa,0.9993111111111111,0.6023844075818803
Red Neuronal Densa,0.9993074074074074,0.6025368751325941
Red Neuronal Densa,0.9993,0.602689879779663
Red Neuronal Densa,0.9993,0.6028460861288492
Red Neuronal Densa,0.9992962962962963,0.6030001385642066
Red Neuronal Densa,0.9992962962962963,0.6031565063823129
Red Neuronal Densa,0.9992962962962963,0.60331295531893
Red Neuronal Densa,0.9992962962962963,0.6034735347073888
Red Neuronal Densa,0.9992925925925926,0.6036292613954154
Red Neuronal Densa,0.9992888888888889,0.6037837184634183
Red Neuronal Densa,0.9992851851851852,0.6039382557426367
Red Neuronal Densa,0.9992814814814814,0.6040955784232068
Red Neuronal Densa,0.9992814814814814,0.6042552238471702
Red Neuronal Densa,0.9992777777777778,0.6044100055108268
Red Neuronal Densa,0.9992666666666666,0.6045617408022371
Red Neuronal Densa,0.9992666666666666,0.6047229905100884
Red Neuronal Densa,0.9992666666666666,0.6048856823858056
Red Neuronal Densa,0.9992592592592593,0.6050412630068174
Red Neuronal Densa,0.9992592592592593,0.6051986971853102
Red Neuronal Densa,0.9992518518518518,0.6053530841150853
Red Neuronal Densa,0.9992518518518518,0.6055093228479348
Red Neuronal Densa,0.9992481481481481,0.6056688359939207
Red Neuronal Densa,0.9992481481481481,0.6058279591140173
Red Neuronal Densa,0.9992407407407408,0.6059826736954174
Red Neuronal Densa,0.999237037037037,0.606136992702829
Red Neuronal Densa,0.9992333333333333,0.6062995665002933
Red Neuronal Densa,0.9992296296296296,0.6064554125165499
Red Neuronal Densa,0.999225925925926,0.6066127037661607
Red Neuronal Densa,0.999225925925926,0.606772326840338
Red Neuronal Densa,0.9992185185185185,0.6069275346669186
Red Neuronal Densa,0.9992185185185185,0.6070859585958596
Red Neuronal Densa,0.9992185185185185,0.6072458320484916
Red Neuronal Densa,0.9992185185185185,0.6074030547000234
Red Neuronal Densa,0.9992037037037037,0.6075513508522631
Red Neuronal Densa,0.9992,0.6077078504382378
Red Neuronal Densa,0.9992,0.6078680546167365
Red Neuronal Densa,0.9991925925925926,0.6080252061068014
Red Neuronal Densa,0.9991925925925926,0.6081828367377764
Red Neuronal Densa,0.9991888888888889,0.6083410377252125
Red Neuronal Densa,0.9991851851851852,0.6085006947075913
Red Neuronal Densa,0.9991851851851852,0.608661319616005
Red Neuronal Densa,0.9991851851851852,0.6088192814587471
Red Neuronal Densa,0.9991851851851852,0.6089814492936827
Red Neuronal Densa,0.9991740740740741,0.6091383051505702
Red Neuronal Densa,0.9991703703703704,0.6092942579409533
Red Neuronal Densa,0.9991703703703704,0.6094525508694169
Red Neuronal Densa,0.9991703703703704,0.6096123036039924
Red Neuronal Densa,0.9991666666666666,0.6097698798203521
Red Neuronal Densa,0.9991629629629629,0.6101482545318844
Red Neuronal Densa,0.9991592592592593,0.6103088725349356
Red Neuronal Densa,0.9991592592592593,0.6104676949256865
Red Neuronal Densa,0.9991592592592593,0.6106279821456057
Red Neuronal Densa,0.9991592592592593,0.6107883535591379
Red Neuronal Densa,0.9991555555555556,0.6109479281552123
Red Neuronal Densa,0.9991518518518518,0.6111075873379757
Red Neuronal Densa,0.9991518518518518,0.6112668269394174
Red Neuronal Densa,0.9991481481481481,0.6114280404249195
Red Neuronal Densa,0.9991407407407408,0.611584300051916
Red Neuronal Densa,0.9991333333333333,0.6117392546634557
Red Neuronal Densa,0.9991296296296296,0.6118965583724797
Red Neuronal Densa,0.9991222222222222,0.6120558413065033
Red Neuronal Densa,0.9991185185185185,0.6122147002153719
Red Neuronal Densa,0.9991148148148148,0.6123750329159441
Red Neuronal Densa,0.9991074074074074,0.6125303984323378
Red Neuronal Densa,0.9991037037037037,0.6126936826851881
Red Neuronal Densa,0.9991037037037037,0.6128551501024614
Red Neuronal Densa,0.9990962962962963,0.6130107646613688
Red Neuronal Densa,0.9990962962962963,0.6131737942509559
Red Neuronal Densa,0.9990962962962963,0.613336910578718
Red Neuronal Densa,0.9990962962962963,0.6135001137138958
Red Neuronal Densa,0.9990925925925926,0.613662524853156
Red Neuronal Densa,0.9990851851851852,0.6138199542171635
Red Neuronal Densa,0.9990851851851852,0.6139834163728608
Red Neuronal Densa,0.9990851851851852,0.6141455673867856
Red Neuronal Densa,0.9990851851851852,0.6143064051120656
Red Neuronal Densa,0.9990814814814815,0.6144692482915718
Red Neuronal Densa,0.9990814814814815,0.614634457553511
Red Neuronal Densa,0.9990740740740741,0.614793796223491
Red Neuronal Densa,0.9990740740740741,0.6149549754929898
Red Neuronal Densa,0.9990703703703704,0.615115361636726
Red Neuronal Densa,0.9990629629629629,0.6152749551226344
Red Neuronal Densa,0.9990629629629629,0.6154377927497313
Red Neuronal Densa,0.9990555555555556,0.6155947474360203
Red Neuronal Densa,0.9990518518518519,0.6157582841020116
Red Neuronal Densa,0.9990518518518519,0.61592137951191
Red Neuronal Densa,0.9990518518518519,0.6160845613426031
Red Neuronal Densa,0.9990481481481481,0.6162469529538357
Red Neuronal Densa,0.9990481481481481,0.6164103079732086
Red Neuronal Densa,0.9990407407407408,0.6165691780555765
Red Neuronal Densa,0.9990370370370371,0.6167304187977712
Red Neuronal Densa,0.9990370370370371,0.6168940320865399
Red Neuronal Densa,0.9990259259259259,0.6170734552974791
Red Neuronal Densa,0.9990111111111111,0.6172337489673984
Red Neuronal Densa,0.9990111111111111,0.6173990468909509
Red Neuronal Densa,0.9990074074074075,0.6175593159802276
Red Neuronal Densa,0.9989925925925925,0.6177170430524925
Red Neuronal Densa,0.9989925925925925,0.6178797722076886
Red Neuronal Densa,0.9989925925925925,0.6182309931467602
Red Neuronal Densa,0.9989888888888889,0.6183931183426797
Red Neuronal Densa,0.9989814814814815,0.6185530365226645
Red Neuronal Densa,0.9989777777777777,0.6187167529551018
Red Neuronal Densa,0.9989740740740741,0.6188819773164794
Red Neuronal Densa,0.9989629629629629,0.6190412801292615
Red Neuronal Densa,0.9989555555555556,0.619205807335848
Red Neuronal Densa,0.9989555555555556,0.6193707502910641
Red Neuronal Densa,0.9989518518518519,0.619537753358202
Red Neuronal Densa,0.9989333333333333,0.6196928096315784
Red Neuronal Densa,0.9989185185185185,0.6198530966454923
Red Neuronal Densa,0.9989,0.6200068965517241
Red Neuronal Densa,0.9988888888888889,0.620457855106872
Red Neuronal Densa,0.9988703703703704,0.6206119711066059
Red Neuronal Densa,0.9988703703703704,0.6207762494015394
Red Neuronal Densa,0.9988703703703704,0.6209420443347485
Red Neuronal Densa,0.9988703703703704,0.6211093582672178
Red Neuronal Densa,0.9988703703703704,0.6212753312032508
Red Neuronal Densa,0.9988666666666667,0.6214390886278955
Red Neuronal Densa,0.9988592592592592,0.6216034941744552
Red Neuronal Densa,0.9988555555555556,0.6217674277058852
Red Neuronal Densa,0.9988518518518519,0.6219314489441532
Red Neuronal Densa,0.9988370370370371,0.6220872028381751
Red Neuronal Densa,0.9988333333333334,0.6222499613523672
Red Neuronal Densa,0.9988333333333334,0.6224208602210097
Red Neuronal Densa,0.9988222222222222,0.6225834899322662
Red Neuronal Densa,0.9988185185185185,0.6227493886373136
Red Neuronal Densa,0.9988111111111111,0.6229130671791413
Red Neuronal Densa,0.9988,0.6230860406601557
Red Neuronal Densa,0.9987962962962963,0.6232536533168165
Red Neuronal Densa,0.9987962962962963,0.6234207867804972
Red Neuronal Densa,0.9987962962962963,0.6235923358322504
Red Neuronal Densa,0.9987962962962963,0.6237610937763828
Red Neuronal Densa,0.9987925925925926,0.6239261859095231
Red Neuronal Densa,0.9987851851851852,0.6240933853580868
Red Neuronal Densa,0.9987814814814815,0.6242586565305357
Red Neuronal Densa,0.998774074074074,0.6244318221287769
Red Neuronal Densa,0.998774074074074,0.624602485263292
Red Neuronal Densa,0.998774074074074,0.6247688992887427
Red Neuronal Densa,0.998774074074074,0.624935402013835
Red Neuronal Densa,0.998774074074074,0.6251077895947111
Red Neuronal Densa,0.998774074074074,0.625277372652042
Red Neuronal Densa,0.998774074074074,0.625465906218036
Red Neuronal Densa,0.9987703703703704,0.6256333636481746
Red Neuronal Densa,0.9987703703703704,0.6258046849255304
Red Neuronal Densa,0.9987703703703704,0.6259761000566393
Red Neuronal Densa,0.998762962962963,0.6261415114273043
Red Neuronal Densa,0.998762962962963,0.6263102031526164
Red Neuronal Densa,0.998762962962963,0.6264833520736728
Red Neuronal Densa,0.998762962962963,0.6266551405213722
Red Neuronal Densa,0.998762962962963,0.6268255661782994
Red Neuronal Densa,0.9987555555555555,0.6269914343907815
Red Neuronal Densa,0.9987518518518519,0.6271611771874579
Red Neuronal Densa,0.9987481481481482,0.6273324725779623
Red Neuronal Densa,0.9987444444444444,0.6275024026323077
Red Neuronal Densa,0.9987444444444444,0.6276732926772497
Red Neuronal Densa,0.9987444444444444,0.6278457376217107
Red Neuronal Densa,0.9987333333333334,0.6280127531830557
Red Neuronal Densa,0.9987333333333334,0.6281809964870431
Red Neuronal Densa,0.9987259259259259,0.6283519904555072
Red Neuronal Densa,0.9987259259259259,0.6285248117847236
Red Neuronal Densa,0.9987222222222222,0.6286968625192639
Red Neuronal Densa,0.9987222222222222,0.6288698742749999
Red Neuronal Densa,0.9987185185185186,0.6290391811064767
Red Neuronal Densa,0.9987074074074074,0.6292053817686287
Red Neuronal Densa,0.9987037037037036,0.6293763420782373
Red Neuronal Densa,0.9987,0.6295444569998413
Red Neuronal Densa,0.9986962962962963,0.6297170747655912
Red Neuronal Densa,0.9986962962962963,0.6298877102658559
Red Neuronal Densa,0.9986962962962963,0.630065799312098
Red Neuronal Densa,0.9986925925925926,0.6302342866224769
Red Neuronal Densa,0.9986925925925926,0.630408150860114
Red Neuronal Densa,0.9986925925925926,0.6305806364106198
Red Neuronal Densa,0.9986888888888888,0.6307494017557854
Red Neuronal Densa,0.9986888888888888,0.6309220747618067
Red Neuronal Densa,0.9986888888888888,0.6310933652882968
Red Neuronal Densa,0.9986851851851852,0.6312624077611717
Red Neuronal Densa,0.9986851851851852,0.6314353624410177
Red Neuronal Densa,0.9986814814814815,0.6316031106530497
Red Neuronal Densa,0.998674074074074,0.6317686062721852
Red Neuronal Densa,0.9986703703703703,0.6319380157444884
Red Neuronal Densa,0.9986703703703703,0.6321143071477131
Red Neuronal Densa,0.9986666666666667,0.6322853866662915
Red Neuronal Densa,0.9986592592592592,0.6324512476016682
Red Neuronal Densa,0.9986592592592592,0.6326263432030407
Red Neuronal Densa,0.9986592592592592,0.6328015357825122
Red Neuronal Densa,0.9986592592592592,0.6329753395072596
Red Neuronal Densa,0.9986592592592592,0.6331462652922253
Red Neuronal Densa,0.9986481481481482,0.6333117246109256
Red Neuronal Densa,0.9986444444444444,0.6343463715539996
Red Neuronal Densa,0.9986407407407407,0.6345171811682535
Red Neuronal Densa,0.998637037037037,0.6346895780615548
Red Neuronal Densa,0.998637037037037,0.6348644244987144
Red Neuronal Densa,0.998637037037037,0.6350393672969987
Red Neuronal Densa,0.9986259259259259,0.6352058425113375
Red Neuronal Densa,0.9986185185185186,0.635376262495346
Red Neuronal Densa,0.9986074074074074,0.635542921257207
Red Neuronal Densa,0.9986037037037037,0.6357143867624244
Red Neuronal Densa,0.9986037037037037,0.6358898042258537
Red Neuronal Densa,0.9986037037037037,0.636062317466159
Red Neuronal Densa,0.9986,0.6362370686400363
Red Neuronal Densa,0.9985962962962963,0.6364104149799721
Red Neuronal Densa,0.9985888888888889,0.6365860050668297
Red Neuronal Densa,0.9985777777777778,0.6367563252649254
Red Neuronal Densa,0.9985666666666667,0.6369222264744653
Red Neuronal Densa,0.9985481481481482,0.6370849972825445
Red Neuronal Densa,0.9985407407407407,0.6372549483069155
Red Neuronal Densa,0.9985333333333334,0.637424992552452
Red Neuronal Densa,0.9985185185185185,0.6375888923311962
Red Neuronal Densa,0.9985185185185185,0.6377653610139902
Red Neuronal Densa,0.9985185185185185,0.6379434369439291
Red Neuronal Densa,0.9985148148148149,0.6381147143266279
Red Neuronal Densa,0.9985111111111111,0.6382875961522526
Red Neuronal Densa,0.9985037037037037,0.6384582047596155
Red Neuronal Densa,0.9985,0.6386312759833707
Red Neuronal Densa,0.9984851851851851,0.6387973338325091
Red Neuronal Densa,0.9984814814814815,0.6389751368775332
Red Neuronal Densa,0.9984740740740741,0.6391446081627331
Red Neuronal Densa,0.998462962962963,0.6393148326448143
Red Neuronal Densa,0.9984592592592593,0.6394929298152809
Red Neuronal Densa,0.9984518518518518,0.6396642013273444
Red Neuronal Densa,0.9984481481481482,0.6398424965109987
Red Neuronal Densa,0.9984444444444445,0.6400193729434054
Red Neuronal Densa,0.9984407407407407,0.640199389198406
Red Neuronal Densa,0.998437037037037,0.640374944473346
Red Neuronal Densa,0.9984333333333333,0.6405505973596418
Red Neuronal Densa,0.9984333333333333,0.6407302476148825
Red Neuronal Densa,0.9984296296296297,0.6409060974710961
Red Neuronal Densa,0.9984222222222222,0.6410857653818348
Red Neuronal Densa,0.9984185185185185,0.6412679155515908
Red Neuronal Densa,0.9984148148148149,0.6414440653122606
Red Neuronal Densa,0.9984111111111111,0.6416248946774631
Red Neuronal Densa,0.9984111111111111,0.6418020960806815
Red Neuronal Densa,0.9984111111111111,0.6419824531321445
Red Neuronal Densa,0.9984037037037037,0.6421581472464541
Red Neuronal Densa,0.9983962962962963,0.6423370013296288
Red Neuronal Densa,0.9983851851851852,0.6425105113121741
Red Neuronal Densa,0.9983777777777778,0.6426911000007153
Red Neuronal Densa,0.9983592592592593,0.6428585056402184
Red Neuronal Densa,0.9983407407407408,0.6430336746280905
Red Neuronal Densa,0.9983333333333333,0.6432084300750947
Red Neuronal Densa,0.9983222222222222,0.6433824319195709
Red Neuronal Densa,0.9983148148148148,0.6435558463077522
Red Neuronal Densa,0.9983111111111111,0.6437332823844096
Red Neuronal Densa,0.9983074074074074,0.6439154323936933
Red Neuronal Densa,0.9982888888888889,0.6440819720706168
Red Neuronal Densa,0.9982888888888889,0.6442636351902401
Red Neuronal Densa,0.9982777777777778,0.6444413096598652
Red Neuronal Densa,0.9982703703703704,0.6446137693689298
Red Neuronal Densa,0.9982629629629629,0.6447894089671637
Red Neuronal Densa,0.9982592592592593,0.6449706265928045
Red Neuronal Densa,0.9982518518518518,0.6451449211185818
Red Neuronal Densa,0.9982518518518518,0.6453225559301257
Red Neuronal Densa,0.9982444444444445,0.6454970446511539
Red Neuronal Densa,0.9982222222222222,0.6456620479503249
Red Neuronal Densa,0.9982185185185185,0.645840671914501
Red Neuronal Densa,0.9982037037037037,0.6460106567848917
Red Neuronal Densa,0.9982,0.6461910276421127
Red Neuronal Densa,0.9981962962962962,0.6463715005887812
Red Neuronal Densa,0.9981888888888889,0.6465481256867044
Red Neuronal Densa,0.9981851851851852,0.6467272496034593
Red Neuronal Densa,0.9981814814814814,0.6469064741294058
Red Neuronal Densa,0.9981703703703704,0.6470809973709168
Red Neuronal Densa,0.9981629629629629,0.6472564658640325
Red Neuronal Densa,0.9981518518518518,0.6474280744911883
Red Neuronal Densa,0.9981333333333333,0.6475980843307774
Red Neuronal Densa,0.998125925925926,0.6477754008124414
Red Neuronal Densa,0.9981148148148148,0.6479519706091673
Red Neuronal Densa,0.9981111111111111,0.6481365682841421
Red Neuronal Densa,0.9981037037037037,0.6483157474366932
Red Neuronal Densa,0.9980925925925926,0.6484926219330247
Red Neuronal Densa,0.9980851851851852,0.6486704425920532
Red Neuronal Densa,0.9980777777777777,0.648846801164395
Red Neuronal Densa,0.9980703703703704,0.6490248214139488
Red Neuronal Densa,0.9980592592592593,0.6492005328977641
Red Neuronal Densa,0.9978925925925926,0.6501525052363348
Red Neuronal Densa,0.9978925925925926,0.6503376829015144
Red Neuronal Densa,0.9978666666666667,0.6505076356612542
Red Neuronal Densa,0.9978518518518519,0.6506802170705142
Red Neuronal Densa,0.9978481481481482,0.650860142580017
Red Neuronal Densa,0.9978444444444444,0.6510511816731912
Red Neuronal Densa,0.9978407407407407,0.6512974360709951
Red Neuronal Densa,0.9978370370370371,0.6514934612706028
Red Neuronal Densa,0.9978259259259259,0.6516879208917099
Red Neuronal Densa,0.9978259259259259,0.651911843703571
Red Neuronal Densa,0.9978185185185185,0.6521026668796684
Red Neuronal Densa,0.9977925925925926,0.6522830779362593
Red Neuronal Densa,0.9976111111111111,0.6549729359069754
Red Neuronal Densa,0.9975888888888889,0.6551431420718508
Red Neuronal Densa,0.9975888888888889,0.6553439869198353
Red Neuronal Densa,0.9975703703703703,0.655547145197131
Red Neuronal Densa,0.9975666666666667,0.6557729483889503
Red Neuronal Densa,0.9975518518518518,0.6559516619257296
Red Neuronal Densa,0.9975296296296297,0.6561240075909094
Red Neuronal Densa,0.9975222222222222,0.656341384957305
Red Neuronal Densa,0.9975185185185185,0.6565421415077092
Red Neuronal Densa,0.9975111111111111,0.6567229687717168
Red Neuronal Densa,0.9975,0.6569046637609118
Red Neuronal Densa,0.9974777777777778,0.6570791440275402
Red Neuronal Densa,0.9974740740740741,0.6572707393740604
Red Neuronal Densa,0.9974666666666666,0.6574535867296496
Red Neuronal Densa,0.9974592592592593,0.6576333268216449
Red Neuronal Densa,0.9974555555555555,0.6578172172230853
Red Neuronal Densa,0.9974407407407407,0.6579922744075702
Red Neuronal Densa,0.9974296296296297,0.6581811338646567
Red Neuronal Densa,0.9974222222222222,0.6583628936245114
Red Neuronal Densa,0.9974111111111111,0.6585471423121693
Red Neuronal Densa,0.9974,0.6587282756258943
Red Neuronal Densa,0.997362962962963,0.6589068949739288
Red Neuronal Densa,0.997362962962963,0.6590939685197015
Red Neuronal Densa,0.997362962962963,0.6592795342483193
Red Neuronal Densa,0.9973555555555556,0.6594619216245207
Red Neuronal Densa,0.9973481481481481,0.6596460285381835
Red Neuronal Densa,0.9973407407407407,0.6598286242155894
Red Neuronal Densa,0.9973296296296297,0.6600153435509291
Red Neuronal Densa,0.9973222222222222,0.6601965312817194
Red Neuronal Densa,0.9973,0.6603744895832055
Red Neuronal Densa,0.9973,0.6605688912875489
Red Neuronal Densa,0.9972925925925926,0.6607503926187672
Red Neuronal Densa,0.9972740740740741,0.6609246327364662
Red Neuronal Densa,0.9972592592592593,0.6611062960516786
Red Neuronal Densa,0.9972222222222222,0.6612830733637388
Red Neuronal Densa,0.9972,0.6614616601645031
Red Neuronal Densa,0.9971777777777778,0.6616354735972948
Red Neuronal Densa,0.9971407407407408,0.6618141950772242
Red Neuronal Densa,0.9971296296296296,0.6619955887451529
Red Neuronal Densa,0.9971111111111111,0.6621705380596795
Red Neuronal Densa,0.9970925925925926,0.6623455863719901
Red Neuronal Densa,0.9970666666666667,0.6625190726977408
Red Neuronal Densa,0.9970592592592593,0.6627049674686072
Red Neuronal Densa,0.9970555555555556,0.6628917994518686
Red Neuronal Densa,0.9970555555555556,0.6630795680703068
Red Neuronal Densa,0.9970481481481481,0.6632641496417625
Red Neuronal Densa,0.9970407407407408,0.6634488367507887
Red Neuronal Densa,0.9970296296296296,0.6636295282821186
Red Neuronal Densa,0.9970222222222223,0.6638127882030922
Red Neuronal Densa,0.9970111111111111,0.663995323299146
Red Neuronal Densa,0.9969962962962963,0.6641738568316231
Red Neuronal Densa,0.9969925925925925,0.6643713734984957
Red Neuronal Densa,0.9969851851851852,0.664556696398814
Red Neuronal Densa,0.9969814814814815,0.6647445949449925
Red Neuronal Densa,0.9969777777777777,0.6649326011723469
Red Neuronal Densa,0.9969629629629629,0.6651149459368637
Red Neuronal Densa,0.9969518518518519,0.6652982234129848
Red Neuronal Densa,0.9969444444444444,0.6654840783227848
Red Neuronal Densa,0.9969370370370371,0.6656700398650721
Red Neuronal Densa,0.9969296296296296,0.665856108131642
Red Neuronal Densa,0.9969259259259259,0.66604475765344
Red Neuronal Densa,0.9969148148148148,0.6662318632522636
Red Neuronal Densa,0.9969074074074074,0.6664182541136624
Red Neuronal Densa,0.9969,0.6666064029758706
Red Neuronal Densa,0.9967555555555555,0.6667624644474616
Red Neuronal Densa,0.9967444444444444,0.6669533193889589
Red Neuronal Densa,0.9967333333333334,0.6671376725368872
Red Neuronal Densa,0.9967222222222222,0.6673221317410408
Red Neuronal Densa,0.9967185185185186,0.6675149693172404
Red Neuronal Densa,0.9967148148148148,0.6677062631345199
Red Neuronal Densa,0.9967111111111111,0.6678960104237761
Red Neuronal Densa,0.9966851851851852,0.6680693130756437
Red Neuronal Densa,0.9966555555555555,0.668251847584234
Red Neuronal Densa,0.996637037037037,0.6684319823534672
Red Neuronal Densa,0.9966222222222222,0.6686147057069592
Red Neuronal Densa,0.9966185185185186,0.668806653096021
Red Neuronal Densa,0.9965925925925926,0.6689821318025075
Red Neuronal Densa,0.9965703703703703,0.6691585345230635
Red Neuronal Densa,0.996562962962963,0.6693466536647495
Red Neuronal Densa,0.9965481481481482,0.6695299047467378
Red Neuronal Densa,0.9965333333333334,0.6697132616487456
Red Neuronal Densa,0.9965148148148149,0.669892566818957
Red Neuronal Densa,0.9965148148148149,0.6700860958984283
Red Neuronal Densa,0.9965037037037037,0.6702705934521467
Red Neuronal Densa,0.9964777777777778,0.6704452291184378
Red Neuronal Densa,0.996462962962963,0.6706291143941792
Red Neuronal Densa,0.9964518518518518,0.6708155993886308
Red Neuronal Densa,0.9964407407407407,0.6710038658186807
Red Neuronal Densa,0.9964296296296297,0.6711922421557107
Red Neuronal Densa,0.9964111111111111,0.6713723865661139
Red Neuronal Densa,0.9963925925925926,0.6715559871293382
Red Neuronal Densa,0.9963777777777778,0.6717388373126651
Red Neuronal Densa,0.9963555555555555,0.6719184754102455
Red Neuronal Densa,0.9963444444444445,0.6721040336785299
Red Neuronal Densa,0.9963,0.672273926864866
Red Neuronal Densa,0.9962851851851852,0.6724571959972101
Red Neuronal Densa,0.9962740740740741,0.6726430711217136
Red Neuronal Densa,0.9962555555555556,0.6728240505664209
Red Neuronal Densa,0.9962296296296296,0.6730051817360693
Red Neuronal Densa,0.9961851851851852,0.6731705363690287
Red Neuronal Densa,0.9961037037037037,0.6746943219390801
Red Neuronal Densa,0.9960666666666667,0.674865623102287
Red Neuronal Densa,0.9960592592592593,0.6750621882742158
Red Neuronal Densa,0.9960555555555556,0.6752596862924305
Red Neuronal Densa,0.9960333333333333,0.6754396540032249
Red Neuronal Densa,0.9960074074074075,0.6756206081344197
Red Neuronal Densa,0.9959777777777777,0.6757991556091677
Red Neuronal Densa,0.9959666666666667,0.675990377146477
Red Neuronal Densa,0.9959370370370371,0.6761674382114577
Red Neuronal Densa,0.9959074074074074,0.6763446025992842
Red Neuronal Densa,0.9958592592592592,0.6765109924670528
Red Neuronal Densa,0.9958296296296296,0.6766900641017575
Red Neuronal Densa,0.9958259259259259,0.6768851596466451
Red Neuronal Densa,0.9958037037037037,0.6770677780435905
Red Neuronal Densa,0.9957888888888888,0.6772726013214805
Red Neuronal Densa,0.9957407407407407,0.6777639964504679
Red Neuronal Densa,0.9957259259259259,0.6779555873853246
Red Neuronal Densa,0.9957111111111111,0.6781472923750618
Red Neuronal Densa,0.9956851851851852,0.6783281186919661
Red Neuronal Densa,0.995662962962963,0.6785115748452817
Red Neuronal Densa,0.9956407407407407,0.6786934249625716
Red Neuronal Densa,0.9956333333333334,0.6788854823801562
Red Neuronal Densa,0.9956185185185186,0.6790743145269263
Red Neuronal Densa,0.9956111111111111,0.679297491945164
Red Neuronal Densa,0.9955925925925926,0.6794909063333375
Red Neuronal Densa,0.9955703703703703,0.6796784723644519
Red Neuronal Densa,0.9955592592592593,0.6798702990355894
Red Neuronal Densa,0.9955481481481482,0.6800622383018557
Red Neuronal Densa,0.9955407407407407,0.6802585425851222
Red Neuronal Densa,0.9955222222222222,0.6804456460652825
Red Neuronal Densa,0.9955037037037037,0.6806311359383348
Red Neuronal Densa,0.9954888888888889,0.6808209913599854
Red Neuronal Densa,0.9954592592592593,0.68100599991892
Red Neuronal Densa,0.9954259259259259,0.6811816797066077
Red Neuronal Densa,0.9953777777777778,0.681349048400141
Red Neuronal Densa,0.9953333333333333,0.6815207798663029
Red Neuronal Densa,0.9952925925925926,0.6816916914631579
Red Neuronal Densa,0.9952740740740741,0.6818796578472595
Red Neuronal Densa,0.9952592592592593,0.6820685418982786
Red Neuronal Densa,0.9952481481481481,0.6822618074350915
Red Neuronal Densa,0.9952407407407408,0.6824577265546825
Red Neuronal Densa,0.995225925925926,0.6826486802327059
Red Neuronal Densa,0.9951925925925926,0.6828391871046766
Red Neuronal Densa,0.9951703703703704,0.6830513300252176
Red Neuronal Densa,0.9951037037037037,0.6833338843858011
Red Neuronal Densa,0.9950814814814815,0.683558538502833
Red Neuronal Densa,0.9950666666666667,0.6837501558789921
Red Neuronal Densa,0.9950407407407408,0.6839377315021066
Red Neuronal Densa,0.9950185185185185,0.684127966345554
Red Neuronal Densa,0.9949851851851852,0.6843054444676526
Red Neuronal Densa,0.9949666666666667,0.6844932185381192
Red Neuronal Densa,0.9949481481481481,0.6846828477562182
Red Neuronal Densa,0.9949407407407408,0.6848802376126557
Red Neuronal Densa,0.9949222222222223,0.6850683464245639
Red Neuronal Densa,0.9949037037037037,0.6852583136906766
Red Neuronal Densa,0.9948851851851852,0.6854501425155721
Red Neuronal Densa,0.9948592592592592,0.6856334806979569
Red Neuronal Densa,0.9948370370370371,0.685819479799927
Red Neuronal Densa,0.9948111111111111,0.6860065382847219
Red Neuronal Densa,0.9947888888888888,0.6861945103008502
Red Neuronal Densa,0.994774074074074,0.6863859507448078
Red Neuronal Densa,0.9947296296296296,0.6865605636107078
Red Neuronal Densa,0.9947259259259259,0.6867616524665282
Red Neuronal Densa,0.9947074074074074,0.6869526294250051
Red Neuronal Densa,0.9946962962962963,0.6871488368760937
Red Neuronal Densa,0.9946814814814815,0.6873478789429905
Red Neuronal Densa,0.9946444444444444,0.6875264010813883
Red Neuronal Densa,0.9946222222222222,0.6877170338957008
Red Neuronal Densa,0.9945962962962963,0.6879016950281395
Red Neuronal Densa,0.994574074074074,0.6880890273713557
Red Neuronal Densa,0.9945666666666667,0.6882937794603518
Red Neuronal Densa,0.9945333333333334,0.6884754132406218
Red Neuronal Densa,0.9945,0.6891131339935789
Red Neuronal Densa,0.994462962962963,0.6892926730965223
Red Neuronal Densa,0.994437037037037,0.6894800229058011
Red Neuronal Densa,0.9944074074074074,0.6896631441590934
Red Neuronal Densa,0.9943555555555555,0.6898327295151468
Red Neuronal Densa,0.9943296296296297,0.6900186339394718
Red Neuronal Densa,0.9942925925925926,0.6901969354175237
Red Neuronal Densa,0.9942703703703704,0.6903874047175731
Red Neuronal Densa,0.994262962962963,0.6905918307496797
Red Neuronal Densa,0.994237037037037,0.6907781817807525
Red Neuronal Densa,0.9942074074074074,0.6909620691075327
Red Neuronal Densa,0.9941851851851852,0.6911529944899325
Red Neuronal Densa,0.9941592592592593,0.6913468002194401
Red Neuronal Densa,0.9941481481481481,0.691545685246493
Red Neuronal Densa,0.9941185185185185,0.6917353689305126
Red Neuronal Densa,0.9941,0.6919293343060651
Red Neuronal Densa,0.9940888888888889,0.6921285730862956
Red Neuronal Densa,0.9940555555555556,0.6923106685926538
Red Neuronal Densa,0.9939666666666667,0.6924541689781069
Red Neuronal Densa,0.9939370370370371,0.6928250194916173
Red Neuronal Densa,0.9939074074074075,0.6930226432245935
Red Neuronal Densa,0.9936555555555555,0.6949468209110643
Red Neuronal Densa,0.9936259259259259,0.6951367710273957
Red Neuronal Densa,0.9936037037037037,0.6953338223363805
Red Neuronal Densa,0.9935481481481482,0.6955094633134561
Red Neuronal Densa,0.9935222222222222,0.6957113735742184
Red Neuronal Densa,0.9935074074074074,0.6959121675085158
Red Neuronal Densa,0.9934888888888889,0.6961086818305674
Red Neuronal Densa,0.9934666666666667,0.6963081411950388
Red Neuronal Densa,0.9934444444444445,0.6988523116605656
Red Neuronal Densa,0.9933888888888889,0.6990244957636064
Red Neuronal Densa,0.9933481481481482,0.6992126805360029
Red Neuronal Densa,0.9933333333333333,0.6994174129379183
Red Neuronal Densa,0.9933185185185185,0.6996222713802747
Red Neuronal Densa,0.9932962962962963,0.6998220371269173
Red Neuronal Densa,0.9932740740740741,0.7000255803876734
Red Neuronal Densa,0.9932555555555556,0.7002263772588769
Red Neuronal Densa,0.9932296296296297,0.7004257319716876
Red Neuronal Densa,0.9932111111111112,0.7006359275554673
Red Neuronal Densa,0.9931814814814814,0.7008329217074503
Red Neuronal Densa,0.9931333333333333,0.7010224649483539
Red Neuronal Densa,0.9930888888888889,0.7012165780995021
Red Neuronal Densa,0.9864,0.7175557710960233
Red Neuronal Densa,0.9863703703703703,0.7177740165374789
Red Neuronal Densa,0.9863333333333333,0.7179947588081141
Red Neuronal Densa,0.9862962962962963,0.7182079054112367
Red Neuronal Densa,0.9862555555555556,0.7184126821398413
Red Neuronal Densa,0.9862296296296297,0.7186419636471588
Red Neuronal Densa,0.9862,0.7188551188669975
Red Neuronal Densa,0.9861592592592593,0.7190661373518054
Red Neuronal Densa,0.9861296296296296,0.7192776291973958
Red Neuronal Densa,0.9860666666666666,0.7194610487174775
Red Neuronal Densa,0.9860333333333333,0.7196739923769362
Red Neuronal Densa,0.986,0.7198870765370138
Red Neuronal Densa,0.9859814814814815,0.720115017149782
Red Neuronal Densa,0.9859518518518519,0.7203232981388981
Red Neuronal Densa,0.9859148148148148,0.7205438516236781
Red Neuronal Densa,0.9858703703703704,0.720741577110427
Red Neuronal Densa,0.9858111111111111,0.7209266421815581
Red Neuronal Densa,0.9857777777777778,0.7211386056794813
Red Neuronal Densa,0.9857518518518519,0.7213561288154335
Red Neuronal Densa,0.9835592592592592,0.7654532719574096
Red Neuronal Densa,0.9835481481481482,0.7657227218597087
Red Neuronal Densa,0.9835222222222222,0.7659742012899355
Red Neuronal Densa,0.9834962962962963,0.7662258592282455
Red Neuronal Densa,0.983437037037037,0.766453929574497
Red Neuronal Densa,0.9833703703703703,0.7666719604983901
Red Neuronal Densa,0.9833074074074074,0.7669018946298121
Red Neuronal Densa,0.9832703703703704,0.7671544405337772
Red Neuronal Densa,0.9832666666666666,0.7674420621453412
Red Neuronal Densa,0.983237037037037,0.7676830185187328
Red Neuronal Densa,0.9832074074074074,0.7679330265064842
Red Neuronal Densa,0.9831888888888889,0.7682163476147068
Red Neuronal Densa,0.9831296296296296,0.7684591445320982
Red Neuronal Densa,0.9830962962962962,0.7687045869859225
Red Neuronal Densa,0.9830777777777778,0.7689729297517788
Red Neuronal Densa,0.9830444444444445,0.769223189548242
Red Neuronal Densa,0.9830111111111111,0.769480321809089
Red Neuronal Densa,0.9829666666666667,0.7697244779582366
Red Neuronal Densa,0.9829444444444444,0.7700107931202562
Red Neuronal Densa,0.9829148148148148,0.7702691720506881
Red Neuronal Densa,0.9828740740740741,0.7705212667423514
Red Neuronal Densa,0.9828370370370371,0.7708033183064553
Red Neuronal Densa,0.982762962962963,0.7710251723827318
Red Neuronal Densa,0.9827037037037037,0.7712767503648107
Red Neuronal Densa,0.9826666666666667,0.7715280221234178
Red Neuronal Densa,0.9826444444444444,0.7717866222953986
Red Neuronal Densa,0.9826074074074074,0.7720382608594434
Red Neuronal Densa,0.9825666666666667,0.7723006608250124
Red Neuronal Densa,0.9824962962962963,0.7725354635230255
Red Neuronal Densa,0.9824555555555555,0.7727824924182173
Red Neuronal Densa,0.9824,0.773018042566585
Red Neuronal Densa,0.9823592592592593,0.773267678887956
Red Neuronal Densa,0.9823185185185185,0.7735242650489967
Red Neuronal Densa,0.9822814814814815,0.7737862179833174
Red Neuronal Densa,0.9822481481481482,0.7740399910106326
Red Neuronal Densa,0.982162962962963,0.7742575934084864
Red Neuronal Densa,0.9821111111111112,0.7744971186732754
Red Neuronal Densa,0.9820851851851852,0.7747459518842511
Red Neuronal Densa,0.9820296296296296,0.7749851665872628
Red Neuronal Densa,0.9820037037037037,0.7752502141769028
Red Neuronal Densa,0.9819555555555556,0.7754888339646372
Red Neuronal Densa,0.9819148148148148,0.7757334761223421
Red Neuronal Densa,0.9818777777777777,0.7759993911595191
Red Neuronal Densa,0.9818407407407408,0.7762541433875634
Red Neuronal Densa,0.9818111111111111,0.7765035677879715
Red Neuronal Densa,0.981774074074074,0.7767586875811324
Red Neuronal Densa,0.9817333333333333,0.7770065075921909
Red Neuronal Densa,0.9816888888888889,0.7772333406641742
Red Neuronal Densa,0.9816518518518519,0.7774889997066589
Red Neuronal Densa,0.9816037037037038,0.7777383251069624
Red Neuronal Densa,0.981562962962963,0.7779891384118597
Red Neuronal Densa,0.9815296296296296,0.7782277246912203
Red Neuronal Densa,0.9814814814814815,0.7784775915959672
Red Neuronal Densa,0.981437037037037,0.7787305822817545
Red Neuronal Densa,0.9802592592592593,0.7889010766277587
Red Neuronal Densa,0.9801703703703704,0.7891259101996029
Red Neuronal Densa,0.9800777777777778,0.7893385116512153
Red Neuronal Densa,0.9799703703703704,0.7895652485295916
Red Neuronal Densa,0.9798592592592592,0.7897585308262013
Red Neuronal Densa,0.9798,0.7899984770163855
Red Neuronal Densa,0.9797185185185185,0.7902135922330097
Red Neuronal Densa,0.9796444444444444,0.7904442857270931
Red Neuronal Densa,0.9796,0.7906943373213037
Red Neuronal Densa,0.9795296296296296,0.790937828033459
Red Neuronal Densa,0.979237037037037,0.7911795246231788
Red Neuronal Densa,0.9791703703703704,0.7928742802303262
Red Neuronal Densa,0.9790888888888889,0.7931222772930743
Red Neuronal Densa,0.9790444444444445,0.7933981037106403
Red Neuronal Densa,0.9789925925925926,0.793651460878599
Red Neuronal Densa,0.978937037037037,0.7938900803162189
Red Neuronal Densa,0.9788851851851852,0.7941748272971211
Red Neuronal Densa,0.9788370370370371,0.7944269933117908
Red Neuronal Densa,0.9784259259259259,0.7947981226307239
Red Neuronal Densa,0.9783925925925926,0.7950987680703582
Red Neuronal Densa,0.9783703703703703,0.7954398316134336
Red Neuronal Densa,0.9783333333333334,0.7957236069188642
Red Neuronal Densa,0.978262962962963,0.7959588958534234
Red Neuronal Densa,0.9782037037037037,0.7962274048259312
Red Neuronal Densa,0.9781592592592593,0.7965009846823834
Red Neuronal Densa,0.9781296296296297,0.7968277148020867
Red Neuronal Densa,0.9780962962962962,0.7970915632394843
Red Neuronal Densa,0.9780518518518518,0.7973706221069445
Red Neuronal Densa,0.9780296296296296,0.7976463409845375
Red Neuronal Densa,0.9779925925925926,0.7979294652327237
Red Neuronal Densa,0.9779629629629629,0.7981947286802958
Red Neuronal Densa,0.9779333333333333,0.7984795013925807
Red Neuronal Densa,0.9778851851851852,0.798722788930434
Red Neuronal Densa,0.9778629629629629,0.799004357825929
Red Neuronal Densa,0.9778037037037037,0.7992413463226791
Red Neuronal Densa,0.9777740740740741,0.7995148380219201
Red Neuronal Densa,0.9776925925925926,0.7997388503964202
Red Neuronal Densa,0.9776518518518519,0.8000181845734202
Red Neuronal Densa,0.9776148148148148,0.8002934898612594
Red Neuronal Densa,0.9775777777777778,0.8005665773933194
Red Neuronal Densa,0.9775333333333334,0.800816794657459
Red Neuronal Densa,0.9774888888888889,0.8010842115487349
Red Neuronal Densa,0.9774148148148148,0.8013129408478246
Red Neuronal Densa,0.9773814814814815,0.8015679437216946
Red Neuronal Densa,0.9773555555555555,0.8018438220717778
Red Neuronal Densa,0.9773111111111111,0.8020998300803395
Red Neuronal Densa,0.9772703703703703,0.8023737049684814
Red Neuronal Densa,0.9772259259259259,0.8026520728635572
Red Neuronal Densa,0.9771925925925926,0.8029349020228426
Red Neuronal Densa,0.9771518518518518,0.803204525181674
Red Neuronal Densa,0.9771111111111112,0.8034890343329993
Red Neuronal Densa,0.9770777777777778,0.8037700667546166
Red Neuronal Densa,0.9770407407407408,0.80405071779085
Red Neuronal Densa,0.9770074074074074,0.8043101108932748
Red Neuronal Densa,0.9769666666666666,0.804568496952912
Red Neuronal Densa,0.9768925925925926,0.8048118878344979
Red Neuronal Densa,0.9768481481481481,0.8050823400131255
Red Neuronal Densa,0.9768259259259259,0.8053614833091083
Red Neuronal Densa,0.9768037037037037,0.805635910986208
Red Neuronal Densa,0.9767814814814815,0.8059400917997519
Red Neuronal Densa,0.9767666666666667,0.8062309124425654
Red Neuronal Densa,0.9767407407407407,0.8065029113862113
Red Neuronal Densa,0.9767296296296296,0.8067898137497247
Red Neuronal Densa,0.9767148148148148,0.8070738664185683
Red Neuronal Densa,0.9767074074074074,0.8073790818857042
Red Neuronal Densa,0.9766666666666667,0.8076495468648067
Red Neuronal Densa,0.9766222222222222,0.8079072503554096
Red Neuronal Densa,0.9765814814814815,0.808190500711098
Red Neuronal Densa,0.9765370370370371,0.8084684281373321
Red Neuronal Densa,0.9765148148148148,0.8087500920222817
Red Neuronal Densa,0.9764703703703703,0.8090160362826264
Red Neuronal Densa,0.9764555555555555,0.8092992844579101
Red Neuronal Densa,0.9764296296296296,0.8095760132904648
Red Neuronal Densa,0.9763851851851851,0.8098251477581313
Red Neuronal Densa,0.9763407407407407,0.8100869052155422
Red Neuronal Densa,0.9762888888888889,0.8103451986067859
Red Neuronal Densa,0.9762407407407407,0.8106366750933393
Red Neuronal Densa,0.9761777777777778,0.8108961243935231
Red Neuronal Densa,0.976137037037037,0.8111642537056187
Red Neuronal Densa,0.9760592592592593,0.8114142850984957
Red Neuronal Densa,0.9759814814814814,0.8117770281718343
Red Neuronal Densa,0.9759444444444444,0.8120414056216236
Red Neuronal Densa,0.9759074074074074,0.8123134880509039
Red Neuronal Densa,0.9758555555555556,0.8125659197305849
Red Neuronal Densa,0.9758259259259259,0.8128972343235138
Red Neuronal Densa,0.9757814814814815,0.8131688030296951
Red Neuronal Densa,0.9757444444444444,0.8134291721857372
Red Neuronal Densa,0.9757148148148148,0.8136933920595993
Red Neuronal Densa,0.9756518518518519,0.8139375363053232
Red Neuronal Densa,0.9755888888888888,0.8141969584569733
Red Neuronal Densa,0.9755444444444444,0.8156751383473875
Red Neuronal Densa,0.9754925925925926,0.8159400490091295
Red Neuronal Densa,0.9754481481481482,0.816211358177733
Red Neuronal Densa,0.9754111111111111,0.8164764166444485
Red Neuronal Densa,0.9753703703703703,0.8167537643245926
Red Neuronal Densa,0.9753296296296297,0.817031323686366
Red Neuronal Densa,0.9752851851851851,0.8172983810895367
Red Neuronal Densa,0.9752333333333333,0.8175594277056062
Red Neuronal Densa,0.9752,0.8178361991849716
Red Neuronal Densa,0.9751814814814814,0.8181205217596649
Red Neuronal Densa,0.9751592592592593,0.8183994007155357
Red Neuronal Densa,0.9750962962962963,0.8186468241505727
Red Neuronal Densa,0.9750444444444445,0.8190235009364286
Red Neuronal Densa,0.9749814814814814,0.8192866701938938
Red Neuronal Densa,0.9749333333333333,0.8195548415418958
Red Neuronal Densa,0.9748592592592593,0.8197937527836522
Red Neuronal Densa,0.9748185185185185,0.8200583261152689
Red Neuronal Densa,0.9747666666666667,0.8203214123191432
Red Neuronal Densa,0.9747296296296296,0.8205971675698598
Red Neuronal Densa,0.9746666666666667,0.8208487343845038
Red Neuronal Densa,0.9746222222222222,0.82111352764785
Red Neuronal Densa,0.974574074074074,0.8213702666679152
Red Neuronal Densa,0.9745111111111111,0.8216300950227798
Red Neuronal Densa,0.9744481481481482,0.8218901214243542
Red Neuronal Densa,0.9743777777777778,0.822133819168185
Red Neuronal Densa,0.9743259259259259,0.822393327518671
Red Neuronal Densa,0.9742407407407407,0.8226171638010294
Red Neuronal Densa,0.9741851851851852,0.8228739113024327
Red Neuronal Densa,0.974125925925926,0.8231328709847024
Red Neuronal Densa,0.9740962962962963,0.8234041820464414
Red Neuronal Densa,0.9740703703703704,0.823683979755462
Red Neuronal Densa,0.9740185185185185,0.8239446327754419
Red Neuronal Densa,0.9739888888888889,0.8242191172875492
Red Neuronal Densa,0.973937037037037,0.8244801595264373
Red Neuronal Densa,0.9738962962962963,0.8247559782199584
Red Neuronal Densa,0.9738518518518519,0.8250262782196702
Red Neuronal Densa,0.9738222222222223,0.825309335626801
Red Neuronal Densa,0.9738074074074075,0.8255973875090276
Red Neuronal Densa,0.9737851851851852,0.8258845554606222
Red Neuronal Densa,0.9737222222222223,0.8261373706140764
Red Neuronal Densa,0.9736703703703704,0.8263972060594058
Red Neuronal Densa,0.9736333333333334,0.82668020981396
Red Neuronal Densa,0.9735962962962963,0.8269556244848653
Red Neuronal Densa,0.9735333333333334,0.8272222309641075
Red Neuronal Densa,0.9734814814814815,0.8274854629655864
Red Neuronal Densa,0.9734592592592592,0.8277714789619551
Red Neuronal Densa,0.9734259259259259,0.8280534717912041
Red Neuronal Densa,0.9733851851851851,0.8283293726085943
Red Neuronal Densa,0.9733555555555555,0.8286201645221197
Red Neuronal Densa,0.9733111111111111,0.8288907182937331
Red Neuronal Densa,0.9732740740740741,0.8291677841760668
Red Neuronal Densa,0.9732185185185185,0.8294318920727511
Red Neuronal Densa,0.9731592592592593,0.829700900582284
Red Neuronal Densa,0.9730925925925926,0.8299533114737527
Red Neuronal Densa,0.9730444444444445,0.8302217109920114
Red Neuronal Densa,0.9729814814814814,0.8304750403849133
Red Neuronal Densa,0.9729037037037037,0.8307185346586003
Red Neuronal Densa,0.9728037037037037,0.8309484866795531
Red Neuronal Densa,0.9727407407407408,0.831202369800238
Red Neuronal Densa,0.972674074074074,0.8314638045938801
Red Neuronal Densa,0.9726370370370371,0.831737606060702
Red Neuronal Densa,0.9725925925925926,0.8320052721126153
Red Neuronal Densa,0.9725333333333334,0.8322604569787675
Red Neuronal Densa,0.9724851851851852,0.8325227019074676
Red Neuronal Densa,0.9724592592592592,0.8328120936074652
Red Neuronal Densa,0.9724185185185186,0.8330890098871669
Red Neuronal Densa,0.9723518518518518,0.8333412688587762
Red Neuronal Densa,0.9723222222222222,0.8336201750263555
Red Neuronal Densa,0.9722703703703703,0.8338961191602368
Red Neuronal Densa,0.9722074074074074,0.834152138957564
Red Neuronal Densa,0.9721444444444445,0.8344110017547876
Red Neuronal Densa,0.9720962962962963,0.8346880883325701
Red Neuronal Densa,0.9720074074074074,0.8349303911837317
Red Neuronal Densa,0.9719444444444445,0.8351871831348998
Red Neuronal Densa,0.9718814814814815,0.8354521460341111
Red Neuronal Densa,0.9717962962962963,0.8357088483821549
Red Neuronal Densa,0.9717481481481481,0.8360029441659949
Red Neuronal Densa,0.971674074074074,0.8362509721921179
Red Neuronal Densa,0.9716111111111111,0.836508751399044
Red Neuronal Densa,0.9715407407407407,0.836760343232639
Red Neuronal Densa,0.9715,0.8370403226835837
Red Neuronal Densa,0.9714407407407407,0.8372965328787545
Red Neuronal Densa,0.9713925925925926,0.8375758853153732
Red Neuronal Densa,0.9713259259259259,0.8378341250850587
Red Neuronal Densa,0.9712814814814815,0.8381117350216203
Red Neuronal Densa,0.9712074074074074,0.8383586169413495
Red Neuronal Densa,0.971162962962963,0.8386339503882713
Red Neuronal Densa,0.9711222222222222,0.8389100053751056
Red Neuronal Densa,0.9710851851851852,0.839194837949775
Red Neuronal Densa,0.9710444444444445,0.8394686202248343
Red Neuronal Densa,0.9709888888888889,0.8397297920590383
Red Neuronal Densa,0.970925925925926,0.8399955140426486
Red Neuronal Densa,0.9708703703703704,0.8402678497015701
Red Neuronal Densa,0.9708111111111111,0.8405291005291006
Red Neuronal Densa,0.9707555555555556,0.8408018451806205
Red Neuronal Densa,0.9707148148148148,0.8410849354808689
Red Neuronal Densa,0.9706666666666667,0.8413645206649245
Red Neuronal Densa,0.9706074074074074,0.8416373878358502
Red Neuronal Densa,0.9705444444444444,0.8419018428560413
Red Neuronal Densa,0.970474074074074,0.8421573637506067
Red Neuronal Densa,0.9704333333333334,0.8424333813467771
Red Neuronal Densa,0.9703222222222222,0.8426620435890179
Red Neuronal Densa,0.970037037037037,0.8437767797887901
Red Neuronal Densa,0.9699888888888889,0.844055768263913
Red Neuronal Densa,0.9699111111111111,0.8443010100944969
Red Neuronal Densa,0.9698777777777777,0.8445933088427388
Red Neuronal Densa,0.9697962962962963,0.8448411597307814
Red Neuronal Densa,0.9697074074074075,0.8450909255230558
Red Neuronal Densa,0.9696333333333333,0.8453428824209391
Red Neuronal Densa,0.9695370370370371,0.8455783785180615
Red Neuronal Densa,0.9694333333333334,0.8458048567689399
Red Neuronal Densa,0.9693333333333334,0.8460347374648052
Red Neuronal Densa,0.969262962962963,0.8462933978372226
Red Neuronal Densa,0.9691851851851851,0.8465512611892738
Red Neuronal Densa,0.9691,0.8467946290740687
Red Neuronal Densa,0.9690148148148148,0.8470409220409221
Red Neuronal Densa,0.9689481481481481,0.8473063395106911
Red Neuronal Densa,0.9688481481481481,0.8475565304449535
Red Neuronal Densa,0.9687333333333333,0.8478159399432106
Red Neuronal Densa,0.9686370370370371,0.8480807831870316
Red Neuronal Densa,0.9685407407407407,0.8483183245529805
Red Neuronal Densa,0.9684666666666667,0.8485810251667235
Red Neuronal Densa,0.9684,0.8488476659513614
Red Neuronal Densa,0.9683185185185185,0.8491042779011913
Red Neuronal Densa,0.9682444444444445,0.8493648266675331
Red Neuronal Densa,0.9681592592592593,0.8496158246444265
Red Neuronal Densa,0.9680851851851852,0.849879532958547
Red Neuronal Densa,0.9679962962962962,0.8501276692634215
Red Neuronal Densa,0.9679185185185185,0.8503829909084402
Red Neuronal Densa,0.9678444444444444,0.8506528384066251
Red Neuronal Densa,0.9677592592592592,0.8508965032141252
Red Neuronal Densa,0.9676666666666667,0.8511338352331033
Red Neuronal Densa,0.9676037037037037,0.8514057402826798
Red Neuronal Densa,0.9675037037037038,0.8516452526806877
Red Neuronal Densa,0.9673925925925926,0.8518696084666438
Red Neuronal Densa,0.9672481481481482,0.8520675501960862
Red Neuronal Densa,0.9671407407407407,0.8522955003884041
Red Neuronal Densa,0.9670555555555556,0.8525487814434606
Red Neuronal Densa,0.9669333333333333,0.8527751646284102
Red Neuronal Densa,0.9668518518518519,0.8530237330449075
Red Neuronal Densa,0.9667777777777777,0.8532846047229269
Red Neuronal Densa,0.9666666666666667,0.8535213478442863
Red Neuronal Densa,0.9665777777777778,0.8537751126203492
Red Neuronal Densa,0.9664888888888888,0.8540262800477819
Red Neuronal Densa,0.9664222222222222,0.8543000825050092
Red Neuronal Densa,0.9663703703703703,0.8545899985588702
Red Neuronal Densa,0.9663148148148148,0.8548712639008119
Red Neuronal Densa,0.9662407407407407,0.8551335546953104
Red Neuronal Densa,0.966137037037037,0.8553894483484556
Red Neuronal Densa,0.9660481481481481,0.855641830605664
Red Neuronal Densa,0.9659592592592593,0.8558944083276178
Red Neuronal Densa,0.9658592592592593,0.8561289009408876
Red Neuronal Densa,0.9658,0.8564137595817213
Red Neuronal Densa,0.9657296296296296,0.8566777277655485
Red Neuronal Densa,0.965662962962963,0.8570381400363551
Red Neuronal Densa,0.9655592592592592,0.8572842575328592
Red Neuronal Densa,0.9654333333333334,0.8576857649571102
Red Neuronal Densa,0.9652518518518518,0.858001646090535
Red Neuronal Densa,0.965062962962963,0.858206693937777
Red Neuronal Densa,0.964937037037037,0.8584226792574678
Red Neuronal Densa,0.9647888888888889,0.8586275434022341
Red Neuronal Densa,0.9647037037037037,0.8588971216213097
Red Neuronal Densa,0.9646592592592592,0.8591975351404132
Red Neuronal Densa,0.9645370370370371,0.8594232120994116
Red Neuronal Densa,0.9644518518518519,0.8596792404244221
Red Neuronal Densa,0.9643555555555555,0.8599425991551706
Red Neuronal Densa,0.964237037037037,0.8601692955270827
Red Neuronal Densa,0.9640814814814814,0.8603659584594842
Red Neuronal Densa,0.9639407407407408,0.8605703100201036
Red Neuronal Densa,0.9637777777777777,0.8607521244256856
Red Neuronal Densa,0.9636444444444444,0.8609690965224901
Red Neuronal Densa,0.9635185185185186,0.8611843063518756
Red Neuronal Densa,0.9633777777777778,0.8614235186583475
Red Neuronal Densa,0.9632703703703703,0.8616699134629401
Red Neuronal Densa,0.9631740740740741,0.8619207339303588
Red Neuronal Densa,0.9630555555555556,0.8621489981797142
Red Neuronal Densa,0.9629814814814814,0.8624115215963594
Red Neuronal Densa,0.9628740740740741,0.8626558315940365
Red Neuronal Densa,0.9627333333333333,0.8628733232198162
Red Neuronal Densa,0.9625851851851852,0.8630728819018966
Red Neuronal Densa,0.9624777777777778,0.8633091374184011
Red Neuronal Densa,0.9623814814814815,0.8635526753074111
Red Neuronal Densa,0.9622259259259259,0.8637690507221321
Red Neuronal Densa,0.9621481481481482,0.8640382095271039
Red Neuronal Densa,0.9620296296296297,0.8642767303968217
Red Neuronal Densa,0.9619333333333333,0.8645411695781849
Red Neuronal Densa,0.9618333333333333,0.8648312930425863
Red Neuronal Densa,0.9617185185185185,0.865067995709041
Red Neuronal Densa,0.9615925925925926,0.86529200230629
Red Neuronal Densa,0.9614851851851852,0.865532854113599
Red Neuronal Densa,0.9613851851851852,0.8658007791653325
Red Neuronal Densa,0.9612518518518518,0.8660244453416709
Red Neuronal Densa,0.9610962962962963,0.8662658525756367
Red Neuronal Densa,0.9609407407407408,0.8664669598816453
Red Neuronal Densa,0.9607962962962963,0.8666898305141372
Red Neuronal Densa,0.9606666666666667,0.8669175596093557
Red Neuronal Densa,0.9605296296296296,0.8671387827296467
Red Neuronal Densa,0.9604666666666667,0.8674212776205672
Red Neuronal Densa,0.9603148148148148,0.8676294910705621
Red Neuronal Densa,0.9600222222222222,0.8697020534156489
Red Neuronal Densa,0.9598851851851852,0.8699252486397401
Red Neuronal Densa,0.9597296296296296,0.8701405981887111
Red Neuronal Densa,0.9595814814814815,0.8703540714861596
Red Neuronal Densa,0.9594481481481482,0.870587009635064
Red Neuronal Densa,0.9593407407407407,0.8708612388714059
Red Neuronal Densa,0.9592407407407407,0.8711219190614573
Red Neuronal Densa,0.9591888888888889,0.8714177560187756
Red Neuronal Densa,0.9591148148148149,0.8718873311516033
Red Neuronal Densa,0.9590148148148148,0.8726367086133335
Red Neuronal Densa,0.9589333333333333,0.8729744492322632
Red Neuronal Densa,0.9587851851851852,0.8735729929100989
Red Neuronal Densa,0.9586296296296296,0.8738145958738315
Red Neuronal Densa,0.958462962962963,0.87401971048952
Red Neuronal Densa,0.9583148148148148,0.8742330251919126
Red Neuronal Densa,0.9582111111111111,0.8744870711509211
Red Neuronal Densa,0.9580703703703703,0.8747282103305436
Red Neuronal Densa,0.9579777777777778,0.8749868914681217
Red Neuronal Densa,0.9578888888888889,0.8752669322169842
Red Neuronal Densa,0.9578074074074074,0.8755569399114314
Red Neuronal Densa,0.9576814814814815,0.8757946789954106
Red Neuronal Densa,0.9576037037037037,0.8760677534230794
Red Neuronal Densa,0.9574925925925926,0.8763194467984136
Red Neuronal Densa,0.9573518518518519,0.8765531320365698
Red Neuronal Densa,0.9572481481481482,0.876806063011626
Red Neuronal Densa,0.9571222222222222,0.8770358554920161
Red Neuronal Densa,0.957062962962963,0.8773299200782242
Red Neuronal Densa,0.9569851851851852,0.8776102166972353
Red Neuronal Densa,0.9569185185185185,0.8779009316960129
Red Neuronal Densa,0.956837037037037,0.8781872384688338
Red Neuronal Densa,0.9567518518518519,0.8784703801945182
Red Neuronal Densa,0.9566518518518519,0.8787371572429747
Red Neuronal Densa,0.9566,0.8790424134339838
Red Neuronal Densa,0.956474074074074,0.879300775969792
Red Neuronal Densa,0.9563814814814815,0.8795660467334288
Red Neuronal Densa,0.9562962962962963,0.8798593315522599
Red Neuronal Densa,0.956237037037037,0.8802097360911766
Red Neuronal Densa,0.9561259259259259,0.8804646625875676
Red Neuronal Densa,0.956,0.8807031431262027
Red Neuronal Densa,0.9558962962962962,0.8809532749198721
Red Neuronal Densa,0.9557925925925926,0.8812276759798665
Red Neuronal Densa,0.9556925925925925,0.8814906671039326
Red Neuronal Densa,0.9555703703703704,0.8817514456398409
Red Neuronal Densa,0.9554777777777778,0.8820548764851697
Red Neuronal Densa,0.9553888888888888,0.8823378506878647
Red Neuronal Densa,0.9552851851851852,0.8826073715151951
Red Neuronal Densa,0.9551851851851851,0.8828744942043175
Red Neuronal Densa,0.9549740740740741,0.8832296562213118
Red Neuronal Densa,0.9547888888888889,0.8834215179636205
Red Neuronal Densa,0.9546555555555556,0.8836645628421858
Red Neuronal Densa,0.9544925925925926,0.8839501006698749
Red Neuronal Densa,0.954374074074074,0.8842133798177226
Red Neuronal Densa,0.954274074074074,0.8845001184350101
Red Neuronal Densa,0.9542,0.884814182633692
Red Neuronal Densa,0.9540925925925926,0.8850671861525405
Red Neuronal Densa,0.9539148148148148,0.8854985714825983
Red Neuronal Densa,0.9538111111111112,0.8857646985987576
Red Neuronal Densa,0.9536777777777777,0.8859943707720576
Red Neuronal Densa,0.9535518518518519,0.8862311108051358
Red Neuronal Densa,0.9533518518518519,0.8869458849473666
Red Neuronal Densa,0.9530111111111111,0.888082418720232
Red Neuronal Densa,0.9528777777777778,0.8883230152509659
Red Neuronal Densa,0.9527444444444444,0.8885607403032093
Red Neuronal Densa,0.9526185185185185,0.8887963564487815
Red Neuronal Densa,0.9524222222222222,0.8889664780328617
Red Neuronal Densa,0.9522666666666667,0.8891993774857341
Red Neuronal Densa,0.9521296296296297,0.8894343878878463
Red Neuronal Densa,0.9519777777777778,0.8896649833339679
Red Neuronal Densa,0.9518185185185185,0.8898796023449321
Red Neuronal Densa,0.9516296296296296,0.8900728505956567
Red Neuronal Densa,0.9514592592592592,0.8904039318715903
Red Neuronal Densa,0.9513296296296296,0.8906561532353421
Red Neuronal Densa,0.9511703703703703,0.8909055587933283
Red Neuronal Densa,0.9510407407407407,0.8911427460888155
Red Neuronal Densa,0.9508851851851852,0.8913589162277672
Red Neuronal Densa,0.9507148148148148,0.891567562310706
Red Neuronal Densa,0.9505814814814815,0.8919505956600915
Red Neuronal Densa,0.9504185185185186,0.8921666452270112
Red Neuronal Densa,0.950262962962963,0.8923805184461224
Red Neuronal Densa,0.9500962962962963,0.8925872315550669
Red Neuronal Densa,0.9499814814814814,0.8928708183938455
Red Neuronal Densa,0.9498481481481481,0.893137241244811
Red Neuronal Densa,0.9497333333333333,0.8933995296576953
Red Neuronal Densa,0.9495814814814815,0.8936334104787664
Red Neuronal Densa,0.9494370370370371,0.8938775794854629
Red Neuronal Densa,0.9492851851851852,0.894096265340152
Red Neuronal Densa,0.9491037037037037,0.894290330798572
Red Neuronal Densa,0.9488518518518518,0.8944463258886333
Red Neuronal Densa,0.9486629629629629,0.8946337135791775
Red Neuronal Densa,0.948474074074074,0.894827507888199
Red Neuronal Densa,0.948237037037037,0.8949697626455063
Red Neuronal Densa,0.9480074074074074,0.8951347797501643
Red Neuronal Densa,0.9478777777777778,0.8953850029213271
Red Neuronal Densa,0.9475518518518519,0.8960677797508345
Red Neuronal Densa,0.9473666666666667,0.8962724953747827
Red Neuronal Densa,0.9471962962962963,0.8964819787292218
Red Neuronal Densa,0.9469888888888889,0.8966628558603421
Red Neuronal Densa,0.9468,0.8968582805620362
Red Neuronal Densa,0.9465814814814815,0.8970131966867892
Red Neuronal Densa,0.9463925925925926,0.8972026277813084
Red Neuronal Densa,0.9461888888888889,0.8973907728623517
Red Neuronal Densa,0.9460259259259259,0.8976177339832233
Red Neuronal Densa,0.9457666666666666,0.8978292360486049
Red Neuronal Densa,0.9455185185185185,0.8979630600177981
Red Neuronal Densa,0.9453444444444444,0.8981768533213221
Red Neuronal Densa,0.945162962962963,0.8983932745655786
Red Neuronal Densa,0.9449666666666666,0.898583136399976
Red Neuronal Densa,0.9447592592592593,0.8987594206166606
Red Neuronal Densa,0.9445703703703704,0.8989471383806305
Red Neuronal Densa,0.9443407407407407,0.8991057323403295
Red Neuronal Densa,0.9441259259259259,0.8992880879976858
Red Neuronal Densa,0.9439,0.899482234684982
Red Neuronal Densa,0.9437481481481481,0.899702702511846
Red Neuronal Densa,0.9436185185185185,0.899944543152139
Red Neuronal Densa,0.9432925925925926,0.9002951625161278
Red Neuronal Densa,0.9430740740740741,0.9004558330003288
Red Neuronal Densa,0.942862962962963,0.9006205247219313
Red Neuronal Densa,0.9427074074074074,0.90084162690941
Red Neuronal Densa,0.9425222222222223,0.9010377755982877
Red Neuronal Densa,0.9423111111111111,0.9012029073803822
Red Neuronal Densa,0.9421185185185185,0.9013890857547838
Red Neuronal Densa,0.9418555555555556,0.9016391117666455
Red Neuronal Densa,0.9415962962962963,0.9017713993842312
Red Neuronal Densa,0.9413555555555555,0.9019119400442854
Red Neuronal Densa,0.9411444444444445,0.9020874010437006
Red Neuronal Densa,0.9409777777777778,0.9023056269799554
Red Neuronal Densa,0.9407555555555556,0.9024707412223667
Red Neuronal Densa,0.9405740740740741,0.902665467638685
Red Neuronal Densa,0.9403925925925926,0.9029887902583362
Red Neuronal Densa,0.9401666666666667,0.9031508613635232
Red Neuronal Densa,0.9399740740740741,0.9033740420518334
Red Neuronal Densa,0.9397185185185185,0.9035111459297771
Red Neuronal Densa,0.9394592592592592,0.9036415843136137
Red Neuronal Densa,0.9392111111111111,0.9037892665958615
Red Neuronal Densa,0.938937037037037,0.9039217853590008
Red Neuronal Densa,0.9386777777777778,0.9040428901635134
Red Neuronal Densa,0.9384,0.9041494782819703
Red Neuronal Densa,0.9381111111111111,0.9042615857511593
Red Neuronal Densa,0.9379111111111111,0.9044530479877709
Red Neuronal Densa,0.9376851851851852,0.9046099645552252
Red Neuronal Densa,0.9374259259259259,0.9047348403608859
Red Neuronal Densa,0.937162962962963,0.9048659512153255
Red Neuronal Densa,0.9369074074074074,0.9050269935709149
Red Neuronal Densa,0.9350851851851851,0.9060772885832818
Red Neuronal Densa,0.9348666666666666,0.90630138953718
Red Neuronal Densa,0.9345703703703704,0.9065023710303205
Red Neuronal Densa,0.9339481481481482,0.9068762137668129
Red Neuronal Densa,0.9337222222222222,0.9070580743118045
Red Neuronal Densa,0.9334777777777777,0.9072253638238671
Red Neuronal Densa,0.9332,0.9073407875546913
Red Neuronal Densa,0.9329222222222222,0.9074759250786285
Red Neuronal Densa,0.9326703703703704,0.9076200568026181
Red Neuronal Densa,0.9322925925925926,0.9076351704617159
Red Neuronal Densa,0.9318740740740741,0.9076106169152075
Red Neuronal Densa,0.9315,0.9076227972991993
Red Neuronal Densa,0.9311481481481482,0.9076664801343033
Red Neuronal Densa,0.930837037037037,0.907743373219826
Red Neuronal Densa,0.9304481481481481,0.9079675443193523
Red Neuronal Densa,0.9301666666666667,0.9080735729600932
Red Neuronal Densa,0.9299185185185185,0.9082221016458673
Red Neuronal Densa,0.9296518518518518,0.9083428025505367
Red Neuronal Densa,0.9293444444444444,0.9084237812162856
Red Neuronal Densa,0.929074074074074,0.9085377558374954
Red Neuronal Densa,0.9287296296296297,0.908668253847464
Red Neuronal Densa,0.9285185185185185,0.9089030442995065
Red Neuronal Densa,0.9281518518518519,0.9089857196229139
Red Neuronal Densa,0.9274370370370371,0.9094303167650883
Red Neuronal Densa,0.927074074074074,0.9094608489657703
Red Neuronal Densa,0.9266851851851852,0.9094692687678791
Red Neuronal Densa,0.9262814814814815,0.909456535573374
Red Neuronal Densa,0.9258888888888889,0.9094547055249764
Red Neuronal Densa,0.9254777777777777,0.9094446062017761
Red Neuronal Densa,0.9251259259259259,0.909486132907083
Red Neuronal Densa,0.9247851851851852,0.909535309823806
Red Neuronal Densa,0.9244444444444444,0.9095845283170135
Red Neuronal Densa,0.9240888888888888,0.9096192055998105
Red Neuronal Densa,0.9237074074074074,0.9096316991151734
Red Neuronal Densa,0.9233370370370371,0.9096518306076727
Red Neuronal Densa,0.9226888888888889,0.9104351067484304
Red Neuronal Densa,0.9224111111111111,0.9105669952323847
Red Neuronal Densa,0.9221148148148148,0.9106707194405124
Red Neuronal Densa,0.9218740740740741,0.9108227579443493
Red Neuronal Densa,0.9216703703703704,0.9110215408045219
Red Neuronal Densa,0.9214296296296296,0.9111705244652798
Red Neuronal Densa,0.9211888888888888,0.9113162956856279
Red Neuronal Densa,0.9208888888888889,0.9114102225741181
Red Neuronal Densa,0.9206296296296296,0.9117986904609064
Red Neuronal Densa,0.9203518518518519,0.9119350292852634
Red Neuronal Densa,0.9201,0.9120904942156103
Red Neuronal Densa,0.9197851851851852,0.9123109929025907
Red Neuronal Densa,0.9195444444444445,0.9132329897817307
Red Neuronal Densa,0.9193037037037037,0.913390346939076
Red Neuronal Densa,0.9189518518518518,0.9136829468583023
Red Neuronal Densa,0.9186888888888889,0.9138118412472692
Red Neuronal Densa,0.9183740740740741,0.9138926154708025
Red Neuronal Densa,0.9180481481481482,0.9139691377371361
Red Neuronal Densa,0.9176777777777778,0.9140082040990984
Red Neuronal Densa,0.9173592592592592,0.9141158408314204
Red Neuronal Densa,0.9170444444444444,0.9142002658396101
Red Neuronal Densa,0.9166592592592593,0.9142145817480662
Red Neuronal Densa,0.9162592592592592,0.9142073716029948
Red Neuronal Densa,0.9158777777777778,0.9142152603968339
Red Neuronal Densa,0.9154851851851852,0.9142154415164124
Red Neuronal Densa,0.9150777777777778,0.9142008221742847
Red Neuronal Densa,0.9146814814814814,0.9142108322012001
Red Neuronal Densa,0.9143555555555556,0.9142742867300684
Red Neuronal Densa,0.9139666666666667,0.9142748111400509
Red Neuronal Densa,0.9136444444444445,0.9143623882455855
Red Neuronal Densa,0.9132296296296296,0.9143607277150253
Red Neuronal Densa,0.9128259259259259,0.9143600188464349
Red Neuronal Densa,0.9124,0.9143370399513042
Red Neuronal Densa,0.9119703703703703,0.9143103275419685
Red Neuronal Densa,0.9115518518518518,0.9142879431781034
Red Neuronal Densa,0.9111444444444444,0.9142732908174642
Red Neuronal Densa,0.9107518518518518,0.9142700986388361
Red Neuronal Densa,0.9103740740740741,0.9143055881029166
Red Neuronal Densa,0.909962962962963,0.9144607551214864
Red Neuronal Densa,0.9096444444444445,0.9145355158700607
Red Neuronal Densa,0.9093259259259259,0.9146239699593199
Red Neuronal Densa,0.9090185185185186,0.9147066386902255
Red Neuronal Densa,0.9086888888888889,0.9147874720357941
Red Neuronal Densa,0.9083666666666667,0.9148553630378424
Red Neuronal Densa,0.9080333333333334,0.914932602886955
Red Neuronal Densa,0.9058777777777778,0.9167016476020569
Red Neuronal Densa,0.9054814814814814,0.9167300993299261
Red Neuronal Densa,0.9051444444444444,0.9168014045249412
Red Neuronal Densa,0.9047925925925926,0.9168543205428451
Red Neuronal Densa,0.9044777777777778,0.9169379456390732
Red Neuronal Densa,0.9041888888888889,0.9170651630861466
Red Neuronal Densa,0.9038888888888889,0.9171950105794057
Red Neuronal Densa,0.9035296296296297,0.9172544743570462
Red Neuronal Densa,0.9032555555555556,0.917383257724513
Red Neuronal Densa,0.9029481481481482,0.9174851912901454
Red Neuronal Densa,0.902637037037037,0.9175903614457831
Red Neuronal Densa,0.9023037037037037,0.9176626575913154
Red Neuronal Densa,0.9019814814814815,0.9177324902210532
Red Neuronal Densa,0.9016148148148149,0.917950941759837
Red Neuronal Densa,0.9012037037037037,0.9183184384529453
Red Neuronal Densa,0.9008074074074074,0.9183235793845573
Red Neuronal Densa,0.9003703703703704,0.9183114552837851
Red Neuronal Densa,0.899962962962963,0.9183087307166127
Red Neuronal Densa,0.8995814814814814,0.9183185817286789
Red Neuronal Densa,0.8992592592592593,0.9183993826903655
Red Neuronal Densa,0.8989333333333334,0.9184729958827803
Red Neuronal Densa,0.8986296296296297,0.9185728672133506
Red Neuronal Densa,0.8983037037037037,0.9186431433744158
Red Neuronal Densa,0.897974074074074,0.9187131733009984
Red Neuronal Densa,0.8976259259259259,0.9187573448576519
Red Neuronal Densa,0.8972851851851852,0.9188195940410814
Red Neuronal Densa,0.8969518518518519,0.9188860010244541
Red Neuronal Densa,0.8965888888888889,0.9189325640100974
Red Neuronal Densa,0.8962518518518519,0.9189917932241881
Red Neuronal Densa,0.8950074074074074,0.9196611382163327
Red Neuronal Densa,0.8945666666666666,0.919642245219656
Red Neuronal Densa,0.8941148148148148,0.9196224158225751
Red Neuronal Densa,0.8936888888888889,0.9196152263060811
Red Neuronal Densa,0.8933111111111111,0.9196470785608614
Red Neuronal Densa,0.892962962962963,0.9197200022888097
Red Neuronal Densa,0.8926740740740741,0.9198575686681602
Red Neuronal Densa,0.8923814814814814,0.9199633454878677
Red Neuronal Densa,0.8920518518518519,0.9200415606640538
Red Neuronal Densa,0.8917074074074074,0.9201643416778139
Red Neuronal Densa,0.8913555555555556,0.9202162641665265
Red Neuronal Densa,0.8910111111111111,0.9202688435290878
Red Neuronal Densa,0.8889111111111111,0.9213989557739558
Red Neuronal Densa,0.8887037037037037,0.9216156215672267
Red Neuronal Densa,0.8884074074074074,0.9217508924694409
Red Neuronal Densa,0.8880740740740741,0.9218513919271685
Red Neuronal Densa,0.8877703703703703,0.9219756676398072
Red Neuronal Densa,0.8874888888888889,0.9221054089831604
Red Neuronal Densa,0.8479185185185185,0.9341548505559523
Red Neuronal Densa,0.8476111111111111,0.9342927127985303
Red Neuronal Densa,0.8472925925925926,0.9344299123444788
Red Neuronal Densa,0.8469592592592593,0.9345394508310277
Red Neuronal Densa,0.8466407407407407,0.9346730997260498
Red Neuronal Densa,0.8463259259259259,0.9347880334957394
Red Neuronal Densa,0.8459777777777778,0.9349159896035856
Red Neuronal Densa,0.8456296296296296,0.9350479154721927
Red Neuronal Densa,0.8453555555555555,0.9352197856229718
Red Neuronal Densa,0.8450666666666666,0.9353677634114146
Red Neuronal Densa,0.8447370370370371,0.9355129798483189
Red Neuronal Densa,0.8444,0.9356616666324667
Red Neuronal Densa,0.8436259259259259,0.9363063870368391
Red Neuronal Densa,0.8433333333333334,0.9364512732776206
Red Neuronal Densa,0.843,0.9365433358570064
Red Neuronal Densa,0.8426592592592592,0.936646535505358
Red Neuronal Densa,0.8423851851851852,0.9368085474450751
Red Neuronal Densa,0.8420777777777778,0.9369413548831095
Red Neuronal Densa,0.8417111111111111,0.9370778733475726
Red Neuronal Densa,0.8414037037037037,0.9372496276646217
Red Neuronal Densa,0.8411407407407407,0.937432409004978
Red Neuronal Densa,0.8408037037037037,0.9375792442933784
Red Neuronal Densa,0.8405037037037038,0.9377404412341995
Red Neuronal Densa,0.8402296296296297,0.9379113610054572
Red Neuronal Densa,0.8399407407407408,0.9380969517971118
Red Neuronal Densa,0.8396629629629629,0.9383262282190307
Red Neuronal Densa,0.8394074074074074,0.9385922772375636
Red Neuronal Densa,0.8391,0.9387695061615852
Red Neuronal Densa,0.8388296296296296,0.9389533558034734
Red Neuronal Densa,0.8385,0.9390982963949278
Red Neuronal Densa,0.8381925925925926,0.9392215208522683
Red Neuronal Densa,0.8379222222222222,0.9394058929045974
Red Neuronal Densa,0.8376370370370371,0.9395582254238485
Red Neuronal Densa,0.8372962962962963,0.9396913280045224
Red Neuronal Densa,0.8369777777777778,0.9398182612131168
Red Neuronal Densa,0.8366407407407408,0.9399245207651115
Red Neuronal Densa,0.8363074074074074,0.9400702753561645
Red Neuronal Densa,0.8359925925925926,0.9402017711205711
Red Neuronal Densa,0.8356703703703704,0.9403093926335881
Red Neuronal Densa,0.8353333333333334,0.9404200492851157
Red Neuronal Densa,0.8348629629629629,0.9405532838187433
Red Neuronal Densa,0.8345222222222223,0.94064039408867
Red Neuronal Densa,0.8341740740740741,0.9407349550573061
Red Neuronal Densa,0.8338592592592593,0.9408868847868878
Red Neuronal Densa,0.8335296296296296,0.9410183183572435
Red Neuronal Densa,0.8332185185185185,0.9411393119951138
Red Neuronal Densa,0.8328740740740741,0.9412542746043506
Red Neuronal Densa,0.8325555555555556,0.941394733315465
Red Neuronal Densa,0.8321703703703703,0.9414717540875074
Red Neuronal Densa,0.8318,0.9415695760995795
Red Neuronal Densa,0.8314814814814815,0.9416788308920991
Red Neuronal Densa,0.8311333333333333,0.9417704307099601
Red Neuronal Densa,0.8308148148148148,0.9418957162891862
Red Neuronal Densa,0.8304666666666667,0.9420112675346282
Red Neuronal Densa,0.8301074074074074,0.9420747341431633
Red Neuronal Densa,0.8297925925925926,0.9421887287576065
Red Neuronal Densa,0.8294777777777778,0.9422988728210608
Red Neuronal Densa,0.8291592592592593,0.9424564919045895
Red Neuronal Densa,0.8288481481481481,0.9425710964350698
Red Neuronal Densa,0.8285407407407407,0.9426860564585116
Red Neuronal Densa,0.828237037037037,0.9428411213377126
Red Neuronal Densa,0.8279444444444445,0.9429771832803938
Red Neuronal Densa,0.8276222222222223,0.943079617632784
Red Neuronal Densa,0.8272518518518519,0.9432905661652293
Red Neuronal Densa,0.8268962962962964,0.9433791652229763
Red Neuronal Densa,0.8266,0.9435115665584416
Red Neuronal Densa,0.8262037037037037,0.9435658180249306
Red Neuronal Densa,0.8258555555555556,0.9436352094794752
Red Neuronal Densa,0.8254703703703704,0.9436743161995088
Red Neuronal Densa,0.8251444444444445,0.9437772440174361
Red Neuronal Densa,0.8247666666666666,0.9439249563403923
Red Neuronal Densa,0.8243703703703704,0.9440116039884469
Red Neuronal Densa,0.824037037037037,0.9441304274026547
Red Neuronal Densa,0.8237148148148148,0.9442741415033457
Red Neuronal Densa,0.8233518518518519,0.9443512244854613
Red Neuronal Densa,0.8230111111111111,0.9444378331052421
Red Neuronal Densa,0.8226962962962963,0.9445663451888895
Red Neuronal Densa,0.8223777777777778,0.9446947553831033
Red Neuronal Densa,0.822062962962963,0.9448356008105024
Red Neuronal Densa,0.8217222222222222,0.9449508071042207
Red Neuronal Densa,0.8213925925925926,0.9451594756311689
Red Neuronal Densa,0.8210296296296297,0.9452735894112029
Red Neuronal Densa,0.8206814814814815,0.9453645633346133
Red Neuronal Densa,0.8203518518518519,0.9454527604429002
Red Neuronal Densa,0.8200666666666667,0.9456326767685396
Red Neuronal Densa,0.8197296296296296,0.9457570047132522
Red Neuronal Densa,0.8194148148148148,0.9458990320484317
Red Neuronal Densa,0.8191,0.9460290708119808
Red Neuronal Densa,0.8187666666666666,0.9461418953909891
Red Neuronal Densa,0.8184481481481481,0.9462557593820119
Red Neuronal Densa,0.8181333333333334,0.946378078247905
Red Neuronal Densa,0.8178518518518518,0.9465634457275619
Red Neuronal Densa,0.8175222222222223,0.9466688968374463
Red Neuronal Densa,0.8172444444444444,0.9468345305218712
Red Neuronal Densa,0.8169407407407407,0.9469580859403509
Red Neuronal Densa,0.8166037037037037,0.9470471756059636
Red Neuronal Densa,0.8162925925925926,0.947194932226262
Red Neuronal Densa,0.8158703703703704,0.947405317529267
Red Neuronal Densa,0.8155888888888889,0.9476653612772733
Red Neuronal Densa,0.8152888888888888,0.9478184863528916
Red Neuronal Densa,0.814962962962963,0.9479375336564351
Red Neuronal Densa,0.8145777777777777,0.947987741537825
Red Neuronal Densa,0.8142185185185186,0.9480927223719676
Red Neuronal Densa,0.8138814814814814,0.9481991603129194
Red Neuronal Densa,0.8135888888888889,0.9483370460550173
Red Neuronal Densa,0.8133185185185186,0.9485050838379737
Red Neuronal Densa,0.8130296296296297,0.9486885833934768
Red Neuronal Densa,0.8127037037037037,0.9488290438632905
Red Neuronal Densa,0.8124,0.948954561383016
Red Neuronal Densa,0.8121111111111111,0.949097519802623
Red Neuronal Densa,0.8118222222222222,0.949326958058313
Red Neuronal Densa,0.8114851851851852,0.9494468446528317
Red Neuronal Densa,0.8111444444444444,0.9495460575947556
Red Neuronal Densa,0.8108185185185185,0.9496421290070707
Red Neuronal Densa,0.8104925925925925,0.9497589069871403
Red Neuronal Densa,0.8101592592592592,0.9498671229069686
Red Neuronal Densa,0.8098074074074074,0.9499496020298217
Red Neuronal Densa,0.8094703703703704,0.9500412953705716
Red Neuronal Densa,0.8018407407407407,0.9557817873587829
Red Neuronal Densa,0.8015629629629629,0.955957118815511
Red Neuronal Densa,0.8012296296296296,0.9560663446367883
Red Neuronal Densa,0.8008851851851851,0.9561539652008578
Red Neuronal Densa,0.8005592592592593,0.956280720071848
Red Neuronal Densa,0.8002185185185186,0.9563856722971776
Red Neuronal Densa,0.7998851851851851,0.9564868862768718
Red Neuronal Densa,0.7995518518518518,0.9566009225738126
Red Neuronal Densa,0.7992666666666667,0.9567557502349749
Red Neuronal Densa,0.798962962962963,0.9569055381817375
Red Neuronal Densa,0.7986,0.9569887223551238
Red Neuronal Densa,0.798274074074074,0.957107902998761
Red Neuronal Densa,0.7979407407407407,0.9572055661198884
Red Neuronal Densa,0.7976148148148148,0.9573079658605974
Red Neuronal Densa,0.7972444444444444,0.9573826488404985
Red Neuronal Densa,0.7969185185185185,0.9574937700249199
Red Neuronal Densa,0.7948592592592593,0.958059346359712
Red Neuronal Densa,0.7944185185185185,0.9581012449022437
Red Neuronal Densa,0.7940296296296296,0.9581458125701108
Red Neuronal Densa,0.7936555555555556,0.9582168840634796
Red Neuronal Densa,0.7932777777777777,0.9582749842289642
Red Neuronal Densa,0.7929111111111111,0.9583294165043981
Red Neuronal Densa,0.792525925925926,0.9584087285235681
Red Neuronal Densa,0.7921481481481482,0.9584498458449846
Red Neuronal Densa,0.7917888888888889,0.9585263167333982
Red Neuronal Densa,0.7913296296296296,0.9586193591227645
Red Neuronal Densa,0.7909481481481482,0.9586862932586337
Red Neuronal Densa,0.7905074074074074,0.9587115784556369
Red Neuronal Densa,0.7901370370370371,0.9587791954482741
Red Neuronal Densa,0.7897592592592593,0.9588422037160278
Red Neuronal Densa,0.7894037037037037,0.9589063898899102
Red Neuronal Densa,0.7890555555555555,0.9590098626609829
Red Neuronal Densa,0.7887,0.9591001216051885
Red Neuronal Densa,0.7883111111111111,0.959154244101159
Red Neuronal Densa,0.7879148148148148,0.959203733345357
Red Neuronal Densa,0.7875444444444445,0.9593108239794997
Red Neuronal Densa,0.7871962962962963,0.959414807659321
Red Neuronal Densa,0.7868444444444445,0.9595230567725035
Red Neuronal Densa,0.7865,0.9596057733151373
Red Neuronal Densa,0.7860888888888888,0.9596462433704542
Red Neuronal Densa,0.7856444444444445,0.9596677509398794
Red Neuronal Densa,0.7852222222222223,0.959703411313102
Red Neuronal Densa,0.7847740740740741,0.9597465304199732
Red Neuronal Densa,0.7842703703703704,0.9597695679171823
Red Neuronal Densa,0.7837851851851851,0.9597848418741978
Red Neuronal Densa,0.7832296296296296,0.9597618204758144
Red Neuronal Densa,0.7827259259259259,0.9597500442781303
Red Neuronal Densa,0.7821925925925926,0.9597367894861215
Red Neuronal Densa,0.7816777777777778,0.9597287969114497
Red Neuronal Densa,0.7812,0.9597357273186424
Red Neuronal Densa,0.7807814814814815,0.9597805549864554
Red Neuronal Densa,0.7803888888888889,0.9598354606827562
Red Neuronal Densa,0.7800333333333334,0.9599360070009435
Red Neuronal Densa,0.779174074074074,0.9600556747136403
Red Neuronal Densa,0.7788592592592593,0.9601848300549741
Red Neuronal Densa,0.7785185185185185,0.9602996939101832
Red Neuronal Densa,0.7782222222222223,0.9604783193000741
Red Neuronal Densa,0.7778703703703703,0.9606280845069134
Red Neuronal Densa,0.7775814814814814,0.9608206564519377
Red Neuronal Densa,0.7773444444444444,0.9610467512248729
Red Neuronal Densa,0.7771222222222223,0.9613002244926009
Red Neuronal Densa,0.7767888888888889,0.9614649374939832
Red Neuronal Densa,0.7764703703703704,0.9616173199091805
Red Neuronal Densa,0.7762074074074075,0.9618298889822069
Red Neuronal Densa,0.7758814814814815,0.9619646325727484
Red Neuronal Densa,0.7755481481481481,0.9620682367427201
Red Neuronal Densa,0.7752592592592593,0.9622271153872675
Red Neuronal Densa,0.7749185185185186,0.9623394782352724
Red Neuronal Densa,0.7745888888888889,0.9624436263230557
Red Neuronal Densa,0.7742629629629629,0.962579082595843
Red Neuronal Densa,0.7739703703703704,0.9627295427112991
Red Neuronal Densa,0.7736740740740741,0.9628888694265314
Red Neuronal Densa,0.7733925925925926,0.9630534942604011
Red Neuronal Densa,0.7730666666666667,0.9631895895341593
Red Neuronal Densa,0.7727222222222222,0.9632938569152989
Red Neuronal Densa,0.7723629629629629,0.9633753106723457
Red Neuronal Densa,0.7720185185185185,0.9634842496937761
Red Neuronal Densa,0.7716518518518518,0.9635967569617561
Red Neuronal Densa,0.7712962962962963,0.9637054416385538
Red Neuronal Densa,0.7709444444444444,0.9638233441991406
Red Neuronal Densa,0.7705592592592593,0.9639443458599936
Red Neuronal Densa,0.7702111111111111,0.9640582263223773
Red Neuronal Densa,0.7698777777777778,0.9641907907248581
Red Neuronal Densa,0.7694851851851852,0.9642581986614809
Red Neuronal Densa,0.7691259259259259,0.9643719582420032
Red Neuronal Densa,0.7687333333333334,0.9644485128410057
Red Neuronal Densa,0.7683555555555556,0.964539270886123
Red Neuronal Densa,0.7679814814814815,0.9646168374728439
Red Neuronal Densa,0.7676037037037037,0.9646988181737782
Red Neuronal Densa,0.7672444444444444,0.9648041804641545
Red Neuronal Densa,0.7668703703703704,0.9649135070648324
Red Neuronal Densa,0.7665148148148148,0.9650147811733547
Red Neuronal Densa,0.7661222222222223,0.9650650132265876
Red Neuronal Densa,0.7657592592592593,0.9651571522600703
Red Neuronal Densa,0.7654333333333333,0.9652961041023461
Red Neuronal Densa,0.7650703703703704,0.9654020152169442
Red Neuronal Densa,0.7647,0.9654806383884106
Red Neuronal Densa,0.7643074074074074,0.9655764551749954
Red Neuronal Densa,0.7639592592592592,0.9656924020468453
Red Neuronal Densa,0.7635111111111111,0.9657227180099782
Red Neuronal Densa,0.7630925925925925,0.9657634094094376
Red Neuronal Densa,0.7627037037037037,0.9658235506549665
Red Neuronal Densa,0.7622777777777778,0.9658912254849049
Red Neuronal Densa,0.7618481481481482,0.9659497534632543
Red Neuronal Densa,0.7614703703703704,0.9660423636431982
Red Neuronal Densa,0.7610666666666667,0.9660930888575459
Red Neuronal Densa,0.7606962962962963,0.9662180280285461
Red Neuronal Densa,0.7603222222222222,0.9663202191657017
Red Neuronal Densa,0.7599296296296296,0.9663762245666918
Red Neuronal Densa,0.7594185185185185,0.9666595950309973
Red Neuronal Densa,0.7589814814814815,0.966700317005057
Red Neuronal Densa,0.7585814814814815,0.9667928553896116
Red Neuronal Densa,0.7581481481481481,0.9668475668220613
Red Neuronal Densa,0.7576962962962963,0.966878715983099
Red Neuronal Densa,0.7573222222222222,0.9669451971229553
Red Neuronal Densa,0.7569370370370371,0.9670067093770405
Red Neuronal Densa,0.756537037037037,0.967076825474981
Red Neuronal Densa,0.7561111111111111,0.9671276096812245
Red Neuronal Densa,0.7557222222222222,0.9671937658200848
Red Neuronal Densa,0.7553296296296297,0.9672414937916773
Red Neuronal Densa,0.754874074074074,0.9672499133909461
Red Neuronal Densa,0.7544481481481482,0.9672687730894517
Red Neuronal Densa,0.7540333333333333,0.9672973127066783
Red Neuronal Densa,0.7536333333333334,0.9673219082028001
Red Neuronal Densa,0.7532185185185185,0.9673459097957514
Red Neuronal Densa,0.7528037037037038,0.9673883555678243
Red Neuronal Densa,0.7524259259259259,0.9674969044670921
Red Neuronal Densa,0.7520629629629629,0.9675693190319399
Red Neuronal Densa,0.7517111111111111,0.9676468905543796
Red Neuronal Densa,0.7513037037037037,0.9676991551499597
Red Neuronal Densa,0.7509296296296296,0.9677759639526115
Red Neuronal Densa,0.7505148148148149,0.9677957035466277
Red Neuronal Densa,0.7501148148148148,0.9678345805736349
Red Neuronal Densa,0.7497074074074074,0.9679194759240664
Red Neuronal Densa,0.7493333333333333,0.9680104877371941
Red Neuronal Densa,0.7489666666666667,0.9680787403836487
Red Neuronal Densa,0.7485888888888889,0.9681744370410466
Red Neuronal Densa,0.7482111111111112,0.9682192017177256
Red Neuronal Densa,0.7478185185185185,0.9682587637270417
Red Neuronal Densa,0.7474703703703703,0.9683605951701206
Red Neuronal Densa,0.7471222222222222,0.968462542968525
Red Neuronal Densa,0.7467925925925926,0.9685793202834154
Red Neuronal Densa,0.746437037037037,0.9686718960279924
Red Neuronal Densa,0.7460740740740741,0.9687456417507058
Red Neuronal Densa,0.7457111111111111,0.9688194705084159
Red Neuronal Densa,0.7453555555555555,0.968907676308593
Red Neuronal Densa,0.7450037037037037,0.9689961317423538
Red Neuronal Densa,0.7446333333333334,0.9690652579421504
Red Neuronal Densa,0.7442703703703704,0.9691534562500904
Red Neuronal Densa,0.7438888888888889,0.969217628806779
Red Neuronal Densa,0.7435185185185185,0.9692776407082124
Red Neuronal Densa,0.7431592592592593,0.9693522128340024
Red Neuronal Densa,0.7428111111111111,0.9694835453807185
Red Neuronal Densa,0.7425518518518519,0.9697592640066557
Red Neuronal Densa,0.742225925925926,0.9699388225272492
Red Neuronal Densa,0.741862962962963,0.9700466855216768
Red Neuronal Densa,0.7414962962962963,0.9701216262053594
Red Neuronal Densa,0.7411888888888889,0.9702648191065385
Red Neuronal Densa,0.7408333333333333,0.9703545232273839
Red Neuronal Densa,0.7404481481481482,0.9704290505938946
Red Neuronal Densa,0.7401,0.9705145266102634
Red Neuronal Densa,0.7397148148148148,0.9705703691824724
Red Neuronal Densa,0.7393925925925926,0.970694777378527
Red Neuronal Densa,0.7390666666666666,0.9708191840269331
Red Neuronal Densa,0.7387851851851852,0.9710116002278182
Red Neuronal Densa,0.7385111111111111,0.9712045199941551
Red Neuronal Densa,0.7382037037037037,0.9713632664200672
Red Neuronal Densa,0.7378555555555556,0.9714780318915492
Red Neuronal Densa,0.7374814814814815,0.9715635185510471
Red Neuronal Densa,0.7367962962962963,0.9716469668848295
Red Neuronal Densa,0.7364296296296297,0.9717234705945598
Red Neuronal Densa,0.7360777777777778,0.9718481354340873
Red Neuronal Densa,0.7357296296296296,0.9719493101086212
Red Neuronal Densa,0.7353740740740741,0.972026534159058
Red Neuronal Densa,0.7350185185185185,0.9721181305627807
Red Neuronal Densa,0.7346185185185186,0.972170077196422
Red Neuronal Densa,0.7342777777777778,0.972267176695601
Red Neuronal Densa,0.7339407407407408,0.9723788353868876
Red Neuronal Densa,0.7335481481481482,0.9724169759814607
Red Neuronal Densa,0.7332037037037037,0.9725238015700685
Red Neuronal Densa,0.7328592592592592,0.9726164085272042
Red Neuronal Densa,0.7325222222222222,0.9727285246353147
Red Neuronal Densa,0.7321555555555556,0.9728014015127283
Red Neuronal Densa,0.7317814814814815,0.9728980476155304
Red Neuronal Densa,0.7313962962962963,0.9729656490806251
Red Neuronal Densa,0.7310555555555556,0.9730780986561234
Red Neuronal Densa,0.7306851851851852,0.9731656184486374
Red Neuronal Densa,0.7303444444444445,0.9732735133854536
Red Neuronal Densa,0.7299851851851852,0.9733472268177171
Red Neuronal Densa,0.7296222222222222,0.9734208926903749
Red Neuronal Densa,0.7292555555555555,0.9734848859400184
Red Neuronal Densa,0.7288592592592592,0.9735286406158017
Red Neuronal Densa,0.7284666666666667,0.9735918543121754
Red Neuronal Densa,0.7280962962962962,0.9736511049696394
Red Neuronal Densa,0.7277444444444444,0.9737448522962104
Red Neuronal Densa,0.7273962962962963,0.9738436669443453
Red Neuronal Densa,0.7270185185185185,0.9738980729921213
Red Neuronal Densa,0.726662962962963,0.9739823272438444
Red Neuronal Densa,0.7262888888888889,0.9740418429993444
Red Neuronal Densa,0.7259407407407408,0.9741507417807709
Red Neuronal Densa,0.7255259259259259,0.9742041685108838
Red Neuronal Densa,0.725125925925926,0.9742387826493698
Red Neuronal Densa,0.7247592592592592,0.9743085463914959
Red Neuronal Densa,0.7244074074074074,0.9744031724522737
Red Neuronal Densa,0.7239814814814814,0.9744662183382603
Red Neuronal Densa,0.7235666666666667,0.9745345890615958
Red Neuronal Densa,0.7232,0.9746290186526376
Red Neuronal Densa,0.7228444444444444,0.9747336772762915
Red Neuronal Densa,0.722437037037037,0.9748172136513791
Red Neuronal Densa,0.7220666666666666,0.9748972386962566
Red Neuronal Densa,0.7216888888888889,0.9749527173749888
Red Neuronal Densa,0.7213444444444445,0.9750630807433515
Red Neuronal Densa,0.7209555555555556,0.97512323167555
Red Neuronal Densa,0.720562962962963,0.975158890871544
Red Neuronal Densa,0.7201740740740741,0.9752191706622264
Red Neuronal Densa,0.7197703703703704,0.9752594495854828
Red Neuronal Densa,0.7193962962962963,0.9753301531508913
Red Neuronal Densa,0.7190148148148148,0.9754448023072942
Red Neuronal Densa,0.7186296296296296,0.9755006209056676
Red Neuronal Densa,0.718237037037037,0.9755807986799344
Red Neuronal Densa,0.717837037037037,0.9756215424420741
Red Neuronal Densa,0.7174296296296296,0.9756571756682566
Red Neuronal Densa,0.7170444444444445,0.9757132561573624
Red Neuronal Densa,0.7166370370370371,0.9757489876500874
Red Neuronal Densa,0.7161481481481482,0.9758165448746416
Red Neuronal Densa,0.7157629629629629,0.9758728299180949
Red Neuronal Densa,0.715337037037037,0.9758982572974721
Red Neuronal Densa,0.7149074074074074,0.9759334631038754
Red Neuronal Densa,0.7145037037037038,0.9759596899852278
Red Neuronal Densa,0.7132333333333334,0.9764572854129483
Red Neuronal Densa,0.7128333333333333,0.9764840182648402
Red Neuronal Densa,0.7124777777777778,0.9766113638209731
Red Neuronal Densa,0.7121148148148149,0.9766989403529448
Red Neuronal Densa,0.7117666666666667,0.9768069533394328
Red Neuronal Densa,0.7113851851851852,0.9768792594853016
Red Neuronal Densa,0.7110333333333333,0.9769923664122138
Red Neuronal Densa,0.7106444444444444,0.9770397641343701
Red Neuronal Densa,0.7102592592592593,0.9770873351098249
Red Neuronal Densa,0.7098740740740741,0.9771349623504341
Red Neuronal Densa,0.7094555555555555,0.9771666437108795
Red Neuronal Densa,0.709062962962963,0.9772191312337297
Red Neuronal Densa,0.7086851851851852,0.9772971040400429
Red Neuronal Densa,0.7082962962962963,0.9773398611977064
Red Neuronal Densa,0.7078925925925926,0.9773922025855015
Red Neuronal Densa,0.7074222222222222,0.9774125208527362
Red Neuronal Densa,0.7070185185185185,0.977439951664354
Red Neuronal Densa,0.7066296296296296,0.9774829008376669
Red Neuronal Densa,0.7062185185185185,0.9774901317475778
Red Neuronal Densa,0.7058,0.9775322396971469
Red Neuronal Densa,0.7054037037037038,0.9775650567161115
Red Neuronal Densa,0.7049703703703704,0.977576678924338
Red Neuronal Densa,0.7045555555555556,0.9775888915725804
Red Neuronal Densa,0.7041481481481482,0.9776164300442735
Red Neuronal Densa,0.7037185185185185,0.9776382814509905
Red Neuronal Densa,0.7033407407407407,0.9777020382736198
Red Neuronal Densa,0.7029333333333333,0.9777397701338911
Red Neuronal Densa,0.7025185185185185,0.9777823599154596
Red Neuronal Densa,0.7020740740740741,0.9779502048144288
Red Neuronal Densa,0.7016814814814815,0.9780037684226828
Red Neuronal Densa,0.7012962962962963,0.9780576245622372
Red Neuronal Densa,0.7008555555555556,0.9780795153820708
Red Neuronal Densa,0.7004703703703704,0.9781284263224311
Red Neuronal Densa,0.7000666666666666,0.9781717692355462
Red Neuronal Densa,0.6996629629629629,0.9782202314682961
Red Neuronal Densa,0.699262962962963,0.9782891430170318
Red Neuronal Densa,0.6988740740740741,0.9783635524630708
Red Neuronal Densa,0.6984888888888889,0.9784381679706144
Red Neuronal Densa,0.6981222222222222,0.9785083552662316
Red Neuronal Densa,0.697737037037037,0.9785679037997039
Red Neuronal Densa,0.6973703703703704,0.9788214010937597
Red Neuronal Densa,0.6969962962962963,0.9789121060324694
Red Neuronal Densa,0.6965962962962963,0.9789461082831059
Red Neuronal Densa,0.6962,0.9789802614447164
Red Neuronal Densa,0.6957962962962962,0.9790040334768153
Red Neuronal Densa,0.6954259259259259,0.9790798688059569
Red Neuronal Densa,0.6950259259259259,0.9791191647665907
Red Neuronal Densa,0.694625925925926,0.9791636211757335
Red Neuronal Densa,0.6942444444444444,0.9792189067201604
Red Neuronal Densa,0.6938518518518518,0.9792585777907876
Red Neuronal Densa,0.693462962962963,0.9793086494657175
Red Neuronal Densa,0.6930666666666667,0.9793483153123921
Red Neuronal Densa,0.6926851851851852,0.9794192348982744
Red Neuronal Densa,0.6923037037037038,0.9794697128484594
Red Neuronal Densa,0.6919037037037037,0.979504307293824
Red Neuronal Densa,0.6914888888888889,0.9795333756551576
Red Neuronal Densa,0.6910962962962963,0.979599122226772
Red Neuronal Densa,0.6907148148148148,0.9796549804061649
Red Neuronal Densa,0.6903185185185186,0.9796847322747319
Red Neuronal Densa,0.689937037037037,0.979735557706063
Red Neuronal Densa,0.6894666666666667,0.9797581078093914
Red Neuronal Densa,0.6890740740740741,0.9798035653158491
Red Neuronal Densa,0.6886777777777778,0.9798438092829139
Red Neuronal Densa,0.6882666666666667,0.97985784489486
Red Neuronal Densa,0.687862962962963,0.9798876197008468
Red Neuronal Densa,0.6874592592592592,0.9799122580100201
Red Neuronal Densa,0.6870666666666667,0.979947597515108
Red Neuronal Densa,0.6866629629629629,0.9799826625648832
Red Neuronal Densa,0.6862666666666667,0.9800231661456928
Red Neuronal Densa,0.6858666666666666,0.9800688012701773
Red Neuronal Densa,0.6854592592592592,0.9800883315504623
Red Neuronal Densa,0.6850407407407407,0.9801023760571441
Red Neuronal Densa,0.6846037037037037,0.9801107140205945
Red Neuronal Densa,0.6841925925925926,0.9801198011449551
Red Neuronal Densa,0.6837555555555556,0.9801125504353366
Red Neuronal Densa,0.6832962962962963,0.9801046564135256
Red Neuronal Densa,0.6828444444444445,0.9800917533610117
Red Neuronal Densa,0.6824333333333333,0.9801164924599058
Red Neuronal Densa,0.682037037037037,0.9801573361436677
Red Neuronal Densa,0.6816074074074074,0.9801659583080348
Red Neuronal Densa,0.6812,0.9802013440702626
Red Neuronal Densa,0.6808185185185185,0.9802636490651764
Red Neuronal Densa,0.6804148148148148,0.9803044775163685
Red Neuronal Densa,0.6799814814814815,0.9803131107100522
Red Neuronal Densa,0.6795777777777777,0.9803540229639405
Red Neuronal Densa,0.6791518518518519,0.9803891167082801
Red Neuronal Densa,0.6787333333333333,0.9804244664744245
Red Neuronal Densa,0.6783148148148148,0.9804598624160176
Red Neuronal Densa,0.6779037037037037,0.9804850088655807
Red Neuronal Densa,0.6774814814814815,0.980515129586449
Red Neuronal Densa,0.6770444444444444,0.9805343531923338
Red Neuronal Densa,0.676625925925926,0.9805751765893037
Red Neuronal Densa,0.6762037037037038,0.9806001493122506
Red Neuronal Densa,0.6757592592592593,0.9806245297215952
Red Neuronal Densa,0.6753370370370371,0.9806390199041631
Red Neuronal Densa,0.6749259259259259,0.9806749506245257
Red Neuronal Densa,0.6744888888888889,0.9807154820052452
Red Neuronal Densa,0.674062962962963,0.9807458102063911
Red Neuronal Densa,0.6736444444444445,0.9807922521920127
Red Neuronal Densa,0.6732481481481482,0.9808340842501713
Red Neuronal Densa,0.6728333333333333,0.9808701567966827
Red Neuronal Densa,0.6724259259259259,0.9809329817812453
Red Neuronal Densa,0.6719777777777778,0.9809576331668073
Red Neuronal Densa,0.6715222222222222,0.9809821129061929
Red Neuronal Densa,0.6711074074074074,0.981023691961192
Red Neuronal Densa,0.6706814814814814,0.9810597031097628
Red Neuronal Densa,0.6702481481481481,0.9810796012078696
Red Neuronal Densa,0.6698148148148149,0.9811208159279553
Red Neuronal Densa,0.6693629629629629,0.981140269921065
Red Neuronal Densa,0.6689481481481482,0.9811714344694212
Red Neuronal Densa,0.6685148148148148,0.9811861274190041
Red Neuronal Densa,0.6680592592592592,0.9811895514431498
Red Neuronal Densa,0.6676,0.9812035600555238
Red Neuronal Densa,0.6671518518518519,0.9812178952930346
Red Neuronal Densa,0.6667333333333333,0.981265160393557
Red Neuronal Densa,0.666262962962963,0.9812950032729653
Red Neuronal Densa,0.6658259259259259,0.9813150942160309
Red Neuronal Densa,0.6653962962962963,0.9813354162797557
Red Neuronal Densa,0.6649444444444444,0.981355153979863
Red Neuronal Densa,0.6644962962962963,0.9813696532108085
Red Neuronal Densa,0.6640666666666667,0.9813739388399626
Red Neuronal Densa,0.6635629629629629,0.9813923170043657
Red Neuronal Densa,0.6631111111111111,0.9814067707419751
Red Neuronal Densa,0.6626814814814814,0.9814326226351963
Red Neuronal Densa,0.6622370370370371,0.9814581023372232
Red Neuronal Densa,0.6617925925925926,0.9814782264797645
Red Neuronal Densa,0.6613703703703704,0.9815205681243542
Red Neuronal Densa,0.6609407407407407,0.9815357706629412
Red Neuronal Densa,0.6605222222222222,0.9815512980687203
Red Neuronal Densa,0.6600962962962963,0.9815666426175698
Red Neuronal Densa,0.6596666666666666,0.9815764963930054
Red Neuronal Densa,0.6592481481481481,0.9815974941268598
Red Neuronal Densa,0.6588407407407407,0.9816459084061298
Red Neuronal Densa,0.6584296296296296,0.9816780235678708
Red Neuronal Densa,0.6579925925925926,0.9816715015886172
Red Neuronal Densa,0.6575962962962963,0.9817040805042574
Red Neuronal Densa,0.6572,0.9817367008769261
Red Neuronal Densa,0.6567777777777778,0.9817360445997043
Red Neuronal Densa,0.6563851851851852,0.98177970561677
Red Neuronal Densa,0.6559555555555555,0.9818060868119075
Red Neuronal Densa,0.6555481481481481,0.9818331086740666
Red Neuronal Densa,0.6551370370370371,0.981860064944076
Red Neuronal Densa,0.6547,0.9818590829560919
Red Neuronal Densa,0.6542888888888889,0.9818806345112774
Red Neuronal Densa,0.6538851851851852,0.9819187986651835
Red Neuronal Densa,0.6534703703703704,0.9819293871463235
Red Neuronal Densa,0.6530333333333334,0.9819339173437734
Red Neuronal Densa,0.6526259259259259,0.9819666192983922
Red Neuronal Densa,0.6522111111111111,0.9819882114795876
Red Neuronal Densa,0.6518074074074074,0.9820320521405295
Red Neuronal Densa,0.6514037037037037,0.9820649837233585
Red Neuronal Densa,0.651,0.982092471015505
Red Neuronal Densa,0.6506259259259259,0.982164721931801
Red Neuronal Densa,0.6502296296296296,0.9822034988782777
Red Neuronal Densa,0.6498148148148148,0.9822253324002799
Red Neuronal Densa,0.6493777777777778,0.9822631065894296
Red Neuronal Densa,0.6489185185185186,0.982267296813944
Red Neuronal Densa,0.6484777777777778,0.9822940334932256
Red Neuronal Densa,0.6480703703703704,0.9823217012485403
Red Neuronal Densa,0.6476703703703703,0.982377196530493
Red Neuronal Densa,0.6472703703703704,0.9824603812618407
Red Neuronal Densa,0.646874074074074,0.9825050909622762
Red Neuronal Densa,0.6464555555555556,0.9825271465321678
Red Neuronal Densa,0.6460407407407407,0.9825659340040332
Red Neuronal Densa,0.6456296296296297,0.982599333735422
Red Neuronal Densa,0.645237037037037,0.9826776094988295
Red Neuronal Densa,0.6448259259259259,0.9827111296749941
Red Neuronal Densa,0.6443814814814814,0.9827327157704474
Red Neuronal Densa,0.6439777777777778,0.9827665142463106
Red Neuronal Densa,0.6435444444444445,0.9827829028116357
Red Neuronal Densa,0.6431259259259259,0.9828163912157573
Red Neuronal Densa,0.6427222222222222,0.9828447475136495
Red Neuronal Densa,0.6423111111111112,0.9828673766060063
Red Neuronal Densa,0.6419074074074074,0.9829013780978847
Red Neuronal Densa,0.6414740740740741,0.9829123370542935
Red Neuronal Densa,0.6410666666666667,0.9829407355246121
Red Neuronal Densa,0.640662962962963,0.9829636827539963
Red Neuronal Densa,0.6402592592592593,0.9830034288833668
Red Neuronal Densa,0.639837037037037,0.9830427459370874
Red Neuronal Densa,0.6394222222222222,0.9830487242414062
Red Neuronal Densa,0.639,0.9830601186304507
Red Neuronal Densa,0.6385925925925926,0.9830943353194401
Red Neuronal Densa,0.6381703703703704,0.9831057757592702
Red Neuronal Densa,0.637737037037037,0.9831281688210843
Red Neuronal Densa,0.6372888888888889,0.9831502082654828
Red Neuronal Densa,0.6368703703703704,0.9831674280584795
Red Neuronal Densa,0.6364222222222222,0.9831670252208541
Red Neuronal Densa,0.6359962962962963,0.9831672000870267
Red Neuronal Densa,0.6355851851851851,0.9831959253126773
Red Neuronal Densa,0.6351259259259259,0.9832798165137615
Red Neuronal Densa,0.6347,0.9832913513234375
Red Neuronal Densa,0.6342962962962962,0.9833260604947062
Red Neuronal Densa,0.6338925925925926,0.983620783788599
Red Neuronal Densa,0.6334666666666666,0.9836212647512135
Red Neuronal Densa,0.6330555555555556,0.9836504264355512
Red Neuronal Densa,0.6326333333333334,0.9836963407470543
Red Neuronal Densa,0.6322296296296296,0.9837257817272339
Red Neuronal Densa,0.6318222222222222,0.9837438224795428
Red Neuronal Densa,0.6313888888888889,0.9837725853641647
Red Neuronal Densa,0.6309407407407407,0.9837782898194187
Red Neuronal Densa,0.6305333333333333,0.9838020884499586
Red Neuronal Densa,0.6300777777777777,0.9838133240804997
Red Neuronal Densa,0.629674074074074,0.9838372732270478
Red Neuronal Densa,0.6292518518518518,0.9838664844455769
Red Neuronal Densa,0.6288296296296296,0.9838957366295208
Red Neuronal Densa,0.6284037037037037,0.9839021137174171
Red Neuronal Densa,0.6279777777777777,0.9839084995386678
Red Neuronal Densa,0.627562962962963,0.9839266012426688
Red Neuronal Densa,0.6271148148148148,0.9839724777573091
Red Neuronal Densa,0.6267111111111111,0.9840367068511314
Red Neuronal Densa,0.6263222222222222,0.9840899436106634
Red Neuronal Densa,0.6259259259259259,0.9841373366564953
Red Neuronal Densa,0.6255222222222222,0.9841903452133983
Red Neuronal Densa,0.6250925925925926,0.9841968685307753
Red Neuronal Densa,0.624662962962963,0.9842091442243165
Red Neuronal Densa,0.6242481481481481,0.9842275530225171
Red Neuronal Densa,0.6238370370370371,0.9842403276983399
Red Neuronal Densa,0.6234,0.9842582305128355
Red Neuronal Densa,0.6229888888888889,0.9842883224492662
Red Neuronal Densa,0.6225777777777778,0.9843299838380999
Red Neuronal Densa,0.6221518518518518,0.9843424961764516
Red Neuronal Densa,0.6217296296296296,0.9843608899105164
Red Neuronal Densa,0.6213037037037037,0.9843792176699098
Red Neuronal Densa,0.6209074074074074,0.9844272065861407
Red Neuronal Densa,0.6204962962962963,0.9844806816512414
Red Neuronal Densa,0.6201111111111111,0.9845580279437361
Red Neuronal Densa,0.6197111111111111,0.9846177384427078
Red Neuronal Densa,0.6192888888888889,0.9846711932678095
Red Neuronal Densa,0.618874074074074,0.9847016948353488
Red Neuronal Densa,0.6184407407407407,0.9847143674331106
Red Neuronal Densa,0.6180444444444444,0.984757015136762
Red Neuronal Densa,0.6176481481481482,0.9848113525100834
Red Neuronal Densa,0.6172407407407408,0.9848480371589479
Red Neuronal Densa,0.6168592592592592,0.9849203439344301
Red Neuronal Densa,0.6164185185185185,0.9849738418199465
Red Neuronal Densa,0.6160037037037037,0.9850280428074789
Red Neuronal Densa,0.6156185185185186,0.9850830300947053
Red Neuronal Densa,0.615225925925926,0.9851320736813389
Red Neuronal Densa,0.6147518518518519,0.9851266254770341
Red Neuronal Densa,0.6143407407407407,0.9851577765767264
Red Neuronal Densa,0.6139074074074075,0.9851591660128854
Red Neuronal Densa,0.6134925925925926,0.9851844362234884
Red Neuronal Densa,0.6131111111111112,0.9852457162582803
Red Neuronal Densa,0.6126777777777778,0.9852589071936533
Red Neuronal Densa,0.6122851851851852,0.9853024442285572
Red Neuronal Densa,0.6118629629629629,0.985345341763092
Red Neuronal Densa,0.6114518518518518,0.9853709197041953
Red Neuronal Densa,0.6110185185185185,0.9853783530339321
Red Neuronal Densa,0.6106037037037036,0.9854039030513134
Red Neuronal Densa,0.6101888888888889,0.9854235949948561
Red Neuronal Densa,0.609774074074074,0.9854433145189769
Red Neuronal Densa,0.6093407407407407,0.9854508208995454
Red Neuronal Densa,0.608937037037037,0.9854885694762459
Red Neuronal Densa,0.6085074074074074,0.9855139402082633
Red Neuronal Densa,0.6081074074074074,0.9855518739945737
Red Neuronal Densa,0.6076851851851852,0.9855656603274907
Red Neuronal Densa,0.6072518518518518,0.9855851306835942
Red Neuronal Densa,0.6068111111111111,0.9855925983854085
Red Neuronal Densa,0.6063888888888889,0.9856005104835748
Red Neuronal Densa,0.6059629629629629,0.9856083470382352
Red Neuronal Densa,0.6055444444444444,0.9856163681631029
Red Neuronal Densa,0.605125925925926,0.9856244005139745
Red Neuronal Densa,0.6047148148148148,0.9856564180888505
Red Neuronal Densa,0.6042962962962963,0.9856763989826679
Red Neuronal Densa,0.6038777777777777,0.985684490523834
Red Neuronal Densa,0.603437037037037,0.9856861108086198
Red Neuronal Densa,0.6030333333333333,0.985724404729472
Red Neuronal Densa,0.6026148148148148,0.9857325473612786
Red Neuronal Densa,0.6021851851851852,0.985752394810234
Red Neuronal Densa,0.6017518518518519,0.9857721850768727
Red Neuronal Densa,0.601337037037037,0.9857864506806232
Red Neuronal Densa,0.6008740740740741,0.9857876348169528
Red Neuronal Densa,0.6004444444444444,0.9858135759153072
Red Neuronal Densa,0.6000074074074074,0.9858093881972081
Red Neuronal Densa,0.5995888888888888,0.9858416456574957
Red Neuronal Densa,0.5991740740740741,0.985856012870358
Red Neuronal Densa,0.5987296296296296,0.9858636987345631
Red Neuronal Densa,0.5982592592592593,0.985864775459883
Red Neuronal Densa,0.5978333333333333,0.9858668897996079
Red Neuronal Densa,0.5974111111111111,0.985875119184412
Red Neuronal Densa,0.5969888888888889,0.9858773303322406
Red Neuronal Densa,0.5965370370370371,0.9858969571950615
Red Neuronal Densa,0.5960962962962963,0.9858987552680584
Red Neuronal Densa,0.5956703703703704,0.9859069453809844
Red Neuronal Densa,0.5951814814814815,0.985907629635083
Red Neuronal Densa,0.5947592592592592,0.9859098722986247
Red Neuronal Densa,0.5943518518518518,0.985948808689989
Red Neuronal Densa,0.5917518518518519,0.9868134990241372
Red Neuronal Densa,0.5913037037037037,0.9868219354200662
Red Neuronal Densa,0.5908555555555556,0.9868242804386957
Red Neuronal Densa,0.590437037037037,0.9868272813935349
Red Neuronal Densa,0.5900222222222222,0.9868364812210789
Red Neuronal Densa,0.5896074074074074,0.9868885183095798
Red Neuronal Densa,0.5890962962962963,0.9869079086159612
Red Neuronal Densa,0.5886740740740741,0.9869170252531838
Red Neuronal Densa,0.5882444444444445,0.9869198600642511
Red Neuronal Densa,0.5878148148148148,0.9869226990355258
Red Neuronal Densa,0.5873962962962963,0.9869380693981182
Red Neuronal Densa,0.5868925925925926,0.9869761821715083
Red Neuronal Densa,0.5864703703703704,0.9870099918344958
Red Neuronal Densa,0.5860481481481481,0.9870253815972504
Red Neuronal Densa,0.5856185185185185,0.9870406322373637
Red Neuronal Densa,0.5851962962962963,0.9870622337169059
Red Neuronal Densa,0.5847592592592593,0.9870712021656362
Red Neuronal Densa,0.5843259259259259,0.9870679137860919
Red Neuronal Densa,0.5838888888888889,0.9870707197195003
Red Neuronal Densa,0.5834185185185186,0.9870789861202494
Red Neuronal Densa,0.5829925925925926,0.9870944276522895
Red Neuronal Densa,0.582574074074074,0.9871100540323441
Red Neuronal Densa,0.5821185185185185,0.9871000967178727
Red Neuronal Densa,0.5816333333333333,0.9870956792839454
Red Neuronal Densa,0.5812259259259259,0.9871302138045126
Red Neuronal Densa,0.5808074074074074,0.9871334869257594
Red Neuronal Densa,0.580374074074074,0.9871364406619505
Red Neuronal Densa,0.5799481481481481,0.9871333379563378
Red Neuronal Densa,0.5795222222222223,0.9871302307095406
Red Neuronal Densa,0.5790962962962963,0.9871271189115818
Red Neuronal Densa,0.5786777777777777,0.9871740600102354
Red Neuronal Densa,0.5782555555555555,0.9871960241283811
Red Neuronal Densa,0.5778222222222222,0.9871990381877432
Red Neuronal Densa,0.5774185185185186,0.9872277102330294
Red Neuronal Densa,0.577,0.9872498447421452
Red Neuronal Densa,0.5765925925925925,0.9872847766115991
Red Neuronal Densa,0.5761777777777778,0.9873008015536051
Red Neuronal Densa,0.5757185185185185,0.9873409681332851
Red Neuronal Densa,0.5753333333333334,0.9874330174107058
Red Neuronal Densa,0.5749148148148148,0.9874491094147583
Red Neuronal Densa,0.5745111111111111,0.9874844032492169
Red Neuronal Densa,0.5740851851851851,0.9875255636750531
Red Neuronal Densa,0.5736592592592593,0.9875353060066436
Red Neuronal Densa,0.5732259259259259,0.9875512053189724
Red Neuronal Densa,0.5728,0.9875672879829889
Red Neuronal Densa,0.5723555555555555,0.9875703759561864
Red Neuronal Densa,0.5719555555555556,0.9876375822615614
Red Neuronal Densa,0.5715296296296296,0.9876664106502816
Red Neuronal Densa,0.5710814814814815,0.9876631778526499
Red Neuronal Densa,0.5706037037037037,0.9876656388032335
Red Neuronal Densa,0.5701851851851852,0.987701052820674
Red Neuronal Densa,0.5697703703703704,0.9877239165329053
Red Neuronal Densa,0.5693370370370371,0.9877273807917446
Red Neuronal Densa,0.5689333333333333,0.9877759415611557
Red Neuronal Densa,0.5684962962962963,0.9877857289950577
Red Neuronal Densa,0.5680666666666667,0.9877893272537579
Red Neuronal Densa,0.5676518518518519,0.9877996120109049
Red Neuronal Densa,0.5672296296296296,0.9878161260569784
Red Neuronal Densa,0.5668222222222222,0.9878776142525174
Red Neuronal Densa,0.5663925925925926,0.9878940568475452
Red Neuronal Densa,0.5659518518518518,0.9879102904762829
Red Neuronal Densa,0.5655185185185185,0.987920314188293
Red Neuronal Densa,0.5651148148148148,0.9879501689954805
Red Neuronal Densa,0.5646814814814815,0.9879730430274754
Red Neuronal Densa,0.5642666666666667,0.9879963424836092
Red Neuronal Densa,0.563862962962963,0.988032734753743
Red Neuronal Densa,0.5634296296296296,0.988042892308092
Red Neuronal Densa,0.5629925925925926,0.9880465657438884
Red Neuronal Densa,0.5625666666666667,0.9880569053334114
Red Neuronal Densa,0.5621296296296296,0.9880734601938713
Red Neuronal Densa,0.561725925925926,0.9881164896735943
Red Neuronal Densa,0.5612925925925926,0.9881138669379026
Red Neuronal Densa,0.5608925925925926,0.9881570705225244
Red Neuronal Densa,0.5604740740740741,0.9881676896957032
Red Neuronal Densa,0.5600518518518518,0.9881911633043831
Red Neuronal Densa,0.559637037037037,0.9882212906221591
Red Neuronal Densa,0.5592111111111111,0.9882124250595596
Red Neuronal Densa,0.5587925925925926,0.9882231188430098
Red Neuronal Densa,0.5583555555555556,0.9882334432419322
Red Neuronal Densa,0.5579259259259259,0.9882309720928402
Red Neuronal Densa,0.5575111111111111,0.9882417820495145
Red Neuronal Densa,0.5570851851851852,0.9882458837597403
Red Neuronal Densa,0.5566592592592593,0.988249991780912
Red Neuronal Densa,0.5562518518518519,0.9882870077911139
Red Neuronal Densa,0.5558296296296297,0.9883042476127758
Red Neuronal Densa,0.5554259259259259,0.9883544670867055
Red Neuronal Densa,0.5550111111111111,0.9883719396369777
Red Neuronal Densa,0.5545666666666667,0.9884279735421095
Red Neuronal Densa,0.5541407407407407,0.988425711831935
Red Neuronal Densa,0.5537333333333333,0.9884630387496446
Red Neuronal Densa,0.5533148148148148,0.9884740334927913
Red Neuronal Densa,0.5528925925925926,0.9884849688782943
Red Neuronal Densa,0.5524629629629629,0.9885416252468621
Red Neuronal Densa,0.5514185185185185,0.9885201710355085
Red Neuronal Densa,0.5508259259259259,0.9885145329708676
Red Neuronal Densa,0.5503851851851852,0.9885185924299874
Red Neuronal Densa,0.5499259259259259,0.9885354389422245
Red Neuronal Densa,0.5495111111111111,0.9885664028144239
Red Neuronal Densa,0.5490851851851852,0.9885774108797994
Red Neuronal Densa,0.5486518518518518,0.9885882839715441
Red Neuronal Densa,0.5482407407407407,0.9886194391200102
Red Neuronal Densa,0.5477925925925926,0.988616842794789
Red Neuronal Densa,0.5473481481481481,0.9886275454229215
Red Neuronal Densa,0.5469,0.9886646669701921
Red Neuronal Densa,0.5462,0.9887165872201774
Red Neuronal Densa,0.5457851851851852,0.9887280095543538
Red Neuronal Densa,0.5453740740740741,0.9887727214735131
Red Neuronal Densa,0.5449518518518518,0.9888106342656685
Red Neuronal Densa,0.5445074074074074,0.9888215551624641
Red Neuronal Densa,0.5440777777777778,0.9888327948303716
Red Neuronal Densa,0.5436444444444445,0.9888506389830166
Red Neuronal Densa,0.5432185185185185,0.9888753295262239
Red Neuronal Densa,0.5427740740740741,0.9888729942374391
Red Neuronal Densa,0.5423518518518519,0.9889044962789881
Red Neuronal Densa,0.5419296296296297,0.9889226818058935
Red Neuronal Densa,0.5414592592592593,0.9889265445001387
Red Neuronal Densa,0.5410111111111111,0.988930863595743
Red Neuronal Densa,0.5405851851851852,0.9889356397070282
Red Neuronal Densa,0.5401666666666667,0.9889472791998644
Red Neuronal Densa,0.539737037037037,0.9889520009229287
Red Neuronal Densa,0.5393185185185185,0.988970388481391
Red Neuronal Densa,0.5389037037037037,0.9889888801283271
Red Neuronal Densa,0.5384814814814814,0.9890005237845817
Red Neuronal Densa,0.538062962962963,0.989018993804888
Red Neuronal Densa,0.5376481481481481,0.9890510451584771
Red Neuronal Densa,0.5372333333333333,0.9890966369364209
Red Neuronal Densa,0.5368111111111111,0.989115154162174
Red Neuronal Densa,0.5363888888888889,0.989126945641558
Red Neuronal Densa,0.5359555555555555,0.9891520557777094
Red Neuronal Densa,0.535525925925926,0.9891772818695527
Red Neuronal Densa,0.5320777777777778,0.9894485271328508
Red Neuronal Densa,0.5316037037037037,0.9894528584132412
Red Neuronal Densa,0.5311703703703704,0.9894579975714759
Red Neuronal Densa,0.5307666666666667,0.9894910549682729
Red Neuronal Densa,0.5303333333333333,0.9894825584609431
Red Neuronal Densa,0.5299185185185186,0.9895154709047401
Red Neuronal Densa,0.5294962962962962,0.9895345939810072
Red Neuronal Densa,0.5290888888888889,0.9895677472984206
Red Neuronal Densa,0.5286444444444445,0.9895865109958679
Red Neuronal Densa,0.5282222222222223,0.9896332070444231
Red Neuronal Densa,0.5278037037037037,0.9896663078579118
Red Neuronal Densa,0.5273777777777777,0.9896718052794728
Red Neuronal Densa,0.5269518518518519,0.9896841958820256
Red Neuronal Densa,0.5265333333333333,0.9897105303462775
Red Neuronal Densa,0.5260851851851852,0.9897363360182837
Red Neuronal Densa,0.5256740740740741,0.9897905101955424
Red Neuronal Densa,0.5252629629629629,0.9898240495815855
Red Neuronal Densa,0.5248296296296296,0.9898295613299805
Red Neuronal Densa,0.5244,0.9898351533116148
Red Neuronal Densa,0.523974074074074,0.9898616028323142
Red Neuronal Densa,0.5235444444444445,0.9899018900692582
Red Neuronal Densa,0.5231111111111111,0.9899144232858375
Red Neuronal Densa,0.5227,0.9899551770820911
Red Neuronal Densa,0.5222740740740741,0.9899818170330171
Red Neuronal Densa,0.521837037037037,0.9900013350290544
Red Neuronal Densa,0.5214111111111112,0.9900210970464135
Red Neuronal Densa,0.5206296296296297,0.9900411313950868
Red Neuronal Densa,0.5202,0.9900748614851053
Red Neuronal Densa,0.5195814814814815,0.990119065263574
Red Neuronal Densa,0.5191629629629629,0.9901531419529838
Red Neuronal Densa,0.5187222222222222,0.9901798591668788
Red Neuronal Densa,0.5159777777777778,0.9902689024260216
Red Neuronal Densa,0.5155703703703703,0.9903035563112252
Red Neuronal Densa,0.5150888888888889,0.9903368914271066
Red Neuronal Densa,0.5146666666666667,0.9903643309196647
Red Neuronal Densa,0.514237037037037,0.9903846153846154
Red Neuronal Densa,0.5138259259259259,0.9904547726136932
Red Neuronal Densa,0.5133703703703704,0.9904888488720246
Red Neuronal Densa,0.5129333333333334,0.9905091582689048
Red Neuronal Densa,0.5125037037037037,0.9905225483178239
Red Neuronal Densa,0.5120555555555556,0.9905498158682849
Red Neuronal Densa,0.5116407407407407,0.9905706377547362
Red Neuronal Densa,0.5112111111111111,0.9906267718343824
Red Neuronal Densa,0.5107888888888888,0.9906546755355065
Red Neuronal Densa,0.5103777777777778,0.9906828279342622
Red Neuronal Densa,0.5099555555555556,0.9907179553598411
Red Neuronal Densa,0.5095296296296297,0.9907316721878151
Red Neuronal Densa,0.5090740740740741,0.990773444820875
Red Neuronal Densa,0.5086333333333334,0.9907798194922408
Red Neuronal Densa,0.5082074074074074,0.990829397917479
Red Neuronal Densa,0.5078,0.9908650719086507
Red Neuronal Densa,0.5073666666666666,0.990886010025389
Red Neuronal Densa,0.5069481481481481,0.990935943472721
Red Neuronal Densa,0.5065296296296297,0.990950062313422
Red Neuronal Densa,0.5061148148148148,0.9910002030574653
Red Neuronal Densa,0.5056592592592593,0.9910353287892976
Red Neuronal Densa,0.5052185185185185,0.9910563789596047
Red Neuronal Densa,0.5047777777777778,0.9910918808857215
Red Neuronal Densa,0.5043185185185185,0.9910982684203248
Red Neuronal Densa,0.5038814814814815,0.9911267174682733
Red Neuronal Densa,0.5031703703703704,0.991164904754609
Red Neuronal Densa,0.5027481481481482,0.9912082134563989
Red Neuronal Densa,0.5023037037037037,0.9912222360275684
Red Neuronal Densa,0.5018851851851852,0.9912657366700073
Red Neuronal Densa,0.5014333333333333,0.9912869663266876
Red Neuronal Densa,0.5010111111111111,0.9913378036715401
Red Neuronal Densa,0.5005666666666667,0.9913592653174993
Red Neuronal Densa,0.5000777777777777,0.9913654485781626
Red Neuronal Densa,0.4995888888888889,0.991357071987653
Red Neuronal Densa,0.4990962962962963,0.991370494890715
Red Neuronal Densa,0.49863703703703705,0.9913772155254302
Red Neuronal Densa,0.4981962962962963,0.9913988797169812
Red Neuronal Densa,0.4977814814814815,0.9914429666349466
Red Neuronal Densa,0.4973592592592593,0.9914504042231164
Red Neuronal Densa,0.49694074074074074,0.9914872234456055
Red Neuronal Densa,0.4965185185185185,0.9915313782774305
Red Neuronal Densa,0.4960925925925926,0.9915535288630947
Red Neuronal Densa,0.4956185185185185,0.9915822545626997
Red Neuronal Densa,0.4951925925925926,0.9915897831439675
Red Neuronal Densa,0.4947740740740741,0.9916195311688119
Red Neuronal Densa,0.4943518518518519,0.9916419019316494
Red Neuronal Densa,0.4939148148148148,0.9916566898921021
Red Neuronal Densa,0.49345925925925926,0.9916711945397572
Red Neuronal Densa,0.4930222222222222,0.991708200165389
Red Neuronal Densa,0.4926037037037037,0.9917529770559769
Red Neuronal Densa,0.4921740740740741,0.9917680423912232
Red Neuronal Densa,0.4915148148148148,0.9917793272500355
Red Neuronal Densa,0.4911111111111111,0.9918319719953326
Red Neuronal Densa,0.49067777777777777,0.991847093702273
Red Neuronal Densa,0.4902518518518518,0.9918549323742085
Red Neuronal Densa,0.48983333333333334,0.9918852231563632
Red Neuronal Densa,0.4893925925925926,0.9919003115264797
Red Neuronal Densa,0.48895185185185186,0.9919154275581736
Red Neuronal Densa,0.48852962962962965,0.9919607135336762
Red Neuronal Densa,0.488062962962963,0.9919754898639748
Red Neuronal Densa,0.48762222222222223,0.9919757690829774
Red Neuronal Densa,0.4871259259259259,0.991997586453973
Red Neuronal Densa,0.48669259259259257,0.9920129845619597
Red Neuronal Densa,0.4862518518518519,0.9920357860694262
Red Neuronal Densa,0.4858148148148148,0.9920736964709798
Red Neuronal Densa,0.4853925925925926,0.9921044065435771
Red Neuronal Densa,0.48494444444444446,0.9921197196438719
Red Neuronal Densa,0.4844888888888889,0.9921349422445374
Red Neuronal Densa,0.48405185185185184,0.9921580237916297
Red Neuronal Densa,0.4835851851851852,0.9921731333302938
Red Neuronal Densa,0.48316296296296296,0.9922116247585148
Red Neuronal Densa,0.4827185185185185,0.9922120633083886
Red Neuronal Densa,0.4822851851851852,0.9922353622481637
Red Neuronal Densa,0.48188148148148147,0.9922894469909014
Red Neuronal Densa,0.48143703703703705,0.9922975335313022
Red Neuronal Densa,0.48102222222222224,0.9923440150369046
Red Neuronal Densa,0.4805814814814815,0.9923674046881572
Red Neuronal Densa,0.48017037037037036,0.9924292877100318
Red Neuronal Densa,0.47974074074074075,0.9924453706825217
Red Neuronal Densa,0.4791666666666667,0.9925125238778375
Red Neuronal Densa,0.47868518518518516,0.9926193877394283
Red Neuronal Densa,0.47815555555555556,0.9926952296004675
Red Neuronal Densa,0.47774814814814814,0.9927348848663957
Red Neuronal Densa,0.4773,0.9927663508204299
Red Neuronal Densa,0.4768851851851852,0.9928519655167096
Red Neuronal Densa,0.4762777777777778,0.9928735774178107
Red Neuronal Densa,0.47585185185185186,0.9929132823790351
Red Neuronal Densa,0.4754185185185185,0.9929299101928417
Red Neuronal Densa,0.4749888888888889,0.9929850642261504
Red Neuronal Densa,0.4744962962962963,0.993000922359069
Red Neuronal Densa,0.47406296296296296,0.9930407932099244
Red Neuronal Densa,0.4736740740740741,0.9931353668385413
Red Neuronal Densa,0.4731037037037037,0.9931811997045445
Red Neuronal Densa,0.4726,0.99328221694625
Red Neuronal Densa,0.4722148148148148,0.9933696405893306
Red Neuronal Densa,0.4718222222222222,0.9934493730114168
Red Neuronal Densa,0.47142222222222224,0.993536905207943
Red Neuronal Densa,0.471,0.9936010125870192
Red Neuronal Densa,0.47055185185185183,0.9936882117382054
Red Neuronal Densa,0.47016296296296295,0.993784151935994
Red Neuronal Densa,0.46972592592592594,0.9938718575637892
Red Neuronal Densa,0.4693148148148148,0.9939444806137097
Red Neuronal Densa,0.4686444444444444,0.9940217604776307
Red Neuronal Densa,0.46821851851851853,0.9940554354236288
Red Neuronal Densa,0.4677962962962963,0.9940970445869899
Red Neuronal Densa,0.4672703703703704,0.9941609405534892
Red Neuronal Densa,0.4668481481481481,0.9942419485876999
Red Neuronal Densa,0.46641481481481484,0.9942994299429943
Red Neuronal Densa,0.4658851851851852,0.9943715859953677
Red Neuronal Densa,0.4654333333333333,0.9944212325515146
Red Neuronal Densa,0.4649814814814815,0.9944631031969836
Red Neuronal Densa,0.4645666666666667,0.9945133795837463
Red Neuronal Densa,0.46414074074074074,0.9945636215010754
Red Neuronal Densa,0.4637222222222222,0.994629848825478
Red Neuronal Densa,0.46290740740740743,0.9946679399944292
Red Neuronal Densa,0.46245925925925924,0.9947024193612631
Red Neuronal Densa,0.46203333333333335,0.9947689486065149
Red Neuronal Densa,0.46162592592592594,0.9948358156537841
Red Neuronal Densa,0.46123333333333333,0.9949347671510862
Red Neuronal Densa,0.4608,0.9949538973346022
Red Neuronal Densa,0.4603555555555556,0.9949888730567874
Red Neuronal Densa,0.45992962962962963,0.995056010512989
Red Neuronal Densa,0.4595222222222222,0.9951314586374501
Red Neuronal Densa,0.4591296296296296,0.9952311755874726
Red Neuronal Densa,0.4587185185185185,0.9952909032465446
Red Neuronal Densa,0.4583074074074074,0.9953907783390714
Red Neuronal Densa,0.45785925925925924,0.9954504094631483
Red Neuronal Densa,0.4574666666666667,0.9955588512658483
Red Neuronal Densa,0.45695555555555556,0.9956904900251792
Red Neuronal Densa,0.4565518518518519,0.995799303653798
Red Neuronal Densa,0.4561222222222222,0.9958436769712211
Red Neuronal Densa,0.4555296296296296,0.9958947368421053
Red Neuronal Densa,0.4551037037037037,0.9959393413790029
Red Neuronal Densa,0.4547074074074074,0.9960246955646961
Red Neuronal Densa,0.45426666666666665,0.9960693866943867
Red Neuronal Densa,0.4538111111111111,0.9961140422902761
Red Neuronal Densa,0.4534037037037037,0.9962078365951906
Red Neuronal Densa,0.453,0.9962937319268521
Red Neuronal Densa,0.4525851851851852,0.9963878311494525
Red Neuronal Densa,0.45217407407407406,0.996465883121123
Red Neuronal Densa,0.4517814814814815,0.9965767973856209
Red Neuronal Densa,0.4513666666666667,0.996687766818784
Red Neuronal Densa,0.45063703703703706,0.9968457360085862
Red Neuronal Densa,0.45022962962962965,0.9969246414131888
Red Neuronal Densa,0.44981481481481483,0.996979099968806
Red Neuronal Densa,0.44938518518518517,0.9970089894657266
Red Neuronal Densa,0.4489592592592593,0.9970799677562637
Red Neuronal Densa,0.44837037037037036,0.9971007808124402
Red Neuronal Densa,0.44792592592592595,0.9971225750068019
Red Neuronal Densa,0.44744814814814815,0.9971277412325952
Red Neuronal Densa,0.44701111111111114,0.9971496554800972
Red Neuronal Densa,0.44656666666666667,0.9971880608371309
Red Neuronal Densa,0.4461333333333333,0.9972183588317107
Red Neuronal Densa,0.44566666666666666,0.9972485123734067
Red Neuronal Densa,0.44508148148148147,0.9972531804187448
Red Neuronal Densa,0.4446111111111111,0.9972917064741508
Red Neuronal Densa,0.4441037037037037,0.997313504836523
Red Neuronal Densa,0.4436851851851852,0.9973441896864645
Red Neuronal Densa,0.44323703703703704,0.9973747593529407
Red Neuronal Densa,0.44282962962962963,0.9974389134986777
Red Neuronal Densa,0.4423962962962963,0.9974697286012526
Red Neuronal Densa,0.4419666666666667,0.9974922887880232
Red Neuronal Densa,0.44153333333333333,0.9975232198142415
Red Neuronal Densa,0.44108148148148146,0.9975206888464502
Red Neuronal Densa,0.4406333333333333,0.9975265373199403
Red Neuronal Densa,0.4401888888888889,0.997532418481682
Red Neuronal Densa,0.43974814814814817,0.9975467132679123
Red Neuronal Densa,0.43925555555555557,0.9975523593237446
Red Neuronal Densa,0.4387666666666667,0.9975496387611782
Red Neuronal Densa,0.4383296296296296,0.9975556098753361
Red Neuronal Densa,0.4379,0.9975700508770597
Red Neuronal Densa,0.43705555555555553,0.9975822336441488
Red Neuronal Densa,0.4366074074074074,0.9976135267335782
Red Neuronal Densa,0.43555925925925926,0.9976162603281248
Red Neuronal Densa,0.4351111111111111,0.9976392262096843
Red Neuronal Densa,0.4346777777777778,0.9976538392879912
Red Neuronal Densa,0.4337259259259259,0.9976742006662179
Red Neuronal Densa,0.43327777777777776,0.9976718006447322
Red Neuronal Densa,0.4328074074074074,0.997677793904209
Red Neuronal Densa,0.4323518518518519,0.997683879459173
Red Neuronal Densa,0.4319222222222222,0.9977071872834447
Red Neuronal Densa,0.43143333333333334,0.9977131404491495
Red Neuronal Densa,0.43098888888888887,0.9977278962891831
Red Neuronal Densa,0.4305148148148148,0.9977510922653025
Red Neuronal Densa,0.4300777777777778,0.9977659583609009
Red Neuronal Densa,0.42957407407407405,0.9977719280134889
Red Neuronal Densa,0.429062962962963,0.9977692797960485
Red Neuronal Densa,0.4285814814814815,0.9977753826255659
Red Neuronal Densa,0.42814074074074077,0.997790322302208
Red Neuronal Densa,0.42768518518518517,0.997787973835878
Red Neuronal Densa,0.4272037037037037,0.9977941176470588
Red Neuronal Densa,0.42674074074074075,0.9978003706462061
Red Neuronal Densa,0.4263,0.9978240515985852
Red Neuronal Densa,0.42586296296296294,0.9978304825874532
Red Neuronal Densa,0.4254074074074074,0.9978368329148893
Red Neuronal Densa,0.42495925925925926,0.9978432344525903
Red Neuronal Densa,0.4244962962962963,0.9978408873256603
Red Neuronal Densa,0.4240333333333333,0.9978385350845848
Red Neuronal Densa,0.4235407407407407,0.9978360266657359
Red Neuronal Densa,0.4230407407407407,0.9978421917042317
Red Neuronal Densa,0.42255185185185185,0.9978571553518638
Red Neuronal Densa,0.4221,0.9978548663888208
Red Neuronal Densa,0.42162962962962963,0.9978524784152167
Red Neuronal Densa,0.42116296296296296,0.9978501039847665
Red Neuronal Densa,0.42066296296296296,0.997856320778753
Red Neuronal Densa,0.4202,0.997853964009921
Red Neuronal Densa,0.41973333333333335,0.9978515831366886
Red Neuronal Densa,0.41927037037037035,0.9978492159334315
Red Neuronal Densa,0.4188222222222222,0.9978557246856387
Red Neuronal Densa,0.41838148148148147,0.9978710999611321
Red Neuronal Densa,0.4179333333333333,0.9978776463097575
Red Neuronal Densa,0.4174333333333333,0.9979104504041861
Red Neuronal Densa,0.4169703703703704,0.9979258261239541
Red Neuronal Densa,0.4164777777777778,0.9979233779718325
Red Neuronal Densa,0.4159888888888889,0.9979298089737895
Red Neuronal Densa,0.41554074074074077,0.9979364571103284
Red Neuronal Densa,0.41505555555555557,0.9979429365248985
Red Neuronal Densa,0.4146185185185185,0.9979496688269431
Red Neuronal Densa,0.41416296296296295,0.9979474182090777
Red Neuronal Densa,0.4136888888888889,0.9979629033987348
Red Neuronal Densa,0.4132296296296296,0.9979695703897172
Red Neuronal Densa,0.4127777777777778,0.9979673522748641
Red Neuronal Densa,0.41233333333333333,0.9979830576845502
Red Neuronal Densa,0.41188148148148146,0.9980077178497712
Red Neuronal Densa,0.4113777777777778,0.9980142506716505
Red Neuronal Densa,0.41093703703703705,0.998030079516425
Red Neuronal Densa,0.4104925925925926,0.9980369379834491
Red Neuronal Densa,0.41005555555555556,0.9980438466808496
Red Neuronal Densa,0.4096185185185185,0.9980417636760698
Red Neuronal Densa,0.40917037037037035,0.9980396231017318
Red Neuronal Densa,0.4087148148148148,0.9980374423442163
Red Neuronal Densa,0.40824814814814814,0.9980352033609793
Red Neuronal Densa,0.4078,0.9980420949583945
Red Neuronal Densa,0.4073481481481481,0.9980399274047187
Red Neuronal Densa,0.40692222222222224,0.9980650787594703
Red Neuronal Densa,0.40647037037037037,0.9980629319752637
Red Neuronal Densa,0.406,0.998060692141706
Red Neuronal Densa,0.40553333333333336,0.9980675623940349
Red Neuronal Densa,0.4050814814814815,0.998074518857852
Red Neuronal Densa,0.40461851851851854,0.9981087945620991
Red Neuronal Densa,0.40416296296296295,0.9981066669105743
Red Neuronal Densa,0.4036592592592593,0.9981225902759334
Red Neuronal Densa,0.4031962962962963,0.9981204386254446
Red Neuronal Densa,0.4026851851851852,0.9981180574680988
Red Neuronal Densa,0.40221111111111113,0.9981250172332975
Red Neuronal Densa,0.40173333333333333,0.9981319763322322
Red Neuronal Densa,0.40128888888888886,0.9981391064025794
Red Neuronal Densa,0.40084444444444445,0.9981554579997787
Red Neuronal Densa,0.4003925925925926,0.9981718126754321
Red Neuronal Densa,0.39992222222222223,0.9981788936547848
Red Neuronal Densa,0.3994888888888889,0.9981953968738722
Red Neuronal Densa,0.39903333333333335,0.9982210856936377
Red Neuronal Densa,0.39855555555555555,0.9982189569766795
Red Neuronal Densa,0.3981,0.9982169225197114
Red Neuronal Densa,0.39763333333333334,0.9982148336169144
Red Neuronal Densa,0.3971703703703704,0.9982220484608153
Red Neuronal Densa,0.39669629629629627,0.9982292307405544
Red Neuronal Densa,0.3962333333333333,0.9982271654241274
Red Neuronal Densa,0.3957703703703704,0.9982250952843584
Red Neuronal Densa,0.39532962962962964,0.998241791128527
Red Neuronal Densa,0.3939962962962963,0.9982452189253608
Red Neuronal Densa,0.3934962962962963,0.9982617519660995
Red Neuronal Densa,0.39303333333333335,0.9982784895862731
Red Neuronal Densa,0.39256296296296295,0.998276430421474
Red Neuronal Densa,0.3921037037037037,0.9982838283828382
Red Neuronal Densa,0.39165925925925926,0.9982913083291639
Red Neuronal Densa,0.3912111111111111,0.998317659845943
Red Neuronal Densa,0.3907481481481481,0.9983156699470098
Red Neuronal Densa,0.39025185185185185,0.9983229901937563
Red Neuronal Densa,0.3897888888888889,0.9983588829020262
Red Neuronal Densa,0.38927407407407405,0.9983756827356922
Red Neuronal Densa,0.38882962962962964,0.9983833235064762
Red Neuronal Densa,0.38834444444444444,0.9983813069518106
Red Neuronal Densa,0.38785925925925924,0.9983888036151815
Red Neuronal Densa,0.38737777777777777,0.9983963344788087
Red Neuronal Densa,0.3868814814814815,0.9984038231780167
Red Neuronal Densa,0.3864074074074074,0.9984018679962104
Red Neuronal Densa,0.3859222222222222,0.9984285618466314
Red Neuronal Densa,0.38542592592592595,0.998426541557532
Red Neuronal Densa,0.3849222222222222,0.9984340775467855
Red Neuronal Densa,0.38442592592592595,0.9984512678440879
Red Neuronal Densa,0.3839296296296296,0.9984781205752319
Red Neuronal Densa,0.38334074074074076,0.998485418535776
Red Neuronal Densa,0.38282962962962963,0.9984833995034824
Red Neuronal Densa,0.38235185185185183,0.9985008221297997
Red Neuronal Densa,0.38186296296296296,0.9984989056537992
Red Neuronal Densa,0.38134074074074076,0.9985065363280189
Red Neuronal Densa,0.38083333333333336,0.9985142457612306
Red Neuronal Densa,0.38035555555555556,0.9985123822302598
Red Neuronal Densa,0.37987037037037036,0.9985299271778496
Red Neuronal Densa,0.3793888888888889,0.9985280642582809
Red Neuronal Densa,0.37886296296296296,0.9985260239740736
Red Neuronal Densa,0.37838518518518516,0.9985241655671211
Red Neuronal Densa,0.3778851851851852,0.9985222156977882
Red Neuronal Densa,0.3773962962962963,0.9985398741743919
Red Neuronal Densa,0.37687037037037036,0.9985378395352489
Red Neuronal Densa,0.37635555555555555,0.9985554671147666
Red Neuronal Densa,0.37575555555555556,0.9985531638468126
Red Neuronal Densa,0.3752666666666667,0.9985611227184925
Red Neuronal Densa,0.3748,0.9985691871996527
Red Neuronal Densa,0.37428518518518517,0.9985770891591981
Red Neuronal Densa,0.37377037037037036,0.9985751320971284
Red Neuronal Densa,0.3733,0.9985931261331774
Red Neuronal Densa,0.37272962962962963,0.9986207033420655
Red Neuronal Densa,0.37226296296296296,0.9986288984490655
Red Neuronal Densa,0.37175925925925923,0.9986369786692136
Red Neuronal Densa,0.3712185185185185,0.9986648466068172
Red Neuronal Densa,0.37066666666666664,0.9986827924799425
Red Neuronal Densa,0.37016296296296297,0.9986909817636772
Red Neuronal Densa,0.3695888888888889,0.9987089413318921
Red Neuronal Densa,0.3690851851851852,0.9987372092324036
Red Neuronal Densa,0.3686333333333333,0.9987356633252055
Red Neuronal Densa,0.36815555555555557,0.9987340245960936
Red Neuronal Densa,0.3676888888888889,0.9987424673796038
Red Neuronal Densa,0.36715185185185184,0.9987406302893528
Red Neuronal Densa,0.36664814814814817,0.9987489785005902
Red Neuronal Densa,0.3661740740740741,0.9987675398276576
Red Neuronal Densa,0.36567777777777777,0.9987658692023671
Red Neuronal Densa,0.36517777777777777,0.9987742987672079
Red Neuronal Densa,0.36463703703703704,0.9987724833372221
Red Neuronal Densa,0.36414074074074076,0.9987911049706919
Red Neuronal Densa,0.36365185185185184,0.9987894817150704
Red Neuronal Densa,0.36315185185185184,0.9987878170520526
Red Neuronal Densa,0.3626666666666667,0.9988065730285505
Red Neuronal Densa,0.3620851851851852,0.9988046587658357
Red Neuronal Densa,0.3615888888888889,0.9988234571943034
Red Neuronal Densa,0.3610333333333333,0.9988216488718569
Red Neuronal Densa,0.3605333333333333,0.9988507634214415
Red Neuronal Densa,0.3595481481481482,0.9988476180677024
Red Neuronal Densa,0.3589481481481481,0.9988456940264666
Red Neuronal Densa,0.3584185185185185,0.9988542999876141
Red Neuronal Densa,0.35786296296296294,0.998852523414725
Red Neuronal Densa,0.35688888888888887,0.9988701033492624
Red Neuronal Densa,0.35607777777777777,0.998898666971438
Red Neuronal Densa,0.3552925925925926,0.9989170389345329
Red Neuronal Densa,0.35456666666666664,0.9989669421487604
Red Neuronal Densa,0.3535074074074074,0.998974305301167
Red Neuronal Densa,0.35267777777777776,0.999013817052572
Red Neuronal Densa,0.3521444444444444,0.9990543139047379
Red Neuronal Densa,0.3516148148148148,0.9990844321901013
Red Neuronal Densa,0.3509851851851852,0.9991038576293344
Red Neuronal Densa,0.35032592592592593,0.9991021727419644
Red Neuronal Densa,0.34979629629629627,0.9991219532836831
Red Neuronal Densa,0.34913333333333335,0.9991202874434281
Red Neuronal Densa,0.3485740740740741,0.9991188772585405
Red Neuronal Densa,0.347962962962963,0.9991279564403607
Red Neuronal Densa,0.34734814814814813,0.9991264142501012
Red Neuronal Densa,0.3468111111111111,0.999135723431498
Red Neuronal Densa,0.34623333333333334,0.999134282416314
Red Neuronal Densa,0.3456222222222222,0.9991327530273343
Red Neuronal Densa,0.3449185185185185,0.9991309852052913
Red Neuronal Densa,0.34421851851851853,0.9991292195226833
Red Neuronal Densa,0.3435740740740741,0.9991275876182065
Red Neuronal Densa,0.34302222222222223,0.999147742596688
Red Neuronal Densa,0.34247777777777777,0.9991463889008947
Red Neuronal Densa,0.34196296296296297,0.9991451049140235
Red Neuronal Densa,0.34145185185185184,0.9991546548173837
Red Neuronal Densa,0.34094074074074077,0.9991642335370288
Red Neuronal Densa,0.3404037037037037,0.9991846408070969
Red Neuronal Densa,0.33987407407407405,0.9991942508710802
Red Neuronal Densa,0.3393148148148148,0.9992147196440062
Red Neuronal Densa,0.3386925925925926,0.9992132781171122
Red Neuronal Densa,0.3381111111111111,0.9992228631472948
Red Neuronal Densa,0.33755555555555555,0.9992325402916347
Red Neuronal Densa,0.3370111111111111,0.9992642213924885
Red Neuronal Densa,0.3365185185185185,0.999274135010888
Red Neuronal Densa,0.3359666666666667,0.9992949600660975
Red Neuronal Densa,0.3354,0.9992937697247909
Red Neuronal Densa,0.3348111111111111,0.9993146217707078
Red Neuronal Densa,0.3342185185185185,0.999313407381978
Red Neuronal Densa,0.33364814814814814,0.9993233199476405
Red Neuronal Densa,0.3331,0.9993555197510973
Red Neuronal Densa,0.3325740740740741,0.9994212383273787
Red Neuronal Densa,0.3319925925925926,0.9994313683952324
Red Neuronal Densa,0.33143703703703703,0.9994415778775492
Red Neuronal Densa,0.33094074074074076,0.9994519199579432
Red Neuronal Densa,0.33038518518518517,0.999462196925559
Red Neuronal Densa,0.32985925925925924,0.9994837725007856
Red Neuronal Densa,0.3293185185185185,0.9995053956834532
Red Neuronal Densa,0.3287,0.9995157221371295
Red Neuronal Densa,0.32812592592592593,0.9995148752778186
Red Neuronal Densa,0.32755925925925927,0.9995140364359658
Red Neuronal Densa,0.3270148148148148,0.9995245426553161
Red Neuronal Densa,0.3264851851851852,0.9995464389790342
Red Neuronal Densa,0.32585925925925924,0.9996818543347347
Red Neuronal Densa,0.32525925925925925,0.9997381692337466
Red Neuronal Densa,0.3247074074074074,0.9997377243597053
Red Neuronal Densa,0.32405555555555554,0.9997486202680622
Red Neuronal Densa,0.32351111111111114,0.9997596401469628
Red Neuronal Densa,0.3229740740740741,0.9997592405759883
Red Neuronal Densa,0.3224444444444444,0.9997588452130775
Red Neuronal Densa,0.3218740740740741,0.9997584179829052
Red Neuronal Densa,0.3213259259259259,0.9997695268385997
Red Neuronal Densa,0.32074444444444444,0.9997691091074913
Red Neuronal Densa,0.32015185185185185,0.9997686818334278
Red Neuronal Densa,0.3194962962962963,0.9997682073153771
Red Neuronal Densa,0.3188259259259259,0.9997677200562117
Red Neuronal Densa,0.31807407407407406,0.99976717112922
Red Neuronal Densa,0.31672222222222224,0.9997661775881218
Red Neuronal Densa,0.31394074074074074,0.9997641064351764
Red Neuronal Densa,0.3109037037037037,0.9997618026773379
Red Neuronal Densa,0.30944814814814814,0.999772645686251
Red Neuronal Densa,0.3088037037037037,0.9997841597218059
Red Neuronal Densa,0.30815925925925924,0.9997837084389758
Red Neuronal Densa,0.3075555555555556,0.9997832839702376
Red Neuronal Densa,0.30693333333333334,0.9997828447339848
Red Neuronal Densa,0.30641111111111113,0.9997824747126853
Red Neuronal Densa,0.3058666666666667,0.9997820876007845
Red Neuronal Densa,0.3053148148148148,0.9997938194343375
Red Neuronal Densa,0.30475185185185183,0.9997934386391252
Red Neuronal Densa,0.3042,0.9997930639919174
Red Neuronal Densa,0.30364444444444444,0.9998048780487805
Red Neuronal Densa,0.3030814814814815,0.9998045156876161
Red Neuronal Densa,0.3024074074074074,0.9998040800333063
Red Neuronal Densa,0.30185555555555554,0.999815987045488
Red Neuronal Densa,0.3013222222222222,0.9998279485320323
Red Neuronal Densa,0.30077777777777776,0.9998276371515809
Red Neuronal Densa,0.3002444444444444,0.9998396625513388
Red Neuronal Densa,0.29964814814814816,0.9998393435329593
Red Neuronal Densa,0.2990962962962963,0.9998390471591824
Red Neuronal Densa,0.2985481481481482,0.9998387516900064
Red Neuronal Densa,0.2979037037037037,0.999838402923664
Red Neuronal Densa,0.2973074074074074,0.9998380788680468
Red Neuronal Densa,0.29665185185185183,0.9998502022269936
Red Neuronal Densa,0.29598148148148146,0.9998498629999875
Red Neuronal Densa,0.2953703703703704,0.9998495524184449
Red Neuronal Densa,0.2947888888888889,0.9998618159891463
Red Neuronal Densa,0.2942222222222222,0.9998615498860933
Red Neuronal Densa,0.29363333333333336,0.9998612722594965
Red Neuronal Densa,0.29293703703703705,0.9998862228515082
Red Neuronal Densa,0.29231851851851853,0.9998859821372015
Red Neuronal Densa,0.29174074074074074,0.9998857563563894
Red Neuronal Densa,0.29097407407407405,0.9998854553785064
Red Neuronal Densa,0.2901925925925926,0.9998851469480992
Red Neuronal Densa,0.2894814814814815,0.9998848648441198
Red Neuronal Densa,0.28874074074074074,0.9998845695083943
Red Neuronal Densa,0.2879555555555556,0.9998842547937806
Red Neuronal Densa,0.28721851851851854,0.999883957812218
Red Neuronal Densa,0.2865111111111111,0.9998836713327388
Red Neuronal Densa,0.2857925925925926,0.9998833789019476
Red Neuronal Densa,0.2850925925925926,0.9998960809529377
Red Neuronal Densa,0.2844185185185185,0.9998958346896525
Red Neuronal Densa,0.2836925925925926,0.9998955681744012
Red Neuronal Densa,0.28302962962962963,0.9998953235809803
Red Neuronal Densa,0.2823259259259259,0.9998950627000367
Red Neuronal Densa,0.2816962962962963,0.9999079734437653
Red Neuronal Densa,0.281,0.9999209236122094
Red Neuronal Densa,0.2803222222222222,0.9999339428209058
Red Neuronal Densa,0.27952962962962963,0.9999470037229885
Red Neuronal Densa,0.27871111111111113,0.9999468480918465
Red Neuronal Densa,0.27784444444444445,0.9999466823065234
Red Neuronal Densa,0.2771222222222222,0.9999465433600171
Red Neuronal Densa,0.2762148148148148,0.9999463677562951
Red Neuronal Densa,0.27495925925925924,0.9999461228668023
Red Neuronal Densa,0.27411111111111114,0.9999459561704542
Red Neuronal Densa,0.27323333333333333,0.9999457825609608
Red Neuronal Densa,0.2723925925925926,0.9999456152277363
Red Neuronal Densa,0.2714888888888889,0.9999454342072954
Red Neuronal Densa,0.27068148148148147,0.9999452714535902
Red Neuronal Densa,0.2698740740740741,0.9999451077260876
Red Neuronal Densa,0.2690777777777778,0.9999449452893813
Red Neuronal Densa,0.20382962962962964,0.9999273229405138
Red Neuronal Densa,0.20298888888888889,0.9999270219481491
Red Neuronal Densa,0.2018962962962963,0.9999266270452711
Red Neuronal Densa,0.20099629629629628,0.9999262985278131
Red Neuronal Densa,0.20014814814814816,0.9999444886479285
Red Neuronal Densa,0.1991851851851852,0.9999442202926575
Red Neuronal Densa,0.19777777777777777,0.999943823380709
Red Neuronal Densa,0.19665185185185186,0.9999435017608618
Red Neuronal Densa,0.19548148148148148,0.9999431635185572
Red Neuronal Densa,0.19395185185185185,0.9999427152950162
Red Neuronal Densa,0.19247777777777778,0.9999422766104825
Red Neuronal Densa,0.19063333333333332,0.9999417181489684
Red Neuronal Densa,0.18927407407407407,0.9999412996262743
Red Neuronal Densa,0.18804814814814816,0.9999409169686466
Red Neuronal Densa,0.18638148148148148,0.9999403886658983
Red Neuronal Densa,0.18489259259259258,0.999939908661165
Red Neuronal Densa,0.18335185185185185,0.99993940373273
Red Neuronal Densa,0.1819185185185185,0.9999389263247898
Red Neuronal Densa,0.18037407407407408,0.9999589347678788
Red Neuronal Densa,0.17857407407407408,0.9999585208536408
Red Neuronal Densa,0.1768074074074074,0.9999581064097193
Red Neuronal Densa,0.17521481481481482,0.9999577256393997
Red Neuronal Densa,0.1737,0.9999573569859918
Red Neuronal Densa,0.17221851851851852,0.9999569901722544
Red Neuronal Densa,0.17063333333333333,0.9999782948428546
Red Neuronal Densa,0.16891851851851852,1.0
Red Neuronal Densa,0.1668148148148148,1.0
Red Neuronal Densa,0.16446666666666668,1.0
Red Neuronal Densa,0.16118148148148148,1.0
Red Neuronal Densa,0.15713703703703705,1.0
Red Neuronal Densa,0.1529037037037037,1.0
Red Neuronal Densa,0.1489074074074074,1.0
Red Neuronal Densa,0.1446851851851852,1.0
Red Neuronal Densa,0.13902962962962964,1.0
Red Neuronal Densa,0.13052592592592593,1.0
Red Neuronal Densa,0.1184925925925926,1.0
Red Neuronal Densa,0.0995962962962963,1.0
Red Neuronal Densa,0.06874074074074074,1.0
Red Neuronal Densa,0.0521037037037037,1.0
Red Neuronal Densa,0.04585185185185185,1.0
Red Neuronal Densa,0.04173703703703704,1.0
Red Neuronal Densa,0.03302962962962963,1.0
Red Neuronal Densa,0.01482962962962963,1.0
Red Neuronal Densa,0.01338888888888889,1.0
Red Neuronal Densa,0.0,1.0
