modelo,fpr,tpr,umbral
Random Forest,0.0,0.0,inf
Random Forest,7.40905386382159e-06,0.18257407407407408,0.9999922263544786
Random Forest,7.40905386382159e-06,0.19935185185185186,0.999986020311766
Random Forest,1.481810772764318e-05,0.2196037037037037,0.9999781391765432
Random Forest,1.481810772764318e-05,0.2243814814814815,0.999972587090328
Random Forest,1.8522634659553976e-05,0.2326962962962963,0.9999684610048036
Random Forest,1.8522634659553976e-05,0.23408148148148147,0.9999634311839071
Random Forest,2.963621545528636e-05,0.2368,0.999959075686851
Random Forest,2.963621545528636e-05,0.24021481481481483,0.9999559662719985
Random Forest,2.963621545528636e-05,0.2421222222222222,0.9999528376657311
Random Forest,5.186337704675113e-05,0.24568518518518517,0.9999491873925622
Random Forest,5.927243091057272e-05,0.2482888888888889,0.9999451840198382
Random Forest,5.927243091057272e-05,0.2518111111111111,0.9999421999189811
Random Forest,5.927243091057272e-05,0.25434444444444443,0.999939331883553
Random Forest,5.927243091057272e-05,0.2554962962962963,0.9999352407954006
Random Forest,5.927243091057272e-05,0.2597740740740741,0.9999304565000454
Random Forest,6.297695784248351e-05,0.2607111111111111,0.9999263709675711
Random Forest,6.297695784248351e-05,0.2624037037037037,0.9999206790086396
Random Forest,6.297695784248351e-05,0.2668962962962963,0.9999142049868132
Random Forest,6.668148477439431e-05,0.2684259259259259,0.9999092197506991
Random Forest,6.668148477439431e-05,0.26914074074074074,0.9999003232600201
Random Forest,6.668148477439431e-05,0.27094074074074076,0.9998932461451893
Random Forest,7.03860117063051e-05,0.2732074074074074,0.9998833305512177
Random Forest,7.03860117063051e-05,0.27423333333333333,0.9998770075211096
Random Forest,7.03860117063051e-05,0.27546296296296297,0.9998674776679143
Random Forest,7.03860117063051e-05,0.27764444444444447,0.9998610253529125
Random Forest,7.03860117063051e-05,0.2790296296296296,0.9998524431044312
Random Forest,7.40905386382159e-05,0.2803777777777778,0.9998432025960748
Random Forest,7.40905386382159e-05,0.2812037037037037,0.9998351816701537
Random Forest,7.40905386382159e-05,0.28195185185185184,0.9998247729411198
Random Forest,7.40905386382159e-05,0.2826592592592593,0.9998140812952975
Random Forest,7.40905386382159e-05,0.28353703703703703,0.9998018090710729
Random Forest,7.779506557012669e-05,0.2844185185185185,0.9997899106396704
Random Forest,7.779506557012669e-05,0.2849555555555556,0.9997769509958742
Random Forest,7.779506557012669e-05,0.28554074074074076,0.9997652451052238
Random Forest,7.779506557012669e-05,0.28673333333333334,0.99975713119785
Random Forest,7.779506557012669e-05,0.28724814814814814,0.9997441837342252
Random Forest,9.261317329776988e-05,0.28852222222222224,0.9997339617148153
Random Forest,9.261317329776988e-05,0.28904814814814817,0.9997203016827888
Random Forest,9.261317329776988e-05,0.2896444444444444,0.9997036441226141
Random Forest,9.631770022968067e-05,0.29116296296296296,0.9996922166700243
Random Forest,9.631770022968067e-05,0.2920259259259259,0.9996754275961349
Random Forest,9.631770022968067e-05,0.2928037037037037,0.9996614608106942
Random Forest,9.631770022968067e-05,0.2944111111111111,0.9996492150657832
Random Forest,9.631770022968067e-05,0.29595925925925926,0.9996387841436145
Random Forest,9.631770022968067e-05,0.29665925925925923,0.9996272517968108
Random Forest,9.631770022968067e-05,0.29803703703703704,0.9996125746814852
Random Forest,9.631770022968067e-05,0.2987444444444444,0.9995931092180976
Random Forest,9.631770022968067e-05,0.29944074074074073,0.9995722538368577
Random Forest,0.00010372675409350226,0.30124814814814815,0.9995449638457419
Random Forest,0.00010372675409350226,0.3028777777777778,0.9995275781752121
Random Forest,0.00011113580795732385,0.30628518518518516,0.9994999726667774
Random Forest,0.00011113580795732385,0.3078037037037037,0.9994743197817025
Random Forest,0.00011113580795732385,0.3083666666666667,0.9994412270720024
Random Forest,0.00012595391568496702,0.3092111111111111,0.9994144137451456
Random Forest,0.00012595391568496702,0.3113111111111111,0.9993884649138749
Random Forest,0.00012595391568496702,0.31213703703703705,0.9993698242709314
Random Forest,0.00012965844261687783,0.31287777777777775,0.999345059711548
Random Forest,0.00013336296954878863,0.3136259259259259,0.999317225512914
Random Forest,0.00013706749648069943,0.31424814814814817,0.9992829894451619
Random Forest,0.00013706749648069943,0.31477037037037037,0.9992394960569867
Random Forest,0.000144476550344521,0.31544074074074074,0.9992041688782541
Random Forest,0.00016299918500407498,0.3167740740740741,0.9991730451388225
Random Forest,0.00017040823886789656,0.3186925925925926,0.9991350519443681
Random Forest,0.00017781729273171816,0.32333703703703703,0.9991170167183752
Random Forest,0.00017781729273171816,0.32454074074074074,0.9990971675535782
Random Forest,0.00017781729273171816,0.32631481481481484,0.9990764022358216
Random Forest,0.00017781729273171816,0.32784074074074077,0.9990535278724859
Random Forest,0.00018152181966362896,0.3286962962962963,0.9990358785682725
Random Forest,0.00018152181966362896,0.3308111111111111,0.9990118733014072
Random Forest,0.00018522634659553976,0.33217407407407407,0.9989901790395395
Random Forest,0.00018522634659553976,0.3327962962962963,0.9989660180356504
Random Forest,0.00018522634659553976,0.3341,0.998942572314561
Random Forest,0.00018522634659553976,0.33548518518518516,0.998920624533469
Random Forest,0.00018522634659553976,0.3364888888888889,0.998905247945707
Random Forest,0.00018893087352745054,0.337637037037037,0.9988942545630465
Random Forest,0.00018893087352745054,0.3392296296296296,0.9988802804595589
Random Forest,0.00019633992739127214,0.34167037037037035,0.9988577781522305
Random Forest,0.00019633992739127214,0.34248518518518517,0.9988434066034478
Random Forest,0.00019633992739127214,0.34297777777777777,0.9988297548362687
Random Forest,0.00019633992739127214,0.3437777777777778,0.9988104040165429
Random Forest,0.00019633992739127214,0.34446666666666664,0.9987965090068186
Random Forest,0.00019633992739127214,0.34555925925925923,0.9987752693386277
Random Forest,0.00019633992739127214,0.3474962962962963,0.9987575861597169
Random Forest,0.00019633992739127214,0.3483851851851852,0.998734227056373
Random Forest,0.00019633992739127214,0.34895925925925925,0.9987164504761887
Random Forest,0.00019633992739127214,0.349637037037037,0.9986955013286795
Random Forest,0.0002222716159146477,0.35067037037037035,0.9986755260768763
Random Forest,0.0002259761428465585,0.3519148148148148,0.9986518673484037
Random Forest,0.0002259761428465585,0.3526222222222222,0.998625846524709
Random Forest,0.0002259761428465585,0.35301481481481484,0.998610177434374
Random Forest,0.00024079425057420167,0.3541111111111111,0.9985795302858251
Random Forest,0.00024079425057420167,0.3550111111111111,0.9985391101219072
Random Forest,0.00026302141216566645,0.3555074074074074,0.9985032849277946
Random Forest,0.00026302141216566645,0.3559,0.9984566364556006
Random Forest,0.00026302141216566645,0.3569888888888889,0.9984100783794483
Random Forest,0.00026672593909757725,0.35766296296296296,0.9983708658890198
Random Forest,0.00026672593909757725,0.35835185185185187,0.9983420032486902
Random Forest,0.00026672593909757725,0.3590333333333333,0.9983069035671064
Random Forest,0.00027413499296139886,0.3602592592592593,0.9982703747472659
Random Forest,0.00027413499296139886,0.36104444444444445,0.9982398517729842
Random Forest,0.0002778395198933096,0.36164444444444444,0.998202632881893
Random Forest,0.0002778395198933096,0.3619777777777778,0.9981753554695949
Random Forest,0.0002778395198933096,0.36267777777777777,0.9981214511354243
Random Forest,0.0002778395198933096,0.3632074074074074,0.9980910833725987
Random Forest,0.0002778395198933096,0.36391111111111113,0.998038781864614
Random Forest,0.0002778395198933096,0.36491111111111113,0.9979985147435869
Random Forest,0.0002815440468252204,0.36531851851851854,0.9979785364081628
Random Forest,0.0002852485737571312,0.3657592592592593,0.9979599571550226
Random Forest,0.0002852485737571312,0.36614814814814817,0.9979438222657037
Random Forest,0.000288953100689042,0.36652962962962965,0.9979206234216916
Random Forest,0.0002926576276209528,0.3669703703703704,0.997879251015286
Random Forest,0.0002926576276209528,0.3675851851851852,0.9978620885491958
Random Forest,0.0002963621545528636,0.3680777777777778,0.9978316616238301
Random Forest,0.0002963621545528636,0.3687259259259259,0.9977925477421649
Random Forest,0.0003000666814847744,0.36912962962962964,0.9977348024899718
Random Forest,0.0003000666814847744,0.36984074074074075,0.9977069497678228
Random Forest,0.00031118026228050676,0.37023703703703703,0.9976763941719536
Random Forest,0.00032599837000814997,0.3706814814814815,0.9976374113575986
Random Forest,0.00032970289694006077,0.3713111111111111,0.9975941984772374
Random Forest,0.00032970289694006077,0.3717,0.997566619497201
Random Forest,0.00033711195080388237,0.3720851851851852,0.9975299430043509
Random Forest,0.0003445210046677039,0.3724074074074074,0.9974892776569341
Random Forest,0.0003445210046677039,0.3727111111111111,0.9974381977138086
Random Forest,0.0003445210046677039,0.37324444444444443,0.9973881364491965
Random Forest,0.0003445210046677039,0.3736888888888889,0.9973598275513463
Random Forest,0.0003482255315996147,0.37427037037037036,0.9973355382507678
Random Forest,0.0003482255315996147,0.37487777777777775,0.9973144994911847
Random Forest,0.0003482255315996147,0.3752,0.9972888961171387
Random Forest,0.0003519300585315255,0.37576296296296297,0.9972648865311168
Random Forest,0.00037415722012299027,0.3769851851851852,0.9972394364367676
Random Forest,0.0003778617470549011,0.3779111111111111,0.997182600007831
Random Forest,0.0003815662739868119,0.3786333333333333,0.9971440428056931
Random Forest,0.0003889753278506335,0.37903333333333333,0.9971067621248874
Random Forest,0.0003963843817144551,0.38008888888888887,0.9970772207782956
Random Forest,0.00040379343557827663,0.38082222222222223,0.9970231997953315
Random Forest,0.00040379343557827663,0.3822407407407407,0.9969899687028148
Random Forest,0.00040749796251018743,0.3825777777777778,0.9969570672315402
Random Forest,0.00040749796251018743,0.3830703703703704,0.9969391863013629
Random Forest,0.00041120248944209823,0.38385925925925923,0.9969067267322573
Random Forest,0.00041120248944209823,0.3845074074074074,0.9968662956487383
Random Forest,0.00041120248944209823,0.3849111111111111,0.996816770677846
Random Forest,0.00041120248944209823,0.3854,0.996789406039714
Random Forest,0.00041120248944209823,0.3856888888888889,0.9967477549504887
Random Forest,0.00041490701637400903,0.3860851851851852,0.9967199077987403
Random Forest,0.00041861154330591983,0.38655925925925927,0.9966687239804093
Random Forest,0.00041861154330591983,0.386937037037037,0.9966141796835791
Random Forest,0.00041861154330591983,0.3873259259259259,0.9965759676676221
Random Forest,0.00042231607023783063,0.38760370370370373,0.9965235681980543
Random Forest,0.00042972512410165224,0.38793333333333335,0.9964880562233678
Random Forest,0.00042972512410165224,0.3882851851851852,0.9964444913240637
Random Forest,0.0004371341779654738,0.3893259259259259,0.9963778523919479
Random Forest,0.00047788397421649254,0.38963333333333333,0.9963314140848838
Random Forest,0.00047788397421649254,0.38995555555555556,0.9962702870909248
Random Forest,0.00047788397421649254,0.3903888888888889,0.996224966813938
Random Forest,0.00047788397421649254,0.39082222222222224,0.9961710488862523
Random Forest,0.00048158850114840335,0.39115925925925926,0.9961288728496536
Random Forest,0.00048529302808031415,0.39161111111111113,0.9960822791799966
Random Forest,0.00048529302808031415,0.3922814814814815,0.9960258332039047
Random Forest,0.00048529302808031415,0.39289259259259257,0.9959930612538644
Random Forest,0.0004889975550122249,0.45795185185185183,0.9959491118452966
Random Forest,0.0004889975550122249,0.4583962962962963,0.9959145512826822
Random Forest,0.0004927020819441357,0.4587259259259259,0.9958631778083356
Random Forest,0.0004927020819441357,0.4591,0.9958025077396508
Random Forest,0.0005038156627398681,0.4601148148148148,0.9957449410845227
Random Forest,0.000507520189671779,0.4613185185185185,0.9957143631746344
Random Forest,0.0005186337704675113,0.46198518518518517,0.9956575417281907
Random Forest,0.000522338297399422,0.4623074074074074,0.9956173906376588
Random Forest,0.0005297473512632437,0.4629185185185185,0.9955676554026734
Random Forest,0.0005297473512632437,0.46317037037037034,0.9954972885433558
Random Forest,0.0005334518781951545,0.4634814814814815,0.9954267093425276
Random Forest,0.0005371564051270653,0.4638888888888889,0.995370371791243
Random Forest,0.0005408609320589761,0.4643962962962963,0.9953015860973493
Random Forest,0.0005445654589908869,0.4648037037037037,0.9952471518821284
Random Forest,0.000633474105356746,0.4661814814814815,0.995200372923948
Random Forest,0.0006519967400162999,0.4668481481481481,0.9951338374788915
Random Forest,0.0007890642364969993,0.4683555555555556,0.9950451303358343
Random Forest,0.0007890642364969993,0.4688481481481481,0.9950100470584379
Random Forest,0.0009335407868415204,0.47005555555555556,0.9949610365534893
Random Forest,0.0009779951100244498,0.47067037037037035,0.994922167159904
Random Forest,0.0011261761873008816,0.47206296296296296,0.9948786414446866
Random Forest,0.001174335037415722,0.4729814814814815,0.9948425872134293
Random Forest,0.0012039712528710083,0.4736222222222222,0.9947964006658371
Random Forest,0.0012039712528710083,0.4739111111111111,0.9947491320503984
Random Forest,0.0012039712528710083,0.47435185185185186,0.9946693292562873
Random Forest,0.0012039712528710083,0.4746814814814815,0.9946282311714038
Random Forest,0.0012743572645773135,0.47642222222222225,0.9945684248215816
Random Forest,0.0012743572645773135,0.47674444444444447,0.9945054634460744
Random Forest,0.0012743572645773135,0.4771185185185185,0.9944032240931637
Random Forest,0.0012743572645773135,0.4773925925925926,0.9943481242386148
Random Forest,0.0012780617915092243,0.47781111111111113,0.9942654911644373
Random Forest,0.0013299251685559754,0.47874814814814814,0.9942208857875536
Random Forest,0.0017003778617470549,0.48234444444444446,0.9941600186393309
Random Forest,0.0017226050233385196,0.48462222222222223,0.994106302750774
Random Forest,0.001841149885159665,0.48695185185185186,0.9940504732738459
Random Forest,0.0018781951544787731,0.48744074074074073,0.9940040875867696
Random Forest,0.0018781951544787731,0.4877962962962963,0.9939337316951766
Random Forest,0.0018818996814106838,0.48806666666666665,0.9938683316193881
Random Forest,0.0018818996814106838,0.4884222222222222,0.9938100068495996
Random Forest,0.0018818996814106838,0.4887296296296296,0.9937655979001503
Random Forest,0.0018930132622064163,0.4890555555555556,0.993714642981585
Random Forest,0.0019411721123212566,0.4897666666666667,0.9936449368963405
Random Forest,0.001985626435504186,0.4906333333333333,0.9935793691638186
Random Forest,0.001989330962436097,0.49102222222222225,0.9935078215499049
Random Forest,0.0020115581240275618,0.49183333333333334,0.9934339807426043
Random Forest,0.0020152626509594724,0.49214444444444444,0.993351934628516
Random Forest,0.002022671704823294,0.49264444444444444,0.9933110593529941
Random Forest,0.0020263762317552047,0.49296666666666666,0.9932617200606174
Random Forest,0.002056012447210491,0.4936,0.9932109046160694
Random Forest,0.002074535081870045,0.49456666666666665,0.9931460977576275
Random Forest,0.002078239608801956,0.49525925925925923,0.9930695167596324
Random Forest,0.0020856486626657776,0.4957888888888889,0.9929790763466398
Random Forest,0.002089353189597688,0.49622962962962963,0.9929322947905904
Random Forest,0.00209676224346151,0.4967185185185185,0.9928442103002083
Random Forest,0.00209676224346151,0.4970259259259259,0.9927758415569243
Random Forest,0.0021004667703934205,0.4973148148148148,0.992695087626008
Random Forest,0.0021078758242572423,0.4982333333333333,0.9926250026435343
Random Forest,0.0021115803511891533,0.498562962962963,0.9925363510575107
Random Forest,0.002174557309031637,0.4993851851851852,0.9924437985399845
Random Forest,0.0021893754167592798,0.5007296296296296,0.9923877196531802
Random Forest,0.002193079943691191,0.5011074074074074,0.9922954903391202
Random Forest,0.0021967844706231015,0.5015925925925926,0.9921838610644601
Random Forest,0.0022116025783507445,0.5022444444444445,0.9921018266972664
Random Forest,0.002219011632214566,0.503,0.9920309619245072
Random Forest,0.002241238793806031,0.503862962962963,0.9919740287044734
Random Forest,0.002385715344150552,0.5049185185185185,0.9919095462420329
Random Forest,0.002389419871082463,0.5056555555555555,0.9918172647411146
Random Forest,0.0024079425057420166,0.5060555555555556,0.9917448618942011
Random Forest,0.0024153515596058383,0.5065,0.9916423368951188
Random Forest,0.0024153515596058383,0.5069222222222223,0.9915163668252077
Random Forest,0.002419056086537749,0.5073962962962963,0.9914337755705237
Random Forest,0.002419056086537749,0.5078185185185186,0.9913646977309547
Random Forest,0.00242276061346966,0.5083518518518518,0.9912958620730318
Random Forest,0.0024709194635845005,0.5089444444444444,0.9912347154595162
Random Forest,0.002511669259835519,0.5095407407407407,0.9911527940210133
Random Forest,0.00251537378676743,0.5098814814814815,0.9910464251393207
Random Forest,0.00251537378676743,0.5103333333333333,0.9909527227282655
Random Forest,0.0025783507446099133,0.5114666666666666,0.9908951263940352
Random Forest,0.0025894643254056457,0.5117296296296296,0.9908245603648738
Random Forest,0.0025931688523375563,0.5120592592592592,0.9907419105057627
Random Forest,0.0025931688523375563,0.5124111111111112,0.9906698132395492
Random Forest,0.0026079869600651997,0.5130037037037037,0.9905778914737271
Random Forest,0.0026079869600651997,0.5134,0.9904866867107941
Random Forest,0.0026079869600651997,0.5137962962962963,0.9904032240931637
Random Forest,0.0026302141216566644,0.5143148148148148,0.9903229191981402
Random Forest,0.0026635548640438615,0.5152666666666667,0.9902339432422099
Random Forest,0.002674668444839594,0.5158814814814815,0.9901542927039954
Random Forest,0.0028117359413202935,0.5170888888888889,0.9900745227332859
Random Forest,0.002819144995184115,0.5174777777777778,0.9899853517727281
Random Forest,0.002833963102911758,0.517862962962963,0.9899128154784184
Random Forest,0.00284137215677558,0.5182407407407408,0.9898133356808763
Random Forest,0.002848781210639401,0.5186444444444445,0.9897239909503804
Random Forest,0.002856190264503223,0.5189888888888889,0.989650207038392
Random Forest,0.0030599392457583167,0.5209666666666667,0.9895586965686045
Random Forest,0.0030673482996221384,0.5213703703703704,0.9894571228493848
Random Forest,0.003071052826554049,0.521662962962963,0.9893681538815573
Random Forest,0.0030821664073497814,0.5221259259259259,0.9892884188064817
Random Forest,0.0031155071497369785,0.5227851851851851,0.9892202762193418
Random Forest,0.0031229162036008,0.5232111111111111,0.9891393363446913
Random Forest,0.003156256945987997,0.5239148148148148,0.9890835928917686
Random Forest,0.0032044157961028377,0.524637037037037,0.9890126966628612
Random Forest,0.0032229384307623917,0.5252740740740741,0.9889002122341225
Random Forest,0.0032822108616729646,0.5259259259259259,0.9888054588475981
Random Forest,0.0033118470771282505,0.5266074074074074,0.9887232322351018
Random Forest,0.0034007557234941098,0.5276555555555555,0.9886647977196796
Random Forest,0.0034007557234941098,0.5279222222222222,0.9886031971597444
Random Forest,0.0034081647773579315,0.5284333333333333,0.9885307659454589
Random Forest,0.003430391938949396,0.5290185185185186,0.9884403086606431
Random Forest,0.0034600281544046826,0.5298925925925926,0.98836890695335
Random Forest,0.0034674372082685043,0.5303592592592593,0.9882617469314593
Random Forest,0.0034785507890642367,0.5307222222222222,0.9881982324953917
Random Forest,0.0034933688967918796,0.5312666666666667,0.9881426343651297
Random Forest,0.003508187004519523,0.5317481481481482,0.9880633567894561
Random Forest,0.0035193005853152554,0.532174074074074,0.9879874925830505
Random Forest,0.0035267096391790767,0.5325074074074074,0.987913541709484
Random Forest,0.003574868489293917,0.5331925925925926,0.9878412351789629
Random Forest,0.003600800177817293,0.5336185185185185,0.9877417458056342
Random Forest,0.003608209231681114,0.5339444444444444,0.9876426733500906
Random Forest,0.003615618285544936,0.5342851851851852,0.9875589852357527
Random Forest,0.0036193228124768466,0.5347777777777778,0.9874731954575855
Random Forest,0.0036230273394087576,0.5351333333333333,0.9873991438345298
Random Forest,0.003652663554864044,0.535537037037037,0.9873557446939323
Random Forest,0.0036600726087278653,0.5359481481481482,0.9872836848951422
Random Forest,0.0036637771356597764,0.5363037037037037,0.9871669892651515
Random Forest,0.0036637771356597764,0.5369,0.9870900467579449
Random Forest,0.0036637771356597764,0.5377666666666666,0.9869806427538584
Random Forest,0.003667481662591687,0.5382111111111111,0.9868753029297966
Random Forest,0.00368229977031933,0.5385592592592593,0.9868091491340913
Random Forest,0.003700822404978884,0.5390185185185186,0.9867397313673352
Random Forest,0.003704526931910795,0.5394,0.9866397756802987
Random Forest,0.0037230495665703488,0.5398962962962963,0.9865366522112726
Random Forest,0.00372675409350226,0.5405666666666666,0.986444282941389
Random Forest,0.003741572201229903,0.5409222222222222,0.9863662728064254
Random Forest,0.0037637993628213675,0.541262962962963,0.9863008964659971
Random Forest,0.0037675038897532786,0.5417259259259259,0.9861954474178601
Random Forest,0.0037823219974809216,0.5423666666666667,0.9860746531046644
Random Forest,0.0037897310513447433,0.5427037037037037,0.9860085445787483
Random Forest,0.0038045491590723863,0.5432777777777777,0.9859359342825949
Random Forest,0.0038156627398681186,0.5439,0.9858181511855016
Random Forest,0.0038156627398681186,0.5445814814814814,0.9857280952413912
Random Forest,0.0038341853745276727,0.5451,0.9856433568861102
Random Forest,0.0038415944283914944,0.545425925925926,0.9855238611327245
Random Forest,0.003849003482255316,0.5458481481481482,0.985384958674864
Random Forest,0.0038564125361191374,0.5461148148148148,0.9853100223450697
Random Forest,0.00386752611691487,0.5465592592592593,0.9851983051922782
Random Forest,0.0038786396977106025,0.5468703703703703,0.9851086948390909
Random Forest,0.003882344224642513,0.5473259259259259,0.9849638351038766
Random Forest,0.003882344224642513,0.5485666666666666,0.9848441326809877
Random Forest,0.0038934578054382455,0.5492370370370371,0.984743828586744
Random Forest,0.003897162332370156,0.5496925925925926,0.9845951704725915
Random Forest,0.0039008668593020672,0.5501259259259259,0.9844666097637481
Random Forest,0.003904571386233978,0.5505703703703704,0.9843775905636486
Random Forest,0.0039082759131658885,0.5527037037037037,0.9842751016539506
Random Forest,0.003911980440097799,0.5542,0.9841908963060612
Random Forest,0.003926798547825443,0.554525925925926,0.9840895602310819
Random Forest,0.003930503074757353,0.5549481481481482,0.9839544143450885
Random Forest,0.003941616655553086,0.5555592592592593,0.9838890353225709
Random Forest,0.003971252871008372,0.5559407407407407,0.983759889211997
Random Forest,0.003978661924872194,0.5563962962962963,0.9836785811322746
Random Forest,0.003982366451804105,0.5575222222222223,0.9835828676040783
Random Forest,0.003986070978736015,0.5579777777777778,0.9834343954586617
Random Forest,0.003993480032599837,0.5583185185185185,0.983367126593288
Random Forest,0.004000889086463659,0.5586407407407408,0.9832720465038597
Random Forest,0.00400829814032748,0.559,0.9831224721108792
Random Forest,0.004019411721123213,0.5593333333333333,0.9830131485774005
Random Forest,0.004034229828850855,0.5600925925925926,0.9829091801329141
Random Forest,0.004041638882714678,0.5606407407407408,0.9828102916862743
Random Forest,0.0040527524635104095,0.5610148148148149,0.9827252686902282
Random Forest,0.004060161517374232,0.5615518518518519,0.9825725732001364
Random Forest,0.004060161517374232,0.5621148148148148,0.9824735158355721
Random Forest,0.004063866044306142,0.5624444444444444,0.9823735060951347
Random Forest,0.0040712750981699635,0.5627296296296296,0.9822889067440731
Random Forest,0.004086093205897607,0.5631259259259259,0.9821493962873593
Random Forest,0.004089797732829518,0.5635555555555556,0.9820161215839774
Random Forest,0.004097206786693339,0.5639888888888889,0.981872525212192
Random Forest,0.00410091131362525,0.5642851851851852,0.9818011482850304
Random Forest,0.004108320367489072,0.5646111111111111,0.9816845760438023
Random Forest,0.004115729421352893,0.5652481481481482,0.9815552165291075
Random Forest,0.004123138475216715,0.5657296296296296,0.981450267870976
Random Forest,0.00414536563680818,0.5661814814814815,0.9813493913550138
Random Forest,0.004156479217603912,0.5666222222222222,0.9811584955296845
Random Forest,0.0041675927983996445,0.5671111111111111,0.9809807709461899
Random Forest,0.004171297325331555,0.5675592592592592,0.9808247944986371
Random Forest,0.004182410906127288,0.5679555555555555,0.9807164025525547
Random Forest,0.004208342594650663,0.568262962962963,0.9806171713422421
Random Forest,0.004212047121582574,0.5686296296296296,0.980503341953974
Random Forest,0.004223160702378307,0.5690148148148149,0.980368917769585
Random Forest,0.004234274283174039,0.5693555555555555,0.9802134657489672
Random Forest,0.004234274283174039,0.5696518518518519,0.9801452831086109
Random Forest,0.004249092390901682,0.5698851851851852,0.9800653956670563
Random Forest,0.004249092390901682,0.570274074074074,0.9799564211923983
Random Forest,0.004263910498629325,0.5706555555555556,0.9798089608816446
Random Forest,0.004278728606356968,0.5712333333333334,0.9796761485878829
Random Forest,0.004278728606356968,0.5716444444444444,0.9795256715302855
Random Forest,0.004282433133288879,0.5723037037037038,0.9793545525314384
Random Forest,0.00428613766022079,0.5727111111111111,0.9792085693808732
Random Forest,0.004289842187152701,0.573137037037037,0.9790512621818619
Random Forest,0.004300955767948433,0.5734925925925926,0.9789048598235996
Random Forest,0.00433429651033563,0.5740555555555555,0.9787714184359201
Random Forest,0.004345410091131363,0.5744592592592592,0.9786597773825096
Random Forest,0.004349114618063274,0.5749037037037037,0.9784780506691709
Random Forest,0.0043602281988590055,0.5755703703703704,0.978333525145473
Random Forest,0.004367637252722828,0.5760962962962963,0.978157626301616
Random Forest,0.004375046306586649,0.5767296296296296,0.9780102869202645
Random Forest,0.004386159887382382,0.5771407407407407,0.9779304895105757
Random Forest,0.004400977995110024,0.5777111111111111,0.9778221996221135
Random Forest,0.004415796102837668,0.5780444444444445,0.9777034299486794
Random Forest,0.004423205156701489,0.5784370370370371,0.9776295073791107
Random Forest,0.004441727791361043,0.5792555555555555,0.9774725088769857
Random Forest,0.004452841372156776,0.5796851851851852,0.9773328986527822
Random Forest,0.004482477587612062,0.5801592592592593,0.9771970713268504
Random Forest,0.004497295695339705,0.5812703703703703,0.9770884563908419
Random Forest,0.004508409276135437,0.5817851851851852,0.9768636734282005
Random Forest,0.00451952285693117,0.5822481481481482,0.976735066653965
Random Forest,0.004530636437726903,0.5825518518518519,0.9766431864333022
Random Forest,0.004538045491590724,0.583062962962963,0.976510012469912
Random Forest,0.004552863599318367,0.5836703703703704,0.9763729296015385
Random Forest,0.00456768170704601,0.5842,0.9762545298313832
Random Forest,0.004582499814773653,0.5846629629629629,0.9761072716410206
Random Forest,0.004582499814773653,0.5850666666666666,0.9759458323049164
Random Forest,0.004601022449433207,0.5854111111111111,0.975850725566029
Random Forest,0.004604726976365118,0.5857851851851852,0.9757113305934337
Random Forest,0.004630658664888493,0.5861666666666666,0.975594984838155
Random Forest,0.00466029488034378,0.5865518518518519,0.9754583632631678
Random Forest,0.004663999407275691,0.5869407407407408,0.9753145493498683
Random Forest,0.004693635622730977,0.5875518518518519,0.9751034630956099
Random Forest,0.004715862784322442,0.5879148148148148,0.9749771973852603
Random Forest,0.004726976365118174,0.5882296296296297,0.9748423130062936
Random Forest,0.004734385418981996,0.5886592592592592,0.9746182891126024
Random Forest,0.004741794472845818,0.5891259259259259,0.9744827427209826
Random Forest,0.004760317107505372,0.5896259259259259,0.974373230505129
Random Forest,0.004778839742164926,0.5900037037037037,0.9742475860207664
Random Forest,0.004804771430688301,0.5905222222222222,0.9741215851616778
Random Forest,0.004808475957620212,0.5909407407407408,0.9739665257796426
Random Forest,0.004819589538415945,0.5913444444444445,0.973813742377308
Random Forest,0.004897384603986071,0.5924888888888888,0.9736314975482889
Random Forest,0.004904793657849893,0.5928481481481481,0.9735087291117142
Random Forest,0.004915907238645625,0.5930814814814814,0.973396836894121
Random Forest,0.004919611765577535,0.5933555555555555,0.9732712585880832
Random Forest,0.004938134400237089,0.5937444444444444,0.9731152328206462
Random Forest,0.004941838927169001,0.5941481481481482,0.9729656420037895
Random Forest,0.004960361561828554,0.594674074074074,0.9728212819034583
Random Forest,0.00498629325035193,0.5951703703703703,0.9725475431804202
Random Forest,0.005001111358079573,0.5954444444444444,0.9724037436745451
Random Forest,0.005004815885011484,0.5958592592592593,0.972245598113628
Random Forest,0.005027043046602949,0.5964851851851852,0.9720742759303332
Random Forest,0.005086315477513522,0.5973555555555555,0.9718928757381616
Random Forest,0.0051011335852411644,0.5978296296296296,0.9717350816000138
Random Forest,0.005127065273764541,0.5983185185185185,0.9715636238975072
Random Forest,0.005130769800696451,0.5986185185185185,0.9713960125339097
Random Forest,0.005149292435356005,0.5989962962962962,0.9711692774074419
Random Forest,0.005156701489219827,0.5992666666666666,0.9710312315536275
Random Forest,0.005167815070015559,0.5997962962962963,0.9708398015675939
Random Forest,0.005182633177743202,0.6000666666666666,0.9706925833900458
Random Forest,0.005190042231607024,0.6005074074074074,0.9704592405405135
Random Forest,0.005212269393198489,0.600925925925926,0.9702023904868182
Random Forest,0.005223382973994221,0.6014333333333334,0.9700066915017957
Random Forest,0.005241905608653775,0.6017555555555556,0.9697960681271935
Random Forest,0.005256723716381418,0.6023518518518518,0.969514268909289
Random Forest,0.005271541824109062,0.6028740740740741,0.9692927220664083
Random Forest,0.005278950877972883,0.603137037037037,0.969144479616065
Random Forest,0.005304882566496258,0.603562962962963,0.9690108786336971
Random Forest,0.005319700674223902,0.6039444444444444,0.9688360893623617
Random Forest,0.005334518781951545,0.604474074074074,0.9685939893488705
Random Forest,0.005367859524338742,0.6053925925925926,0.9683221096514489
Random Forest,0.005386382158998296,0.6058925925925925,0.9680483858666074
Random Forest,0.005441950062976958,0.606662962962963,0.9677769071819576
Random Forest,0.005449359116840779,0.6070703703703704,0.9675566841065403
Random Forest,0.005478995332296066,0.6075666666666667,0.9673908416719172
Random Forest,0.005501222493887531,0.6080851851851852,0.967163389988707
Random Forest,0.005504927020819441,0.6085333333333334,0.9668847335683219
Random Forest,0.005516040601615173,0.6088814814814815,0.9666782258094202
Random Forest,0.0055234496554789955,0.6091592592592593,0.9665384448441618
Random Forest,0.005549381344002371,0.6096703703703704,0.9662515719258464
Random Forest,0.005560494924798104,0.6101185185185185,0.9660620874442877
Random Forest,0.005564199451730014,0.6106444444444444,0.9658555014619967
Random Forest,0.005579017559457658,0.6109,0.9657100862060817
Random Forest,0.005597540194117211,0.6112888888888889,0.9655478143186017
Random Forest,0.005612358301844854,0.6116851851851852,0.9653626511204898
Random Forest,0.00563828999036823,0.6119629629629629,0.9651696957485468
Random Forest,0.005656812625027784,0.6124555555555555,0.9649363248974114
Random Forest,0.005660517151959695,0.6128296296296296,0.9647327357208377
Random Forest,0.005697562421278802,0.6134555555555555,0.9645472206383753
Random Forest,0.005719789582870267,0.614225925925926,0.9640730211147551
Random Forest,0.005730903163666,0.6146555555555555,0.9638360134667361
Random Forest,0.005745721271393643,0.6149740740740741,0.9636998166991009
Random Forest,0.005753130325257465,0.6155,0.9634535463907347
Random Forest,0.005764243906053197,0.6158111111111111,0.9632842896485163
Random Forest,0.005786471067644662,0.6163851851851851,0.9630546938587973
Random Forest,0.005804993702304216,0.6167296296296296,0.9629502764935688
Random Forest,0.005990220048899756,0.6199925925925925,0.9627694883953023
Random Forest,0.006001333629695488,0.6203037037037037,0.9626227718657016
Random Forest,0.0060124472104912206,0.6207259259259259,0.9623665619217591
Random Forest,0.006030969845150775,0.6211222222222222,0.9620757841054115
Random Forest,0.0060420834259465065,0.6216111111111111,0.9617728678991724
Random Forest,0.006049492479810328,0.6219407407407408,0.9615455040205042
Random Forest,0.006068015114469882,0.6225814814814815,0.9612270110356366
Random Forest,0.006068015114469882,0.6229444444444444,0.9610420452254161
Random Forest,0.006090242276061347,0.6233703703703704,0.9607237386621099
Random Forest,0.006093946802993258,0.6238925925925926,0.9602991959824584
Random Forest,0.006097651329925169,0.6243481481481481,0.9600293183443177
Random Forest,0.006127287545380455,0.6246592592592592,0.9598488905364813
Random Forest,0.006145810180040009,0.6250111111111111,0.9595451953806078
Random Forest,0.006160628287767652,0.6255592592592593,0.9592333247893599
Random Forest,0.006175446395495296,0.6258518518518519,0.9590364985214916
Random Forest,0.006182855449359117,0.6262333333333333,0.9587832841972861
Random Forest,0.006205082610950582,0.626637037037037,0.9585485193839434
Random Forest,0.006216196191746314,0.6270481481481481,0.9581821073906592
Random Forest,0.006223605245610136,0.627762962962963,0.9578931628537634
Random Forest,0.006249536934133511,0.6282629629629629,0.9576002435430432
Random Forest,0.006264355041861154,0.6285851851851851,0.9573411373827279
Random Forest,0.0062828776765207085,0.6289851851851852,0.9570689790473184
Random Forest,0.006375490849818478,0.6319925925925926,0.9567584390965448
Random Forest,0.006386604430614211,0.6323185185185185,0.9565126559552115
Random Forest,0.006408831592205675,0.6328074074074074,0.9562371175136367
Random Forest,0.00643105875379714,0.6332777777777778,0.9560172396875108
Random Forest,0.0064458768615247835,0.6337259259259259,0.9557484271809338
Random Forest,0.006456990442320515,0.6340555555555556,0.9555020887909242
Random Forest,0.0064940357116396235,0.6345518518518518,0.9551198055577577
Random Forest,0.006516262873231088,0.6350407407407408,0.9548106781693029
Random Forest,0.00652367192709491,0.6355148148148149,0.9545056890490171
Random Forest,0.006560717196414018,0.635874074074074,0.9541745595886514
Random Forest,0.00657183077720975,0.6362962962962962,0.9538036196052001
Random Forest,0.006601466992665036,0.6366222222222222,0.9535663527115228
Random Forest,0.006623694154256501,0.6370481481481481,0.9532317592214083
Random Forest,0.0066385122619841445,0.6374185185185185,0.9529318622249963
Random Forest,0.006668148477439431,0.6379407407407407,0.9525665702635644
Random Forest,0.006675557531303253,0.6383888888888889,0.9521570324272027
Random Forest,0.006690375639030896,0.6389814814814815,0.9517677886590732
Random Forest,0.006712602800622361,0.6394407407407408,0.9514259305412559
Random Forest,0.006720011854486182,0.6399888888888889,0.9510342992045836
Random Forest,0.0067348299622138254,0.6404740740740741,0.9507797098311087
Random Forest,0.006745943543009557,0.640962962962963,0.9506309155621621
Random Forest,0.006771875231532934,0.6413740740740741,0.9504245826828425
Random Forest,0.006794102393124398,0.6417888888888889,0.9501906953376147
Random Forest,0.006808920500852041,0.6422111111111111,0.9499268461706418
Random Forest,0.006834852189375417,0.6425185185185185,0.9497913236296212
Random Forest,0.006842261243239238,0.642962962962963,0.9494942422664197
Random Forest,0.006857079350966882,0.6433,0.9492798044861694
Random Forest,0.006860783877898792,0.6437407407407407,0.9489304159951023
Random Forest,0.006890420093354078,0.6448074074074074,0.948647941221833
Random Forest,0.006901533674149811,0.645062962962963,0.9485438325085064
Random Forest,0.006920056308809365,0.6453444444444445,0.9483535501441961
Random Forest,0.006934874416537009,0.645737037037037,0.9481160658591475
Random Forest,0.0069459879973327405,0.6461777777777777,0.9478857069182226
Random Forest,0.006964510631992295,0.6469555555555555,0.947626739778917
Random Forest,0.006975624212788027,0.6473333333333333,0.9473397811460339
Random Forest,0.006983033266651849,0.6476555555555555,0.9471048618995425
Random Forest,0.007005260428243313,0.6480444444444444,0.9468050701567986
Random Forest,0.007012669482107135,0.6485851851851852,0.9465749281286074
Random Forest,0.007023783062902867,0.6491148148148148,0.946114482620242
Random Forest,0.007046010224494332,0.6496222222222222,0.945768882996337
Random Forest,0.007064532859153886,0.6498851851851852,0.9456271963061306
Random Forest,0.0070719419130177074,0.6503666666666666,0.9453360469081132
Random Forest,0.0070904645476772615,0.6507555555555555,0.945100099037041
Random Forest,0.007120100763132548,0.6511,0.9448354032274415
Random Forest,0.00713121434392828,0.651662962962963,0.9443469455559261
Random Forest,0.007146032451655924,0.6522074074074075,0.944142580138607
Random Forest,0.00717937319404312,0.6533518518518519,0.9437676932716536
Random Forest,0.007209009409498407,0.653837037037037,0.9434153979752334
Random Forest,0.007227532044157961,0.6542555555555556,0.9431440278457722
Random Forest,0.007231236571089872,0.6546074074074074,0.9429161982844135
Random Forest,0.007249759205749426,0.6549222222222222,0.9426225912055805
Random Forest,0.007264577313477069,0.6555518518518518,0.9422205378833278
Random Forest,0.007301622582796177,0.6558111111111111,0.9420153874118986
Random Forest,0.00731644069052382,0.6562703703703704,0.9416676998121479
Random Forest,0.007323849744387641,0.6566185185185185,0.9414074325624806
Random Forest,0.007338667852115285,0.6572037037037037,0.9412114583917481
Random Forest,0.007357190486774839,0.6575074074074074,0.9409059341137902
Random Forest,0.007360895013706749,0.6578703703703703,0.9406376640730684
Random Forest,0.007401644809957768,0.6583,0.9404112302328406
Random Forest,0.007434985552344966,0.6588111111111111,0.9400620405328121
Random Forest,0.007460917240868341,0.6590851851851852,0.9398654592489202
Random Forest,0.007483144402459806,0.6594629629629629,0.939566565357794
Random Forest,0.007516485144847003,0.6597814814814815,0.9392848689743278
Random Forest,0.007535007779506557,0.6600851851851852,0.9390582651419161
Random Forest,0.007557234941098022,0.6605111111111112,0.9386726871009795
Random Forest,0.007579462102689487,0.661174074074074,0.9382736264492826
Random Forest,0.0075905756834852185,0.6615333333333333,0.9379677147248214
Random Forest,0.007631325479736237,0.6618111111111111,0.9377245493860364
Random Forest,0.0076572571682596135,0.6621777777777778,0.9375121933346283
Random Forest,0.007679484329851078,0.6625925925925926,0.9371403985593588
Random Forest,0.007760983922353116,0.6635481481481481,0.936803804797779
Random Forest,0.007772097503148848,0.6639148148148148,0.9365261447615761
Random Forest,0.00777950655701267,0.6645,0.9361474694793764
Random Forest,0.007805438245536045,0.6648185185185185,0.9358800889005989
Random Forest,0.007823960880195598,0.6652962962962963,0.9354568664689283
Random Forest,0.007838778987923243,0.6656851851851852,0.9351172201047113
Random Forest,0.007861006149514706,0.6661555555555555,0.9346856581364513
Random Forest,0.007890642364969993,0.6665185185185185,0.934384096280305
Random Forest,0.007905460472697636,0.6670518518518519,0.9339506571863919
Random Forest,0.007927687634289101,0.6673592592592592,0.9336773959692635
Random Forest,0.007942505742016744,0.6675666666666666,0.9334744015941692
Random Forest,0.008001778172927318,0.668074074074074,0.9332733927226232
Random Forest,0.00801289175372305,0.6683037037037037,0.9331376094609981
Random Forest,0.008035118915314514,0.6686703703703704,0.9328256872033057
Random Forest,0.008053641549974068,0.6689925925925926,0.9325256619526001
Random Forest,0.008083277765429355,0.6692592592592592,0.9322504210947852
Random Forest,0.00810180040008891,0.6695703703703704,0.9318718915119688
Random Forest,0.008124027561680373,0.6699148148148149,0.9314943697052308
Random Forest,0.008135141142476106,0.6703185185185185,0.9311622982698358
Random Forest,0.00815366377713566,0.6708518518518518,0.9307505012452507
Random Forest,0.008172186411795214,0.6712296296296296,0.9305568966313879
Random Forest,0.008187004519522856,0.6716037037037037,0.9302310212290654
Random Forest,0.008212936208046232,0.6719777777777778,0.929889384261905
Random Forest,0.008227754315773876,0.6724185185185185,0.9294940959157962
Random Forest,0.008242572423501519,0.6727814814814815,0.9291660267666908
Random Forest,0.00824998147736534,0.673262962962963,0.9286962332278127
Random Forest,0.008261095058161073,0.6736148148148148,0.9283855425546499
Random Forest,0.008279617692820627,0.6739592592592593,0.9280303457875592
Random Forest,0.008312958435207823,0.6742814814814815,0.9277425570070331
Random Forest,0.008335185596799289,0.6746074074074074,0.9273895074375457
Random Forest,0.008353708231458843,0.6749592592592593,0.9270219306038533
Random Forest,0.008364821812254576,0.6753037037037037,0.9267038834809687
Random Forest,0.008379639919982218,0.675625925925926,0.9263931884398258
Random Forest,0.008390753500777951,0.6760703703703703,0.9259928786862359
Random Forest,0.008409276135437505,0.6765444444444444,0.9254894981831547
Random Forest,0.008450025931688523,0.6770185185185185,0.9251257824198187
Random Forest,0.008468548566348077,0.6773814814814815,0.9246775118513855
Random Forest,0.008516707416462918,0.6778481481481482,0.9244658649587758
Random Forest,0.008520411943394828,0.6781777777777778,0.9241649418237399
Random Forest,0.008535230051122472,0.6788111111111111,0.9237580726149247
Random Forest,0.008557457212713936,0.6791777777777778,0.9234237689880699
Random Forest,0.008583388901237311,0.6795185185185185,0.923078996464141
Random Forest,0.008598207008964956,0.6798037037037037,0.9228272823446486
Random Forest,0.008613025116692598,0.680162962962963,0.9226242971823538
Random Forest,0.00862784322442024,0.6804407407407408,0.9223482954829336
Random Forest,0.008657479439875528,0.6808518518518518,0.9219960796118972
Random Forest,0.008701933763058457,0.6813037037037037,0.9215761700483837
Random Forest,0.00876120619396903,0.6816962962962962,0.9211877070715698
Random Forest,0.008787137882492406,0.6820814814814815,0.9208245058172793
Random Forest,0.008801955990220049,0.6824407407407408,0.9205195800285582
Random Forest,0.008816774097947693,0.6828074074074074,0.9202205546391327
Random Forest,0.008831592205675335,0.6831444444444444,0.9198683896932016
Random Forest,0.00885752389419871,0.6835185185185185,0.9194863109353787
Random Forest,0.008868637474994443,0.6838888888888889,0.9191302005853668
Random Forest,0.00889827369044973,0.6842703703703704,0.9186299233367301
Random Forest,0.008939023486700748,0.6847518518518518,0.9182512255676275
Random Forest,0.009002000444543232,0.6853259259259259,0.917945758147694
Random Forest,0.009024227606134697,0.6855962962962963,0.9175602315721703
Random Forest,0.00903904571386234,0.6859481481481482,0.9172608434307523
Random Forest,0.009061272875453805,0.6863370370370371,0.9168872738812138
Random Forest,0.00908350003704527,0.6866185185185185,0.9165699316597067
Random Forest,0.009102022671704823,0.6869148148148149,0.9161222563595253
Random Forest,0.009109431725568645,0.6873481481481482,0.9156939694315251
Random Forest,0.009120545306364377,0.687737037037037,0.9152272532323453
Random Forest,0.009127954360228199,0.6880666666666667,0.9148761285414333
Random Forest,0.00931318070682374,0.6884111111111111,0.9145381020757887
Random Forest,0.009335407868415203,0.6887777777777778,0.9140667661106466
Random Forest,0.009353930503074757,0.6890703703703703,0.9137611626108116
Random Forest,0.009383566718530044,0.6893222222222222,0.9135619401500061
Random Forest,0.009420611987849152,0.6897777777777778,0.9131714604709433
Random Forest,0.009435430095576795,0.6901925925925926,0.9127239658562193
Random Forest,0.009446543676372527,0.6907,0.9122279895296039
Random Forest,0.009479884418759724,0.6910407407407407,0.9118149430934126
Random Forest,0.0095058161072831,0.6913111111111111,0.9114412390915245
Random Forest,0.009542861376602207,0.6918814814814814,0.9110383927135907
Random Forest,0.009576202118989406,0.6923703703703704,0.9105373306885061
Random Forest,0.009602133807512781,0.6927851851851852,0.9102719290103582
Random Forest,0.009624360969104245,0.6930148148148149,0.9099886073755519
Random Forest,0.009668815292287174,0.6936,0.9095742620872996
Random Forest,0.009705860561606282,0.6939518518518518,0.9091859281905964
Random Forest,0.009716974142402015,0.6943333333333334,0.9087324282367287
Random Forest,0.00973549677706157,0.6948185185185185,0.9082460617238072
Random Forest,0.009768837519448766,0.6951777777777778,0.9078573850764435
Random Forest,0.009779951100244499,0.6955481481481481,0.9074045857119253
Random Forest,0.009805882788767874,0.6957777777777778,0.9071820871883073
Random Forest,0.00983181447729125,0.6961666666666667,0.9068289794857974
Random Forest,0.009868859746610358,0.6964888888888889,0.9064594683502935
Random Forest,0.009894791435133733,0.6969481481481481,0.9058878587905916
Random Forest,0.009928132177520931,0.6972259259259259,0.9055907672549421
Random Forest,0.009935541231384752,0.6976074074074075,0.9052424468893826
Random Forest,0.009950359339112395,0.6979703703703704,0.9049223648918564
Random Forest,0.00997258650070386,0.6983111111111111,0.9045957349679152
Random Forest,0.010005927243091057,0.6986259259259259,0.9042893218271048
Random Forest,0.01001704082388679,0.6989925925925926,0.9039384230256059
Random Forest,0.010046677039342077,0.6992444444444444,0.9036980673618248
Random Forest,0.01006149514706972,0.6996333333333333,0.9033213636325228
Random Forest,0.010094835889456916,0.6998851851851852,0.9030917547534892
Random Forest,0.01010965399718456,0.7002407407407407,0.902692940736097
Random Forest,0.010128176631844113,0.7005888888888889,0.9022402725859517
Random Forest,0.0101578128472994,0.7008888888888889,0.9018415750064843
Random Forest,0.010168926428095132,0.7011703703703703,0.9014982907925775
Random Forest,0.010191153589686598,0.7013777777777778,0.9012655246965668
Random Forest,0.01020967622434615,0.7017037037037037,0.9008259278659818
Random Forest,0.010239312439801437,0.7019518518518518,0.900572119574628
Random Forest,0.010257835074460991,0.7025444444444444,0.899919343978292
Random Forest,0.010324516559235386,0.7031185185185185,0.8994271564791537
Random Forest,0.010357857301622583,0.7036111111111111,0.8990224213878804
Random Forest,0.010383788990145958,0.7039666666666666,0.8985754861610767
Random Forest,0.010431947840260799,0.7042703703703703,0.8982591007402164
Random Forest,0.010468993109579907,0.7045925925925925,0.897902278929572
Random Forest,0.010498629325035194,0.7048888888888889,0.8977053729630108
Random Forest,0.010517151959694746,0.705237037037037,0.8973039032974738
Random Forest,0.0105356745943543,0.7054888888888889,0.8970135014392223
Random Forest,0.010550492702081945,0.7057888888888889,0.8967424736976246
Random Forest,0.010602356079128695,0.7061,0.8964102633506571
Random Forest,0.010639401348447803,0.7063148148148148,0.8961626319302416
Random Forest,0.010661628510039267,0.7067962962962963,0.89581784825349
Random Forest,0.010698673779358375,0.7070814814814815,0.8954518320049056
Random Forest,0.010724605467881752,0.7074925925925926,0.8950486385398482
Random Forest,0.010769059791064682,0.7078592592592593,0.8945738545703065
Random Forest,0.010794991479588057,0.7080925925925926,0.8943342745193903
Random Forest,0.0108098095873157,0.7083481481481482,0.8940500589110143
Random Forest,0.01085055938356672,0.7086925925925925,0.8937030045304398
Random Forest,0.010869082018226273,0.7090296296296297,0.8932573437903567
Random Forest,0.010913536341409203,0.7093185185185186,0.8929342866989081
Random Forest,0.010935763503000667,0.709562962962963,0.8926445021116486
Random Forest,0.01095428613766022,0.7098,0.8923462274604139
Random Forest,0.010980217826183596,0.7101407407407407,0.8919150427463655
Random Forest,0.011013558568570794,0.7105259259259259,0.8915829423763257
Random Forest,0.011028376676298437,0.7108037037037037,0.8912787745424361
Random Forest,0.01103949025709417,0.7110888888888889,0.8909318236987194
Random Forest,0.011058012891753724,0.711562962962963,0.8904951682875746
Random Forest,0.011102467214936653,0.7120111111111112,0.890051554356346
Random Forest,0.011380306734829962,0.7127,0.889716094303011
Random Forest,0.011413647477217159,0.7129296296296296,0.8894383657131265
Random Forest,0.011424761058012892,0.7133037037037037,0.8890387994084445
Random Forest,0.011439579165740534,0.7136925925925925,0.8886815161815023
Random Forest,0.011487738015855375,0.7141111111111111,0.888364716032834
Random Forest,0.011524783285174483,0.7143888888888889,0.8880351173937051
Random Forest,0.011561828554493591,0.7147074074074075,0.8876016876429066
Random Forest,0.01160628287767652,0.7151222222222222,0.8872470908013679
Random Forest,0.011669259835519004,0.7154222222222222,0.8870609176197104
Random Forest,0.01169519152404238,0.7156851851851852,0.886673136046923
Random Forest,0.011710009631770022,0.7159666666666666,0.8863446935173209
Random Forest,0.01174705490108913,0.7164444444444444,0.8858894766388943
Random Forest,0.011784100170408238,0.7167111111111111,0.8856742494366963
Random Forest,0.011843372601318812,0.7169888888888889,0.8853833822308462
Random Forest,0.01188041787063792,0.7173851851851852,0.8851869064322003
Random Forest,0.011906349559161295,0.7176,0.8849338686260478
Random Forest,0.011943394828480404,0.7182111111111111,0.8843648204193504
Random Forest,0.011973031043935689,0.7185333333333334,0.8840899799234684
Random Forest,0.011991553678595243,0.7188296296296296,0.8836853552213755
Random Forest,0.012039712528710084,0.7191222222222222,0.8834231659686639
Random Forest,0.01206934874416537,0.7194592592592592,0.8830569796236036
Random Forest,0.012110098540416388,0.7199925925925926,0.8827594381082444
Random Forest,0.012132325702007854,0.7202851851851851,0.8824625935742703
Random Forest,0.012180484552122693,0.7205888888888888,0.882147332893068
Random Forest,0.012199007186782247,0.7208925925925926,0.8816164667151709
Random Forest,0.012276802252352375,0.7212222222222222,0.8813430117985211
Random Forest,0.01230273394087575,0.7215814814814815,0.8810573818080446
Random Forest,0.01234718826405868,0.7219111111111111,0.8806797041474355
Random Forest,0.012373119952582055,0.7221925925925926,0.8802644040712132
Random Forest,0.01239534711417352,0.7224185185185186,0.8799491566994537
Random Forest,0.012432392383492629,0.7227703703703704,0.8796138954486976
Random Forest,0.012469437652811735,0.723137037037037,0.8793180835214015
Random Forest,0.012499073868267022,0.7235222222222222,0.8789944413764488
Random Forest,0.012539823664518042,0.7238444444444444,0.878659524346242
Random Forest,0.012550937245313773,0.7242407407407407,0.878394049866391
Random Forest,0.01257686893383715,0.7245074074074074,0.8780104591963382
Random Forest,0.012595391568496704,0.7248481481481481,0.8777033489295017
Random Forest,0.0126287323108839,0.7252333333333333,0.8773062429560914
Random Forest,0.012669482107134918,0.7254851851851852,0.877055319942799
Random Forest,0.012699118322590205,0.7257555555555556,0.8767590840077636
Random Forest,0.01272134548418167,0.726025925925926,0.8764005070809917
Random Forest,0.012739868118841225,0.7263185185185185,0.8760204438730709
Random Forest,0.012780617915092243,0.7267592592592592,0.8756020406698641
Random Forest,0.012806549603615618,0.7271037037037037,0.8752008474291515
Random Forest,0.012828776765207084,0.7273925925925926,0.8748965341902968
Random Forest,0.012858412980662369,0.7276666666666667,0.8744833637883914
Random Forest,0.012873231088390013,0.7279518518518518,0.8741574632032301
Random Forest,0.01291398088464103,0.7283407407407407,0.8737650126632903
Random Forest,0.012943617100096318,0.7285777777777778,0.8734463384196246
Random Forest,0.01295843520782396,0.7289222222222222,0.8730744948814292
Random Forest,0.01299918500407498,0.729162962962963,0.872779337833379
Random Forest,0.013036230273394088,0.7294851851851852,0.8724575274978261
Random Forest,0.013073275542713196,0.7297555555555556,0.872157784560194
Random Forest,0.013106616285100393,0.7300148148148148,0.8718520904279198
Random Forest,0.01313995702748759,0.7303666666666667,0.8714462686721962
Random Forest,0.013177002296806697,0.7306259259259259,0.8711210709704561
Random Forest,0.013206638512261984,0.7309074074074075,0.8707965235886321
Random Forest,0.013217752093057717,0.7312296296296297,0.8703305460565873
Random Forest,0.013239979254649181,0.7316296296296296,0.8698505337408186
Random Forest,0.0132807290509002,0.7318740740740741,0.8695978762614788
Random Forest,0.013306660739423576,0.7322111111111111,0.8691081210440582
Random Forest,0.013862339779210194,0.7347962962962963,0.8685931775913273
Random Forest,0.013888271467733571,0.7350444444444444,0.8682484553619004
Random Forest,0.013906794102393124,0.7353259259259259,0.8678725738969681
Random Forest,0.01393643031784841,0.7355925925925926,0.8676256243195092
Random Forest,0.013988293694895161,0.7358592592592592,0.8671891802929997
Random Forest,0.014010520856486627,0.7361296296296296,0.8667443765653751
Random Forest,0.014036452545010002,0.7363148148148149,0.8665181830119121
Random Forest,0.014066088760465289,0.7365259259259259,0.8663408605243711
Random Forest,0.014092020448988664,0.7367777777777778,0.8660194497267403
Random Forest,0.014110543083648218,0.7370814814814814,0.8657237395890893
Random Forest,0.014147588352967326,0.7374296296296297,0.8653812698517103
Random Forest,0.014173520041490702,0.7377666666666667,0.8649469156314823
Random Forest,0.014206860783877898,0.7381481481481481,0.8643809952337097
Random Forest,0.014225383418537452,0.7386296296296296,0.8638190844635858
Random Forest,0.014266133214788472,0.7389444444444444,0.863398123504808
Random Forest,0.014299473957175669,0.7391888888888889,0.8631543133215325
Random Forest,0.014332814699562865,0.7395407407407407,0.8628009791022797
Random Forest,0.014366155441950064,0.7398481481481481,0.8623856616665025
Random Forest,0.014388382603541527,0.7401407407407408,0.8620050178539734
Random Forest,0.014403200711269172,0.7404888888888889,0.8615401317591891
Random Forest,0.014432836926724457,0.740762962962963,0.861122631289116
Random Forest,0.014451359561384011,0.7410444444444444,0.8607864660171668
Random Forest,0.014477291249907386,0.741337037037037,0.8604121287544078
Random Forest,0.014503222938430762,0.7415962962962963,0.8601226131331808
Random Forest,0.014518041046158406,0.7419703703703704,0.8596955853542886
Random Forest,0.014551381788545602,0.7422296296296297,0.8593662205883176
Random Forest,0.014584722530932799,0.7425592592592593,0.8589160592460817
Random Forest,0.014606949692524265,0.7428111111111111,0.8584509125428665
Random Forest,0.014625472327183819,0.7431592592592593,0.8579984979449206
Random Forest,0.014651404015707194,0.7435925925925926,0.8575283624585291
Random Forest,0.014666222123434837,0.7439333333333333,0.8571398146139547
Random Forest,0.014688449285026302,0.7442518518518518,0.8565940043294569
Random Forest,0.014740312662073053,0.7444925925925926,0.8563416080342107
Random Forest,0.014773653404460251,0.7447407407407407,0.8560257101903713
Random Forest,0.014799585092983627,0.7451074074074074,0.8555954041452875
Random Forest,0.01482181225457509,0.7453333333333333,0.8552219624990863
Random Forest,0.014847743943098466,0.7457185185185186,0.8546064315034102
Random Forest,0.01486626657775802,0.7459703703703704,0.8542900148295538
Random Forest,0.014899607320145218,0.7462740740740741,0.8538121475039891
Random Forest,0.014932948062532415,0.7465740740740741,0.8533075483692825
Random Forest,0.01495887975105579,0.7469111111111111,0.852744259506592
Random Forest,0.014973697858783433,0.7473222222222222,0.8522698704420308
Random Forest,0.015018152181966364,0.7475333333333334,0.8518226135906131
Random Forest,0.015047788397421649,0.7477814814814815,0.85134218766824
Random Forest,0.015077424612876936,0.7480185185185185,0.8511288622153388
Random Forest,0.015110765355264132,0.7482185185185185,0.8507796212369748
Random Forest,0.015151515151515152,0.7485259259259259,0.8503171368956863
Random Forest,0.015181151366970437,0.7488592592592592,0.8496901261942622
Random Forest,0.015199674001629991,0.7492222222222222,0.8492685285568292
Random Forest,0.015218196636289545,0.7495074074074074,0.8488353044560581
Random Forest,0.015247832851744832,0.7499037037037037,0.84825945277135
Random Forest,0.015277469067200119,0.7501,0.8478725386541521
Random Forest,0.015299696228791583,0.7503111111111112,0.847481868696789
Random Forest,0.015325627917314958,0.7505407407407407,0.8470203911387137
Random Forest,0.015355264132770245,0.7509222222222223,0.8464541890522259
Random Forest,0.015384900348225532,0.7511740740740741,0.8460423621119655
Random Forest,0.015418241090612728,0.7514,0.8456294439921995
Random Forest,0.015455286359931836,0.7517407407407407,0.8449840141494496
Random Forest,0.015503445210046677,0.7519703703703704,0.8444755735540611
Random Forest,0.015521967844706231,0.7522555555555556,0.8439260371892323
Random Forest,0.015544195006297695,0.7525925925925926,0.843302235987124
Random Forest,0.015588649329480625,0.7529111111111111,0.8426944325281999
Random Forest,0.015614581018004002,0.7533111111111112,0.8420897796909258
Random Forest,0.015640512706527377,0.7537555555555555,0.8414880218870164
Random Forest,0.015673853448914574,0.7540444444444444,0.8411485473770083
Random Forest,0.015688671556642216,0.7543185185185185,0.8408046149717068
Random Forest,0.01570348966436986,0.7546,0.8404484917279555
Random Forest,0.015740534933688967,0.7548814814814815,0.8398186327464374
Random Forest,0.015766466622212344,0.7552148148148148,0.8392741951003828
Random Forest,0.015807216418463364,0.7554592592592593,0.8387736346203485
Random Forest,0.015833148106986737,0.7557259259259259,0.8382436127389123
Random Forest,0.015866488849373934,0.7560592592592592,0.837732077500887
Random Forest,0.01589982959176113,0.7562888888888889,0.8372704386373289
Random Forest,0.015925761280284507,0.7565592592592593,0.8367027155754658
Random Forest,0.01594428391494406,0.7568925925925926,0.8360564733037328
Random Forest,0.01598503371119508,0.7571407407407408,0.8354310127874708
Random Forest,0.0160257835074461,0.7574111111111111,0.8348053431383109
Random Forest,0.016059124249833297,0.7576703703703703,0.8342316858506912
Random Forest,0.01608505593835667,0.7578777777777778,0.8337914769620125
Random Forest,0.01612580573460769,0.7581407407407408,0.8331635355306197
Random Forest,0.016151737423131068,0.7584814814814815,0.8324928059093073
Random Forest,0.01617766911165444,0.7588592592592592,0.8316635052169724
Random Forest,0.016211009854041638,0.7591592592592593,0.8310266105190713
Random Forest,0.016240646069496927,0.7594407407407407,0.83054442018335
Random Forest,0.016273986811884123,0.7596555555555555,0.8300220952468869
Random Forest,0.01630732755427132,0.7599148148148148,0.8294768670460334
Random Forest,0.016325850188930874,0.7602111111111111,0.8288170622483364
Random Forest,0.0163703045121138,0.7605407407407407,0.8280865835246
Random Forest,0.016403645254501,0.7607962962962963,0.8276583049614267
Random Forest,0.01644069052382011,0.7610777777777777,0.8269623330543457
Random Forest,0.01648884937393495,0.7613074074074074,0.8265184303298112
Random Forest,0.016518485589390234,0.7614962962962963,0.8261656416543957
Random Forest,0.01655182633177743,0.7616407407407407,0.8258618937760014
Random Forest,0.016570348966436985,0.7620333333333333,0.8251901694645194
Random Forest,0.016607394235756093,0.7622851851851852,0.8245956551602891
Random Forest,0.016651848558939024,0.7626555555555555,0.8240163377162609
Random Forest,0.016707416462917686,0.762962962962963,0.8233287244613656
Random Forest,0.016751870786100614,0.7632592592592593,0.822600049394614
Random Forest,0.016781507001555902,0.763662962962963,0.821696836023962
Random Forest,0.01682596132473883,0.7639703703703704,0.8209962312705358
Random Forest,0.016840779432466473,0.7642111111111111,0.8205917740948696
Random Forest,0.016885233755649404,0.7645296296296297,0.8198975887768353
Random Forest,0.01691486997110469,0.7648444444444444,0.8191321938139118
Random Forest,0.01696302882121953,0.7651444444444444,0.818611128821134
Random Forest,0.016992665036674817,0.7654666666666666,0.8178287571138301
Random Forest,0.017037119359857748,0.765637037037037,0.8173257454626748
Random Forest,0.017070460102244944,0.7658,0.8169382451648748
Random Forest,0.01710380084463214,0.7660370370370371,0.8164624302768727
Random Forest,0.01714084611395125,0.7663148148148148,0.815863793967337
Random Forest,0.017214936652589465,0.7666703703703703,0.8151720094225826
Random Forest,0.01725568644884048,0.7668666666666667,0.8146646261495128
Random Forest,0.017318663406682967,0.7671703703703704,0.8139438890926749
Random Forest,0.017366822256797806,0.7673481481481481,0.8134492136278785
Random Forest,0.017396458472253094,0.7675555555555555,0.8128029736940892
Random Forest,0.017452026376231757,0.7678592592592592,0.8122228267823492
Random Forest,0.017485367118618953,0.7681629629629629,0.8115677211345831
Random Forest,0.017540935022597615,0.7683592592592593,0.8110800169964616
Random Forest,0.017563162184189077,0.7687222222222222,0.8101269288777393
Random Forest,0.017585389345780543,0.7689555555555555,0.8097121068216387
Random Forest,0.017629843668963474,0.7691777777777777,0.809288905597033
Random Forest,0.017655775357486848,0.7694777777777778,0.8087289710611317
Random Forest,0.017678002519078313,0.7697814814814815,0.8080011723017941
Random Forest,0.017718752315329333,0.7699518518518519,0.8076618040786152
Random Forest,0.017748388530784618,0.7701925925925925,0.8071107861320775
Random Forest,0.01776320663851226,0.7704518518518518,0.8065580403746307
Random Forest,0.01779284285396755,0.7707,0.8059926567927101
Random Forest,0.01784100170408239,0.7709814814814815,0.805360483631131
Random Forest,0.017866933392605765,0.7712592592592593,0.8048464026220762
Random Forest,0.017911387715788693,0.7715703703703704,0.8040333696176064
Random Forest,0.01794472845817589,0.771862962962963,0.8035056164398832
Random Forest,0.017966955619767355,0.7722222222222223,0.8029758912246824
Random Forest,0.018015114469882194,0.7726,0.8024191434527674
Random Forest,0.018052159739201303,0.7728555555555555,0.8018669025525188
Random Forest,0.018100318589316145,0.7731259259259259,0.801344070431993
Random Forest,0.018133659331703342,0.7733888888888889,0.8007118810212561
Random Forest,0.01817811365488627,0.7736592592592593,0.8001838425037178
Random Forest,0.018196636289545823,0.7739703703703704,0.7996774809870101
Random Forest,0.018252204193524486,0.7742703703703704,0.7991429756473545
Random Forest,0.018296658516707417,0.7746592592592593,0.7986337320875926
Random Forest,0.018337408312958436,0.7749666666666667,0.7981525867269221
Random Forest,0.018381862636141364,0.7752962962962963,0.7975405478571188
Random Forest,0.018418907905460472,0.7755851851851852,0.7969622052511403
Random Forest,0.018459657701711492,0.775974074074074,0.7964247682054901
Random Forest,0.01849299844409869,0.7762777777777777,0.7958929771010642
Random Forest,0.018530043713417797,0.7765444444444445,0.7953659978667732
Random Forest,0.01855967992887308,0.7768962962962963,0.7946615328469467
Random Forest,0.01864858857523894,0.7770962962962963,0.7943517615024684
Random Forest,0.01868192931762614,0.7773444444444444,0.7938122932585681
Random Forest,0.018748610802400534,0.7775481481481481,0.7933212039656883
Random Forest,0.018789360598651553,0.7777888888888889,0.792900207066522
Random Forest,0.018837519448766393,0.7781259259259259,0.7923240782776321
Random Forest,0.018881973771949324,0.7783629629629629,0.79188503388406
Random Forest,0.01896717789138327,0.7788444444444445,0.7914324791204855
Random Forest,0.01900792768763429,0.7790666666666667,0.7909277991059785
Random Forest,0.01905979106468104,0.7792555555555556,0.7904334409658442
Random Forest,0.01910794991479588,0.7795740740740741,0.7897555939159382
Random Forest,0.019141290657183077,0.7798,0.7893269441195047
Random Forest,0.01919685856116174,0.779974074074074,0.7888192419218638
Random Forest,0.01923760835741276,0.7802962962962963,0.7880504449792988
Random Forest,0.01929317626139142,0.7805333333333333,0.7874788459905454
Random Forest,0.01933392605764244,0.7808222222222222,0.7869351483379579
Random Forest,0.01938208490775728,0.7810962962962963,0.786181837427525
Random Forest,0.019419130177076388,0.7813444444444444,0.7856349360045151
Random Forest,0.01948210713491887,0.781562962962963,0.7851732452883816
Random Forest,0.019537675038897532,0.7818592592592593,0.7845568825145361
Random Forest,0.019582129362080463,0.7820925925925926,0.7840737705881594
Random Forest,0.020089649551752242,0.7840592592592592,0.783545129247131
Random Forest,0.02012299029413944,0.7843333333333333,0.7828756542170585
Random Forest,0.020156331036526635,0.7845185185185185,0.7825633450494379
Random Forest,0.020208194413573386,0.7848,0.7818918680406054
Random Forest,0.020256353263688225,0.7849777777777778,0.7814080723276466
Random Forest,0.0203156256945988,0.7852481481481481,0.780820383382533
Random Forest,0.02040082981403275,0.7855555555555556,0.7802230416604903
Random Forest,0.020441579610283766,0.7857259259259259,0.779863935993756
Random Forest,0.02048973846039861,0.7860444444444444,0.7791565227265348
Random Forest,0.02054160183744536,0.7862814814814815,0.7785087992813087
Random Forest,0.0205897606875602,0.7865296296296296,0.7780297187149294
Random Forest,0.020626805956879306,0.7867814814814815,0.7775481438159013
Random Forest,0.02069719196858561,0.7869666666666667,0.7769893251116538
Random Forest,0.020741646291768542,0.7871444444444444,0.7765577170046165
Random Forest,0.02077498703415574,0.7873407407407408,0.7762543574469134
Random Forest,0.020819441357338667,0.7875407407407408,0.7757094885956508
Random Forest,0.020863895680521598,0.7877962962962963,0.7748498742992627
Random Forest,0.02092316811143217,0.7880407407407407,0.7743210280205174
Random Forest,0.020975031488478922,0.7883074074074075,0.7735806407509012
Random Forest,0.021052826554049046,0.7885555555555556,0.773025391799637
Random Forest,0.021086167296436246,0.788737037037037,0.7724707382704837
Random Forest,0.021145439727346817,0.7889259259259259,0.771837688788843
Random Forest,0.021212121212121213,0.7892185185185185,0.7711816868478806
Random Forest,0.021267689116099876,0.7894851851851852,0.770639413996846
Random Forest,0.021304734385418984,0.7896666666666666,0.7701982908727991
Random Forest,0.02134918870860191,0.7898185185185185,0.7696906995256938
Random Forest,0.02139734755871675,0.79,0.7692237588730138
Random Forest,0.02143439282803586,0.7902296296296296,0.7688168546126373
Random Forest,0.021467733570423055,0.7904962962962963,0.7681466718182903
Random Forest,0.021534415055197452,0.7907444444444445,0.7676576729624636
Random Forest,0.021601096539971845,0.7910185185185186,0.767118763316749
Random Forest,0.021645550863154776,0.7912555555555556,0.7666797616203773
Random Forest,0.02167518707861006,0.7914703703703704,0.7662380099380516
Random Forest,0.02171223234792917,0.7916555555555556,0.7657516200800146
Random Forest,0.02177520930577165,0.7919481481481482,0.7653582817423895
Random Forest,0.021841890790546048,0.7921148148148148,0.7649683813411545
Random Forest,0.021882640586797068,0.7924037037037037,0.7643459078175301
Random Forest,0.02193450396384382,0.7925962962962962,0.7638375106778272
Random Forest,0.021978958287026746,0.7927592592592593,0.7633811246762445
Random Forest,0.022016003556345854,0.792962962962963,0.7628514245459312
Random Forest,0.022064162406460693,0.793262962962963,0.7622830566528016
Random Forest,0.02212713936430318,0.7933962962962963,0.7618880759661982
Random Forest,0.02217159368748611,0.7936037037037037,0.761445052524346
Random Forest,0.02223457064532859,0.7938,0.7608564052142883
Random Forest,0.022290138549307253,0.7939703703703703,0.760413698181782
Random Forest,0.022338297399422093,0.7941888888888889,0.759895128602951
Random Forest,0.022390160776468843,0.7944333333333333,0.7593396469527274
Random Forest,0.022438319626583686,0.7946888888888889,0.7588135943754319
Random Forest,0.022471660368970883,0.7949296296296297,0.7583656694064886
Random Forest,0.0225457509076091,0.7951777777777778,0.7577924960009129
Random Forest,0.02260131881158776,0.7953703703703704,0.7575435336561726
Random Forest,0.02263836408090687,0.7955518518518518,0.7570178205047253
Random Forest,0.02269393198488553,0.7957592592592593,0.756579467881083
Random Forest,0.022745795361932282,0.7959037037037037,0.7562242206113693
Random Forest,0.022797658738979033,0.796074074074074,0.7557901589039113
Random Forest,0.022823590427502406,0.7962333333333333,0.7554327379741291
Random Forest,0.022864340223753426,0.7965777777777778,0.7548229045343917
Random Forest,0.02291249907386827,0.7967777777777778,0.7543852250409785
Random Forest,0.02293472623545973,0.7970407407407407,0.7538048883528067
Random Forest,0.022982885085574573,0.7972111111111111,0.7534644385813012
Random Forest,0.023034748462621324,0.7974777777777777,0.7529051670211109
Random Forest,0.023071793731940432,0.7977407407407408,0.7525379402385591
Random Forest,0.02311995258205527,0.7979333333333334,0.7522266255380187
Random Forest,0.023179225012965845,0.7981148148148148,0.7519730756866703
Random Forest,0.02324961102467215,0.7982666666666667,0.751613297519018
Random Forest,0.023294065347855077,0.7984259259259259,0.7511604368178026
Random Forest,0.02333851967103801,0.7986888888888889,0.7506644815880121
Random Forest,0.02338297399422094,0.7989666666666667,0.7500642338378946
Random Forest,0.02343113284433578,0.7996333333333333,0.7495325620942846
Random Forest,0.0234718826405868,0.7998111111111111,0.7491956037242835
Random Forest,0.02353115507149737,0.8000259259259259,0.748768192909436
Random Forest,0.02358301844854412,0.8002222222222222,0.7482848211604197
Random Forest,0.023631177298658962,0.8004074074074075,0.7479161616473503
Random Forest,0.023694154256501444,0.8006962962962964,0.7475339042542424
Random Forest,0.023738608579684375,0.8008740740740741,0.747178799784496
Random Forest,0.023816403645254502,0.801062962962963,0.7467403809051859
Random Forest,0.023868267022301253,0.8012703703703704,0.7464441469003066
Random Forest,0.02390531229162036,0.8014925925925926,0.7459605622109595
Random Forest,0.023968289249462843,0.8016703703703704,0.7456337972912183
Random Forest,0.02404608431503297,0.8017814814814814,0.7453262976334569
Random Forest,0.024120174853671187,0.8019925925925926,0.7447811604839539
Random Forest,0.024205378973105134,0.8021814814814815,0.7443729105361784
Random Forest,0.024246128769356154,0.8023925925925925,0.7440188439837212
Random Forest,0.024283174038675262,0.8026074074074074,0.7435894932100923
Random Forest,0.024349855523449655,0.8028518518518518,0.7430435998546574
Random Forest,0.024431355115951695,0.803137037037037,0.7427407906145183
Random Forest,0.024479513966066534,0.8033333333333333,0.7423199441433289
Random Forest,0.02452396828924946,0.803525925925926,0.7418484037911195
Random Forest,0.02460176335481959,0.8037444444444445,0.7414413362222927
Random Forest,0.024649922204934428,0.8039333333333334,0.7410250594530389
Random Forest,0.02469808105504927,0.8041444444444444,0.7406861884435283
Random Forest,0.024761058012891753,0.8043259259259259,0.7403027039246463
Random Forest,0.024801807809142772,0.8045777777777777,0.7396594678255193
Random Forest,0.024853671186189523,0.8047851851851852,0.7393294165270037
Random Forest,0.02488701192857672,0.8049444444444445,0.7389925450451883
Random Forest,0.024924057197895828,0.805162962962963,0.7387021154571066
Random Forest,0.024961102467214936,0.805362962962963,0.738266924573936
Random Forest,0.025038897532785064,0.8055629629629629,0.7378495258179804
Random Forest,0.025094465436763726,0.8057222222222222,0.7374428200078601
Random Forest,0.025142624286878565,0.8059148148148149,0.737034282391038
Random Forest,0.025187078610061496,0.8061111111111111,0.7366806056282457
Random Forest,0.025250055567903978,0.8062962962962963,0.7363683399324866
Random Forest,0.025283396310291174,0.8064666666666667,0.7360813192841791
Random Forest,0.025320441579610282,0.8066629629629629,0.7356839429147864
Random Forest,0.02540194117211232,0.8068296296296297,0.7353654049986031
Random Forest,0.025453804549159072,0.8069666666666667,0.7350731289202493
Random Forest,0.025509372453137735,0.8072148148148148,0.7345759236172309
Random Forest,0.025557531303252574,0.8073666666666667,0.7342628943018917
Random Forest,0.025609394680299324,0.8075777777777777,0.7337823413535406
Random Forest,0.0407683188856783,0.8469666666666666,0.7334109203708052
Random Forest,0.04081647773579314,0.8471851851851852,0.732912925137433
Random Forest,0.04085352300511225,0.8473814814814815,0.7326158301003022
Random Forest,0.04089797732829518,0.8476444444444444,0.732047330933289
Random Forest,0.040935022597614286,0.8478333333333333,0.7316181661285842
Random Forest,0.04099059050159295,0.8480407407407408,0.7310538093920979
Random Forest,0.04103874935170779,0.8482407407407407,0.7307027070100297
Random Forest,0.04109431725568645,0.8484296296296296,0.7303673083017989
Random Forest,0.04119433948284804,0.8486962962962963,0.730007722214812
Random Forest,0.04125361191375861,0.8488703703703704,0.7296516529712759
Random Forest,0.0413165888716011,0.8490518518518518,0.7291959631441898
Random Forest,0.04137956582944358,0.8492703703703703,0.7287788038176275
Random Forest,0.04144624731421798,0.8494777777777778,0.7284269730485519
Random Forest,0.04150551974512855,0.8496777777777778,0.7279884335208456
Random Forest,0.041553678595243386,0.8498888888888889,0.7276732371505747
Random Forest,0.041590723864562494,0.8501185185185185,0.7273389448316305
Random Forest,0.04163147366081352,0.8503592592592593,0.7269522255284105
Random Forest,0.04164999629547307,0.8505814814814815,0.7266375314303977
Random Forest,0.04169815514558791,0.8507814814814815,0.7262625486217839
Random Forest,0.041731495887975104,0.850925925925926,0.7258652663321783
Random Forest,0.041775950211158035,0.8511333333333333,0.725435010192439
Random Forest,0.041824109061272874,0.8513037037037037,0.7250697290643295
Random Forest,0.04187597243831963,0.8514814814814815,0.7247292120304972
Random Forest,0.04190931318070682,0.8516592592592592,0.7244147383041338
Random Forest,0.041972290138549306,0.8517481481481481,0.7241934629618215
Random Forest,0.0420389716233237,0.8518592592592592,0.7239332964395978
Random Forest,0.04208713047343854,0.8520740740740741,0.7235004307275501
Random Forest,0.042135289323553385,0.8522148148148149,0.7231709586988857
Random Forest,0.04219085722753205,0.8523851851851851,0.7228775364710583
Random Forest,0.042253834185374525,0.8525518518518519,0.7225685911064179
Random Forest,0.04232792472401274,0.8527222222222223,0.7223117680509381
Random Forest,0.04238719715492332,0.8529185185185185,0.7220391777702411
Random Forest,0.04243535600503816,0.8531148148148148,0.7217042353788369
Random Forest,0.04250574201674446,0.8532962962962963,0.7213138290990427
Random Forest,0.042553900866859305,0.8535148148148148,0.7209793817451231
Random Forest,0.04260946877083797,0.8536407407407407,0.7206875435703146
Random Forest,0.04264651404015707,0.8538074074074075,0.7202888821091702
Random Forest,0.042709490997999554,0.854,0.7199025013981949
Random Forest,0.04275764984811439,0.8541814814814814,0.7196910822324613
Random Forest,0.042857672075275986,0.8543,0.719312922559319
Random Forest,0.042905830925390825,0.8544888888888889,0.718945410523002
Random Forest,0.04295769430243758,0.854674074074074,0.7185859726274925
Random Forest,0.043020671260280065,0.8548592592592592,0.7182351768463652
Random Forest,0.043068830110394904,0.8550592592592593,0.7179090308521408
Random Forest,0.04313180706823739,0.855262962962963,0.7174048080307598
Random Forest,0.04317626139142031,0.8554333333333334,0.7170305514430986
Random Forest,0.04322812476846707,0.8556333333333334,0.716659767443529
Random Forest,0.04328739719937764,0.8558185185185185,0.7163240869608344
Random Forest,0.04333185152256057,0.8559740740740741,0.7160096893811508
Random Forest,0.04336889679187968,0.8561740740740741,0.7155759853903039
Random Forest,0.04343187374972216,0.856337037037037,0.7153046213868481
Random Forest,0.04347262354597318,0.8565592592592592,0.7148285317274581
Random Forest,0.04352819144995184,0.8567296296296296,0.7144802925048345
Random Forest,0.04362080462324961,0.8569407407407408,0.7140700365732559
Random Forest,0.04366525894643254,0.8571333333333333,0.7137193941462234
Random Forest,0.04370230421575165,0.8573481481481482,0.7132171429441209
Random Forest,0.043776394754389866,0.8575074074074074,0.7128936668409112
Random Forest,0.043824553604504705,0.8576703703703704,0.7125129244648652
Random Forest,0.043872712454619545,0.8578111111111111,0.7122079061808504
Random Forest,0.04390975772393865,0.8580222222222222,0.7118367468678438
Random Forest,0.04395791657405349,0.8582296296296297,0.7114720788442124
Random Forest,0.04400237089723642,0.8583925925925926,0.7110332441990904
Random Forest,0.04405423427428318,0.8586037037037038,0.7105986595120258
Random Forest,0.04409498407053419,0.8588481481481481,0.7102417324930896
Random Forest,0.044139438393717124,0.8590407407407408,0.709830774445356
Random Forest,0.044209824405423426,0.8592111111111111,0.7093977589402979
Random Forest,0.04425057420167445,0.8594259259259259,0.7089551202230315
Random Forest,0.04431725568644884,0.8596037037037038,0.7084788577946224
Random Forest,0.044372823590427504,0.8598666666666667,0.7079795930605735
Random Forest,0.0444395050752019,0.8600185185185185,0.7075898713863555
Random Forest,0.04449877750611247,0.860137037037037,0.7072696245179427
Random Forest,0.04452841372156775,0.860362962962963,0.7069801207396738
Random Forest,0.044572868044750684,0.8605185185185186,0.7065810670810759
Random Forest,0.04462473142179744,0.8607111111111111,0.7060663891157153
Random Forest,0.0446469585833889,0.8609666666666667,0.7057347943689622
Random Forest,0.04469141290657183,0.8611296296296296,0.7053621516345877
Random Forest,0.04474327628361858,0.8613851851851851,0.7048155360461051
Random Forest,0.044802548714529156,0.8615111111111111,0.7045445080290961
Random Forest,0.04485811661850782,0.8617148148148148,0.7040661356098546
Random Forest,0.04490627546862266,0.8618703703703704,0.7037888847558619
Random Forest,0.04498407053419278,0.8620666666666666,0.703360493761293
Random Forest,0.045024820330443804,0.862262962962963,0.7028441482922346
Random Forest,0.04507668370749055,0.8624592592592593,0.7023661628917632
Random Forest,0.04512113803067348,0.8627222222222222,0.7017973042454456
Random Forest,0.04516929688078832,0.8628888888888889,0.7014551575581778
Random Forest,0.045221160257835076,0.8631296296296296,0.7010797542723989
Random Forest,0.045280432688745646,0.8633222222222222,0.7006589896093071
Random Forest,0.0453322960657924,0.8634851851851851,0.7002218087001464
Random Forest,0.04539527302363488,0.8636555555555555,0.6998128002433852
Random Forest,0.04547306808920501,0.8637962962962963,0.6993922892445468
Random Forest,0.04552122693931985,0.8639777777777777,0.6989318960104438
Random Forest,0.0455730903163666,0.8641888888888889,0.6983606595320524
Random Forest,0.04562124916648144,0.8643481481481482,0.6979992935572062
Random Forest,0.045676817070460105,0.8645555555555555,0.6976623816072225
Random Forest,0.0457434985552345,0.8647888888888889,0.6970946948871338
Random Forest,0.045795361932281245,0.8649222222222223,0.6968116498319649
Random Forest,0.045847225309328,0.8650740740740741,0.6964944438723208
Random Forest,0.045910202267170484,0.8652185185185185,0.6960929726747787
Random Forest,0.0459842928058087,0.8653888888888889,0.695533331931826
Random Forest,0.04604726976365118,0.8655148148148148,0.6952143962555174
Random Forest,0.04609913314069793,0.8656592592592592,0.6949522167746376
Random Forest,0.046143587463880864,0.8658259259259259,0.6946488799994079
Random Forest,0.04621026894865526,0.8660333333333333,0.6939587725477944
Random Forest,0.046258427798770096,0.8662,0.6937778678918246
Random Forest,0.04633622286434022,0.8663481481481482,0.6932753560604498
Random Forest,0.04638438171445507,0.8665185185185185,0.6929037223429332
Random Forest,0.046436245091501814,0.8666814814814815,0.6925592425347183
Random Forest,0.04648810846854857,0.8669037037037037,0.692140149147712
Random Forest,0.0465325627917315,0.8670629629629629,0.6917059155377209
Random Forest,0.046588130695710155,0.8672,0.6913496364956898
Random Forest,0.04664369859968882,0.8674111111111111,0.6908489986683123
Random Forest,0.046702971030599394,0.867574074074074,0.6904363916633132
Random Forest,0.046762243461509964,0.8677296296296296,0.6899958674730464
Random Forest,0.04681410683855672,0.8678555555555556,0.6897522805083245
Random Forest,0.04689560643105875,0.868037037037037,0.689269000368456
Random Forest,0.046958583388901236,0.8682074074074074,0.6887733530145932
Random Forest,0.04703267392753945,0.8683962962962963,0.6881524817750257
Random Forest,0.04708083277765429,0.8685962962962963,0.6876521947451618
Random Forest,0.04715862784322442,0.8687555555555555,0.6873047296807643
Random Forest,0.04724753648959028,0.8688407407407407,0.6869511611668295
Random Forest,0.047332740609024225,0.8690703703703704,0.6863969031427618
Random Forest,0.047414240201526264,0.8691666666666666,0.6859828021617971
Random Forest,0.047458694524709195,0.8693555555555555,0.6855953446078972
Random Forest,0.04751055790175594,0.869574074074074,0.6851412777468838
Random Forest,0.04758464844039416,0.8697407407407407,0.6847704448884941
Random Forest,0.04764021634437282,0.8698666666666667,0.6843223247093195
Random Forest,0.04767726161369193,0.8700222222222223,0.6840945320176812
Random Forest,0.04772912499073868,0.8701814814814814,0.6837742284486745
Random Forest,0.04778098836778543,0.8703111111111111,0.6834576917369362
Random Forest,0.04784026079869601,0.8705148148148149,0.6830481929247043
Random Forest,0.04791064681040231,0.8706888888888888,0.6826338412931606
Random Forest,0.04797732829517671,0.8708888888888889,0.6821648313247372
Random Forest,0.04800325998370008,0.8710777777777777,0.6817070272510953
Random Forest,0.04805882788767874,0.8713,0.6814638317546917
Random Forest,0.048110691264725496,0.8714666666666666,0.6811960056960787
Random Forest,0.04815144106097651,0.8715740740740741,0.6809065257823039
Random Forest,0.048214418018819,0.8717481481481482,0.6804841254238015
Random Forest,0.04828850855745721,0.8719333333333333,0.6801272448464183
Random Forest,0.048355190042231606,0.8720740740740741,0.6797664877849823
Random Forest,0.04843298510780173,0.8722740740740741,0.6792894852710847
Random Forest,0.04851078017337186,0.8724592592592593,0.6787928230504283
Random Forest,0.04858116618507816,0.872637037037037,0.678279191862143
Random Forest,0.04864414314292065,0.8729,0.677753450134909
Random Forest,0.048718233681558865,0.8730666666666667,0.6773148678353147
Random Forest,0.04877009705860562,0.8732148148148148,0.6769469579754835
Random Forest,0.04881455138178854,0.8733777777777778,0.6765268255449791
Random Forest,0.04886271023190339,0.8735814814814815,0.6760816361792424
Random Forest,0.04891827813588205,0.8737,0.6757275297821215
Random Forest,0.048984959620656444,0.8738592592592592,0.6753753727910349
Random Forest,0.04903682299770319,0.8740444444444444,0.6746756278399176
Random Forest,0.04908127732088612,0.8744037037037037,0.6741434886191328
Random Forest,0.04914054975179669,0.8745259259259259,0.6738224530514079
Random Forest,0.04919241312884345,0.874662962962963,0.6734267983727705
Random Forest,0.04923686745202638,0.8748962962962963,0.6730071086324774
Random Forest,0.04965918352226421,0.8759888888888889,0.6725226567532783
Random Forest,0.04971104689931096,0.8761148148148148,0.6721002882147404
Random Forest,0.04976291027635771,0.8763111111111112,0.6715991448923443
Random Forest,0.04981106912647255,0.8765518518518518,0.6710687066868795
Random Forest,0.049870341557383124,0.8767185185185186,0.6706176849671126
Random Forest,0.04991479588056605,0.8768814814814815,0.6701361105777087
Random Forest,0.049974068311476626,0.8770555555555556,0.6696591171459024
Random Forest,0.05001481810772764,0.8772851851851852,0.6691995151419736
Random Forest,0.05009631770022968,0.8774851851851851,0.6687502018120136
Random Forest,0.05015559013114025,0.8775962962962963,0.6683288948601954
Random Forest,0.050211158035118914,0.8777185185185186,0.6679756158588439
Random Forest,0.05027043046602949,0.8778555555555555,0.6675778914484473
Random Forest,0.05037415722012299,0.8780037037037037,0.6670478235441902
Random Forest,0.05042602059716974,0.8781888888888889,0.6665675890308251
Random Forest,0.050488997555012224,0.8782925925925926,0.6662175891501241
Random Forest,0.05054456545899089,0.8784518518518518,0.6658448249895911
Random Forest,0.050592724309105726,0.8786,0.6654816917213247
Random Forest,0.05067051937467586,0.8787925925925926,0.6649056809040558
Random Forest,0.05072979180558643,0.8789222222222223,0.6644099138211029
Random Forest,0.05080388234422464,0.8791074074074074,0.6640238416884954
Random Forest,0.05085204119433948,0.8792851851851852,0.6634318095782183
Random Forest,0.05094465436763725,0.8794296296296297,0.662838061022743
Random Forest,0.05099281321775209,0.8796148148148148,0.6623591143432891
Random Forest,0.051048381121730754,0.8797518518518519,0.6619800076962427
Random Forest,0.051137289768096617,0.8798851851851852,0.6615701843631752
Random Forest,0.05122619841446247,0.8800740740740741,0.6609449714289888
Random Forest,0.051292879899236865,0.8802740740740741,0.6604087277127362
Random Forest,0.05136326591094317,0.8803740740740741,0.6600440652036614
Random Forest,0.05141142476105801,0.8805259259259259,0.6596105223948235
Random Forest,0.05148551529969623,0.8806666666666667,0.6591820182626008
Random Forest,0.05155590131140254,0.8808370370370371,0.6587423640397518
Random Forest,0.051652219011632215,0.8809518518518519,0.6584133455292536
Random Forest,0.05170778691561088,0.8811037037037037,0.657999158377571
Random Forest,0.05175224123879381,0.8813,0.6574090956609444
Random Forest,0.05181151366970438,0.8814407407407407,0.6568577930714219
Random Forest,0.051852263465955395,0.8816111111111111,0.6563227101278252
Random Forest,0.05190783136993406,0.8818,0.6557718475582892
Random Forest,0.05199674001629992,0.8818814814814815,0.6554109414161617
Random Forest,0.052059716974142405,0.8821,0.6546101396967251
Random Forest,0.05213380751278062,0.8822629629629629,0.6541198154522178
Random Forest,0.05220789805141884,0.8824111111111111,0.6537216818757201
Random Forest,0.052259761428465584,0.8825740740740741,0.6531074129272331
Random Forest,0.05230792027858042,0.8827444444444444,0.6526778378847443
Random Forest,0.05234496554789953,0.8829259259259259,0.6520306087939695
Random Forest,0.052411647032673925,0.8830814814814815,0.6515549372194872
Random Forest,0.052444987775061125,0.8832296296296296,0.6511908702851582
Random Forest,0.05249685115210788,0.883325925925926,0.6508000354361396
Random Forest,0.05256353263688227,0.8835185185185185,0.6502019375972845
Random Forest,0.05260057790620138,0.8836888888888889,0.6496365652545739
Random Forest,0.05265985033711195,0.8838592592592592,0.6490983031236466
Random Forest,0.05279321330666074,0.8841148148148148,0.6485173089647958
Random Forest,0.0528487812106394,0.8842925925925926,0.6479764710223405
Random Forest,0.052956212491664816,0.8844555555555556,0.6474623753278862
Random Forest,0.05301178039564348,0.8846518518518518,0.6468248141524682
Random Forest,0.05308216640734978,0.8848296296296296,0.6462991366973538
Random Forest,0.05314884789212418,0.8849666666666667,0.6458240582774196
Random Forest,0.05321552937689857,0.8851444444444444,0.6452183155977446
Random Forest,0.0532599837000815,0.8853111111111112,0.6448150955276055
Random Forest,0.05332296065792398,0.8854518518518518,0.6442190297416343
Random Forest,0.053378528561902644,0.8855962962962963,0.6437664768347948
Random Forest,0.0534303919389494,0.8857481481481482,0.6433680205239602
Random Forest,0.053560050381566277,0.8858518518518519,0.642949800358911
Random Forest,0.05361561828554494,0.8859666666666667,0.6424706033221936
Random Forest,0.05367489071645551,0.8861,0.6420211666538947
Random Forest,0.05375268578202563,0.8862518518518518,0.6414543327299563
Random Forest,0.05382307179373194,0.8864296296296297,0.6407121741190662
Random Forest,0.053878639697710604,0.8866555555555555,0.6400663723739547
Random Forest,0.053934207601689266,0.8868222222222222,0.6395387691492322
Random Forest,0.05399718455953175,0.8869962962962963,0.6389536464089433
Random Forest,0.05406757057123805,0.8871703703703704,0.6384599314882353
Random Forest,0.05410832036748907,0.8872814814814814,0.6379769201910235
Random Forest,0.05422316070237831,0.8874518518518518,0.6375310715899751
Random Forest,0.0542898421871527,0.8875814814814815,0.6371414951644679
Random Forest,0.05434541009113136,0.8877296296296296,0.6367583615892491
Random Forest,0.05443061421056531,0.8878962962962963,0.6362165312765653
Random Forest,0.05451952285693117,0.8880333333333333,0.6356294503638719
Random Forest,0.0545973179225013,0.8882074074074074,0.6350659837017938
Random Forest,0.05468993109579907,0.8883407407407408,0.6344798496099483
Random Forest,0.054738089945913906,0.8884962962962963,0.6340602421429745
Random Forest,0.05479736237682448,0.8886259259259259,0.6335305957377206
Random Forest,0.05484922575387123,0.8887925925925926,0.6332318719936115
Random Forest,0.054901089130917985,0.8889444444444444,0.6327619871048855
Random Forest,0.054960361561828555,0.8891074074074075,0.6323046066852538
Random Forest,0.05504927020819441,0.8892481481481481,0.6319278651561908
Random Forest,0.055101133585241165,0.8893814814814814,0.6314756451480129
Random Forest,0.055160406016151735,0.8895666666666666,0.6309159384061427
Random Forest,0.055241905608653774,0.8897444444444444,0.6302861620054091
Random Forest,0.05531599614729199,0.8899,0.6298523191430435
Random Forest,0.05537156405127065,0.8900518518518519,0.6293739420089749
Random Forest,0.05541972290138549,0.8902629629629629,0.6286674653729041
Random Forest,0.05551233607468326,0.8903555555555556,0.6281604430076037
Random Forest,0.05558272208638957,0.8905703703703703,0.6272734794646866
Random Forest,0.05564199451730014,0.8906777777777778,0.6268117439769213
Random Forest,0.055708676002074534,0.8908,0.6264204212868086
Random Forest,0.055797584648440396,0.8910222222222223,0.6259900655347446
Random Forest,0.05586056160628288,0.8911851851851852,0.6254960680775118
Random Forest,0.05593094761798918,0.8913296296296296,0.6250185363892253
Random Forest,0.05599022004889975,0.8914925925925926,0.6245801867104238
Random Forest,0.05606431058753797,0.8916333333333334,0.6240334374833897
Random Forest,0.056123583018448546,0.8918148148148148,0.6235622183302777
Random Forest,0.05619767355708676,0.8919703703703704,0.6231647408171758
Random Forest,0.056268059568793063,0.8921185185185185,0.6227170044007522
Random Forest,0.05630880936504409,0.8923185185185185,0.6221558970195317
Random Forest,0.056356968215158926,0.8924925925925926,0.6218052290321928
Random Forest,0.05644217233459287,0.8926148148148149,0.6213547513909284
Random Forest,0.05650144476550344,0.8927925925925926,0.6208076375730408
Random Forest,0.056568126250277836,0.8929777777777778,0.6202486887306191
Random Forest,0.05664221678891605,0.8931666666666667,0.6197440949943356
Random Forest,0.05670519374675854,0.8932888888888889,0.6192418158217317
Random Forest,0.056775579758464846,0.893437037037037,0.6187135649861509
Random Forest,0.05682744313551159,0.8935666666666666,0.6181994021430637
Random Forest,0.05687930651255835,0.8937481481481482,0.6176008872956643
Random Forest,0.056964510631992295,0.8939296296296296,0.6167552863411043
Random Forest,0.057046010224494334,0.8940666666666667,0.6161276573452392
Random Forest,0.05712380529006446,0.8942185185185185,0.6155470303085903
Random Forest,0.05719048677483885,0.8943333333333333,0.6149957941447872
Random Forest,0.05723494109802178,0.8944925925925926,0.6144634764025036
Random Forest,0.05728680447506854,0.8946407407407407,0.6139906022500524
Random Forest,0.05733125879825146,0.8947777777777778,0.6135971865609465
Random Forest,0.05738682670223012,0.8949666666666667,0.6126387940446802
Random Forest,0.057464621767800254,0.895074074074074,0.6120752273729282
Random Forest,0.05750537156405127,0.8952333333333333,0.6115063268407616
Random Forest,0.05759798473734904,0.8953740740740741,0.6109661249547582
Random Forest,0.05766837074905535,0.8954962962962963,0.6104168260820834
Random Forest,0.057720234126102096,0.8956222222222222,0.6099575591681622
Random Forest,0.057790620137808404,0.8957444444444445,0.6093333863035476
Random Forest,0.057838778987923244,0.8959111111111111,0.6088614924748399
Random Forest,0.057909164999629545,0.8960555555555556,0.608150296858057
Random Forest,0.05794991479588057,0.8962111111111111,0.6075868824872336
Random Forest,0.05800918722679114,0.8963666666666666,0.6069174495633904
Random Forest,0.0580647551307698,0.8965481481481481,0.606237181804403
Random Forest,0.05810550492702082,0.8967,0.6056011234514135
Random Forest,0.05814995925020375,0.8969111111111111,0.60482218152264
Random Forest,0.0582018226272505,0.8970407407407407,0.6042802691826985
Random Forest,0.05826109505816107,0.8972074074074075,0.6037130563801707
Random Forest,0.05833148106986738,0.897337037037037,0.6030752185213193
Random Forest,0.05837963991998222,0.8974481481481481,0.6025739848147738
Random Forest,0.058457434985552344,0.8976111111111111,0.6019725301904171
Random Forest,0.05851670741646292,0.8977222222222222,0.6014877946133168
Random Forest,0.05859079795510113,0.8978333333333334,0.600953656020295
Random Forest,0.05866859302067126,0.8980259259259259,0.6000914732847984
Random Forest,0.05875379714010521,0.8981814814814815,0.5993065683465446
Random Forest,0.05879084240942432,0.898325925925926,0.5986856289857575
Random Forest,0.0588538193672668,0.8985148148148148,0.597906730274224
Random Forest,0.05892790990590502,0.8987148148148149,0.5973548681643643
Random Forest,0.05897236422908794,0.8988777777777778,0.5968501348394649
Random Forest,0.059061272875453805,0.8990037037037037,0.596166224872126
Random Forest,0.0645143365192265,0.9064148148148148,0.5954681250902708
Random Forest,0.06461065421945618,0.906625925925926,0.5944442452730725
Random Forest,0.06465881306957101,0.9067481481481482,0.5939559917728575
Random Forest,0.06473290360820923,0.9069037037037037,0.5929920445850073
Random Forest,0.0647921760391198,0.9070555555555555,0.592295877016669
Random Forest,0.0648588575238942,0.9072,0.591567418196895
Random Forest,0.06491812995480477,0.9073777777777777,0.5906100761977807
Random Forest,0.06496999333185152,0.9075407407407408,0.5898188816214373
Random Forest,0.06500703860117063,0.9076740740740741,0.5892175848978973
Random Forest,0.06504408387048974,0.9078888888888889,0.5883108172552616
Random Forest,0.06509594724753649,0.9080074074074074,0.5876912816358886
Random Forest,0.06514410609765132,0.9081518518518519,0.586884834938648
Random Forest,0.06522931021708528,0.9082777777777777,0.5860356793969036
Random Forest,0.06531451433651923,0.908425925925926,0.5854012624656185
Random Forest,0.06536267318663407,0.9085740740740741,0.5848152585596252
Random Forest,0.06544046825220419,0.9087259259259259,0.5839359719907072
Random Forest,0.06550344521004668,0.9088740740740741,0.5832596047963632
Random Forest,0.06556271764095725,0.9090259259259259,0.5826024901570299
Random Forest,0.06562569459879973,0.9091925925925926,0.5819605003461324
Random Forest,0.06571089871823368,0.9093407407407408,0.5810514262860329
Random Forest,0.06579610283766762,0.9095148148148148,0.580165230722729
Random Forest,0.06585907979551012,0.9097222222222222,0.579284993256567
Random Forest,0.06590723864562495,0.9098814814814815,0.5785820592204608
Random Forest,0.06597762465733126,0.909974074074074,0.5779421707276636
Random Forest,0.06604060161517374,0.9100851851851852,0.5772921372356093
Random Forest,0.06608876046528858,0.9102222222222223,0.5766773859963888
Random Forest,0.06615173742313106,0.9104,0.5759236865003999
Random Forest,0.06620730532710972,0.9105592592592593,0.5750609059182358
Random Forest,0.06626287323108838,0.910662962962963,0.5744166553474634
Random Forest,0.06635919093131808,0.9108222222222222,0.5733920117644739
Random Forest,0.06644069052382011,0.9109296296296296,0.5724627733618397
Random Forest,0.06654441727791362,0.9110370370370371,0.5718973765242686
Random Forest,0.06662221234348374,0.9111370370370371,0.5711252659971019
Random Forest,0.06668889382825813,0.9112703703703704,0.5704053721142213
Random Forest,0.06676668889382825,0.9113925925925926,0.5697038850243502
Random Forest,0.06685559754019411,0.9116222222222222,0.5684970264886763
Random Forest,0.06694450618655998,0.9117148148148149,0.5677244043287881
Random Forest,0.06704082388678965,0.9118407407407407,0.5670752397601692
Random Forest,0.06708527820997259,0.9119851851851852,0.566397713447216
Random Forest,0.06713343706008743,0.9121296296296296,0.5654214991141511
Random Forest,0.06718530043713418,0.9123111111111111,0.5644249140354218
Random Forest,0.06723716381418093,0.9124555555555556,0.5633974246681551
Random Forest,0.06731125435281915,0.9125629629629629,0.5627742923517318
Random Forest,0.06737793583759354,0.9126962962962963,0.5621167667536369
Random Forest,0.06764466177669112,0.9129296296296296,0.5611883164320423
Random Forest,0.06772245684226125,0.9131333333333334,0.5600300976605214
Random Forest,0.06778172927317182,0.9132851851851852,0.5593728641803921
Random Forest,0.06782247906942283,0.9134407407407408,0.558678367098842
Random Forest,0.06788916055419723,0.9135962962962964,0.557744519943128
Random Forest,0.06797066014669927,0.9137518518518518,0.5567687830959269
Random Forest,0.06803734163147367,0.9140185185185186,0.555762195341667
Random Forest,0.0681225457509076,0.9141962962962963,0.5548610024983059
Random Forest,0.06818181818181818,0.9143111111111111,0.5541748282536143
Random Forest,0.06825220419352448,0.9144888888888889,0.5529562566675853
Random Forest,0.06830406757057124,0.9146333333333333,0.5521312396003567
Random Forest,0.06953026598503372,0.9163,0.551281245928782
Random Forest,0.06961917463139956,0.9164185185185185,0.5503178883253926
Random Forest,0.06968215158924206,0.9166185185185185,0.5489568417831863
Random Forest,0.06980810550492703,0.9168074074074074,0.548170483611618
Random Forest,0.06988219604356524,0.9169296296296297,0.547361260101267
Random Forest,0.06993035489368007,0.9171222222222222,0.5462341908768468
Random Forest,0.07001555901311403,0.9172407407407407,0.5454088326715109
Random Forest,0.07018226272505002,0.9173703703703704,0.5447007071769085
Random Forest,0.07024153515596059,0.9175407407407408,0.5436172509568197
Random Forest,0.0703119211676669,0.9177074074074074,0.5428818944033151
Random Forest,0.07039342076016893,0.9178222222222222,0.5417973913325081
Random Forest,0.07046380677187523,0.9179555555555555,0.540655517810911
Random Forest,0.07051196562199007,0.9181481481481482,0.5397270812736332
Random Forest,0.07060087426835593,0.9182962962962963,0.5386925774086192
Random Forest,0.07064903311847077,0.9184629629629629,0.5376781702137042
Random Forest,0.07070830554938135,0.9186,0.5369931703968047
Random Forest,0.07075275987256427,0.9187444444444445,0.5362503982408203
Random Forest,0.07135659776246574,0.9192592592592592,0.5353138968291952
Random Forest,0.07143068830110395,0.9193703703703704,0.5343932100860243
Random Forest,0.07149366525894643,0.9195074074074074,0.5335142305008052
Random Forest,0.071552937689857,0.9196518518518518,0.532771251425277
Random Forest,0.07160480106690376,0.9197703703703703,0.5319210509495199
Random Forest,0.07167518707861006,0.9199148148148149,0.5312234097554371
Random Forest,0.07178261835963548,0.9200481481481482,0.5301563033910828
Random Forest,0.0718604134252056,0.9201777777777778,0.529471675424115
Random Forest,0.07192709490997999,0.9202925925925926,0.5287505523550751
Random Forest,0.07200859450248204,0.9204407407407408,0.5274869366518807
Random Forest,0.07207157146032452,0.9205703703703704,0.526663936468108
Random Forest,0.07213084389123509,0.9206814814814814,0.525886491762068
Random Forest,0.07219011632214566,0.9208074074074074,0.5251005760848219
Random Forest,0.07224568422612432,0.9209296296296297,0.5245458353501856
Random Forest,0.07231607023783063,0.9210703703703703,0.5235596053746818
Random Forest,0.07239016077646884,0.9211925925925926,0.5228290489603924
Random Forest,0.0724457286804475,0.9212925925925926,0.5222222231534907
Random Forest,0.07250129658442617,0.9213777777777777,0.521536680355915
Random Forest,0.07255315996147292,0.9214666666666667,0.5207025019468601
Random Forest,0.07263095502704305,0.9216,0.5199862960552374
Random Forest,0.07269393198488552,0.921737037037037,0.5190614780840682
Random Forest,0.07276061346965992,0.9218888888888889,0.5180204332911057
Random Forest,0.07283470400829814,0.9219555555555555,0.5174851292802157
Random Forest,0.07288286285841299,0.9221555555555555,0.5161517310115146
Random Forest,0.07293472623545973,0.9222592592592592,0.5153230641518998
Random Forest,0.07298658961250648,0.9223777777777777,0.5145578717978266
Random Forest,0.07303474846262133,0.9225481481481481,0.513497363973427
Random Forest,0.0730940208935319,0.9226851851851852,0.5125381597544361
Random Forest,0.0731607023783063,0.9227962962962963,0.5115935999171181
Random Forest,0.07323849744387642,0.9228777777777778,0.5108376601403906
Random Forest,0.07331629250944655,0.9230037037037037,0.5099982872397675
Random Forest,0.07339038304808476,0.9231370370370371,0.5092171987181592
Random Forest,0.07346076905979107,0.9232814814814815,0.5081101851777482
Random Forest,0.07355708676002075,0.9234814814814815,0.5072217928662575
Random Forest,0.0736089501370675,0.9236185185185185,0.5064054483169942
Random Forest,0.0736793361487738,0.9237703703703704,0.505577077583047
Random Forest,0.07376824479513966,0.9238962962962963,0.5045293827258689
Random Forest,0.07384233533377788,0.9239925925925926,0.5036026911250469
Random Forest,0.07390160776468845,0.9241185185185186,0.5026345372204728
Random Forest,0.07397199377639475,0.9242111111111111,0.5019515643831025
Random Forest,0.07403497073423723,0.9243074074074074,0.5013027914533313
Random Forest,0.07409794769207972,0.9244296296296296,0.5005889106444736
Random Forest,0.07414981106912648,0.924537037037037,0.4999398041235573
Random Forest,0.07546862265688671,0.9264,0.49926966409815693
Random Forest,0.07555753130325257,0.9264851851851852,0.49853555692541984
Random Forest,0.07562421278802697,0.9266629629629629,0.49759249041789466
Random Forest,0.07567978069200564,0.9268148148148149,0.4967221438496871
Random Forest,0.07573164406905238,0.9269222222222222,0.4958459945262149
Random Forest,0.07579462102689487,0.9270444444444444,0.494956759806573
Random Forest,0.07586871156553308,0.9271407407407407,0.49418203416505385
Random Forest,0.07595391568496702,0.9272666666666667,0.49315893012154105
Random Forest,0.07603171075053716,0.9274148148148148,0.4922287525858548
Random Forest,0.07610209676224346,0.9275407407407408,0.4912096178926706
Random Forest,0.0761798918278136,0.9276481481481481,0.49064992843983735
Random Forest,0.07623545973179224,0.9278,0.4896442325304469
Random Forest,0.07630584574349855,0.9279,0.48865773106281934
Random Forest,0.07636141364747721,0.9280592592592593,0.4879992054762636
Random Forest,0.07642068607838778,0.9282370370370371,0.4872803963346631
Random Forest,0.07645773134770689,0.9285037037037037,0.48618468705964074
Random Forest,0.07651329925168555,0.9286296296296296,0.4854574420236004
Random Forest,0.07657998073645995,0.9287555555555556,0.4848508166634684
Random Forest,0.07662073053271097,0.9290148148148148,0.48399505749426275
Random Forest,0.07666888938282582,0.9292518518518519,0.48337639806672483
Random Forest,0.07675038897532785,0.9293444444444444,0.48259082867086034
Random Forest,0.07680966140623842,0.9295592592592593,0.4815700723043934
Random Forest,0.07688745647180854,0.9296703703703704,0.4806302025377873
Random Forest,0.07696154701044676,0.9298555555555555,0.4798557774803275
Random Forest,0.07703563754908498,0.9299888888888889,0.47892278713508857
Random Forest,0.07710972808772319,0.9302111111111111,0.47795876501744133
Random Forest,0.07720234126102096,0.930274074074074,0.47723355135493783
Random Forest,0.07742461287693561,0.9305222222222223,0.4765210817805974
Random Forest,0.07748388530784618,0.9306444444444445,0.47574759659708354
Random Forest,0.07756538490034823,0.930737037037037,0.47487833140594204
Random Forest,0.07763577091205454,0.9308777777777778,0.47415958184536494
Random Forest,0.07770615692376083,0.9310555555555555,0.47308743453780927
Random Forest,0.07776542935467141,0.931262962962963,0.4718199477704821
Random Forest,0.07783951989330963,0.931374074074074,0.4710030612845173
Random Forest,0.0778987923242202,0.9314777777777777,0.4700743189188842
Random Forest,0.07799511002444988,0.9316666666666666,0.4691551190874409
Random Forest,0.07808772319774765,0.931725925925926,0.4684808551679389
Random Forest,0.07818404089797733,0.9318185185185185,0.4677048547881512
Random Forest,0.07825072238275173,0.9319666666666667,0.4667475532373492
Random Forest,0.07835815366377713,0.9320777777777778,0.4660397640926957
Random Forest,0.07845447136400682,0.9321777777777778,0.4651427997287465
Random Forest,0.07928798992368674,0.9331666666666667,0.4642638033975283
Random Forest,0.07938430762391642,0.9332592592592592,0.463539935902861
Random Forest,0.07945469363562273,0.9333851851851852,0.46257050587385634
Random Forest,0.07953248870119285,0.9335666666666667,0.46160275421220964
Random Forest,0.07961028376676299,0.933737037037037,0.46072833643362854
Random Forest,0.07967326072460547,0.9338925925925926,0.459943680619835
Random Forest,0.07979180558642661,0.934,0.4590656537584502
Random Forest,0.07986589612506483,0.9341407407407407,0.45774426430801596
Random Forest,0.07993628213677113,0.934262962962963,0.4570636274905145
Random Forest,0.08001407720234126,0.9343518518518519,0.4564119417951666
Random Forest,0.08008075868711566,0.9344222222222223,0.45580847619956677
Random Forest,0.08014744017189004,0.9345407407407408,0.45499172654472425
Random Forest,0.08024005334518781,0.9346333333333333,0.45387499709931134
Random Forest,0.0802993257760984,0.9347518518518518,0.45305386511008455
Random Forest,0.08036230273394088,0.9348703703703704,0.45229419526500175
Random Forest,0.08041787063791954,0.9349777777777778,0.4516934091043727
Random Forest,0.08083277765429354,0.9354333333333333,0.45062232858292306
Random Forest,0.08101800400088909,0.935637037037037,0.4501019624521658
Random Forest,0.08113284433577832,0.9357148148148148,0.4493016019691154
Random Forest,0.08119211676668889,0.9358407407407408,0.4485973107158902
Random Forest,0.08127732088612284,0.9359925925925926,0.4476934091043727
Random Forest,0.08134029784396532,0.9360740740740741,0.44719723233188313
Random Forest,0.08142550196339927,0.9361481481481482,0.44650290538641835
Random Forest,0.08148847892124175,0.936274074074074,0.4456915594391508
Random Forest,0.08159220567533526,0.9363925925925926,0.44457667734224016
Random Forest,0.08168481884863303,0.9365037037037037,0.4438151112905009
Random Forest,0.08176261391420316,0.9366444444444444,0.44260053582165193
Random Forest,0.08185522708750093,0.9367148148148148,0.44176255600131886
Random Forest,0.08192931762613914,0.9368481481481481,0.4409417433271086
Random Forest,0.08200711269170927,0.9369259259259259,0.4404691278798552
Random Forest,0.08212936208046233,0.9369925925925926,0.4394284247816171
Random Forest,0.08218492998444099,0.9371037037037037,0.4387379642228041
Random Forest,0.08227754315773876,0.9371888888888888,0.43812410925061224
Random Forest,0.08238126991183226,0.9372962962962963,0.4374530483214992
Random Forest,0.08245906497740238,0.9373962962962963,0.4368672920580049
Random Forest,0.08252945098910869,0.9374925925925925,0.4362786762571747
Random Forest,0.0826331777432022,0.9376185185185185,0.4352678244400605
Random Forest,0.08274060902422761,0.9376925925925926,0.43431117391959073
Random Forest,0.08282581314366155,0.9378037037037037,0.43348996562152387
Random Forest,0.08295917611321034,0.9379777777777778,0.43252055371688986
Random Forest,0.08307401644809957,0.9380777777777778,0.431791295432553
Random Forest,0.08316292509446543,0.9381592592592592,0.430948619736967
Random Forest,0.08324442468696748,0.9382925925925926,0.4300818125326253
Random Forest,0.08332592427946951,0.9384185185185185,0.4291187135412356
Random Forest,0.08342224197969919,0.9385259259259259,0.4280547672118783
Random Forest,0.08350744609913315,0.9386333333333333,0.42748565658345217
Random Forest,0.08356671853004372,0.9387555555555556,0.42646230891616077
Random Forest,0.08365192264947766,0.9388444444444445,0.4256892616986071
Random Forest,0.08374083129584352,0.9389444444444445,0.42497994563202374
Random Forest,0.08381492183448173,0.9390407407407407,0.4240010118319303
Random Forest,0.08391123953471141,0.9391259259259259,0.42335546247557293
Random Forest,0.08400014818107727,0.9392592592592592,0.4224558378565311
Random Forest,0.08409276135437505,0.939362962962963,0.4215252500093647
Random Forest,0.08418167000074091,0.9394518518518519,0.42063603097400976
Random Forest,0.08425205601244722,0.9395555555555556,0.4196603278512552
Random Forest,0.08433726013188116,0.9396592592592593,0.41878571478792326
Random Forest,0.08441135067051937,0.9397629629629629,0.4179915851747115
Random Forest,0.08652663554864044,0.9416851851851852,0.41699722524888055
Random Forest,0.08666740757205305,0.9417962962962962,0.4159985621795108
Random Forest,0.08673408905682745,0.9419,0.4153398405270989
Random Forest,0.08679336148773802,0.9420111111111111,0.4144025371216452
Random Forest,0.08687856560717197,0.9421185185185185,0.4134119245588916
Random Forest,0.08694895161887826,0.9422259259259259,0.4127095640707338
Random Forest,0.08704897384603986,0.9423370370370371,0.4117891148357842
Random Forest,0.08736015410832036,0.9425703703703704,0.41076557879739833
Random Forest,0.08744535822775432,0.9426555555555556,0.41004718697725084
Random Forest,0.08833074016448099,0.9427629629629629,0.40907269061483376
Random Forest,0.08842335333777876,0.9428333333333333,0.4084604916456172
Random Forest,0.0885011484033489,0.9429222222222222,0.4077387663115781
Random Forest,0.08861228421130622,0.9429962962962963,0.40686583018534794
Random Forest,0.0887419426539231,0.9432925925925926,0.405754546785872
Random Forest,0.08883826035415278,0.9433555555555555,0.40490630056369004
Random Forest,0.08894569163517818,0.9435333333333333,0.4039714011806297
Random Forest,0.08900866859302067,0.9436481481481481,0.40316300846439307
Random Forest,0.08907905460472698,0.9437333333333333,0.4024218705018825
Random Forest,0.08917907683188857,0.9438,0.40178850934942084
Random Forest,0.08928650811291398,0.9439222222222222,0.40081267651769337
Random Forest,0.08937541675927985,0.9440148148148149,0.4000869289283278
Random Forest,0.08945691635178188,0.9441037037037037,0.3992742006551753
Random Forest,0.08955693857894347,0.9441814814814815,0.3985134133559816
Random Forest,0.08963843817144551,0.9442481481481482,0.39772788594290054
Random Forest,0.08971623323701564,0.9443222222222222,0.3970296977489115
Random Forest,0.0898421871527006,0.9443888888888889,0.3963438816401731
Random Forest,0.0899459139067941,0.944462962962963,0.3955464124480036
Random Forest,0.09004223160702378,0.9445370370370371,0.39465150440505714
Random Forest,0.09017929910350449,0.9446407407407408,0.3939025442318906
Random Forest,0.09027561680373417,0.944725925925926,0.3932759607671033
Random Forest,0.09040527524635104,0.9448185185185185,0.39245357217526733
Random Forest,0.09048307031192117,0.9449185185185185,0.39181371496669737
Random Forest,0.09057938801215085,0.9449925925925926,0.3909465459389478
Random Forest,0.0906645921315848,0.9450888888888889,0.39025907967425694
Random Forest,0.09073127361635919,0.9451592592592593,0.38975353554765085
Random Forest,0.09082759131658887,0.945237037037037,0.3892346528814362
Random Forest,0.09091279543602282,0.9453148148148148,0.3886439956230508
Random Forest,0.09102022671704824,0.945374074074074,0.3879571105388052
Random Forest,0.09112395347114173,0.9454518518518519,0.38737508348946254
Random Forest,0.09124249833296288,0.9455148148148148,0.38672223200866074
Random Forest,0.09134622508705638,0.9456,0.3859209612524501
Random Forest,0.09143883826035415,0.9456518518518519,0.3853566732678205
Random Forest,0.09163147366081352,0.9458,0.3847101498439116
Random Forest,0.09170926872638364,0.9458740740740741,0.3840426443020949
Random Forest,0.09180558642661332,0.9459407407407407,0.3835068520213422
Random Forest,0.09190931318070682,0.9460222222222222,0.3826125252919069
Random Forest,0.09203156256945988,0.9460962962962963,0.38197981654362106
Random Forest,0.09211306216196191,0.9461592592592593,0.38151179290493803
Random Forest,0.09223901607764688,0.9462407407407407,0.38059939615661026
Random Forest,0.09236496999333185,0.9462814814814815,0.38017673362425464
Random Forest,0.09246128769356153,0.9463777777777778,0.3795473712436309
Random Forest,0.09256501444765504,0.946462962962963,0.3788703352760307
Random Forest,0.09266133214788472,0.9465370370370371,0.37814662721940095
Random Forest,0.09275394532118249,0.9466,0.3775038502376814
Random Forest,0.09289101281766318,0.9466740740740741,0.3768133853046295
Random Forest,0.09306142105653108,0.9467740740740741,0.3757931796063537
Random Forest,0.0931392161221012,0.9468740740740741,0.3752616311216464
Random Forest,0.09325035193005853,0.9469222222222222,0.37454264599752096
Random Forest,0.09335778321108394,0.9470037037037037,0.37373189843570187
Random Forest,0.09349485070756465,0.9471,0.3728286028993337
Random Forest,0.09357264577313477,0.9472333333333334,0.37200972467932714
Random Forest,0.09369859968881973,0.9473037037037038,0.3712874440748812
Random Forest,0.0938245536045047,0.947374074074074,0.3707290306926828
Random Forest,0.0939245758316663,0.9474518518518519,0.37014768381028706
Random Forest,0.0940320071126917,0.9475296296296296,0.3694407554901199
Random Forest,0.09413573386678521,0.9475888888888889,0.36881751748529246
Random Forest,0.0942357560939468,0.9476777777777777,0.36796961457270877
Random Forest,0.09437282359042751,0.947737037037037,0.3672623036674081
Random Forest,0.09445432318292954,0.9478037037037037,0.36661622215590167
Random Forest,0.09456175446395496,0.9478555555555556,0.36593842764393825
Random Forest,0.09466548121804845,0.9479444444444445,0.36529481495686383
Random Forest,0.09480995776839297,0.9480148148148149,0.3645751117072719
Random Forest,0.09490997999555456,0.9480851851851851,0.3639384390118434
Random Forest,0.09502111580351189,0.9481851851851851,0.3632037323301958
Random Forest,0.09513595613840113,0.948274074074074,0.3624090871943165
Random Forest,0.09523597836556272,0.9483333333333334,0.3617778156988395
Random Forest,0.095432318292954,0.948474074074074,0.361045624816755
Random Forest,0.09556197673557086,0.9485333333333333,0.360291494963385
Random Forest,0.09570645328591539,0.9485925925925925,0.35972277473020164
Random Forest,0.09656590353411869,0.9490740740740741,0.3591069444577086
Random Forest,0.09667703934207601,0.9491407407407407,0.35838733245436766
Random Forest,0.09676965251537378,0.9492,0.3579649778851223
Random Forest,0.09692894717344595,0.9492555555555555,0.35735083142235047
Random Forest,0.0971178780469734,0.9493185185185186,0.35629812166431557
Random Forest,0.09723271838186263,0.9493851851851852,0.35556129109061585
Random Forest,0.0973920130399348,0.9494407407407407,0.3548603923946015
Random Forest,0.09751426242868785,0.9494925925925926,0.35430301704632244
Random Forest,0.09764762539823664,0.9495518518518519,0.3537177367333109
Random Forest,0.09772171593687486,0.9496444444444444,0.35320632426656523
Random Forest,0.09780692005630881,0.9497444444444444,0.35284562627179067
Random Forest,0.0979106468104023,0.949825925925926,0.35233667748240943
Random Forest,0.09803289619915537,0.9499222222222222,0.3517572877030111
Random Forest,0.09813291842631695,0.9499814814814814,0.3512966499934013
Random Forest,0.09824405423427428,0.9500407407407407,0.3508404165948217
Random Forest,0.09834037193450397,0.9500925925925926,0.35038770843703687
Random Forest,0.09849966659257613,0.9501703703703703,0.34961805298902976
Random Forest,0.0986626657775802,0.9502333333333334,0.3489663507181663
Random Forest,0.09878121063940135,0.9502888888888888,0.34849109078692003
Random Forest,0.09893680077054161,0.9503555555555555,0.34769544339750674
Random Forest,0.0991072090094095,0.9504111111111111,0.3471541727339591
Random Forest,0.09923316292509446,0.950474074074074,0.34655617190187543
Random Forest,0.09938134400237089,0.9505148148148148,0.3460976067663869
Random Forest,0.09955916129510262,0.9505851851851852,0.3453688881727325
Random Forest,0.09966288804919612,0.9506370370370371,0.34493853678603914
Random Forest,0.09980366007260873,0.9507111111111111,0.34446390047916503
Random Forest,0.09994813662295325,0.9507814814814814,0.34387839533797926
Random Forest,0.10012965844261688,0.9508444444444445,0.3432094846423362
Random Forest,0.10025931688523376,0.9509074074074074,0.3426577496679963
Random Forest,0.1003778617470549,0.9509703703703704,0.34230923664442126
Random Forest,0.10052974735126324,0.9510222222222222,0.34182095974777166
Random Forest,0.10068163295547158,0.9510888888888889,0.3412150274805253
Random Forest,0.10084092761354375,0.9511481481481482,0.34067237373723597
Random Forest,0.10101133585241165,0.9512037037037037,0.3400022271806746
Random Forest,0.10117433503741573,0.9512814814814815,0.33926785690432004
Random Forest,0.10134844780321553,0.9513444444444444,0.3385709267181869
Random Forest,0.10148181077276432,0.9514074074074074,0.3380381747442086
Random Forest,0.10165962806549604,0.9514481481481482,0.33743821935447293
Random Forest,0.10187078610061495,0.9515,0.3367553132520414
Random Forest,0.10200044454323183,0.9515814814814815,0.3361975803336942
Random Forest,0.1020930577165296,0.9516481481481481,0.3357880399913354
Random Forest,0.10227828406312514,0.9517037037037037,0.33518993612131437
Random Forest,0.10251907831369934,0.9517592592592593,0.3347124081130858
Random Forest,0.10268948655256724,0.9518333333333333,0.33427428432209694
Random Forest,0.1027783951989331,0.9518851851851852,0.3340412095899949
Random Forest,0.10290805364154998,0.9519740740740741,0.33350259644333624
Random Forest,0.10310439356894124,0.9520259259259259,0.3329537135486761
Random Forest,0.10323034748462621,0.9520814814814815,0.332453325107967
Random Forest,0.10338593761576646,0.9521666666666667,0.33186852733579647
Random Forest,0.1035674594354301,0.9522148148148148,0.3312586065699509
Random Forest,0.10368970882418316,0.9523222222222222,0.3308272790698501
Random Forest,0.10385641253611914,0.9523703703703704,0.3301422559955196
Random Forest,0.10398977550566793,0.9524222222222222,0.3297341221857499
Random Forest,0.10416388827146773,0.9524851851851852,0.3292529145240575
Random Forest,0.10427872860635697,0.9525592592592592,0.3288272673427829
Random Forest,0.10443802326442914,0.9526111111111111,0.32832074541107664
Random Forest,0.10469734014966289,0.9526666666666667,0.32738233826140906
Random Forest,0.1049047936578499,0.9527222222222222,0.32666899662870386
Random Forest,0.10504186115433059,0.9527666666666667,0.3262631715988484
Random Forest,0.10515670148921982,0.9528148148148148,0.32583697224232366
Random Forest,0.10530858709342816,0.9528777777777778,0.32535943319455884
Random Forest,0.10545306364377269,0.9529296296296297,0.3248085248416416
Random Forest,0.10568644884048307,0.9530185185185185,0.32402643554122135
Random Forest,0.10589760687560199,0.9530518518518518,0.3233386119256895
Random Forest,0.1060050381566274,0.9531222222222222,0.32282562577619606
Random Forest,0.1062124916648144,0.9531851851851851,0.32214053494635253
Random Forest,0.10636808179595465,0.9532666666666667,0.32159373623932547
Random Forest,0.10654960361561829,0.9533037037037037,0.32109478390048185
Random Forest,0.1066533303697118,0.9533777777777778,0.32065130435751865
Random Forest,0.10673482996221383,0.9534481481481482,0.32026500649912715
Random Forest,0.10688301103949026,0.9535074074074074,0.31969146302541257
Random Forest,0.10704601022449434,0.953562962962963,0.3190724857132288
Random Forest,0.1072090094094984,0.9536111111111111,0.31846814685215485
Random Forest,0.10740905386382159,0.9536814814814815,0.3177920458343102
Random Forest,0.10761650737200859,0.953837037037037,0.31729583990198074
Random Forest,0.10777950655701267,0.9538888888888889,0.3167983160264583
Random Forest,0.10787952878417426,0.953937037037037,0.31637245155405475
Random Forest,0.10803511891531452,0.9540037037037037,0.31559430608590616
Random Forest,0.1082018226272505,0.9540814814814815,0.31489993235008223
Random Forest,0.10832777654293546,0.9541555555555555,0.3143215439418842
Random Forest,0.1084759576202119,0.9542333333333334,0.313756564423485
Random Forest,0.10863525227828406,0.9542962962962963,0.3131572636638507
Random Forest,0.1087871378824924,0.9543851851851852,0.31262132243748625
Random Forest,0.10898347780988368,0.9544407407407407,0.31200435502476054
Random Forest,0.10907979551011336,0.9544814814814815,0.31159928397174835
Random Forest,0.10923538564125361,0.9545962962962963,0.3108119012615214
Random Forest,0.1093687486108024,0.9546518518518519,0.31043818968380066
Random Forest,0.10958731569978514,0.9547074074074074,0.30973772536798655
Random Forest,0.10972808772319775,0.9547666666666667,0.3092080855351744
Random Forest,0.10992813217752093,0.9548333333333333,0.3085678141016616
Random Forest,0.11014299473957176,0.9548814814814814,0.30781309163484527
Random Forest,0.11033563014003112,0.9549518518518518,0.30719462663246627
Random Forest,0.1105319700674224,0.9549962962962963,0.3066439433378649
Random Forest,0.11069496925242646,0.9550703703703703,0.3061157293556047
Random Forest,0.11082092316811143,0.9551222222222222,0.30570161142100294
Random Forest,0.11097651329925169,0.9551740740740741,0.3052848789837845
Random Forest,0.11112839890346003,0.9552296296296297,0.3048195931306374
Random Forest,0.11125805734607691,0.9552962962962963,0.3044679831555963
Random Forest,0.11138401126176187,0.955374074074074,0.30399378147539696
Random Forest,0.11155071497369785,0.9554444444444444,0.3035905945821695
Random Forest,0.11168778247017856,0.9554814814814815,0.30326294681467997
Random Forest,0.11186930428984218,0.9555407407407407,0.3027166191313923
Random Forest,0.1120137808401867,0.9556,0.3022237253939527
Random Forest,0.11219900718678225,0.9556666666666667,0.301654712963529
Random Forest,0.1123916425872416,0.9557296296296296,0.3011344721223304
Random Forest,0.11261020967622434,0.9557740740740741,0.3005420852064985
Random Forest,0.11278061791509224,0.9558296296296296,0.3000733966564752
Random Forest,0.11296213973475587,0.9558703703703704,0.2995815657624827
Random Forest,0.11315847966214715,0.9559,0.2992041940242457
Random Forest,0.11332518337408314,0.9559814814814814,0.2988355917711633
Random Forest,0.11351781877454249,0.9560444444444445,0.29831539824578895
Random Forest,0.1136585907979551,0.9561,0.29788875193050374
Random Forest,0.11391049862932504,0.9561666666666667,0.29726747942106485
Random Forest,0.11408461139512484,0.9562111111111111,0.29687542525094224
Random Forest,0.11435504186115433,0.9562555555555555,0.29628330424420185
Random Forest,0.11456990442320515,0.9562925925925926,0.2959102683182675
Random Forest,0.11473660813514114,0.9563333333333334,0.2955544318718865
Random Forest,0.11488108468548566,0.9564037037037038,0.2950591423876833
Random Forest,0.11511076535526413,0.9565,0.29451183901095124
Random Forest,0.11534785507890642,0.9565370370370371,0.2940706830848116
Random Forest,0.11555160406016152,0.9565888888888889,0.2937123027953009
Random Forest,0.11578128472993998,0.9566740740740741,0.293137899418291
Random Forest,0.1159924427650589,0.9567333333333333,0.29266883364435414
Random Forest,0.11620730532710973,0.9567888888888889,0.2921736281607964
Random Forest,0.11643328146995628,0.956837037037037,0.2916218490006529
Random Forest,0.11662962139734756,0.9568851851851852,0.29117761625636013
Random Forest,0.11677039342076016,0.956925925925926,0.2908779159145899
Random Forest,0.11700748314440246,0.9569740740740741,0.2903067840165595
Random Forest,0.11717789138327035,0.9570296296296297,0.2897468667533351
Random Forest,0.11731495887975106,0.9570814814814815,0.28934985011816833
Random Forest,0.117607616507372,0.9571074074074074,0.28882849830055446
Random Forest,0.11777432021930799,0.9571407407407407,0.28845564234837584
Random Forest,0.11797436467363118,0.9571888888888889,0.2880739835563945
Random Forest,0.11820034081647773,0.9572222222222222,0.28753735021117655
Random Forest,0.11842261243239238,0.9572703703703703,0.2870018169131568
Random Forest,0.1185670889827369,0.9573259259259259,0.28660008547787397
Random Forest,0.11877454249092391,0.957374074074074,0.28605805114026633
Random Forest,0.1189116099874046,0.9574222222222222,0.2856802040628155
Random Forest,0.11912276802252353,0.957462962962963,0.28517961826564814
Random Forest,0.11934874416537009,0.9575222222222223,0.28470753721495135
Random Forest,0.11968215158924206,0.9575592592592592,0.28402843823890744
Random Forest,0.11985255982810995,0.9576111111111111,0.28360623956289716
Random Forest,0.12005260428243314,0.9576518518518519,0.2831483541894916
Random Forest,0.12020819441357339,0.9577074074074075,0.28263242361396035
Random Forest,0.12036008001778173,0.9577666666666667,0.28218773941841807
Random Forest,0.1205897606875602,0.9578148148148148,0.28169459936236907
Random Forest,0.12081203230347484,0.9578777777777778,0.2810790861652144
Random Forest,0.12105653108098095,0.957925925925926,0.28047559512500736
Random Forest,0.12127139364303179,0.957962962962963,0.2800907929842086
Random Forest,0.12149366525894643,0.9580074074074074,0.2795582596230964
Random Forest,0.12164184633622287,0.9580592592592593,0.2790532809552243
Random Forest,0.12185300437134178,0.9581037037037037,0.27851069318478744
Random Forest,0.12249018300363043,0.9585666666666667,0.27793663758409776
Random Forest,0.12264206860783877,0.9586259259259259,0.27749668614569384
Random Forest,0.12284211306216196,0.9586666666666667,0.277056911963973
Random Forest,0.12304956657034896,0.9587296296296296,0.27649544446140556
Random Forest,0.12324220197080833,0.9587851851851852,0.27589537844389195
Random Forest,0.12343113284433578,0.9588481481481481,0.2753670066628318
Random Forest,0.12370897236422909,0.9589111111111112,0.2745859072236507
Random Forest,0.12392383492627991,0.9589666666666666,0.2740130158999059
Random Forest,0.12404608431503297,0.9590222222222222,0.2736347383253432
Random Forest,0.12420908350003705,0.9591,0.2731511042636795
Random Forest,0.12432762836185819,0.9591407407407407,0.2727679420957551
Random Forest,0.1250463065866489,0.9593481481481482,0.2721873000115768
Random Forest,0.12519078313699342,0.9593925925925926,0.2718189096509012
Random Forest,0.1253611913758613,0.9594407407407407,0.2712654911848104
Random Forest,0.12560939468029933,0.9595148148148148,0.27058368717217546
Random Forest,0.1257760983922353,0.959574074074074,0.2699413977403232
Random Forest,0.12599096095428614,0.9596703703703704,0.26946106437123113
Random Forest,0.1261539601392902,0.9597333333333333,0.26891697935372905
Random Forest,0.12629473216270282,0.9598222222222222,0.26837980291183944
Random Forest,0.1264243906053197,0.9598814814814814,0.2676743505961781
Random Forest,0.1265985033711195,0.9599222222222222,0.26725584437084604
Random Forest,0.1267652070830555,0.9600185185185185,0.2667908043838017
Random Forest,0.12694302437578722,0.9601333333333333,0.2660021238713416
Random Forest,0.1271801140994295,0.9602740740740741,0.2652213882688352
Random Forest,0.12734311328443357,0.9603296296296296,0.2646284293347803
Random Forest,0.12751352152330148,0.9603814814814815,0.2641450079184491
Random Forest,0.12765058901978218,0.9604555555555555,0.2636280943633616
Random Forest,0.12780617915092243,0.9605407407407407,0.26317717865199347
Random Forest,0.12798029191672222,0.9606037037037037,0.2626081333483123
Random Forest,0.12812106394013484,0.9606592592592592,0.26208601207199217
Random Forest,0.12829888123286656,0.9606962962962963,0.26172056066089305
Random Forest,0.12849522116025783,0.9607703703703704,0.26100833495318626
Random Forest,0.12863599318367044,0.9608444444444444,0.260491329482369
Random Forest,0.12881751500333408,0.9608925925925926,0.2599923928707741
Random Forest,0.12905460472697636,0.9609444444444445,0.2592625678226035
Random Forest,0.12919537675038897,0.9610037037037037,0.2587106268457142
Random Forest,0.12939171667778024,0.9610555555555556,0.25824975538045186
Random Forest,0.12955842038971624,0.9611074074074074,0.2576833295273087
Random Forest,0.12974364673631178,0.9611592592592593,0.2571059280243286
Random Forest,0.12991035044824775,0.9612148148148149,0.25649746236036186
Random Forest,0.13031414388382603,0.961337037037037,0.25581132752637
Random Forest,0.13045491590723865,0.9613925925925926,0.25536482266107824
Random Forest,0.1306105060383789,0.961462962962963,0.25487226677453273
Random Forest,0.13074016448099576,0.9615074074074074,0.254447125441284
Random Forest,0.13093279988145515,0.9615703703703704,0.2537643643827367
Random Forest,0.13108098095873158,0.9616074074074074,0.2532546109436682
Random Forest,0.13126991183225903,0.9616407407407408,0.25275885392217046
Random Forest,0.1314032748018078,0.9616888888888889,0.2523930484910399
Random Forest,0.13164406905238202,0.9617370370370371,0.25173045605573924
Random Forest,0.13182929539897756,0.9617851851851852,0.2512599195400598
Random Forest,0.13202193079943692,0.9618444444444444,0.2507540974140177
Random Forest,0.13220715714603246,0.9619,0.2502281068954691
Random Forest,0.1323590427502408,0.9619703703703704,0.24973104729674905
Random Forest,0.13247758761206194,0.962025925925926,0.24933549203535865
Random Forest,0.13269245017411277,0.9620592592592593,0.2487078551529984
Random Forest,0.13285174483218493,0.9621333333333333,0.24815342011968028
Random Forest,0.13302585759798474,0.9621814814814815,0.2475339744336706
Random Forest,0.13314069793287397,0.9622518518518518,0.2470951951368941
Random Forest,0.13329628806401422,0.9622814814814815,0.246733418271403
Random Forest,0.13344446914129066,0.962374074074074,0.24618977472476838
Random Forest,0.13358894569163518,0.9624259259259259,0.24553553248324608
Random Forest,0.13374083129584352,0.962474074074074,0.24501951913708636
Random Forest,0.1339445802770986,0.9625111111111111,0.24451825961497842
Random Forest,0.13410387493517079,0.9625555555555556,0.24402081264829106
Random Forest,0.13430021486256205,0.9626111111111111,0.24350911084721896
Random Forest,0.1344595095206342,0.9626740740740741,0.24287578637732452
Random Forest,0.13460398607097873,0.9627333333333333,0.24248067018413677
Random Forest,0.13484478032155295,0.9627851851851852,0.24186745588694894
Random Forest,0.13502630214121655,0.9628592592592593,0.2413128045660974
Random Forest,0.13521523301474403,0.9629,0.2407724084163986
Random Forest,0.13535600503815662,0.9629629629629629,0.24036101225968115
Random Forest,0.13559679928873083,0.9630111111111112,0.2396203273085343
Random Forest,0.1357894346891902,0.9630666666666666,0.2389751893931201
Random Forest,0.13591538860487515,0.9631148148148149,0.2386690543949727
Random Forest,0.13601170630510484,0.9631851851851851,0.23828121037423816
Random Forest,0.13615618285544936,0.9632851851851851,0.2378307410187002
Random Forest,0.13638956805215974,0.963337037037037,0.23717665109575795
Random Forest,0.13651922649477663,0.9633851851851852,0.2368184648968802
Random Forest,0.13670815736830408,0.9634296296296296,0.2363012551069118
Random Forest,0.13686745202637624,0.9634962962962963,0.23579688065683702
Random Forest,0.1370267466844484,0.9635555555555556,0.23543519245604927
Random Forest,0.1372008594502482,0.9636888888888889,0.23480695305583163
Random Forest,0.13733422241979698,0.9637518518518519,0.23440473244207422
Random Forest,0.1374786989701415,0.9638111111111111,0.23366725807102193
Random Forest,0.13767133437060086,0.9638555555555556,0.23300154805974943
Random Forest,0.1378491516633326,0.9639222222222222,0.23248211152196419
Random Forest,0.1380529006445877,0.9639666666666666,0.2318831766221947
Random Forest,0.13821589982959176,0.9640111111111112,0.231468419245473
Random Forest,0.13837889901459582,0.9641148148148149,0.23112848560792187
Random Forest,0.13852337556494035,0.9641777777777778,0.2305696703632594
Random Forest,0.13866044306142106,0.9642222222222222,0.23014678316779721
Random Forest,0.1388456694080166,0.9642666666666667,0.22962181709194907
Random Forest,0.13905682744313552,0.9643111111111111,0.22917550468154052
Random Forest,0.13951989330962436,0.964437037037037,0.2287619733976565
Random Forest,0.13971993776394753,0.9644888888888888,0.22811399425421686
Random Forest,0.13999777728384086,0.9645185185185186,0.22739665566548267
Random Forest,0.1401867081573683,0.9645592592592592,0.2268208788975286
Random Forest,0.14036822997703194,0.9646148148148148,0.22634366602222467
Random Forest,0.14058309253908277,0.9646666666666667,0.2256838495732214
Random Forest,0.14074979625101874,0.9647148148148148,0.2253696166028903
Random Forest,0.1409090909090909,0.9647814814814815,0.22487345575365417
Random Forest,0.1410461584055716,0.9648407407407408,0.22444803841506422
Random Forest,0.14120915759057567,0.9648925925925926,0.22384686061868245
Random Forest,0.14149811069126472,0.9649629629629629,0.22320167662287005
Random Forest,0.14169074609172408,0.9650074074074074,0.222812253437703
Random Forest,0.1419056086537749,0.965062962962963,0.22217827947495006
Random Forest,0.14206860783877898,0.9651259259259259,0.22175700162514425
Random Forest,0.14220197080832778,0.9651666666666666,0.22137081556223323
Random Forest,0.14240201526265095,0.9652185185185185,0.22102887932645646
Random Forest,0.14254649181299547,0.9652740740740741,0.2206140951633202
Random Forest,0.14277246795584203,0.9653111111111111,0.22010539637816148
Random Forest,0.14295028524857376,0.9653592592592593,0.21962789851558304
Random Forest,0.14311328443357782,0.9654111111111111,0.21919893472645877
Random Forest,0.14326146551085425,0.965462962962963,0.21883302346737157
Random Forest,0.1434466918574498,0.9655222222222222,0.2184706207560164
Random Forest,0.14373934948507075,0.965562962962963,0.21779017691505642
Random Forest,0.14390605319700675,0.9656296296296296,0.2173196643770333
Random Forest,0.144061643328147,0.9656814814814815,0.216920079371762
Random Forest,0.14422093798621916,0.9657333333333333,0.21637490300581744
Random Forest,0.14443209602133808,0.9658,0.2158939712288808
Random Forest,0.14458398162554642,0.9658333333333333,0.2155548294075606
Random Forest,0.144850707564644,0.9658851851851852,0.21488634102771245
Random Forest,0.1450248203304438,0.9659333333333333,0.2144456267417158
Random Forest,0.1452322738386308,0.9659925925925926,0.21397928989420698
Random Forest,0.1453952730236349,0.9660444444444445,0.2135911588778013
Random Forest,0.14558790842409425,0.9660666666666666,0.21313103066711478
Random Forest,0.1457138623397792,0.9661407407407407,0.21268689028491053
Random Forest,0.1458509298362599,0.9661962962962963,0.2123513540423867
Random Forest,0.14602504260205973,0.9662407407407407,0.21195391614948997
Random Forest,0.146262132325702,0.9662888888888889,0.2113369926471227
Random Forest,0.14644365414536564,0.9663407407407407,0.2109298416844325
Random Forest,0.14658442616877826,0.9663962962962963,0.21056428132210075
Random Forest,0.1467326072460547,0.9664592592592592,0.21032063336548115
Random Forest,0.14693265170037786,0.9664962962962963,0.20978952561760558
Random Forest,0.14706231014299473,0.9665518518518519,0.20935595583283712
Random Forest,0.14740312662073055,0.9665851851851852,0.2085508349896793
Random Forest,0.1475624212788027,0.9666185185185185,0.20821196859769084
Random Forest,0.14786248796028748,0.9666518518518519,0.20755314956528143
Random Forest,0.14804771430688302,0.9667074074074075,0.2070910560133301
Random Forest,0.1484478032155294,0.9667814814814815,0.2067356420362392
Random Forest,0.14861821145439727,0.966825925925926,0.2063094195193521
Random Forest,0.1488256649625843,0.9668666666666667,0.20579873327261614
Random Forest,0.14898125509372454,0.9669222222222222,0.20537847320877126
Random Forest,0.14927020819441358,0.9669888888888889,0.20465383867179873
Random Forest,0.14947766170260057,0.9671,0.20423634966076917
Random Forest,0.14967029710305993,0.9671444444444445,0.2036428972171771
Random Forest,0.14989256871897458,0.9671814814814815,0.20323185573279198
Random Forest,0.15011854486182113,0.9672333333333333,0.20273564154593732
Random Forest,0.15031118026228052,0.9672740740740741,0.20238670033231584
Random Forest,0.15077424612876936,0.9674259259259259,0.20189950587767427
Random Forest,0.15093724531377342,0.9674777777777778,0.20153550525993108
Random Forest,0.15111876713343705,0.9675074074074074,0.20114943556167877
Random Forest,0.1513039934800326,0.9675888888888889,0.20074647295346457
Random Forest,0.15155219678447063,0.9676370370370371,0.2002416418614605
Random Forest,0.15183744535822774,0.9676888888888889,0.1996822604708803
Random Forest,0.15201526265095947,0.9677222222222223,0.1991865054992727
Random Forest,0.15218937541675928,0.9678740740740741,0.1988051160246754
Random Forest,0.15244128324812922,0.9679111111111112,0.1982537138622333
Random Forest,0.1526746684448396,0.9679666666666666,0.19770110078942765
Random Forest,0.15282284952211603,0.9680222222222222,0.19741300356392183
Random Forest,0.15334148329258354,0.968137037037037,0.19701181824181066
Random Forest,0.15358227754315773,0.9681777777777778,0.19661033865092092
Random Forest,0.15377120841668518,0.9682111111111111,0.19626372266231806
Random Forest,0.15409720678669334,0.9682518518518518,0.19575812997100048
Random Forest,0.1543231829295399,0.9683037037037037,0.19541542220884867
Random Forest,0.15450100022227162,0.968337037037037,0.19512650294285913
Random Forest,0.154734385418982,0.9684,0.1946331895827756
Random Forest,0.15495665703489664,0.9684444444444444,0.19409179436323948
Random Forest,0.15517522412387938,0.9684925925925926,0.19365899056985644
Random Forest,0.15539749573979403,0.9685481481481482,0.19311943342215795
Random Forest,0.15557531303252575,0.9685962962962963,0.1926975927434944
Random Forest,0.15594206119878493,0.9686555555555556,0.19210165687747568
Random Forest,0.15616433281469957,0.9687074074074075,0.19147308871758772
Random Forest,0.1564866266577758,0.9687555555555556,0.1909384206208992
Random Forest,0.1567237163814181,0.9687962962962963,0.19045525863033638
Random Forest,0.156934874416537,0.9688555555555556,0.19000700101159626
Random Forest,0.15718678224790694,0.9688888888888889,0.189652399310129
Random Forest,0.15740534933688968,0.9689851851851852,0.18922210435671316
Random Forest,0.15770541601837446,0.969037037037037,0.18865957152557766
Random Forest,0.15787952878417427,0.9690740740740741,0.18846678043428333
Random Forest,0.15803511891531452,0.969162962962963,0.1880513322255963
Random Forest,0.1582018226272505,0.9692111111111111,0.18768902416356145
Random Forest,0.15851670741646293,0.9692518518518518,0.18707930473274126
Random Forest,0.15873527450544567,0.9693148148148149,0.1867331225814221
Random Forest,0.15890938727124546,0.9693481481481482,0.18640147515968536
Random Forest,0.15910943172556866,0.9693962962962963,0.185979019536054
Random Forest,0.15924279469511743,0.9694481481481482,0.18566647175672202
Random Forest,0.15947988441875974,0.9695111111111111,0.18512758149042927
Random Forest,0.1596428836037638,0.9695555555555555,0.18486859648563092
Random Forest,0.1600207453508187,0.9696037037037037,0.18420489994718184
Random Forest,0.16024301696673335,0.9696296296296296,0.183734287235531
Random Forest,0.1604726976365118,0.969674074074074,0.1831640905260059
Random Forest,0.16064310587537972,0.9697333333333333,0.1829037451974816
Random Forest,0.16083574127583908,0.9697851851851852,0.18251634323892957
Random Forest,0.16105430836482182,0.969837037037037,0.18208134176215007
Random Forest,0.16137660220789804,0.9698851851851852,0.18152354885953312
Random Forest,0.16152848781210638,0.9699407407407408,0.1811984298485783
Random Forest,0.16175816848188487,0.9699814814814814,0.1808306055084679
Random Forest,0.16189523597836555,0.9700296296296296,0.18049345148535786
Random Forest,0.16209157590575685,0.9700740740740741,0.18007461650544507
Random Forest,0.16230273394087574,0.9701222222222222,0.17972536422895335
Random Forest,0.1624916648144032,0.9701518518518518,0.17944645291020134
Random Forest,0.16271393643031784,0.9702,0.179155894286067
Random Forest,0.1629769578424835,0.9702444444444445,0.17861273916604029
Random Forest,0.16318811587760243,0.9703074074074074,0.1782182679389302
Random Forest,0.1633511150626065,0.9705148148148148,0.1779263614580595
Random Forest,0.16361043194784025,0.9705555555555555,0.17745294153045332
Random Forest,0.16373268133659333,0.9706185185185185,0.17722091794995246
Random Forest,0.1639623620063718,0.9706481481481481,0.1769188352803956
Random Forest,0.16416981551455878,0.9706888888888889,0.17654921979500154
Random Forest,0.1643402237534267,0.9707407407407408,0.176210893962517
Random Forest,0.16458842705786472,0.9709185185185185,0.17586966926916797
Random Forest,0.1647958805660517,0.9709555555555556,0.17555156697677224
Random Forest,0.16620360080017782,0.9711851851851852,0.17515489670658524
Random Forest,0.1663703045121138,0.9712296296296297,0.1747543764112915
Random Forest,0.16662591687041564,0.971262962962963,0.17439457454944401
Random Forest,0.16682596132473884,0.9713703703703703,0.1740068332186238
Random Forest,0.16702971030599392,0.9714259259259259,0.17353868084351945
Random Forest,0.16717418685633845,0.971474074074074,0.17335976834637645
Random Forest,0.1673705267837297,0.9715148148148148,0.17305283412230008
Random Forest,0.16765207083055494,0.9715703703703704,0.17266260035036404
Random Forest,0.167815070015559,0.9716111111111111,0.17238414429124352
Random Forest,0.16797436467363117,0.9717629629629629,0.17204748167041745
Random Forest,0.1682855449359117,0.9718259259259259,0.17165239545361766
Random Forest,0.16867822479069422,0.9718814814814815,0.17110508616654155
Random Forest,0.16891160998740462,0.9719222222222222,0.17068882395832247
Random Forest,0.16910424538786398,0.9719703703703704,0.1703165737141169
Random Forest,0.16941542565014447,0.9720407407407408,0.16999816184894445
Random Forest,0.16963399273912722,0.9720814814814814,0.1695199968613122
Random Forest,0.16991553678595242,0.9721148148148148,0.16913197295472596
Random Forest,0.1701081721864118,0.9721888888888889,0.16880384925252043
Random Forest,0.17027487589834778,0.9722259259259259,0.1685707014082831
Random Forest,0.1704526931910795,0.9722592592592593,0.1682525261013559
Random Forest,0.17074535081870046,0.9724185185185186,0.16765462492781982
Random Forest,0.17095280432688745,0.9724703703703703,0.1672615032531408
Random Forest,0.17116396236200637,0.9725148148148148,0.16688084692174923
Random Forest,0.17135289323553382,0.9725777777777778,0.16663689029323445
Random Forest,0.17160850559383567,0.9726185185185185,0.16610374918659573
Random Forest,0.174127583907535,0.9728666666666667,0.1658044124470971
Random Forest,0.1744313551159517,0.9728888888888889,0.16532362405743464
Random Forest,0.1746758538934578,0.972925925925926,0.16480168140301318
Random Forest,0.17493517077869156,0.9729592592592593,0.16426813328648732
Random Forest,0.17526857820256353,0.973,0.1637702895322968
Random Forest,0.1755056679262058,0.973037037037037,0.16341531090996736
Random Forest,0.17579832555382677,0.9730703703703704,0.16302105464625302
Random Forest,0.17606134696599243,0.9731037037037037,0.16256731875874572
Random Forest,0.17631325479736237,0.9731666666666666,0.16215171336370895
Random Forest,0.1765910943172557,0.9732,0.16167715505402097
Random Forest,0.1767985478254427,0.9732444444444445,0.16134959094625562
Random Forest,0.17705045565681263,0.9732814814814815,0.16096170495737072
Random Forest,0.1772505001111358,0.9733333333333334,0.1606910023131678
Random Forest,0.17751722605023337,0.9733703703703703,0.16035526825452137
Random Forest,0.1778321108394458,0.9734222222222222,0.16003651361998383
Random Forest,0.1780358598207009,0.973474074074074,0.15972851989657053
Random Forest,0.17842483514855154,0.9735370370370371,0.1592953892278929
Random Forest,0.1785878343335556,0.973574074074074,0.15899106318400408
Random Forest,0.17889901459583613,0.9736222222222222,0.1584563643171924
Random Forest,0.17907312736163591,0.9736851851851852,0.1582003673259098
Random Forest,0.17923983107357191,0.9737259259259259,0.157853053161971
Random Forest,0.1794139438393717,0.9737666666666667,0.15753718074925588
Random Forest,0.17973994220937986,0.9738,0.15701967129921512
Random Forest,0.18011039490257094,0.9738222222222223,0.15654732714441005
Random Forest,0.18029562124916648,0.9738592592592593,0.1561801135203634
Random Forest,0.18051418833814922,0.9739037037037037,0.15579200523727968
Random Forest,0.1807809142772468,0.9739481481481481,0.155411959007804
Random Forest,0.18102911758168483,0.9739666666666666,0.1550673969077586
Random Forest,0.18143291101726308,0.9740037037037037,0.15434507306629774
Random Forest,0.18179225012965844,0.9740481481481481,0.15360919657326294
Random Forest,0.18210343039193894,0.9740814814814814,0.1533145923319836
Random Forest,0.18231088390012595,0.9741222222222222,0.15289078260033642
Random Forest,0.1824701785581981,0.9741555555555556,0.15267240658272319
Random Forest,0.18268504112024894,0.9742074074074074,0.1523120850222696
Random Forest,0.18295176705934652,0.9742703703703703,0.1519585768818542
Random Forest,0.18314440245980587,0.9743148148148149,0.15161018058226788
Random Forest,0.1833629695487886,0.9743703703703703,0.15131460830251037
Random Forest,0.18365933170334148,0.9744481481481482,0.15094855089141976
Random Forest,0.18444839593983847,0.9745333333333334,0.1506221086887498
Random Forest,0.18474846262132325,0.9745592592592592,0.15007410031044932
Random Forest,0.1850448247758761,0.9745814814814815,0.14973397818483372
Random Forest,0.18531525524190562,0.9746074074074074,0.1493819418613938
Random Forest,0.1856523671927095,0.9746407407407407,0.1490585269454401
Random Forest,0.1859302067126028,0.9746777777777778,0.1487075699778759
Random Forest,0.1862413869748833,0.9747111111111111,0.14826007499192215
Random Forest,0.1865414536563681,0.9747592592592592,0.14783887740562593
Random Forest,0.1868933837148996,0.9747703703703704,0.1473521989420907
Random Forest,0.187208268504112,0.9748037037037037,0.1469221291335693
Random Forest,0.18751574423946063,0.9748444444444444,0.14648282903435805
Random Forest,0.1877787656516263,0.9748888888888889,0.14617579634793357
Random Forest,0.18811587760243018,0.9749148148148148,0.14583523664351966
Random Forest,0.18842335333777877,0.9749222222222222,0.14554142125721467
Random Forest,0.1887086019115359,0.9749666666666666,0.14517072537238568
Random Forest,0.18894198710824628,0.9750074074074074,0.14491866121555755
Random Forest,0.18919759946654813,0.9750555555555556,0.14458760491270628
Random Forest,0.1895013706749648,0.9750740740740741,0.14427775834774179
Random Forest,0.18992739127213454,0.9751148148148148,0.1439164775819136
Random Forest,0.19021263984589168,0.975137037037037,0.14356714124779585
Random Forest,0.19057938801215085,0.9751814814814814,0.14319094422244477
Random Forest,0.19082388678965695,0.9751962962962963,0.14294093603737668
Random Forest,0.19112395347114172,0.9752259259259259,0.14276241771115128
Random Forest,0.19143513373342225,0.9752407407407407,0.14241363367981297
Random Forest,0.19174260946877084,0.9752740740740741,0.14216871474984
Random Forest,0.19193154034229828,0.9753111111111111,0.14189069750300554
Random Forest,0.19219456175446395,0.9753407407407407,0.14158281256414404
Random Forest,0.1924538786396977,0.9753703703703703,0.1411908258772057
Random Forest,0.19284285396754836,0.9754,0.14079919397243315
Random Forest,0.19309846632585018,0.9754259259259259,0.14052080139817785
Random Forest,0.19323553382233088,0.9754777777777778,0.14030496517618224
Random Forest,0.1934466918574498,0.9755037037037037,0.1399257365990334
Random Forest,0.1937245313773431,0.9755296296296296,0.13954153827327467
Random Forest,0.19400607542416834,0.9755370370370371,0.1392787970491308
Random Forest,0.19434318737497222,0.9755407407407407,0.13905796775206938
Random Forest,0.19451730014077204,0.9755703703703704,0.13885703585788994
Random Forest,0.19478773060680152,0.9755962962962963,0.13855669934612797
Random Forest,0.19508038823442247,0.9756259259259259,0.13821395443762227
Random Forest,0.1954063866044306,0.975662962962963,0.13777165881296863
Random Forest,0.1956360672742091,0.9756962962962963,0.13747517271340517
Random Forest,0.19596206564421723,0.9757370370370371,0.13721623410431957
Random Forest,0.19633992739127212,0.9757703703703704,0.13694850959694257
Random Forest,0.19659924427650588,0.9757888888888889,0.1366784291942652
Random Forest,0.1969437652811736,0.9758037037037037,0.1362889363359179
Random Forest,0.19718085500481589,0.9758407407407408,0.13598032869300092
Random Forest,0.19751426242868786,0.9758740740740741,0.13565046543417747
Random Forest,0.19786989701415128,0.9758925925925926,0.13534895592323828
Random Forest,0.198173668222568,0.9759296296296296,0.13491044614511694
Random Forest,0.19844039416166556,0.9759555555555556,0.13461700811066446
Random Forest,0.19878861969326517,0.9760148148148148,0.13415522514208594
Random Forest,0.19911832259020523,0.9760333333333333,0.1336734005677421
Random Forest,0.1995184114988516,0.9760666666666666,0.13320088416801926
Random Forest,0.19975179669556198,0.9760925925925926,0.1330027592824963
Random Forest,0.20002222716159146,0.976125925925926,0.1327485070634003
Random Forest,0.2003037712084167,0.9761740740740741,0.13228561836742728
Random Forest,0.20049640660887605,0.9762111111111111,0.1319737541090372
Random Forest,0.20073720085945024,0.9762444444444445,0.13157986286946177
Random Forest,0.2010298584870712,0.9762814814814815,0.13113725200995055
Random Forest,0.20128917537230495,0.9763148148148149,0.13068872871346646
Random Forest,0.20163369637697265,0.976337037037037,0.13016029787346356
Random Forest,0.2020523079202786,0.9764074074074074,0.12949356326343778
Random Forest,0.2023338519671038,0.976437037037037,0.12922234483431105
Random Forest,0.202574646217678,0.9764666666666667,0.12885641659284958
Random Forest,0.20285989479143512,0.9764851851851852,0.12846120613227074
Random Forest,0.20307846188041787,0.9765222222222222,0.12816442230841327
Random Forest,0.20341186930428984,0.9765592592592592,0.12783243957894638
Random Forest,0.203737867674298,0.9765851851851852,0.12748105479573826
Random Forest,0.2040860932058976,0.9766148148148148,0.12694051116320765
Random Forest,0.20435652367192708,0.9766407407407407,0.12652627989164472
Random Forest,0.20475290805364155,0.9766666666666667,0.12602221229221452
Random Forest,0.20530488256649626,0.9767,0.12540896279535377
Random Forest,0.2055197451285471,0.9767518518518519,0.12503438452934598
Random Forest,0.2057975846484404,0.9767666666666667,0.12478971705181914
Random Forest,0.2061791509224272,0.9767851851851852,0.12438417784715416
Random Forest,0.20646439949618434,0.9768074074074075,0.12403268598799547
Random Forest,0.20680521597392013,0.9768370370370371,0.12366521320931971
Random Forest,0.20695710157812847,0.9768703703703704,0.12346538277342133
Random Forest,0.20721271393643031,0.9768925925925926,0.12313048730693561
Random Forest,0.2075461213603023,0.9769185185185185,0.12273684192409484
Random Forest,0.20784618804178706,0.9769629629629629,0.1223034939171134
Random Forest,0.20817959546565903,0.9769925925925926,0.12195609942726603
Random Forest,0.2085722753204416,0.9770111111111112,0.12149581990424546
Random Forest,0.20890197821738163,0.9770222222222222,0.12110543640674695
Random Forest,0.20913906794102394,0.9770592592592593,0.1208255522194939
Random Forest,0.2094020893531896,0.9771148148148148,0.12042288348234771
Random Forest,0.20962436096910425,0.9771555555555556,0.12005971124090502
Random Forest,0.2099503593391124,0.9771888888888889,0.11945628371555499
Random Forest,0.2102244943320738,0.977237037037037,0.11916562104953743
Random Forest,0.21052085648662666,0.9772740740740741,0.11880187364780956
Random Forest,0.21072830999481365,0.977337037037037,0.11851486382647217
Random Forest,0.21092094539527304,0.9773851851851851,0.11812384268290406
Random Forest,0.21129510261539602,0.9774259259259259,0.11777640351540022
Random Forest,0.21148403348892347,0.9774814814814815,0.11748667543864924
Random Forest,0.21168037341631474,0.9775407407407407,0.11715556942986538
Random Forest,0.21192487219382086,0.9775703703703704,0.11688689232723316
Random Forest,0.21221012076757798,0.9776074074074074,0.11647003895472732
Random Forest,0.21254723271838186,0.9776296296296296,0.11598694102826934
Random Forest,0.2127954360228199,0.9776666666666667,0.11563244099659284
Random Forest,0.2131510706082833,0.9776962962962963,0.115200730214889
Random Forest,0.21337704675112987,0.9777370370370371,0.11480317644392404
Random Forest,0.21381047640216344,0.9777777777777777,0.11427957427785768
Random Forest,0.24858487071201008,0.9844444444444445,0.11388376472595205
Random Forest,0.24901459583611174,0.9844851851851851,0.11320598495145459
Random Forest,0.24932948062532415,0.9845037037037037,0.11295312062674402
Random Forest,0.2496517744684004,0.9845333333333334,0.1124804143397373
Random Forest,0.2501444765503445,0.9845555555555555,0.11190214013712893
Random Forest,0.25045936133955693,0.9846,0.11141865779529089
Random Forest,0.2506853374824035,0.9846444444444444,0.11112019403499886
Random Forest,0.2509483588945692,0.9846851851851852,0.11082169676775865
Random Forest,0.25116322145662,0.9847222222222223,0.11054882878766495
Random Forest,0.25138549307253466,0.984774074074074,0.11026302506097185
Random Forest,0.2515744239460621,0.9848148148148148,0.1098938101757719
Random Forest,0.2519967400162999,0.9848518518518519,0.1093373890325844
Random Forest,0.25219307994369117,0.9848888888888889,0.10909979776071368
Random Forest,0.252574646217678,0.9849222222222223,0.10866477407523677
Random Forest,0.2529117581684819,0.984937037037037,0.10825530166946629
Random Forest,0.2531933022153071,0.9849666666666667,0.10791423240375243
Random Forest,0.2533785285619026,0.985,0.10760191377695587
Random Forest,0.2537341631473661,0.9850222222222222,0.107127626426851
Random Forest,0.2540527524635104,0.9850555555555556,0.10676325062604099
Random Forest,0.25437504630658664,0.9851185185185185,0.10647707930630881
Random Forest,0.2546121360302289,0.9851518518518518,0.1061519571134671
Random Forest,0.2548640438615989,0.9851814814814814,0.10587917616691121
Random Forest,0.25515299696228794,0.9852037037037037,0.1056200861291617
Random Forest,0.255482699859228,0.9852481481481481,0.105239853809597
Random Forest,0.25585685707935096,0.9852740740740741,0.10488497244103451
Random Forest,0.2561495147069719,0.9853111111111111,0.1045533856292397
Random Forest,0.2563754908498185,0.9853592592592593,0.10428022884264693
Random Forest,0.2566570348966437,0.9853814814814815,0.10395191850111145
Random Forest,0.2569274653626732,0.9854074074074074,0.10363040016662645
Random Forest,0.257142327924724,0.9854407407407407,0.103299489505547
Random Forest,0.2574127583907535,0.9854703703703703,0.10297958520204979
Random Forest,0.2577165295991702,0.9855148148148148,0.10260142056018884
Random Forest,0.2579276876342891,0.9855481481481482,0.10237600010701087
Random Forest,0.25818329999259093,0.9855777777777778,0.10203906694826353
Random Forest,0.2585870934281692,0.9856592592592592,0.1017664468304452
Random Forest,0.2588797510557902,0.9856851851851852,0.10147447915241962
Random Forest,0.2591057271986367,0.9857111111111111,0.10123434946560547
Random Forest,0.2593687486108024,0.9857370370370371,0.10098626129484815
Random Forest,0.2596428836037638,0.9857703703703704,0.10061499360914816
Random Forest,0.2598503371119508,0.9858222222222223,0.10042302976708176
Random Forest,0.2601133585241165,0.9858555555555556,0.10014316749040696
Random Forest,0.26037637993628215,0.9858814814814815,0.09980189232835976
Random Forest,0.26072830999481367,0.9859,0.09932150671765982
Random Forest,0.260920945395273,0.9859296296296296,0.09909291912103567
Random Forest,0.2613580795732385,0.9859481481481481,0.09876067748417341
Random Forest,0.2616914869971105,0.9859851851851852,0.09841131576289401
Random Forest,0.2619693265170038,0.9860333333333333,0.09796869779233888
Random Forest,0.2622582796176928,0.9860555555555556,0.09764431038469643
Random Forest,0.26253241461065424,0.9860814814814814,0.09737351431691221
Random Forest,0.26291027635770914,0.986125925925926,0.0969978646202776
Random Forest,0.2632585018893087,0.9861629629629629,0.09669060918171699
Random Forest,0.263621545528636,0.9862037037037037,0.09627989735553591
Random Forest,0.26399199822182706,0.9862518518518518,0.09614943166324422
Random Forest,0.2643402237534267,0.9862814814814815,0.09588088321597635
Random Forest,0.264699562865822,0.9863111111111111,0.09557768204573326
Random Forest,0.2649255390086686,0.9863407407407407,0.09531927684392251
Random Forest,0.2653145143365192,0.9863666666666666,0.09497453520722807
Random Forest,0.26559235385641256,0.9863888888888889,0.09464662573557041
Random Forest,0.2659257612802845,0.9864185185185185,0.09431854387763974
Random Forest,0.2662702822849522,0.986462962962963,0.09397845217342223
Random Forest,0.26645180410461583,0.9864962962962963,0.09373174945536344
Random Forest,0.2667111209898496,0.9865185185185186,0.09345822324880904
Random Forest,0.26694450618655996,0.9865481481481482,0.09326393812221878
Random Forest,0.2671890049640661,0.9865888888888888,0.09312546526821341
Random Forest,0.26744832184929984,0.9866185185185186,0.09289173138139338
Random Forest,0.2676965251537379,0.9866518518518519,0.09269894565746442
Random Forest,0.26794102393124397,0.9866777777777778,0.09251613230071147
Random Forest,0.26825220419352447,0.9867148148148148,0.09222924925996898
Random Forest,0.26861524783285173,0.9867444444444444,0.09180019941240997
Random Forest,0.26889679187967697,0.9867777777777778,0.09141273773037316
Random Forest,0.26906720011854485,0.9868222222222223,0.0911950093082805
Random Forest,0.26953397051196565,0.9868629629629629,0.09079600268412749
Random Forest,0.26994517300140775,0.9869,0.0905539103717876
Random Forest,0.27030080758687114,0.9869148148148148,0.09017138929700055
Random Forest,0.27068237386085797,0.9869407407407408,0.0897463190130271
Random Forest,0.2709416907460917,0.9869666666666667,0.0894647442694904
Random Forest,0.2712750981699637,0.9869814814814815,0.08911775758415338
Random Forest,0.2714862562050826,0.9870925925925926,0.08881874488431886
Random Forest,0.2717529821441802,0.9871074074074074,0.08852422153688053
Random Forest,0.27221975253760095,0.987137037037037,0.0882118705226084
Random Forest,0.2725457509076091,0.9871555555555556,0.08787330286633906
Random Forest,0.27292361265466397,0.9872037037037037,0.08764863276163716
Random Forest,0.273212565755353,0.987225925925926,0.08733799231260599
Random Forest,0.2734904052752464,0.9872444444444445,0.08707868429175762
Random Forest,0.27376824479513967,0.9872703703703704,0.08679595371180901
Random Forest,0.2740275616803734,0.9872962962962963,0.08643246318422518
Random Forest,0.2742683559309476,0.9873296296296297,0.08616688532914336
Random Forest,0.27454989997777285,0.9873518518518518,0.08587832459371235
Random Forest,0.27486848929391716,0.9873962962962963,0.08564900833835964
Random Forest,0.2753241461065422,0.9874111111111111,0.0853176170418844
Random Forest,0.2755871675187079,0.9874407407407407,0.08504840667055637
Random Forest,0.2758798251463288,0.987462962962963,0.08476526061168206
Random Forest,0.2762910276357709,0.9875037037037037,0.08446789445733084
Random Forest,0.2767318663406683,0.9875481481481482,0.08401243976932217
Random Forest,0.2772208638956805,0.9875814814814815,0.08353153908813528
Random Forest,0.27754315773875676,0.9876259259259259,0.08319525575880891
Random Forest,0.2779173149588797,0.9876518518518519,0.08281255062487794
Random Forest,0.27825442690968366,0.9876777777777778,0.08257349156705755
Random Forest,0.2786396977106024,0.9877111111111111,0.0823542767603385
Random Forest,0.27887678743424466,0.9877370370370371,0.0820625913800952
Random Forest,0.2792694672890272,0.9877518518518519,0.081785788464408
Random Forest,0.2795547158627843,0.9877777777777778,0.08150075514781994
Random Forest,0.2799251685559754,0.9878,0.08106548108485861
Random Forest,0.28021782618359636,0.9878185185185185,0.08069017993277279
Random Forest,0.28066236941542566,0.9878592592592592,0.08038180562531813
Random Forest,0.28096614062384234,0.9878777777777777,0.08004411125194856
Random Forest,0.28128472993998666,0.9879259259259259,0.07965533766580572
Random Forest,0.28158850114840334,0.9879592592592593,0.0792229406101928
Random Forest,0.2818144772912499,0.9879851851851852,0.07888547644238654
Random Forest,0.2821182484996666,0.9880185185185185,0.07857543649219259
Random Forest,0.2823627472771727,0.9880518518518518,0.07829962562980367
Random Forest,0.2826294732162703,0.9880740740740741,0.07807183682328145
Random Forest,0.28295917611321036,0.9881074074074074,0.07775871175233942
Random Forest,0.2833444469141291,0.988137037037037,0.077429879318447
Random Forest,0.28364821812254576,0.9881629629629629,0.07707961046083495
Random Forest,0.2839890346002815,0.9882037037037037,0.07677084494707025
Random Forest,0.2843668963473364,0.988225925925926,0.07643925788447316
Random Forest,0.28472253093279987,0.9882518518518518,0.07617604724802399
Random Forest,0.28503371119508036,0.9882851851851852,0.0758309750611959
Random Forest,0.28531895976883753,0.9883333333333333,0.07560495716636038
Random Forest,0.2857227532044158,0.9883592592592593,0.07530083101307844
Random Forest,0.286171000963177,0.9883888888888889,0.07491802729736116
Random Forest,0.2865192264947766,0.9884296296296297,0.07462544713413732
Random Forest,0.28687856560717195,0.9884851851851851,0.07429042552950034
Random Forest,0.2871082462769504,0.9885185185185185,0.07405899038264421
Random Forest,0.28749351707786913,0.9885481481481482,0.07362638476173113
Random Forest,0.2879121286211751,0.9885703703703703,0.07337732880738501
Random Forest,0.2882010817218641,0.9885962962962963,0.07313918135689967
Random Forest,0.28971993776394755,0.9888518518518519,0.07290363513747339
Random Forest,0.2900162999185004,0.9888925925925925,0.07257292390552285
Random Forest,0.29023857153441507,0.9889259259259259,0.07227238432759506
Random Forest,0.2904719567311254,0.9889592592592592,0.07203533137111114
Random Forest,0.2907757279395421,0.989,0.07164928612128973
Random Forest,0.2911350670519375,0.9890407407407408,0.0713080702635423
Random Forest,0.29143883826035416,0.9890777777777777,0.07101660972351696
Random Forest,0.2918463362228643,0.9890962962962963,0.07068598673630236
Random Forest,0.29226865229310217,0.989137037037037,0.07014844645519974
Random Forest,0.2925501963399274,0.9891666666666666,0.06991677081185708
Random Forest,0.29277617248277393,0.9891888888888889,0.0696813946044367
Random Forest,0.29317626139142033,0.989237037037037,0.06944021668125626
Random Forest,0.2935467140846114,0.9892777777777778,0.06913525779961308
Random Forest,0.2938912350892791,0.9893074074074074,0.0687225539771885
Random Forest,0.2942061198784915,0.9893333333333333,0.06841723585951778
Random Forest,0.2946543676372527,0.9893592592592593,0.0679997688896307
Random Forest,0.29497666148032897,0.9893888888888889,0.06762664725051858
Random Forest,0.29531377343113285,0.989437037037037,0.06729685458334649
Random Forest,0.29579165740534935,0.989462962962963,0.06691370687092411
Random Forest,0.29628806401422536,0.9894814814814815,0.06666917809139132
Random Forest,0.2966029488034378,0.9895185185185185,0.06643396323621682
Random Forest,0.2970882418315181,0.9895333333333334,0.0660182986436022
Random Forest,0.2973216270282285,0.9895592592592592,0.06579570729664826
Random Forest,0.2978365562717641,0.9896185185185186,0.065438648104358
Random Forest,0.2981181003185893,0.9896481481481482,0.06512389921708714
Random Forest,0.29840705341927837,0.9896777777777778,0.06482565511259464
Random Forest,0.2986811884122398,0.9896888888888888,0.06456915528543639
Random Forest,0.29928873082907315,0.9897333333333334,0.06406891271985005
Random Forest,0.29968511521078756,0.9897851851851852,0.06385646128475525
Random Forest,0.30002222716159144,0.9898666666666667,0.06362679141604594
Random Forest,0.30039638438171445,0.9899037037037037,0.06328290541866652
Random Forest,0.3007594280210417,0.9899629629629629,0.06298607206552831
Random Forest,0.3012373119952582,0.9899888888888889,0.06276598093993728
Random Forest,0.3016855597540194,0.9900074074074074,0.06247761405573133
Random Forest,0.3020708305549381,0.9900296296296296,0.062230392855713974
Random Forest,0.30255241905608654,0.9900555555555556,0.06193084236617389
Random Forest,0.3029228717492776,0.9900962962962963,0.061628498331986525
Random Forest,0.3034526191005409,0.990125925925926,0.06118700533296591
Random Forest,0.30395273023634883,0.9901592592592593,0.06083333505655612
Random Forest,0.30423056975624213,0.9901777777777778,0.060619950974451546
Random Forest,0.3044750685337482,0.9902148148148148,0.06036294438024651
Random Forest,0.3048344076461436,0.9902444444444445,0.059987941583474744
Random Forest,0.3050752018967178,0.9902814814814814,0.05971066000147516
Random Forest,0.30570497147514264,0.9903222222222222,0.059426594709585515
Random Forest,0.30614581018004,0.9903740740740741,0.05910608013789489
Random Forest,0.3064643994961843,0.9904074074074074,0.05890660358528529
Random Forest,0.30688671556642216,0.9904444444444445,0.05854679189567448
Random Forest,0.3074535081870045,0.9905,0.05812254638551371
Random Forest,0.3078535970956509,0.9905333333333334,0.0578891544448353
Random Forest,0.3081166185078166,0.9905703703703703,0.05768488259160055
Random Forest,0.3085352300511225,0.9906111111111111,0.057398816200344496
Random Forest,0.30901681855227087,0.9906777777777778,0.0570540599025535
Random Forest,0.3096688152922872,0.9907481481481482,0.05670055489059473
Random Forest,0.31018374453582276,0.9907777777777778,0.05633079185253494
Random Forest,0.3106764466177669,0.9908296296296296,0.055966453906634864
Random Forest,0.31095428613766024,0.9908481481481481,0.05565859659638246
Random Forest,0.31139882936948954,0.990862962962963,0.055294537166913384
Random Forest,0.3116322145661999,0.9909037037037037,0.05505788972877877
Random Forest,0.3120174853671186,0.9909518518518519,0.05481880364329813
Random Forest,0.3124509150181522,0.9909814814814815,0.05441998817825464
Random Forest,0.3127695043342965,0.9910148148148148,0.05412644954483994
Random Forest,0.31332888790101504,0.9911111111111112,0.05380557303502656
Random Forest,0.313662295324887,0.9911740740740741,0.05366164301890328
Random Forest,0.31428465584944804,0.9912111111111112,0.053498347555132976
Random Forest,0.31456990442320515,0.9912481481481481,0.05320968964013019
Random Forest,0.31501074312810257,0.9912740740740741,0.052769817154646764
Random Forest,0.3152848781210639,0.9913,0.05243294955964273
Random Forest,0.3159553974957398,0.9913185185185185,0.05195532177695723
Random Forest,0.31648144032007114,0.9913814814814815,0.051558910089363814
Random Forest,0.31697784692894715,0.9914222222222222,0.05120096269171714
Random Forest,0.3171556642216789,0.9914481481481482,0.05101149919506751
Random Forest,0.31749648069941466,0.9914740740740741,0.050706808964600676
Random Forest,0.3180151144698822,0.9915148148148148,0.05035841264583609
Random Forest,0.3184226124323924,0.9915518518518519,0.05013766946043816
Random Forest,0.31882270134103874,0.991574074074074,0.049944350901980676
Random Forest,0.31913758613025117,0.9916037037037037,0.04968038401950068
Random Forest,0.3193783803808254,0.9916333333333334,0.04950874422139617
Random Forest,0.3196969696969697,0.9916555555555555,0.049248165440773956
Random Forest,0.32007853597095653,0.9916703703703704,0.048998458651632874
Random Forest,0.32040453434096466,0.9917222222222222,0.04869900226758314
Random Forest,0.3208120323034748,0.9917592592592592,0.04834586883237695
Random Forest,0.3212454619545084,0.9917814814814815,0.04797599606255082
Random Forest,0.32170482329406536,0.9918074074074074,0.04769138230972213
Random Forest,0.32243461509965177,0.9918592592592592,0.047292183840557854
Random Forest,0.32276061346965995,0.9918777777777777,0.047030624803463296
Random Forest,0.3231014299473957,0.9919037037037037,0.0467251598114755
Random Forest,0.32344224642513153,0.9919444444444444,0.046395732592000534
Random Forest,0.3240497888419649,0.9920222222222222,0.046100278664729606
Random Forest,0.3242979921464029,0.9920592592592593,0.04584798053832648
Random Forest,0.3249129436171001,0.9920777777777777,0.045526106710820725
Random Forest,0.3252833963102912,0.9921,0.045181265462347686
Random Forest,0.32566496258427796,0.9921222222222222,0.044819201285035734
Random Forest,0.32599837000814996,0.9921407407407408,0.044512496753128676
Random Forest,0.32630214121656664,0.9921666666666666,0.044255524129643585
Random Forest,0.3266577758020301,0.9921814814814814,0.04391561722713792
Random Forest,0.3270837963991998,0.9922074074074074,0.04363888778249139
Random Forest,0.32743202193079946,0.992225925925926,0.043364204796181784
Random Forest,0.3276913388160332,0.9922481481481481,0.043167280445164685
Random Forest,0.3283136993405942,0.9922777777777778,0.04272024263721179
Random Forest,0.32867303845298956,0.9923037037037037,0.04247249997129764
Random Forest,0.3291657405349337,0.9923296296296297,0.042222379340772664
Random Forest,0.32959546565903536,0.9923555555555555,0.04186007325122396
Random Forest,0.32997703193302214,0.9923851851851851,0.04158340509083922
Random Forest,0.3302215307105283,0.9924074074074074,0.041475779314484824
Random Forest,0.33072905090020005,0.9924222222222222,0.04106693064934758
Random Forest,0.33127732088612283,0.9924481481481482,0.040585155358560575
Random Forest,0.3316662962139735,0.9924592592592593,0.040275216245710635
Random Forest,0.3321775209305772,0.9924740740740741,0.039856201886314134
Random Forest,0.3332333111061717,0.9925222222222222,0.03964162320805771
Random Forest,0.3336000592724309,0.9925444444444445,0.03938088427878737
Random Forest,0.3340038527080092,0.9925666666666667,0.039103204644461986
Random Forest,0.3344558049937023,0.9925925925925926,0.03884571468934927
Random Forest,0.3510891309179818,0.9936703703703703,0.03858810792565327
Random Forest,0.35166333259242794,0.9936851851851852,0.03815049033440103
Random Forest,0.3521634437282359,0.9936962962962963,0.03787230957513349
Random Forest,0.35258946432540567,0.9937296296296296,0.037636259544912606
Random Forest,0.35301178039564346,0.9937407407407407,0.03731054060568726
Random Forest,0.43614506927465363,0.9961148148148148,0.03709319755928335
Random Forest,0.43650440838704896,0.9961444444444445,0.036816992971855436
Random Forest,0.43907164555086314,0.9961703703703704,0.03661192810811276
Random Forest,0.4396458472253093,0.9961888888888889,0.036189205037062355
Random Forest,0.4402533896421427,0.9962185185185185,0.03581346277163654
Random Forest,0.44078313699340593,0.9962592592592593,0.035516323169911615
Random Forest,0.4411795213751204,0.9962703703703704,0.03533871915881271
Random Forest,0.4417166777802475,0.9963,0.035031820007472896
Random Forest,0.4421797436467363,0.9963185185185185,0.03479632318451532
Random Forest,0.4426576276209528,0.9963481481481481,0.03445453398062998
Random Forest,0.4430021486256205,0.9963740740740741,0.034177315170334066
Random Forest,0.4436948951618878,0.9964037037037037,0.03391065259593501
Random Forest,0.44411721123212566,0.9964222222222222,0.03362066437945254
Random Forest,0.4444913684522486,0.9964518518518518,0.033272545785385375
Random Forest,0.4449359116840779,0.996462962962963,0.03298376900358886
Random Forest,0.44538415944283916,0.9965,0.03274019150052971
Random Forest,0.4456508853819367,0.9965111111111111,0.03258821956758806
Random Forest,0.4461435874638809,0.9965296296296297,0.0323086885666954
Random Forest,0.4466029488034378,0.9965555555555555,0.0320209270309118
Random Forest,0.44696969696969696,0.9965777777777778,0.031822404730690194
Random Forest,0.4474105356745944,0.9966037037037037,0.03155434227786214
Random Forest,0.44792546491812996,0.9966333333333334,0.031278033354331124
Random Forest,0.4483922353115507,0.9966555555555555,0.030999641768925237
Random Forest,0.44883677854338,0.996662962962963,0.030733304156916684
Random Forest,0.4495665703489664,0.9966703703703703,0.030403857462924972
Random Forest,0.44994443209602136,0.9966888888888888,0.030179884788537798
Random Forest,0.4503371119508039,0.9967037037037038,0.02998216117945212
Random Forest,0.4511335852411647,0.9967259259259259,0.02954279575395743
Random Forest,0.451785581981181,0.9967370370370371,0.02916870545988935
Random Forest,0.4521634437282359,0.9967518518518519,0.029021725173510725
Random Forest,0.45276357709120546,0.9967592592592592,0.028874843833859885
Random Forest,0.453404460250426,0.9967703703703704,0.02855263186968684
Random Forest,0.45376379936282135,0.9967888888888888,0.02829419420689217
Random Forest,0.45410832036748905,0.9968111111111111,0.028111812736362467
Random Forest,0.45512706527376456,0.9968259259259259,0.02787419525052018
Random Forest,0.45615321923390384,0.9968518518518519,0.027579329943716133
Random Forest,0.4573720085945025,0.9968814814814815,0.027347804172914
Random Forest,0.45828332221975254,0.9968962962962963,0.02702720294534378
Random Forest,0.4592687263836408,0.9969111111111111,0.0266560499455827
Random Forest,0.45962806549603613,0.9969185185185185,0.026462248562896466
Random Forest,0.46027635770912056,0.9969222222222223,0.0262051855533074
Random Forest,0.46093205897606876,0.9969407407407408,0.025881031508137274
Random Forest,0.4613654886271023,0.9969592592592592,0.025670937551297304
Random Forest,0.46191375861302514,0.9969851851851852,0.025393231942363082
Random Forest,0.4624805512336075,0.9970185185185185,0.025163585134706488
Random Forest,0.46288804919611765,0.9970296296296296,0.024992812337848426
Random Forest,0.46343261465510854,0.9970592592592593,0.024737951988335345
Random Forest,0.4638993850485293,0.9970703703703704,0.02451516110467155
Random Forest,0.46432170111876714,0.9970851851851852,0.024313358011302254
Random Forest,0.46488108468548567,0.9970962962962963,0.024020432933991337
Random Forest,0.46515151515151515,0.9971111111111111,0.023903038637363774
Random Forest,0.465614581018004,0.9971222222222222,0.023698200838234
Random Forest,0.46606653330369713,0.9971296296296296,0.023526471271995555
Random Forest,0.46642587241609246,0.997137037037037,0.023359916744098097
Random Forest,0.4668407794324665,0.9971592592592593,0.023179813076842134
Random Forest,0.4673668222567978,0.9971814814814814,0.02288470178605344
Random Forest,0.4679484329851078,0.9971962962962962,0.022614035988407197
Random Forest,0.4684337260131881,0.9972185185185185,0.022343019040786855
Random Forest,0.4689745869452471,0.9972481481481481,0.022198655202510773
Random Forest,0.4694969252426465,0.997262962962963,0.021936544748411436
Random Forest,0.4699414684744758,0.9972814814814814,0.021780992602399168
Random Forest,0.47036748907164555,0.9973,0.021575712078719767
Random Forest,0.4708268504112025,0.9973037037037037,0.02139626120124586
Random Forest,0.47135659776246575,0.9973222222222222,0.021148052206923864
Random Forest,0.47170852782099726,0.9973333333333333,0.020914289205932295
Random Forest,0.4722382751722605,0.9973481481481481,0.020689027749552526
Random Forest,0.47267170482329407,0.997362962962963,0.020506782931559695
Random Forest,0.47307920278580423,0.9973814814814815,0.020390077272614243
Random Forest,0.4738164036452545,0.9973925925925926,0.02026333936762483
Random Forest,0.4741646291768541,0.9974111111111111,0.020101805592793294
Random Forest,0.47476105801289176,0.9974296296296297,0.019842601151473137
Random Forest,0.47529821441801884,0.9974481481481482,0.019606259867933625
Random Forest,0.47585759798473737,0.9974518518518518,0.01939517194210601
Random Forest,0.4761428465584945,0.997462962962963,0.01928495463582093
Random Forest,0.47698377417203824,0.9974666666666666,0.019111920062216875
Random Forest,0.47749129436171,0.9974888888888889,0.018881126495337675
Random Forest,0.47807290509002,0.9975037037037037,0.018694724507750542
Random Forest,0.4785211528487812,0.9975259259259259,0.018512148915151506
Random Forest,0.4789916277691339,0.997537037037037,0.01834708801129739
Random Forest,0.47943246647403126,0.9975481481481482,0.018224236354913857
Random Forest,0.4799585092983626,0.997562962962963,0.018049783015313927
Random Forest,0.4803845298955323,0.9975925925925926,0.017941703826679513
Random Forest,0.48067348299622137,0.9975962962962963,0.017836842773731466
Random Forest,0.48116988960509743,0.9976074074074074,0.01769032247577973
Random Forest,0.4816700007409054,0.9976111111111111,0.017547220684886816
Random Forest,0.48213306660739425,0.9976185185185186,0.0173753704579758
Random Forest,0.4826331777432022,0.9976333333333334,0.017162945421242238
Random Forest,0.48312217529821444,0.9976407407407407,0.017012389751734077
Random Forest,0.48348151441060977,0.9976555555555555,0.01688554032455953
Random Forest,0.4840483070311921,0.997662962962963,0.016689372533825613
Random Forest,0.48755649403571166,0.9977407407407407,0.016512262978105367
Random Forest,0.4880973549677706,0.9977481481481482,0.016320799041090454
Random Forest,0.4884418759724383,0.9977592592592592,0.016246207804752045
Random Forest,0.4889160554197229,0.997774074074074,0.01611669889728163
Random Forest,0.4894606208787138,0.997774074074074,0.016007445691641368
Random Forest,0.48991627769133883,0.9977814814814815,0.015882207545649913
Random Forest,0.49032748018078093,0.9977962962962963,0.015740946117224257
Random Forest,0.4909794769207972,0.9978,0.01556010067698195
Random Forest,0.49143142920649036,0.9978185185185185,0.015389232392918391
Random Forest,0.49185004074979627,0.9978296296296296,0.015258987809423056
Random Forest,0.4949618433726013,0.9980148148148148,0.015161716897545066
Random Forest,0.4958583388901237,0.9980222222222223,0.014970267418690961
Random Forest,0.496262132325702,0.9980592592592593,0.01487131432061619
Random Forest,0.4967289027191228,0.9980703703703704,0.014714204866469226
Random Forest,0.49709194635845,0.9980888888888889,0.01458609200490812
Random Forest,0.49757353485959843,0.9981074074074074,0.01445156243847113
Random Forest,0.49805141883381493,0.9981074074074074,0.014295886605168458
Random Forest,0.49861450692746534,0.9981148148148148,0.014158284216431257
Random Forest,0.49899236867452024,0.9981296296296296,0.014048751652579579
Random Forest,0.49943320737941765,0.998137037037037,0.013917614346144235
Random Forest,0.5058049937023043,0.9983185185185185,0.01376871521431013
Random Forest,0.5061495147069719,0.9983296296296297,0.013694630208078087
Random Forest,0.5065496036156183,0.9983481481481481,0.01359207823027625
Random Forest,0.507060828332222,0.9983592592592593,0.013436468240114463
Random Forest,0.5075201896717789,0.9983703703703704,0.01331136430544822
Random Forest,0.5081092094539528,0.9983703703703704,0.01316084124068917
Random Forest,0.5086537749129436,0.9983814814814815,0.012996778383420594
Random Forest,0.5091835222642068,0.9983851851851852,0.012860287302471707
Random Forest,0.509468770837964,0.9983962962962963,0.012812548585421775
Random Forest,0.509924427650589,0.9983962962962963,0.012701569720842387
Random Forest,0.5104578795287842,0.9984,0.012564346723225279
Random Forest,0.5110950581610728,0.9984074074074074,0.012455480967630389
Random Forest,0.5117507594280211,0.9984148148148149,0.012356141222250929
Random Forest,0.5123694154256502,0.9984259259259259,0.012198151073737722
Random Forest,0.5127102319033859,0.9984333333333333,0.012128560834490414
Random Forest,0.5129287989923687,0.9984666666666666,0.012054727847461536
Random Forest,0.5133770467511298,0.9984703703703703,0.01193923560919752
Random Forest,0.5138919759946655,0.9984814814814815,0.011809618951321944
Random Forest,0.5144032007112692,0.9984814814814815,0.01168895496377587
Random Forest,0.5148181077276431,0.9985037037037037,0.011577722989270917
Random Forest,0.5152256056901534,0.9985185185185185,0.011480708079077988
Random Forest,0.5158331481069868,0.9985296296296297,0.011379756680508724
Random Forest,0.5163443728235905,0.998537037037037,0.01128789421063823
Random Forest,0.5169222790249685,0.998537037037037,0.01115925307923451
Random Forest,0.5172223457064533,0.998537037037037,0.011113633903340935
Random Forest,0.5177224568422613,0.998537037037037,0.011015263082772746
Random Forest,0.5181225457509077,0.9985481481481482,0.010943347031437213
Random Forest,0.5185893161443283,0.9985518518518518,0.010854027060396622
Random Forest,0.5190375639030895,0.9985666666666667,0.010802616993189762
Random Forest,0.5194191301770764,0.9985703703703703,0.010729471841945358
Random Forest,0.5196710380084463,0.9985851851851851,0.010678174866649497
Random Forest,0.5200970586056161,0.9985925925925926,0.010599820393924562
Random Forest,0.5206268059568793,0.9986,0.010478431865426808
Random Forest,0.5209935541231385,0.9986185185185186,0.010401045574884055
Random Forest,0.5215195969474699,0.9986259259259259,0.010299217461004062
Random Forest,0.521804845521227,0.9986333333333334,0.010251743835189312
Random Forest,0.5223494109802178,0.9986407407407407,0.010177365132987233
Random Forest,0.5225642735422686,0.9986666666666667,0.010144913864152295
Random Forest,0.5229865896125064,0.9986666666666667,0.010073962392438915
Random Forest,0.5234978143291101,0.9986666666666667,0.010003025719896736
Random Forest,0.5239349485070757,0.9986666666666667,0.009934546130373943
Random Forest,0.5253019189449507,0.9986814814814815,0.009856194785248676
Random Forest,0.5266429576943025,0.9987074074074074,0.009795783227504176
Random Forest,0.527117137141587,0.9987148148148148,0.009738373034268201
Random Forest,0.5276209528043269,0.9987259259259259,0.009636283022235858
Random Forest,0.5280099281321775,0.9987370370370371,0.009554095782512474
Random Forest,0.5284841075794621,0.9987518518518519,0.009473652282972762
Random Forest,0.5289064236497,0.9987592592592592,0.009389222242619486
Random Forest,0.529276876342891,0.9987666666666667,0.009324214442802492
Random Forest,0.530566051715196,0.9987666666666667,0.009263208817499254
Random Forest,0.5309661406238423,0.9987703703703704,0.00920178615725856
Random Forest,0.5317033414832926,0.998774074074074,0.00909422458350538
Random Forest,0.5320700896495517,0.9988111111111111,0.009024987258874882
Random Forest,0.5325887234200193,0.9988111111111111,0.00896368652819374
Random Forest,0.533099948136623,0.9988148148148148,0.008886086256622884
Random Forest,0.533511150626065,0.9988148148148148,0.008829091128659578
Random Forest,0.5338519671038009,0.9988148148148148,0.008767187731037658
Random Forest,0.5344446914129066,0.9988148148148148,0.008670902498689029
Random Forest,0.5348595984292805,0.9988185185185185,0.008623559875312775
Random Forest,0.535259687337927,0.9988259259259259,0.008545955778609594
Random Forest,0.5357449803660073,0.9988333333333334,0.008461267781990287
Random Forest,0.5361450692746537,0.9988333333333334,0.008416440256082553
Random Forest,0.5364821812254575,0.9988370370370371,0.008383658282720212
Random Forest,0.536878565607172,0.9988444444444444,0.008329759842140648
Random Forest,0.5373490405275246,0.9988444444444444,0.008248726141221206
Random Forest,0.537704675112988,0.9988481481481482,0.008205323445106391
Random Forest,0.5381751500333407,0.9988518518518519,0.008141350477381452
Random Forest,0.5385085574572127,0.9988555555555556,0.008080077663324066
Random Forest,0.5389864414314292,0.9988592592592592,0.008009956486030667
Random Forest,0.5394050529747352,0.998862962962963,0.007960304093467147
Random Forest,0.5398236645180411,0.9988666666666667,0.00789134857034912
Random Forest,0.5401089130917982,0.9988703703703704,0.00786141507097632
Random Forest,0.5404793657849892,0.9988703703703704,0.00781612209080484
Random Forest,0.5408683411128399,0.9988703703703704,0.007766769861316634
Random Forest,0.5413128843446692,0.998874074074074,0.007713710247098037
Random Forest,0.5419278358153664,0.998874074074074,0.007639887911068201
Random Forest,0.542483514855153,0.998874074074074,0.007591571208780384
Random Forest,0.5431910794991479,0.9988777777777778,0.007532575777473746
Random Forest,0.5436726680002963,0.9988814814814815,0.00747256302383291
Random Forest,0.5440505297473512,0.9988851851851852,0.007402770369908197
Random Forest,0.5444950729791805,0.9988925925925926,0.007354704301476416
Random Forest,0.5448432985107802,0.9988925925925926,0.007319395291182239
Random Forest,0.5455471586278432,0.9989148148148148,0.007266159367794454
Random Forest,0.5458361117285323,0.9989148148148148,0.007237352910074673
Random Forest,0.5465029265762762,0.9989148148148148,0.007183922735829153
Random Forest,0.5468252204193524,0.9989148148148148,0.007130946358362228
Random Forest,0.5472327183818626,0.9989148148148148,0.007074763987397201
Random Forest,0.5477291249907387,0.9989259259259259,0.007013793065667007
Random Forest,0.5481588501148403,0.9989333333333333,0.006980047727583674
Random Forest,0.5484515077424613,0.9989481481481481,0.006941103866924415
Random Forest,0.5491590723864562,0.9989555555555556,0.006877972518175643
Random Forest,0.5495925020374898,0.9989703703703704,0.0068228305365945815
Random Forest,0.5500407497962511,0.9989740740740741,0.006771863888043235
Random Forest,0.550374157220123,0.9989851851851852,0.006738699294316562
Random Forest,0.5507260872786545,0.9989888888888889,0.006701950077178281
Random Forest,0.5510261539601393,0.9989888888888889,0.006669571182026368
Random Forest,0.5515299696228791,0.9989962962962963,0.006605121020158894
Random Forest,0.5518707861006149,0.999,0.006548320339528863
Random Forest,0.5522856931169889,0.9990037037037037,0.00650350246550774
Random Forest,0.5528747128991628,0.9990074074074075,0.006463742395650009
Random Forest,0.5533711195080389,0.9990074074074075,0.006422974597936138
Random Forest,0.5537045269319107,0.9990074074074075,0.00639208390695029
Random Forest,0.5543083648218122,0.9990111111111111,0.00631080778464275
Random Forest,0.5546751129880714,0.9990259259259259,0.006267590347899072
Random Forest,0.5552233829739942,0.9990259259259259,0.006202922615486953
Random Forest,0.5556716307327554,0.9990333333333333,0.00614787373645941
Random Forest,0.5561161739645847,0.9990407407407408,0.006095381961801148
Random Forest,0.5564903311847077,0.9990407407407408,0.006055545120748758
Random Forest,0.556975624212788,0.9990444444444444,0.006003025719896739
Random Forest,0.5572608727865451,0.9990444444444444,0.005975385092097907
Random Forest,0.557849892568719,0.9990629629629629,0.005919501504772695
Random Forest,0.5583648218122546,0.9990666666666667,0.005868023380437925
Random Forest,0.558927909905905,0.9990740740740741,0.005817422378838618
Random Forest,0.5593687486108024,0.9990777777777777,0.005783909181026731
Random Forest,0.559883677854338,0.9990814814814815,0.005741476900528372
Random Forest,0.5604023116248055,0.9990851851851852,0.005670399744628055
Random Forest,0.5610394902570942,0.9990888888888889,0.005628923434193013
Random Forest,0.5618026228050678,0.9990888888888889,0.005584295622343852
Random Forest,0.562625027783952,0.9990962962962963,0.005529909940529496
Random Forest,0.5629510261539601,0.9990962962962963,0.0054995591896237804
Random Forest,0.5635437504630658,0.9990962962962963,0.0054354819302838715
Random Forest,0.5640697932873971,0.9991037037037037,0.00536740628016806
Random Forest,0.5645291546269542,0.9991037037037037,0.005335269442538959
Random Forest,0.564951470697192,0.9991074074074074,0.005283128420108007
Random Forest,0.565284878121064,0.9991185185185185,0.005253752581292434
Random Forest,0.5656775579758465,0.9991185185185185,0.005210076297165344
Random Forest,0.5660628287767652,0.9991185185185185,0.005170278182727983
Random Forest,0.5663851226198414,0.9991333333333333,0.005135217779742196
Random Forest,0.566777802474624,0.9991333333333333,0.005103108857783312
Random Forest,0.5671778913832703,0.999137037037037,0.005077614641275224
Random Forest,0.5676631844113507,0.9991518518518518,0.005049859724595089
Random Forest,0.5681670000740905,0.9991555555555556,0.005004165268369919
Random Forest,0.5685078165518264,0.9991555555555556,0.004973198296200741
Random Forest,0.5688597466103579,0.9991555555555556,0.00493771836514741
Random Forest,0.5692339038304809,0.9991592592592593,0.0049000381794654605
Random Forest,0.5704971475142624,0.9991703703703704,0.004862765676897485
Random Forest,0.5708527820997259,0.9991777777777778,0.00482491800763546
Random Forest,0.5711454397273468,0.9991851851851852,0.004791872533100955
Random Forest,0.5715973920130399,0.9991851851851852,0.004753041647951955
Random Forest,0.5720567533525969,0.9991851851851852,0.004727901895027286
Random Forest,0.572427206045788,0.9991851851851852,0.004703151212177428
Random Forest,0.5727902496851152,0.9991888888888889,0.004678090808797663
Random Forest,0.5735052233829739,0.9991925925925926,0.0046477668104027816
Random Forest,0.5739127213454842,0.9991925925925926,0.004599926397852634
Random Forest,0.5742164925539008,0.9991962962962962,0.004565925101243101
Random Forest,0.5746462176780025,0.9992,0.0045277650250836795
Random Forest,0.5750314884789213,0.9992037037037037,0.004479404758037223
Random Forest,0.575579758464844,0.9992111111111112,0.004437264033216886
Random Forest,0.575913165888716,0.9992111111111112,0.004407175161040964
Random Forest,0.5764355041861154,0.9992407407407408,0.004370966716181082
Random Forest,0.5767837297177151,0.9992444444444445,0.0043444177015347545
Random Forest,0.5771690005186337,0.9992444444444445,0.004319463760384674
Random Forest,0.5775024079425057,0.9992444444444445,0.004286984651916107
Random Forest,0.578158109209454,0.9992518518518518,0.004250859290512305
Random Forest,0.5789731051344743,0.9992555555555556,0.004201565118436914
Random Forest,0.5792620582351634,0.9992592592592593,0.00417172131506856
Random Forest,0.5797066014669927,0.9992592592592593,0.004146995720522812
Random Forest,0.5800363043639327,0.9992592592592593,0.004116391405236469
Random Forest,0.5804771430688301,0.9992592592592593,0.004085136228083216
Random Forest,0.5809883677854338,0.9992629629629629,0.00405844842744022
Random Forest,0.5813662295324887,0.9992666666666666,0.0040330483619947875
Random Forest,0.5816625916870416,0.9992703703703704,0.004018321143821146
Random Forest,0.5822330888345558,0.9992703703703704,0.004002159744598865
Random Forest,0.5830777209750315,0.9993,0.003970369426241471
Random Forest,0.5833777876565163,0.9993,0.003937716388804356
Random Forest,0.5838112173075498,0.9993037037037037,0.0038914873500207085
Random Forest,0.5842261243239238,0.9993111111111111,0.003855932565808565
Random Forest,0.584633622286434,0.9993111111111111,0.003824028280930632
Random Forest,0.5849003482255316,0.9993148148148148,0.0038072218571116364
Random Forest,0.5853300733496333,0.999325925925926,0.0037846605405235873
Random Forest,0.5857375713121434,0.9993296296296297,0.0037500775104447165
Random Forest,0.5861747054901089,0.999337037037037,0.0037110565288000974
Random Forest,0.5865488627102319,0.999337037037037,0.0036812039958198654
Random Forest,0.5868822701341039,0.999337037037037,0.003651954671101844
Random Forest,0.5873045862043417,0.9993444444444445,0.0036121725826555977
Random Forest,0.5880899459139068,0.9993444444444445,0.003588276174470739
Random Forest,0.588578943468919,0.9993444444444445,0.0035713849672447634
Random Forest,0.5889605097429058,0.9993444444444445,0.0035353004163972495
Random Forest,0.5894828480403053,0.9993518518518518,0.0034924860046306244
Random Forest,0.5901422538341854,0.9993555555555556,0.00345334885415651
Random Forest,0.5904682522041935,0.9993592592592593,0.0034247793843059098
Random Forest,0.5909720678669333,0.999362962962963,0.003387187570148014
Random Forest,0.591361043194784,0.9993666666666666,0.0033588753454107945
Random Forest,0.591983403719345,0.9993703703703704,0.0033330378368082547
Random Forest,0.5924649922204934,0.9993703703703704,0.0033033467725864974
Random Forest,0.5928724901830036,0.9993740740740741,0.0032700115067544984
Random Forest,0.5932429428761947,0.9993777777777778,0.0032508746590218535
Random Forest,0.5936800770541601,0.9993777777777778,0.003225005750895707
Random Forest,0.5940060754241683,0.9993814814814814,0.0032031685639994875
Random Forest,0.5944876639253167,0.9993851851851852,0.0031698173716005387
Random Forest,0.5948395939838482,0.9993925925925926,0.003156091250034011
Random Forest,0.5974105356745943,0.9994296296296297,0.0031142422335206895
Random Forest,0.5977661702600577,0.9994296296296297,0.0030928506234410135
Random Forest,0.598340371934504,0.9994333333333333,0.0030743588350652614
Random Forest,0.5986256205082611,0.999437037037037,0.0030554923994107184
Random Forest,0.5991072090094095,0.999437037037037,0.0030333722010563073
Random Forest,0.6042565014447655,0.9994407407407407,0.0030169998568592045
Random Forest,0.6047121582573906,0.9994407407407407,0.003001715818201921
Random Forest,0.6050307475735348,0.9994444444444445,0.0029884647252888604
Random Forest,0.6054752908053641,0.9994481481481482,0.0029698762432576985
Random Forest,0.6057012669482107,0.9994481481481482,0.0029591805344825663
Random Forest,0.6062828776765207,0.9994518518518518,0.002940258565156591
Random Forest,0.606768170704601,0.9994518518518518,0.002921134950798896
Random Forest,0.6070867600207454,0.9994518518518518,0.0029034736236381647
Random Forest,0.6139364303178484,0.9994518518518518,0.002883217778100166
Random Forest,0.6146402904349114,0.9994555555555555,0.002865596972512383
Random Forest,0.6152885826479958,0.9994555555555555,0.00284706590183505
Random Forest,0.6158109209453952,0.9994555555555555,0.002832669469477398
Random Forest,0.6161369193154034,0.9994555555555555,0.002817823904526801
Random Forest,0.6166814847743943,0.9994592592592593,0.002801304066275028
Random Forest,0.6171593687486108,0.999462962962963,0.0027821611607625803
Random Forest,0.6177409794769207,0.9994703703703703,0.002764658976703342
Random Forest,0.6185782025635327,0.9994703703703703,0.0027469445040256162
Random Forest,0.6189449507297918,0.9994703703703703,0.0027341406827334977
Random Forest,0.6194265392309402,0.9994703703703703,0.002713359803744615
Random Forest,0.6206897829147218,0.9994703703703703,0.002695558636915057
Random Forest,0.6211306216196192,0.9994703703703703,0.002684890182429398
Random Forest,0.6216159146476995,0.9994703703703703,0.002670710263557448
Random Forest,0.6230903163666,0.9994777777777778,0.002632851786018376
Random Forest,0.6253723049566571,0.9994814814814815,0.0026106803573336416
Random Forest,0.625750166703712,0.9994888888888889,0.0025717380303793506
Random Forest,0.6262725050011113,0.9994888888888889,0.002536836319479356
Random Forest,0.626742979921464,0.9994962962962963,0.00249714560181609
Random Forest,0.6271245461954509,0.9995,0.00247883305090087
Random Forest,0.6279358375935393,0.9995,0.002460254038136688
Random Forest,0.6286656293991257,0.9995037037037037,0.002418577653316691
Random Forest,0.6291249907386827,0.9995037037037037,0.002391275071920657
Random Forest,0.6295769430243758,0.9995074074074074,0.0023597120312161
Random Forest,0.6300733496332518,0.9995111111111111,0.002336034235094179
Random Forest,0.6304845521226939,0.9995148148148149,0.002309091084847564
Random Forest,0.631062458324072,0.9995148148148149,0.0022778708431681885
Random Forest,0.6315366377713566,0.9995148148148149,0.002255166994097429
Random Forest,0.631936726680003,0.9995185185185185,0.0022325584184146093
Random Forest,0.6322923612654664,0.9995222222222222,0.002209621525203125
Random Forest,0.6326072460546788,0.9995222222222222,0.0021896123293812975
Random Forest,0.632970289694006,0.9995259259259259,0.002170632055928711
Random Forest,0.6333185152256057,0.9995333333333334,0.002151056960050632
Random Forest,0.6335926502185671,0.9995333333333334,0.0021373278279250684
Random Forest,0.634096465881307,0.9995333333333334,0.0021151672131380227
Random Forest,0.6344780321552937,0.9995407407407407,0.002100751299001405
Random Forest,0.6349188708601912,0.9995407407407407,0.0020842859334294674
Random Forest,0.6352633918648588,0.9995444444444445,0.0020721858556270807
Random Forest,0.6356486626657776,0.9995444444444445,0.0020605352818447082
Random Forest,0.6359709565088538,0.9995444444444445,0.0020515983594240708
Random Forest,0.6362710231903386,0.9995444444444445,0.002043079250363437
Random Forest,0.6366414758835297,0.9995444444444445,0.0020250103805989753
Random Forest,0.637045269319108,0.9995444444444445,0.0020182648395199185
Random Forest,0.637586130251167,0.9995444444444445,0.0020086391385981924
Random Forest,0.6389642142698377,0.9995444444444445,0.0019942492206078
Random Forest,0.6393754167592799,0.9995518518518518,0.0019432925475555622
Random Forest,0.639908868637475,0.9995555555555555,0.001887594673505001
Random Forest,0.6403052530191895,0.9995592592592593,0.0018416973673061276
Random Forest,0.6407275690894273,0.9995740740740741,0.00180729161013948
Random Forest,0.6411758168481885,0.9995740740740741,0.0017539142418974965
Random Forest,0.6416351781877454,0.9995814814814815,0.001713917900156387
Random Forest,0.6422797658738979,0.9995851851851851,0.0016702820205300025
Random Forest,0.6427872860635697,0.9995888888888889,0.0016387102378752723
Random Forest,0.6432244202415351,0.9995888888888889,0.0016133051590396733
Random Forest,0.6439764392087131,0.9995888888888889,0.0015917306994948487
Random Forest,0.6444617322367934,0.9995888888888889,0.001558818398725973
Random Forest,0.6448173668222568,0.9995888888888889,0.001547859872702894
Random Forest,0.6452767281618137,0.9995888888888889,0.0015166761990899743
Random Forest,0.6471993776394754,0.9995888888888889,0.0014784276478519926
Random Forest,0.6475994665481218,0.9995888888888889,0.0014569131160153473
Random Forest,0.6479032377565385,0.9995925925925926,0.001434182028626448
Random Forest,0.6483477809883678,0.9995962962962963,0.0014039478799662958
Random Forest,0.6487960287471289,0.9996037037037037,0.0013803490456378905
Random Forest,0.649210935763503,0.9996037037037037,0.0013569390542222486
Random Forest,0.6496110246721494,0.9996222222222222,0.001340143246481488
Random Forest,0.6508112913980885,0.9996259259259259,0.0013258368057895906
Random Forest,0.6512373119952583,0.9996296296296296,0.0012902949456646726
Random Forest,0.6516818552270875,0.9996296296296296,0.0012609219737026156
Random Forest,0.6522856931169889,0.999637037037037,0.0012332759327600207
Random Forest,0.6526635548640438,0.999637037037037,0.001210286244912096
Random Forest,0.6529858487071201,0.999637037037037,0.001188827660158714
Random Forest,0.6538193672668,0.9996481481481482,0.0011742816303318274
Random Forest,0.7237015633103653,0.9996592592592592,0.0011538562464416286
Random Forest,0.7243609691042454,0.9996592592592592,0.001132272568895324
Random Forest,0.7247758761206194,0.999662962962963,0.0011124579678374082
Random Forest,0.7255167815070016,0.9996666666666667,0.0010725776342433008
Random Forest,0.7258279617692821,0.9996777777777778,0.0010576020639254356
Random Forest,0.7262243461509965,0.9996814814814815,0.001032690923887407
Random Forest,0.726494776617026,0.9996814814814815,0.0010177847131471768
Random Forest,0.7268985700526043,0.9996814814814815,0.0010026009135072236
Random Forest,0.7274468400385271,0.9996814814814815,0.000983425216110754
Random Forest,0.7280099281321776,0.9996814814814815,0.000964407558184074
Random Forest,0.7285248573757132,0.9996814814814815,0.0009500506178299203
Random Forest,0.7288953100689042,0.9996814814814815,0.0009282965632975863
Random Forest,0.731684818848633,0.9996851851851852,0.0009170681870548387
Random Forest,0.7321404756612581,0.9996925925925926,0.0009026895229394344
Random Forest,0.7324775876120619,0.9996925925925926,0.0008889280822157942
Random Forest,0.7329962213825294,0.9996925925925926,0.0008696200518755698
Random Forest,0.7336408090686819,0.9996962962962963,0.0008504247801421606
Random Forest,0.7341409202044898,0.9997,0.0008389830135599847
Random Forest,0.7350892790990591,0.9997,0.0008268309084002788
Random Forest,0.7358338890123731,0.9997037037037036,0.0008158730283118711
Random Forest,0.7365673853448914,0.9997074074074074,0.000806469007118526
Random Forest,0.7369230199303549,0.9997111111111111,0.0007966522178906799
Random Forest,0.7372712454619545,0.9997259259259259,0.0007860291641239769
Random Forest,0.7375898347780988,0.9997259259259259,0.0007755542957898458
Random Forest,0.7379343557827666,0.9997333333333334,0.000769234248372954
Random Forest,0.7382862858412981,0.9997333333333334,0.0007610702794151765
Random Forest,0.7386308068459657,0.9997407407407407,0.0007530665048309196
Random Forest,0.738993850485293,0.9997407407407407,0.000746554976024157
Random Forest,0.7397792101948582,0.9997444444444444,0.0007344092428384824
Random Forest,0.7408016596280655,0.9997481481481482,0.0007195062763122297
Random Forest,0.7411572942135289,0.9997481481481482,0.000712472768720406
Random Forest,0.7418129954804772,0.9997481481481482,0.0007055862837321553
Random Forest,0.7421908572275321,0.9997481481481482,0.0006944309874948132
Random Forest,0.7425094465436763,0.9997518518518519,0.0006879643651582659
Random Forest,0.7428465584944802,0.9997518518518519,0.0006840923024484076
Random Forest,0.7433874194265392,0.9997518518518519,0.0006800473015359113
Random Forest,0.7437171223234793,0.9997555555555555,0.000675916479537622
Random Forest,0.7441283248129213,0.9997592592592592,0.0006714669031821062
Random Forest,0.7444061643328147,0.9997592592592592,0.000667272030432588
Random Forest,0.7447432762836186,0.999762962962963,0.0006581250029287762
Random Forest,0.7450174112765799,0.9997666666666667,0.0006538469831666639
Random Forest,0.7457397940283026,0.9997666666666667,0.0006486550970915609
Random Forest,0.7461954508409276,0.999774074074074,0.0006408795447375719
Random Forest,0.7465547899533229,0.999774074074074,0.0006341768439953827
Random Forest,0.7469659924427651,0.999774074074074,0.0006277593603461956
Random Forest,0.7473364451359561,0.999774074074074,0.000621494349674256
Random Forest,0.7476920797214196,0.999774074074074,0.0006170374739555861
Random Forest,0.7481069867377936,0.999774074074074,0.0006119588015566999
Random Forest,0.7485959842928058,0.999774074074074,0.0006037086424277415
Random Forest,0.7488515966511077,0.999774074074074,0.0005985430577505427
Random Forest,0.7492813217752093,0.9997777777777778,0.000591161938622748
Random Forest,0.7498258872342002,0.9997777777777778,0.0005879176456963634
Random Forest,0.750500111135808,0.9997814814814815,0.0005831669319595983
Random Forest,0.7508112913980884,0.9997814814814815,0.0005777673570655881
Random Forest,0.7511965621990072,0.9997814814814815,0.0005738142946488288
Random Forest,0.7516818552270875,0.9997851851851852,0.0005667831673361271
Random Forest,0.7520523079202786,0.9998,0.0005596257393772676
Random Forest,0.7524264651404016,0.9998,0.0005539590963060672
Random Forest,0.7530636437726902,0.9998037037037037,0.0005502300841636088
Random Forest,0.7535081870045195,0.9998037037037037,0.0005453374726289661
Random Forest,0.7539971845595318,0.9998037037037037,0.0005428442109465455
Random Forest,0.7544083870489738,0.9998037037037037,0.0005383881472279991
Random Forest,0.7549455434541009,0.9998037037037037,0.0005342387887245389
Random Forest,0.7553308142550197,0.9998111111111111,0.0005306392365330965
Random Forest,0.755982810995036,0.9998148148148148,0.000526649131829938
Random Forest,0.7563717863228866,0.9998148148148148,0.0005222190958257009
Random Forest,0.7570386011706305,0.9998222222222222,0.0005169538750011143
Random Forest,0.7574905534563237,0.9998222222222222,0.0005122362620405656
Random Forest,0.7578684152033786,0.9998259259259259,0.0005087640475755629
Random Forest,0.7581870045195228,0.9998259259259259,0.0005039386610084271
Random Forest,0.7586834111283989,0.9998296296296296,0.0004998802173506378
Random Forest,0.7590205230792028,0.9998296296296296,0.0004967544462169972
Random Forest,0.7594798844187597,0.9998296296296296,0.0004923897018996533
Random Forest,0.7599318367044529,0.9998296296296296,0.00048743466728618277
Random Forest,0.760550492702082,0.9998333333333334,0.0004841010066245171
Random Forest,0.761087649107209,0.9998333333333334,0.00047909525533819776
Random Forest,0.7617470549010892,0.9998333333333334,0.00047568099661476074
Random Forest,0.7622212343483737,0.9998333333333334,0.00047134450768528114
Random Forest,0.7630547529080537,0.9998370370370371,0.000467765496901895
Random Forest,0.7638956805215974,0.9998370370370371,0.00046470524759103366
Random Forest,0.7643735644958138,0.9998370370370371,0.00046213379848271326
Random Forest,0.7649885159665111,0.9998370370370371,0.00045740940162435415
Random Forest,0.7656516262873231,0.9998370370370371,0.0004532686554870638
Random Forest,0.7661665555308587,0.9998370370370371,0.0004499893214170731
Random Forest,0.7666073942357561,0.9998370370370371,0.000446349180317708
Random Forest,0.7671223234792917,0.9998407407407407,0.00044089463682310775
Random Forest,0.7674631399570275,0.9998407407407407,0.00043703663124106525
Random Forest,0.7679225012965845,0.9998407407407407,0.00043253130721386453
Random Forest,0.7682559087204563,0.9998481481481482,0.00042757783208010886
Random Forest,0.7686263614136475,0.9998481481481482,0.0004240087579899198
Random Forest,0.7690153367414981,0.9998518518518519,0.000420127056015449
Random Forest,0.7694413573386678,0.9998518518518519,0.0004150897638866432
Random Forest,0.769811810031859,0.9998555555555556,0.0004109329626215592
Random Forest,0.7702156034674372,0.9998555555555556,0.00040703420812328734
Random Forest,0.770719419130177,0.999862962962963,0.0004032856410604291
Random Forest,0.7712713936430318,0.999862962962963,0.00039971106965699385
Random Forest,0.7717344595095207,0.999862962962963,0.0003950487552104898
Random Forest,0.7721160257835075,0.999862962962963,0.00039123718120210384
Random Forest,0.772549455434541,0.999862962962963,0.0003887992467271132
Random Forest,0.7731829295398978,0.999862962962963,0.0003860945631669847
Random Forest,0.7739979254649181,0.999862962962963,0.00038259110883244614
Random Forest,0.774501741127658,0.999862962962963,0.00037846024849915523
Random Forest,0.7750129658442617,0.999862962962963,0.0003739727216793952
Random Forest,0.7753389642142698,0.999862962962963,0.0003710857481915289
Random Forest,0.7757205304882566,0.9998703703703704,0.0003668212416731145
Random Forest,0.7761169148699711,0.9998703703703704,0.00036290251914286207
Random Forest,0.7766022078980515,0.9998703703703704,0.00035834247764078434
Random Forest,0.7775394532118248,0.999874074074074,0.00035411728244853866
Random Forest,0.7780173371860414,0.9998777777777778,0.000350056574768568
Random Forest,0.7783433355560495,0.9998777777777778,0.00034479450366054854
Random Forest,0.7792694672890272,0.9998777777777778,0.00033988220597324937
Random Forest,0.7796547380899459,0.9998777777777778,0.0003342350653243405
Random Forest,0.780151144698822,0.9998777777777778,0.0003292848677862873
Random Forest,0.7804882566496258,0.9998777777777778,0.00032482972958875253
Random Forest,0.780814255019634,0.9998777777777778,0.00032299712960621557
Random Forest,0.7812587982514633,0.9998777777777778,0.00031855968788982436
Random Forest,0.7817885456027265,0.9998777777777778,0.0003139315090963817
Random Forest,0.7824146106542195,0.9998777777777778,0.00030900349512422555
Random Forest,0.782766540712751,0.9998777777777778,0.00030565583580804035
Random Forest,0.7832444246869674,0.9998777777777778,0.0003007748332270382
Random Forest,0.7859265021856708,0.9998777777777778,0.0002976506204554548
Random Forest,0.786337704675113,0.9998777777777778,0.00029425696994210147
Random Forest,0.786671112098985,0.9998777777777778,0.0002897489828766773
Random Forest,0.7869637697266059,0.9998777777777778,0.0002859959382861921
Random Forest,0.7875564940357116,0.9998777777777778,0.0002831609507646026
Random Forest,0.7879454693635622,0.9998777777777778,0.00027829925015295854
Random Forest,0.7886752611691487,0.9998814814814815,0.0002737633357709353
Random Forest,0.7890234867007483,0.9998814814814815,0.00027045576559787623
Random Forest,0.7896532562791732,0.9998814814814815,0.0002653480763803386
Random Forest,0.7901126176187301,0.9998851851851852,0.0002622849651781039
Random Forest,0.7907460917240868,0.9998851851851852,0.00025915183239523103
Random Forest,0.7911276579980736,0.9998851851851852,0.00025577757086745287
Random Forest,0.7918944950729792,0.9998851851851852,0.0002527184447355894
Random Forest,0.7925724235015189,0.9998851851851852,0.00024975459721117725
Random Forest,0.7929428761947099,0.9998851851851852,0.000246407849950567
Random Forest,0.7932725790916499,0.9998888888888889,0.0002422467396894661
Random Forest,0.7938245536045047,0.9998925925925926,0.00023943259447904496
Random Forest,0.7944209824405424,0.9998925925925926,0.0002362784642844525
Random Forest,0.7950692746536268,0.9998925925925926,0.00023323208879526394
Random Forest,0.7958101800400089,0.9998962962962963,0.00023066698722875827
Random Forest,0.796554789953323,0.9998962962962963,0.00022674827470015266
Random Forest,0.7970623101429948,0.9998962962962963,0.00022450670823795542
Random Forest,0.7981255093724532,0.9998962962962963,0.00022266703834557602
Random Forest,0.7984478032155293,0.9998962962962963,0.0002203107478086511
Random Forest,0.798881232866563,0.9998962962962963,0.0002179638406920375
Random Forest,0.7995739794028303,0.9998962962962963,0.00021456366374455492
Random Forest,0.8000296362154553,0.9998962962962963,0.00021112221019129474
Random Forest,0.8004704749203527,0.9998962962962963,0.00020859312055866562
Random Forest,0.8012187893605986,0.9999,0.00020511847372720992
Random Forest,0.8020189671778913,0.9999037037037037,0.00020329677449632225
Random Forest,0.8023783062902867,0.9999037037037037,0.00020046454920539166
Random Forest,0.8033377787656516,0.9999037037037037,0.00019675391329398574
Random Forest,0.8039416166555531,0.9999148148148148,0.00019480049164475712
Random Forest,0.8043565236719271,0.9999148148148148,0.00019220958764277436
Random Forest,0.8047380899459139,0.9999148148148148,0.00018966156297081516
Random Forest,0.8050381566273986,0.9999222222222223,0.0001864186328851129
Random Forest,0.8057271986367341,0.9999222222222223,0.0001839865072978814
Random Forest,0.8061828554493591,0.9999222222222223,0.0001822912854994806
Random Forest,0.8067051937467585,0.9999222222222223,0.0001794170285516874
Random Forest,0.8074942579832556,0.9999222222222223,0.0001769974852052733
Random Forest,0.8078461880417871,0.9999222222222223,0.00017418305720406953
Random Forest,0.8084055716085056,0.9999222222222223,0.00017208359020613251
Random Forest,0.8088908646365859,0.9999222222222223,0.00017015366453243316
Random Forest,0.809387271245462,0.9999222222222223,0.00016700464848779328
Random Forest,0.8101429947395717,0.9999222222222223,0.00016532328258143873
Random Forest,0.8107505371564051,0.9999259259259259,0.00016240033795589812
Random Forest,0.8112061939690302,0.9999296296296296,0.00016016739407822455
Random Forest,0.8115877602430169,0.9999296296296296,0.00015740418332480216
Random Forest,0.8119063495591613,0.9999296296296296,0.00015543379457215423
Random Forest,0.8124768467066755,0.9999296296296296,0.00015202870742166448
Random Forest,0.8131325479736238,0.9999296296296296,0.00014992729528968518
Random Forest,0.8136808179595466,0.9999296296296296,0.00014737020805196286
Random Forest,0.8139808846410314,0.9999296296296296,0.00014519754749532456
Random Forest,0.8144291323997925,0.9999296296296296,0.00014219627056180937
Random Forest,0.8151700377861747,0.9999333333333333,0.00013937591390331236
Random Forest,0.8157405349336889,0.9999333333333333,0.00013637774914235454
Random Forest,0.8161221012076758,0.9999333333333333,0.00013343827268411752
Random Forest,0.8172927317181596,0.9999370370370371,0.00013095591116565086
Random Forest,0.8177446840038527,0.9999407407407407,0.00012845293154643356
Random Forest,0.8181447729124991,0.9999407407407407,0.0001254430082787623
Random Forest,0.8186708157368304,0.9999407407407407,0.0001233208618523542
Random Forest,0.8194524709194636,0.9999407407407407,0.00012076627683408756
Random Forest,0.8211343261465511,0.9999407407407407,0.00011737570837674339
Random Forest,0.8222049344298733,0.9999407407407407,0.0001151344833140969
Random Forest,0.8227939542120472,0.9999407407407407,0.00011338487734228543
Random Forest,0.8236422908794547,0.9999444444444444,0.00011123112870221496
Random Forest,0.8244350596428835,0.9999444444444444,0.00010907938977295603
Random Forest,0.824998147736534,0.9999444444444444,0.0001070986744965516
Random Forest,0.8255538267763206,0.9999481481481481,0.00010445857999193171
Random Forest,0.8266022078980514,0.9999481481481481,0.00010202904473753514
Random Forest,0.8270245239682893,0.9999481481481481,9.988028913903921e-05
Random Forest,0.827576498481144,0.9999481481481481,9.803414193428096e-05
Random Forest,0.8280062236052456,0.9999518518518519,9.59807662778669e-05
Random Forest,0.828365562717641,0.9999518518518519,9.309165088476862e-05
Random Forest,0.8287249018300363,0.9999518518518519,9.12955822314025e-05
Random Forest,0.8297843965325628,0.9999592592592592,8.951901406211164e-05
Random Forest,0.8303215529376898,0.9999592592592592,8.703238280592666e-05
Random Forest,0.8310068904200933,0.9999629629629629,8.411105060839694e-05
Random Forest,0.8315588649329481,0.9999629629629629,8.140957489332775e-05
Random Forest,0.8321182484996666,0.9999629629629629,7.907549597210686e-05
Random Forest,0.8325627917314958,0.9999629629629629,7.754565988883562e-05
Random Forest,0.8339631029117581,0.9999666666666667,7.580310149850332e-05
Random Forest,0.8344965547899533,0.9999666666666667,7.297723759601186e-05
Random Forest,0.834844780321553,0.9999666666666667,7.108670232006066e-05
Random Forest,0.8352485737571312,0.9999666666666667,6.933109120510523e-05
Random Forest,0.8361524783285175,0.9999666666666667,6.773828043745448e-05
Random Forest,0.8372638364080907,0.9999666666666667,6.49993613429726e-05
Random Forest,0.8378158109209454,0.9999666666666667,6.269836625361529e-05
Random Forest,0.8389827369044973,0.9999703703703704,6.0388891128800625e-05
Random Forest,0.8396903015484922,0.9999703703703704,5.8778611538853396e-05
Random Forest,0.8411202489442098,0.9999703703703704,5.6724694964714277e-05
Random Forest,0.8422982885085575,0.9999703703703704,5.542511210176515e-05
Random Forest,0.8429465807216419,0.9999703703703704,5.384197251178318e-05
Random Forest,0.8443617100096318,0.9999703703703704,5.243387329591916e-05
Random Forest,0.8457731347706898,0.9999703703703704,5.06825233723489e-05
Random Forest,0.8467363117729866,0.9999740740740741,4.902325511210656e-05
Random Forest,0.8479106468104023,0.9999740740740741,4.710590970069618e-05
Random Forest,0.8486293250351931,0.9999740740740741,4.5092980582930414e-05
Random Forest,0.8492220493442987,0.9999740740740741,4.3336559244737616e-05
Random Forest,0.8503297028969401,0.9999740740740741,4.122427490300591e-05
Random Forest,0.8515966511076536,0.9999777777777777,3.794084029310687e-05
Random Forest,0.8521449210935763,0.9999777777777777,3.610792123083805e-05
Random Forest,0.8527487589834778,0.9999777777777777,3.388504910772443e-05
Random Forest,0.8532525746462177,0.9999777777777777,3.104128356896545e-05
Random Forest,0.8539305030747574,0.9999777777777777,2.9274535331305863e-05
Random Forest,0.8549899977772838,0.9999777777777777,2.7640351821457848e-05
Random Forest,0.8557457212713936,0.9999777777777777,2.57974447208528e-05
Random Forest,0.8567496480699415,0.9999777777777777,2.3825069021278506e-05
Random Forest,0.8577906201378084,0.9999777777777777,2.254633446952395e-05
Random Forest,0.8604689931095799,0.9999777777777777,2.0305926717233635e-05
Random Forest,0.8627657998073646,0.9999814814814815,1.818042543726067e-05
Random Forest,0.8642550196339928,0.9999814814814815,1.589345849640856e-05
Random Forest,0.867359413202934,0.9999814814814815,1.2607388644881536e-05
Random Forest,0.8689227235682003,0.9999925925925925,9.403732022076962e-06
Random Forest,0.8715714603245166,0.9999925925925925,5.841506994079117e-06
Random Forest,1.0,1.0,0.0
XGBoost,0.0,0.0,inf
XGBoost,0.0,0.001874074074074074,0.9999366998672485
XGBoost,0.0,0.0050185185185185185,0.9999229907989502
XGBoost,0.0,0.0056740740740740744,0.9999163150787354
XGBoost,0.0,0.0062370370370370375,0.999906063079834
XGBoost,0.0,0.007662962962962963,0.999897837638855
XGBoost,0.0,0.008137037037037036,0.999891996383667
XGBoost,0.0,0.008651851851851852,0.9998866319656372
XGBoost,0.0,0.009825925925925925,0.9998818635940552
XGBoost,0.0,0.011385185185185186,0.9998780488967896
XGBoost,0.0,0.014874074074074074,0.9998745918273926
XGBoost,0.0,0.016107407407407407,0.9998714923858643
XGBoost,0.0,0.019281481481481483,0.9998681545257568
XGBoost,0.0,0.02118888888888889,0.9998645782470703
XGBoost,0.0,0.023103703703703703,0.999861478805542
XGBoost,0.0,0.026618518518518517,0.9998587369918823
XGBoost,0.0,0.028325925925925925,0.9998555183410645
XGBoost,0.0,0.033385185185185184,0.9998524188995361
XGBoost,0.0,0.03634814814814815,0.9998494386672974
XGBoost,0.0,0.03944444444444444,0.9998457431793213
XGBoost,0.0,0.04247777777777778,0.999842643737793
XGBoost,0.0,0.04477777777777778,0.9998399019241333
XGBoost,0.0,0.047096296296296296,0.9998366832733154
XGBoost,0.0,0.05073703703703704,0.9998332262039185
XGBoost,0.0,0.05345925925925926,0.999829888343811
XGBoost,0.0,0.05647037037037037,0.9998254179954529
XGBoost,0.0,0.057466666666666666,0.9998224377632141
XGBoost,0.0,0.058692592592592595,0.9998185038566589
XGBoost,0.0,0.06004074074074074,0.9998146891593933
XGBoost,0.0,0.060811111111111114,0.999810516834259
XGBoost,0.0,0.061651851851851854,0.9998067021369934
XGBoost,0.0,0.06228148148148148,0.9998025298118591
XGBoost,0.0,0.06282962962962962,0.9997983574867249
XGBoost,0.0,0.06381481481481481,0.9997949004173279
XGBoost,0.0,0.0648925925925926,0.9997908473014832
XGBoost,0.0,0.06616666666666667,0.9997865557670593
XGBoost,0.0,0.06686296296296296,0.9997829794883728
XGBoost,0.0,0.0675962962962963,0.9997791647911072
XGBoost,0.0,0.06852962962962963,0.9997747540473938
XGBoost,0.0,0.06971481481481481,0.9997715353965759
XGBoost,0.0,0.07070740740740741,0.9997677206993103
XGBoost,0.0,0.07141851851851852,0.9997633099555969
XGBoost,0.0,0.07268148148148149,0.999760091304779
XGBoost,0.0,0.07332592592592592,0.9997562766075134
XGBoost,0.0,0.07434074074074074,0.9997525811195374
XGBoost,0.0,0.0753111111111111,0.9997487664222717
XGBoost,0.0,0.0764925925925926,0.9997450709342957
XGBoost,0.0,0.07718148148148148,0.9997405409812927
XGBoost,0.0,0.07801851851851851,0.9997369647026062
XGBoost,0.0,0.07887407407407407,0.9997325539588928
XGBoost,0.0,0.08061851851851852,0.9997290968894958
XGBoost,0.0,0.0816962962962963,0.9997261166572571
XGBoost,0.0,0.0836962962962963,0.9997228980064392
XGBoost,3.704526931910795e-06,0.08535925925925926,0.9997197985649109
XGBoost,3.704526931910795e-06,0.08631851851851852,0.999716579914093
XGBoost,3.704526931910795e-06,0.08895185185185185,0.9997130036354065
XGBoost,3.704526931910795e-06,0.09091851851851852,0.9997095465660095
XGBoost,3.704526931910795e-06,0.09444444444444444,0.9997062087059021
XGBoost,3.704526931910795e-06,0.1015925925925926,0.9997027516365051
XGBoost,3.704526931910795e-06,0.10282592592592593,0.999699592590332
XGBoost,3.704526931910795e-06,0.10447777777777778,0.9996960163116455
XGBoost,3.704526931910795e-06,0.1065962962962963,0.9996923208236694
XGBoost,3.704526931910795e-06,0.10779259259259259,0.9996883869171143
XGBoost,3.704526931910795e-06,0.10907037037037037,0.9996846914291382
XGBoost,3.704526931910795e-06,0.1112962962962963,0.9996809959411621
XGBoost,3.704526931910795e-06,0.11271851851851852,0.9996781349182129
XGBoost,3.704526931910795e-06,0.11425925925925925,0.9996743202209473
XGBoost,3.704526931910795e-06,0.11549629629629629,0.9996699094772339
XGBoost,3.704526931910795e-06,0.11683333333333333,0.9996665716171265
XGBoost,3.704526931910795e-06,0.11784814814814815,0.9996635913848877
XGBoost,3.704526931910795e-06,0.1187962962962963,0.9996598958969116
XGBoost,3.704526931910795e-06,0.12136666666666666,0.9996566772460938
XGBoost,3.704526931910795e-06,0.12248518518518518,0.9996534585952759
XGBoost,3.704526931910795e-06,0.12488888888888888,0.9996503591537476
XGBoost,7.40905386382159e-06,0.1273037037037037,0.9996470212936401
XGBoost,1.1113580795732385e-05,0.12977407407407407,0.9996438026428223
XGBoost,1.1113580795732385e-05,0.1350148148148148,0.9996403455734253
XGBoost,1.1113580795732385e-05,0.13848518518518518,0.9996358156204224
XGBoost,1.1113580795732385e-05,0.14078148148148148,0.999632716178894
XGBoost,1.1113580795732385e-05,0.14203703703703704,0.9996294975280762
XGBoost,1.1113580795732385e-05,0.14665185185185184,0.9996265172958374
XGBoost,1.1113580795732385e-05,0.15142592592592594,0.9996232986450195
XGBoost,1.1113580795732385e-05,0.15246666666666667,0.9996193647384644
XGBoost,1.1113580795732385e-05,0.15415185185185185,0.9996156692504883
XGBoost,1.1113580795732385e-05,0.1549111111111111,0.9996123909950256
XGBoost,1.1113580795732385e-05,0.15614074074074075,0.9996086955070496
XGBoost,1.1113580795732385e-05,0.15861851851851852,0.9996055960655212
XGBoost,1.1113580795732385e-05,0.1595962962962963,0.9996009469032288
XGBoost,1.1113580795732385e-05,0.1623777777777778,0.9995970129966736
XGBoost,1.1113580795732385e-05,0.16347037037037038,0.9995934367179871
XGBoost,1.481810772764318e-05,0.16464074074074075,0.9995898604393005
XGBoost,1.481810772764318e-05,0.16815185185185186,0.9995861649513245
XGBoost,1.481810772764318e-05,0.16903333333333334,0.9995827078819275
XGBoost,1.481810772764318e-05,0.1701814814814815,0.9995786547660828
XGBoost,1.481810772764318e-05,0.17142592592592593,0.9995748400688171
XGBoost,1.481810772764318e-05,0.17275925925925925,0.9995705485343933
XGBoost,1.481810772764318e-05,0.17523333333333332,0.9995668530464172
XGBoost,1.481810772764318e-05,0.17757777777777778,0.9995625615119934
XGBoost,1.481810772764318e-05,0.17866666666666667,0.9995577931404114
XGBoost,1.481810772764318e-05,0.18005555555555555,0.9995535016059875
XGBoost,1.481810772764318e-05,0.1874037037037037,0.9995490908622742
XGBoost,1.481810772764318e-05,0.19198148148148148,0.9995446801185608
XGBoost,1.481810772764318e-05,0.19745555555555555,0.9995409250259399
XGBoost,1.481810772764318e-05,0.19795185185185185,0.9995360374450684
XGBoost,1.481810772764318e-05,0.19849259259259258,0.9995310306549072
XGBoost,1.481810772764318e-05,0.1991037037037037,0.9995267391204834
XGBoost,1.481810772764318e-05,0.20146296296296295,0.9995228052139282
XGBoost,1.481810772764318e-05,0.20223333333333332,0.999518632888794
XGBoost,1.481810772764318e-05,0.20277777777777778,0.9995138645172119
XGBoost,1.481810772764318e-05,0.20371481481481482,0.9995086193084717
XGBoost,1.481810772764318e-05,0.20405185185185185,0.9995021820068359
XGBoost,1.481810772764318e-05,0.20472962962962962,0.9994982481002808
XGBoost,1.8522634659553976e-05,0.20543333333333333,0.9994934797286987
XGBoost,1.8522634659553976e-05,0.20572222222222222,0.9994882345199585
XGBoost,1.8522634659553976e-05,0.20645925925925926,0.9994823932647705
XGBoost,1.8522634659553976e-05,0.207,0.9994778037071228
XGBoost,1.8522634659553976e-05,0.20738148148148147,0.9994727969169617
XGBoost,2.222716159146477e-05,0.20775925925925925,0.9994651675224304
XGBoost,2.222716159146477e-05,0.20824444444444445,0.9994599223136902
XGBoost,2.5931688523375564e-05,0.20928888888888889,0.9994542002677917
XGBoost,2.5931688523375564e-05,0.21234444444444445,0.9994482398033142
XGBoost,2.5931688523375564e-05,0.21314444444444444,0.9994401335716248
XGBoost,2.5931688523375564e-05,0.21413333333333334,0.999432384967804
XGBoost,2.5931688523375564e-05,0.2146111111111111,0.9994256496429443
XGBoost,2.5931688523375564e-05,0.21559629629629629,0.9994194507598877
XGBoost,2.5931688523375564e-05,0.2159037037037037,0.9994138479232788
XGBoost,2.5931688523375564e-05,0.21767777777777778,0.9994064569473267
XGBoost,2.5931688523375564e-05,0.21822592592592593,0.9993996620178223
XGBoost,2.5931688523375564e-05,0.21963703703703705,0.9993934631347656
XGBoost,2.5931688523375564e-05,0.22025185185185187,0.9993886947631836
XGBoost,2.5931688523375564e-05,0.22137037037037038,0.9993813037872314
XGBoost,2.5931688523375564e-05,0.2237037037037037,0.9993757605552673
XGBoost,2.5931688523375564e-05,0.22477407407407407,0.9993696808815002
XGBoost,2.5931688523375564e-05,0.2257074074074074,0.9993646740913391
XGBoost,2.5931688523375564e-05,0.22625185185185184,0.9993588328361511
XGBoost,2.5931688523375564e-05,0.2269,0.9993521571159363
XGBoost,2.5931688523375564e-05,0.22745185185185185,0.9993446469306946
XGBoost,2.5931688523375564e-05,0.22795555555555555,0.9993377327919006
XGBoost,2.5931688523375564e-05,0.22847037037037038,0.9993284940719604
XGBoost,2.5931688523375564e-05,0.22885925925925926,0.9993231296539307
XGBoost,2.5931688523375564e-05,0.23003703703703704,0.9993158578872681
XGBoost,2.5931688523375564e-05,0.2303851851851852,0.9993070363998413
XGBoost,2.5931688523375564e-05,0.23094074074074075,0.9993009567260742
XGBoost,2.5931688523375564e-05,0.2313074074074074,0.9992928504943848
XGBoost,2.5931688523375564e-05,0.2320037037037037,0.9992850422859192
XGBoost,2.5931688523375564e-05,0.23386666666666667,0.9992746710777283
XGBoost,2.5931688523375564e-05,0.2341962962962963,0.9992675185203552
XGBoost,2.5931688523375564e-05,0.23452222222222222,0.9992620348930359
XGBoost,2.5931688523375564e-05,0.23496666666666666,0.9992541670799255
XGBoost,2.963621545528636e-05,0.23558888888888888,0.9992454051971436
XGBoost,2.963621545528636e-05,0.23692592592592593,0.9992352724075317
XGBoost,2.963621545528636e-05,0.23734814814814814,0.9992231130599976
XGBoost,2.963621545528636e-05,0.23886666666666667,0.9992156028747559
XGBoost,3.334074238719716e-05,0.23927407407407408,0.9992096424102783
XGBoost,4.445432318292954e-05,0.24055185185185185,0.9992044568061829
XGBoost,4.445432318292954e-05,0.24107777777777778,0.999196469783783
XGBoost,4.445432318292954e-05,0.2414777777777778,0.9991870522499084
XGBoost,4.445432318292954e-05,0.24342592592592593,0.9991795420646667
XGBoost,4.445432318292954e-05,0.24434074074074075,0.9991728663444519
XGBoost,4.445432318292954e-05,0.24542592592592594,0.9991648197174072
XGBoost,4.445432318292954e-05,0.24623333333333333,0.9991565942764282
XGBoost,4.445432318292954e-05,0.24706296296296296,0.9991474151611328
XGBoost,4.445432318292954e-05,0.24762222222222222,0.9991394281387329
XGBoost,4.445432318292954e-05,0.2482814814814815,0.9991316199302673
XGBoost,4.445432318292954e-05,0.24910740740740742,0.999123752117157
XGBoost,4.8158850114840335e-05,0.2494074074074074,0.9991170763969421
XGBoost,4.8158850114840335e-05,0.25004444444444446,0.9991067051887512
XGBoost,4.8158850114840335e-05,0.2513185185185185,0.9990965127944946
XGBoost,4.8158850114840335e-05,0.2516,0.9990845918655396
XGBoost,4.8158850114840335e-05,0.2523888888888889,0.9990764856338501
XGBoost,4.8158850114840335e-05,0.25365925925925925,0.9990635514259338
XGBoost,4.8158850114840335e-05,0.2541074074074074,0.9990550875663757
XGBoost,4.8158850114840335e-05,0.2544074074074074,0.999045193195343
XGBoost,4.8158850114840335e-05,0.2556,0.9990369081497192
XGBoost,4.8158850114840335e-05,0.2559444444444444,0.9990255832672119
XGBoost,4.8158850114840335e-05,0.2567407407407407,0.9990172386169434
XGBoost,4.8158850114840335e-05,0.2571148148148148,0.9990074038505554
XGBoost,4.8158850114840335e-05,0.2574740740740741,0.9989939332008362
XGBoost,5.186337704675113e-05,0.2577888888888889,0.9989827275276184
XGBoost,5.186337704675113e-05,0.25815925925925925,0.9989731311798096
XGBoost,5.186337704675113e-05,0.2584592592592593,0.9989635944366455
XGBoost,5.927243091057272e-05,0.2587814814814815,0.9989487528800964
XGBoost,5.927243091057272e-05,0.2591851851851852,0.9989386200904846
XGBoost,5.927243091057272e-05,0.25967407407407406,0.9989295601844788
XGBoost,5.927243091057272e-05,0.2604814814814815,0.9989186525344849
XGBoost,5.927243091057272e-05,0.2608962962962963,0.9989058971405029
XGBoost,5.927243091057272e-05,0.2623740740740741,0.998897910118103
XGBoost,5.927243091057272e-05,0.26294074074074075,0.9988881945610046
XGBoost,6.297695784248351e-05,0.2631703703703704,0.9988788962364197
XGBoost,6.297695784248351e-05,0.26343333333333335,0.9988711476325989
XGBoost,6.297695784248351e-05,0.26382962962962964,0.9988611936569214
XGBoost,6.297695784248351e-05,0.26447777777777776,0.9988523721694946
XGBoost,6.297695784248351e-05,0.26535925925925924,0.9988443851470947
XGBoost,6.297695784248351e-05,0.2659074074074074,0.9988301396369934
XGBoost,6.668148477439431e-05,0.26614444444444446,0.9988207221031189
XGBoost,6.668148477439431e-05,0.2667851851851852,0.9988090991973877
XGBoost,6.668148477439431e-05,0.2670666666666667,0.9987982511520386
XGBoost,6.668148477439431e-05,0.26757037037037035,0.9987892508506775
XGBoost,7.40905386382159e-05,0.26831481481481484,0.9987807869911194
XGBoost,7.779506557012669e-05,0.26995185185185183,0.9987723231315613
XGBoost,8.149959250203749e-05,0.2702481481481481,0.9987578392028809
XGBoost,8.149959250203749e-05,0.2705518518518519,0.9987460374832153
XGBoost,8.149959250203749e-05,0.2712777777777778,0.9987370371818542
XGBoost,8.149959250203749e-05,0.2717037037037037,0.9987282156944275
XGBoost,8.149959250203749e-05,0.27211111111111114,0.9987159967422485
XGBoost,8.149959250203749e-05,0.27245555555555556,0.9987043142318726
XGBoost,8.149959250203749e-05,0.2729333333333333,0.998688280582428
XGBoost,8.149959250203749e-05,0.2732185185185185,0.9986804127693176
XGBoost,8.520411943394828e-05,0.27354074074074075,0.9986714124679565
XGBoost,8.520411943394828e-05,0.27392962962962963,0.9986605644226074
XGBoost,8.520411943394828e-05,0.2743074074074074,0.9986485838890076
XGBoost,8.520411943394828e-05,0.27732962962962965,0.9986345171928406
XGBoost,8.520411943394828e-05,0.2778481481481481,0.9986182451248169
XGBoost,8.520411943394828e-05,0.2781074074074074,0.9986114501953125
XGBoost,8.890864636585908e-05,0.279262962962963,0.9985951781272888
XGBoost,8.890864636585908e-05,0.2798185185185185,0.9985834360122681
XGBoost,8.890864636585908e-05,0.2813888888888889,0.9985688924789429
XGBoost,8.890864636585908e-05,0.2819259259259259,0.9985523819923401
XGBoost,8.890864636585908e-05,0.28228888888888887,0.9985396862030029
XGBoost,0.00010743128102541306,0.28292222222222224,0.9985276460647583
XGBoost,0.00010743128102541306,0.28328148148148147,0.9985144734382629
XGBoost,0.00010743128102541306,0.2836074074074074,0.998505711555481
XGBoost,0.00010743128102541306,0.28432962962962965,0.9984960556030273
XGBoost,0.00010743128102541306,0.28545925925925925,0.9984838366508484
XGBoost,0.00010743128102541306,0.28576666666666667,0.99847012758255
XGBoost,0.00010743128102541306,0.2866037037037037,0.9984570741653442
XGBoost,0.00011113580795732385,0.2871888888888889,0.998444139957428
XGBoost,0.00011113580795732385,0.28750740740740743,0.9984267950057983
XGBoost,0.00011113580795732385,0.28787407407407406,0.9984101057052612
XGBoost,0.00011113580795732385,0.2882037037037037,0.9983965754508972
XGBoost,0.00011113580795732385,0.2888074074074074,0.9983855485916138
XGBoost,0.00011484033488923465,0.28992222222222225,0.9983723759651184
XGBoost,0.00011484033488923465,0.2902851851851852,0.9983566403388977
XGBoost,0.00011484033488923465,0.2909259259259259,0.9983441829681396
XGBoost,0.00011854486182114544,0.29117037037037036,0.9983242154121399
XGBoost,0.00011854486182114544,0.2917851851851852,0.9983108043670654
XGBoost,0.00012595391568496702,0.29234444444444446,0.9982889294624329
XGBoost,0.00012595391568496702,0.29257037037037037,0.9982740879058838
XGBoost,0.00012595391568496702,0.2928296296296296,0.998258650302887
XGBoost,0.00012595391568496702,0.29305555555555557,0.998245120048523
XGBoost,0.00012595391568496702,0.29357037037037037,0.9982292056083679
XGBoost,0.00013706749648069943,0.2941666666666667,0.9982067346572876
XGBoost,0.00013706749648069943,0.2944925925925926,0.9981939196586609
XGBoost,0.00013706749648069943,0.29512222222222223,0.9981764554977417
XGBoost,0.00013706749648069943,0.29547407407407406,0.9981564879417419
XGBoost,0.00013706749648069943,0.2958296296296296,0.9981420040130615
XGBoost,0.00013706749648069943,0.2962296296296296,0.9981297850608826
XGBoost,0.00013706749648069943,0.2965814814814815,0.9981123208999634
XGBoost,0.00013706749648069943,0.29693703703703705,0.9980949759483337
XGBoost,0.00013706749648069943,0.29738148148148147,0.9980789422988892
XGBoost,0.00013706749648069943,0.29786296296296294,0.9980629086494446
XGBoost,0.000144476550344521,0.29868518518518516,0.9980494976043701
XGBoost,0.000144476550344521,0.29898148148148146,0.9980332255363464
XGBoost,0.0001481810772764318,0.2995814814814815,0.998017430305481
XGBoost,0.00015559013114025338,0.3002,0.997999370098114
XGBoost,0.00015559013114025338,0.3005703703703704,0.9979806542396545
XGBoost,0.00015559013114025338,0.3010259259259259,0.9979603290557861
XGBoost,0.00015559013114025338,0.3024962962962963,0.9979454874992371
XGBoost,0.00016299918500407498,0.3032444444444444,0.9979331493377686
XGBoost,0.00016299918500407498,0.3035814814814815,0.9979148507118225
XGBoost,0.00016299918500407498,0.30393333333333333,0.9978916049003601
XGBoost,0.00016299918500407498,0.30447407407407406,0.9978669285774231
XGBoost,0.00016299918500407498,0.30494074074074073,0.9978439807891846
XGBoost,0.00016670371193598578,0.30563703703703704,0.9978218078613281
XGBoost,0.00016670371193598578,0.3060555555555556,0.9978050589561462
XGBoost,0.00016670371193598578,0.3066407407407407,0.9977748990058899
XGBoost,0.00016670371193598578,0.30712962962962964,0.9977600574493408
XGBoost,0.00016670371193598578,0.3074222222222222,0.9977326393127441
XGBoost,0.00016670371193598578,0.30863703703703704,0.9977194666862488
XGBoost,0.00016670371193598578,0.3092111111111111,0.9977049231529236
XGBoost,0.00016670371193598578,0.3096740740740741,0.9976906776428223
XGBoost,0.00016670371193598578,0.3101148148148148,0.9976606369018555
XGBoost,0.00016670371193598578,0.31045925925925927,0.9976346492767334
XGBoost,0.00016670371193598578,0.31108148148148146,0.9976014494895935
XGBoost,0.00016670371193598578,0.3115,0.9975795149803162
XGBoost,0.00016670371193598578,0.3119074074074074,0.9975551962852478
XGBoost,0.00016670371193598578,0.31237777777777775,0.9975322484970093
XGBoost,0.00016670371193598578,0.31286296296296295,0.9974982142448425
XGBoost,0.00016670371193598578,0.3133222222222222,0.9974648952484131
XGBoost,0.00017040823886789656,0.3151814814814815,0.9974390268325806
XGBoost,0.00017040823886789656,0.31555925925925926,0.9974129796028137
XGBoost,0.00017040823886789656,0.3159666666666667,0.9973762035369873
XGBoost,0.00017040823886789656,0.31624074074074077,0.9973604083061218
XGBoost,0.00017040823886789656,0.3171962962962963,0.9973279237747192
XGBoost,0.00017040823886789656,0.31757407407407406,0.997296154499054
XGBoost,0.00017040823886789656,0.3181777777777778,0.9972549080848694
XGBoost,0.00017040823886789656,0.31867407407407405,0.9972155094146729
XGBoost,0.00017411276579980736,0.31926296296296297,0.9971842169761658
XGBoost,0.00017411276579980736,0.3200925925925926,0.9971470236778259
XGBoost,0.00017411276579980736,0.32072962962962964,0.9971169233322144
XGBoost,0.00017781729273171816,0.3214518518518519,0.9970771074295044
XGBoost,0.00017781729273171816,0.32235555555555556,0.9970414042472839
XGBoost,0.00017781729273171816,0.3232333333333333,0.9970144033432007
XGBoost,0.00017781729273171816,0.32409629629629627,0.9969761371612549
XGBoost,0.00018152181966362896,0.32482962962962963,0.9969533681869507
XGBoost,0.00018152181966362896,0.3254148148148148,0.9969208240509033
XGBoost,0.00018152181966362896,0.32605555555555554,0.9968687891960144
XGBoost,0.00018152181966362896,0.3266074074074074,0.9968264102935791
XGBoost,0.00018522634659553976,0.39136296296296297,0.9967753291130066
XGBoost,0.00018522634659553976,0.3919148148148148,0.9967092275619507
XGBoost,0.00018522634659553976,0.39243703703703703,0.9966566562652588
XGBoost,0.00018893087352745054,0.3928037037037037,0.9966142773628235
XGBoost,0.00018893087352745054,0.39322962962962965,0.9965841770172119
XGBoost,0.00019263540045936134,0.39457037037037035,0.9965317845344543
XGBoost,0.00019633992739127214,0.39494814814814816,0.9964753985404968
XGBoost,0.00020004445432318294,0.39535925925925924,0.996448278427124
XGBoost,0.00020745350818700452,0.39642222222222223,0.9963984489440918
XGBoost,0.00020745350818700452,0.396762962962963,0.9963288903236389
XGBoost,0.00020745350818700452,0.3970518518518519,0.9962769150733948
XGBoost,0.00020745350818700452,0.3988111111111111,0.9962432384490967
XGBoost,0.00020745350818700452,0.39914444444444447,0.9961926937103271
XGBoost,0.00020745350818700452,0.3994962962962963,0.9961538910865784
XGBoost,0.0002185670889827369,0.4009037037037037,0.996076762676239
XGBoost,0.0002185670889827369,0.4029111111111111,0.9960137605667114
XGBoost,0.0002222716159146477,0.4033148148148148,0.9959529638290405
XGBoost,0.0002222716159146477,0.4042777777777778,0.9959028363227844
XGBoost,0.0002222716159146477,0.4046740740740741,0.9958271384239197
XGBoost,0.0002259761428465585,0.40516296296296295,0.9957848191261292
XGBoost,0.0002296806697784693,0.4055037037037037,0.9956942796707153
XGBoost,0.0002333851967103801,0.4061888888888889,0.995634138584137
XGBoost,0.00023708972364229087,0.4065185185185185,0.9955669045448303
XGBoost,0.00024449877750611245,0.40695555555555557,0.9955030083656311
XGBoost,0.00024449877750611245,0.4074925925925926,0.9954208731651306
XGBoost,0.00024449877750611245,0.40905555555555556,0.9953595995903015
XGBoost,0.00024449877750611245,0.4096,0.9952932000160217
XGBoost,0.00024449877750611245,0.4101074074074074,0.995230495929718
XGBoost,0.00024449877750611245,0.410962962962963,0.9951948523521423
XGBoost,0.00025561235830184485,0.4121962962962963,0.9951411485671997
XGBoost,0.00025561235830184485,0.41257777777777777,0.9950534701347351
XGBoost,0.00026672593909757725,0.4142851851851852,0.9949724674224854
XGBoost,0.00027413499296139886,0.4149074074074074,0.9949086308479309
XGBoost,0.00027413499296139886,0.41524444444444447,0.9948097467422485
XGBoost,0.0002815440468252204,0.4165037037037037,0.9947347640991211
XGBoost,0.0002815440468252204,0.41713703703703703,0.994666337966919
XGBoost,0.0002815440468252204,0.41858518518518517,0.9946123361587524
XGBoost,0.0002852485737571312,0.41924814814814815,0.994543194770813
XGBoost,0.0002852485737571312,0.4201888888888889,0.9944849610328674
XGBoost,0.000288953100689042,0.42074814814814815,0.9944052696228027
XGBoost,0.000288953100689042,0.42176296296296295,0.9943658113479614
XGBoost,0.000288953100689042,0.4224333333333333,0.9942968487739563
XGBoost,0.00031488478921241756,0.4232740740740741,0.9942242503166199
XGBoost,0.00031858931614432836,0.4240148148148148,0.994127631187439
XGBoost,0.00031858931614432836,0.42434074074074074,0.9940460920333862
XGBoost,0.00031858931614432836,0.42486296296296294,0.9939875602722168
XGBoost,0.00032229384307623916,0.425062962962963,0.9939267039299011
XGBoost,0.00032229384307623916,0.42565555555555556,0.9938727617263794
XGBoost,0.00032599837000814997,0.42740370370370373,0.9938103556632996
XGBoost,0.00032599837000814997,0.4277851851851852,0.9937611222267151
XGBoost,0.00032970289694006077,0.4281074074074074,0.9937165379524231
XGBoost,0.00033340742387197157,0.42941111111111113,0.9936586022377014
XGBoost,0.00033340742387197157,0.4303444444444444,0.993613064289093
XGBoost,0.00033711195080388237,0.4318148148148148,0.9935178756713867
XGBoost,0.0003482255315996147,0.4329222222222222,0.9934132695198059
XGBoost,0.0003482255315996147,0.4333666666666667,0.9933379888534546
XGBoost,0.0003519300585315255,0.4338518518518519,0.9932407140731812
XGBoost,0.0003519300585315255,0.43415925925925924,0.9931581616401672
XGBoost,0.0003630436393272579,0.4352962962962963,0.9930703043937683
XGBoost,0.0003704526931910795,0.4363666666666667,0.9929758310317993
XGBoost,0.0003704526931910795,0.437,0.9928570985794067
XGBoost,0.0003778617470549011,0.43737777777777775,0.9927899837493896
XGBoost,0.0003815662739868119,0.4381333333333333,0.992705762386322
XGBoost,0.0003815662739868119,0.43847407407407407,0.9925690293312073
XGBoost,0.0003852708009187227,0.4389074074074074,0.9924384951591492
XGBoost,0.0003926798547825443,0.439437037037037,0.9923344254493713
XGBoost,0.0003926798547825443,0.4401777777777778,0.9922365546226501
XGBoost,0.0004000889086463659,0.4413074074074074,0.9921567440032959
XGBoost,0.00040379343557827663,0.4419740740740741,0.9920575022697449
XGBoost,0.00040379343557827663,0.4427259259259259,0.9918980598449707
XGBoost,0.00040749796251018743,0.4452814814814815,0.9917873740196228
XGBoost,0.00040749796251018743,0.44582222222222223,0.991642951965332
XGBoost,0.00042231607023783063,0.4467111111111111,0.9915502071380615
XGBoost,0.00042231607023783063,0.44735185185185183,0.9914759993553162
XGBoost,0.00042602059716974144,0.4476703703703704,0.9913718700408936
XGBoost,0.00043342965103356304,0.4484518518518519,0.9913051724433899
XGBoost,0.0005038156627398681,0.4489037037037037,0.9911672472953796
XGBoost,0.0005038156627398681,0.4492555555555556,0.9910553693771362
XGBoost,0.0005149292435356006,0.44968148148148146,0.9908581376075745
XGBoost,0.0005334518781951545,0.45075185185185185,0.990702748298645
XGBoost,0.0005334518781951545,0.4513037037037037,0.9905794262886047
XGBoost,0.0005408609320589761,0.4540222222222222,0.990476131439209
XGBoost,0.0006853374824034971,0.45614074074074074,0.9903811812400818
XGBoost,0.0006890420093354078,0.4565074074074074,0.9901851415634155
XGBoost,0.0006964510631992294,0.45725185185185185,0.9900617599487305
XGBoost,0.0006964510631992294,0.4587851851851852,0.9899550676345825
XGBoost,0.000703860117063051,0.4597222222222222,0.9898151159286499
XGBoost,0.000703860117063051,0.4599888888888889,0.9897034764289856
XGBoost,0.0007186782247906942,0.4610185185185185,0.9895704984664917
XGBoost,0.0007705416018374454,0.4620814814814815,0.9894139766693115
XGBoost,0.0007927687634289102,0.4638814814814815,0.9892682433128357
XGBoost,0.0007927687634289102,0.46415925925925927,0.9891533255577087
XGBoost,0.0007927687634289102,0.4648407407407407,0.989011287689209
XGBoost,0.0007964732903608209,0.465137037037037,0.9889096617698669
XGBoost,0.0007964732903608209,0.4654740740740741,0.9887703657150269
XGBoost,0.0008187004519522857,0.4661222222222222,0.9885823726654053
XGBoost,0.0008261095058161073,0.4665962962962963,0.9884390234947205
XGBoost,0.0008816774097947692,0.4676,0.988292396068573
XGBoost,0.0009298362599096095,0.46903333333333336,0.9881457090377808
XGBoost,0.0009298362599096095,0.4693888888888889,0.987996518611908
XGBoost,0.0009854041638882715,0.4700814814814815,0.9878875017166138
XGBoost,0.0012224938875305623,0.47225925925925927,0.9877479076385498
XGBoost,0.0013225161146921537,0.4738111111111111,0.987673819065094
XGBoost,0.0013262206416240646,0.4740666666666667,0.9875466227531433
XGBoost,0.0016336963769726606,0.4766,0.987409770488739
XGBoost,0.0016522190116322146,0.47757777777777777,0.987312376499176
XGBoost,0.0016522190116322146,0.47793703703703705,0.9871754050254822
XGBoost,0.00177076387345336,0.4792148148148148,0.9870579838752747
XGBoost,0.0017744684003852707,0.4794888888888889,0.9869101643562317
XGBoost,0.0017818774542490924,0.4798851851851852,0.986718475818634
XGBoost,0.0017855819811810033,0.4802444444444444,0.9866151809692383
XGBoost,0.0017855819811810033,0.48075555555555555,0.9864622950553894
XGBoost,0.0017929910350448248,0.4812148148148148,0.9863592982292175
XGBoost,0.0017929910350448248,0.48317777777777776,0.986158013343811
XGBoost,0.0017929910350448248,0.4835074074074074,0.9859676957130432
XGBoost,0.0017929910350448248,0.4837666666666667,0.9858710169792175
XGBoost,0.001804104615840557,0.48467777777777776,0.9857104420661926
XGBoost,0.0018152181966362895,0.4857222222222222,0.9854946136474609
XGBoost,0.0018189227235682003,0.4860111111111111,0.985353410243988
XGBoost,0.0018189227235682003,0.48643333333333333,0.9851507544517517
XGBoost,0.0018374453582277544,0.4868074074074074,0.98499596118927
XGBoost,0.0018374453582277544,0.4871037037037037,0.9847919940948486
XGBoost,0.0018374453582277544,0.4874851851851852,0.9846750497817993
XGBoost,0.0018374453582277544,0.4882074074074074,0.9845123291015625
XGBoost,0.001933763058457435,0.4898222222222222,0.9842798709869385
XGBoost,0.002167148255167815,0.4925925925925926,0.9841063618659973
XGBoost,0.0021782618359635474,0.4938296296296296,0.9839187860488892
XGBoost,0.002185670889827369,0.49420740740740743,0.9837886095046997
XGBoost,0.002193079943691191,0.49464814814814817,0.9836570620536804
XGBoost,0.0021967844706231015,0.4955259259259259,0.9835276007652283
XGBoost,0.0023746017633548195,0.4969037037037037,0.9833659529685974
XGBoost,0.0023746017633548195,0.4977814814814815,0.9831941723823547
XGBoost,0.002600577906201378,0.5008333333333334,0.9830344915390015
XGBoost,0.002600577906201378,0.5013,0.9828051924705505
XGBoost,0.002600577906201378,0.502437037037037,0.982628345489502
XGBoost,0.0026116914869971104,0.5027962962962963,0.9823795557022095
XGBoost,0.0026153960139290214,0.5031074074074074,0.9821316003799438
XGBoost,0.002619100540860932,0.5038148148148148,0.9818779230117798
XGBoost,0.0027191227680225236,0.5055,0.9816821813583374
XGBoost,0.0027228272949544343,0.5061333333333333,0.9814848899841309
XGBoost,0.002959917018596725,0.5088925925925926,0.9813218712806702
XGBoost,0.002967326072460547,0.5098,0.9811921119689941
XGBoost,0.0029710305993924575,0.5104555555555556,0.9809169769287109
XGBoost,0.003182188634511373,0.5127814814814815,0.9807177782058716
XGBoost,0.0033118470771282505,0.5152666666666667,0.9804906249046326
XGBoost,0.0035155960583833443,0.5168111111111111,0.9803157448768616
XGBoost,0.0035155960583833443,0.5175592592592593,0.9801114201545715
XGBoost,0.0035859820700896495,0.5186222222222222,0.979941725730896
XGBoost,0.00358968659702156,0.5190148148148148,0.9797126054763794
XGBoost,0.0035933911239534712,0.5194592592592593,0.9795463681221008
XGBoost,0.0035933911239534712,0.5197074074074074,0.9793621301651001
XGBoost,0.003597095650885382,0.5200851851851852,0.9792536497116089
XGBoost,0.003597095650885382,0.5205814814814815,0.9790200591087341
XGBoost,0.003597095650885382,0.5210370370370371,0.9788281321525574
XGBoost,0.003600800177817293,0.5213592592592593,0.978671669960022
XGBoost,0.003600800177817293,0.5218851851851852,0.9784061908721924
XGBoost,0.003600800177817293,0.5228814814814815,0.9782605767250061
XGBoost,0.0036119137586130253,0.5232481481481481,0.9780689477920532
XGBoost,0.0036119137586130253,0.5236111111111111,0.977846086025238
XGBoost,0.003615618285544936,0.5240111111111111,0.9776533842086792
XGBoost,0.0036230273394087576,0.5242962962962963,0.977419376373291
XGBoost,0.00363414092020449,0.524525925925926,0.9772230982780457
XGBoost,0.00363414092020449,0.5249185185185186,0.9769080877304077
XGBoost,0.0036378454471364006,0.5256481481481482,0.9766755700111389
XGBoost,0.0036415499740683117,0.5263111111111111,0.9763712882995605
XGBoost,0.0036637771356597764,0.5274074074074074,0.9761459827423096
XGBoost,0.0036637771356597764,0.5280444444444444,0.9759969711303711
XGBoost,0.003667481662591687,0.5284962962962962,0.9757260680198669
XGBoost,0.003719345039638438,0.530062962962963,0.9755639433860779
XGBoost,0.00372675409350226,0.5305037037037037,0.9753053188323975
XGBoost,0.00372675409350226,0.5309222222222222,0.9751248359680176
XGBoost,0.00372675409350226,0.5312370370370371,0.9748753905296326
XGBoost,0.0037637993628213675,0.5324481481481481,0.9746500253677368
XGBoost,0.0037675038897532786,0.5338407407407407,0.9744387269020081
XGBoost,0.003967548344076461,0.5383185185185185,0.9741162657737732
XGBoost,0.003986070978736015,0.5394037037037037,0.9737350940704346
XGBoost,0.003989775505667926,0.5399185185185185,0.9733859300613403
XGBoost,0.004000889086463659,0.5412555555555556,0.9730437397956848
XGBoost,0.004015707194191301,0.5422111111111111,0.9727542996406555
XGBoost,0.00405645699044232,0.5439962962962963,0.9726386666297913
XGBoost,0.004082388678965696,0.544537037037037,0.9723239541053772
XGBoost,0.004089797732829518,0.5450296296296296,0.9720717668533325
XGBoost,0.004126843002148626,0.5459074074074074,0.971737802028656
XGBoost,0.00414536563680818,0.5463518518518519,0.9714895486831665
XGBoost,0.004160183744535823,0.5477518518518518,0.9712845683097839
XGBoost,0.004171297325331555,0.5480777777777778,0.9711591005325317
XGBoost,0.004230569756242128,0.5506555555555556,0.9709303379058838
XGBoost,0.004245387863969771,0.5509814814814815,0.970728874206543
XGBoost,0.004249092390901682,0.5511925925925926,0.9704909324645996
XGBoost,0.004267615025561236,0.5514851851851852,0.9702795147895813
XGBoost,0.004271319552493147,0.5520925925925926,0.9699559807777405
XGBoost,0.004275024079425057,0.5525333333333333,0.9697843194007874
XGBoost,0.004304660294880344,0.5533703703703704,0.9694986939430237
XGBoost,0.004315773875676076,0.5540925925925926,0.9691575169563293
XGBoost,0.004349114618063274,0.554937037037037,0.9689450860023499
XGBoost,0.004375046306586649,0.5561037037037037,0.9685976505279541
XGBoost,0.00438245536045047,0.5565074074074075,0.9684491753578186
XGBoost,0.004397273468178114,0.5568740740740741,0.968207061290741
XGBoost,0.004415796102837668,0.557837037037037,0.96799635887146
XGBoost,0.004415796102837668,0.5582111111111111,0.967782735824585
XGBoost,0.004441727791361043,0.558837037037037,0.9675334692001343
XGBoost,0.004449136845224865,0.5591148148148148,0.9673827290534973
XGBoost,0.004508409276135437,0.5600407407407407,0.9671535491943359
XGBoost,0.004534340964658813,0.5612037037037036,0.9669308066368103
XGBoost,0.004545454545454545,0.5620703703703703,0.9666029810905457
XGBoost,0.004560272653182189,0.5630740740740741,0.9664326310157776
XGBoost,0.004589908868637475,0.5640444444444445,0.9662122130393982
XGBoost,0.004593613395569386,0.5644851851851852,0.9659616351127625
XGBoost,0.004608431503297029,0.5647555555555556,0.9657749533653259
XGBoost,0.004663999407275691,0.5662185185185186,0.9655912518501282
XGBoost,0.004712158257390531,0.5666629629629629,0.9654220342636108
XGBoost,0.004712158257390531,0.5669888888888889,0.9651585817337036
XGBoost,0.004789953322960658,0.5701296296296297,0.9649901390075684
XGBoost,0.004808475957620212,0.5707888888888889,0.964704155921936
XGBoost,0.004808475957620212,0.5712296296296296,0.9643903970718384
XGBoost,0.0048121804845521225,0.5715888888888889,0.9641348719596863
XGBoost,0.004823294065347855,0.5718074074074074,0.9639793634414673
XGBoost,0.004826998592279766,0.5721148148148149,0.9637095928192139
XGBoost,0.004838112173075498,0.5724444444444444,0.963409423828125
XGBoost,0.00484552122693932,0.5727925925925926,0.9631816148757935
XGBoost,0.004860339334666963,0.573062962962963,0.9629907011985779
XGBoost,0.004886271023190339,0.5737222222222222,0.962785005569458
XGBoost,0.00489368007705416,0.5740703703703703,0.9626061320304871
XGBoost,0.004915907238645625,0.5744111111111111,0.9622663855552673
XGBoost,0.004919611765577535,0.5747518518518518,0.9620709419250488
XGBoost,0.0049270208194413575,0.5750814814814815,0.9618608951568604
XGBoost,0.004934429873305179,0.5754925925925926,0.9616788029670715
XGBoost,0.004941838927169001,0.576,0.9614900946617126
XGBoost,0.004952952507964733,0.5763222222222222,0.9612334966659546
XGBoost,0.004964066088760466,0.5765592592592592,0.9610814452171326
XGBoost,0.005001111358079573,0.577237037037037,0.9609383344650269
XGBoost,0.005015929465807216,0.5774333333333334,0.9607616662979126
XGBoost,0.005023338519671038,0.5778888888888889,0.9605600237846375
XGBoost,0.00503445210046677,0.5781555555555555,0.9603475332260132
XGBoost,0.005041861154330592,0.5785518518518519,0.960163950920105
XGBoost,0.005045565681262503,0.5788296296296296,0.9599292874336243
XGBoost,0.005045565681262503,0.5791074074074074,0.9597232341766357
XGBoost,0.005064088315922056,0.5794,0.9595507979393005
XGBoost,0.0050714973697858785,0.5803814814814815,0.9593600630760193
XGBoost,0.005086315477513522,0.580574074074074,0.9591023921966553
XGBoost,0.005097429058309254,0.5809296296296297,0.9589396119117737
XGBoost,0.005152996962287916,0.5818037037037037,0.9586647748947144
XGBoost,0.005167815070015559,0.5826,0.958433985710144
XGBoost,0.005178928650811291,0.582925925925926,0.9582396149635315
XGBoost,0.005208564866266578,0.5834370370370371,0.9580245018005371
XGBoost,0.005227087500926131,0.5839222222222222,0.9578675031661987
XGBoost,0.0052344965547899535,0.584362962962963,0.9575844407081604
XGBoost,0.005238201081721864,0.5849703703703704,0.9573789238929749
XGBoost,0.005238201081721864,0.5852518518518518,0.9571434259414673
XGBoost,0.005245610135585685,0.5857370370370371,0.9568804502487183
XGBoost,0.005260428243313329,0.5865666666666667,0.9566198587417603
XGBoost,0.005364154997406831,0.5877851851851852,0.956301748752594
XGBoost,0.005375268578202564,0.5880592592592593,0.9560235738754272
XGBoost,0.0053789731051344745,0.5887481481481481,0.955814778804779
XGBoost,0.0053974957397940285,0.5892407407407407,0.9556479454040527
XGBoost,0.00540490479365785,0.5895518518518519,0.9552868604660034
XGBoost,0.00540490479365785,0.5898740740740741,0.9550589919090271
XGBoost,0.0054086093205897605,0.5904259259259259,0.9547563791275024
XGBoost,0.005419722901385493,0.5907888888888889,0.9545355439186096
XGBoost,0.0054271319552493145,0.5910555555555556,0.954340934753418
XGBoost,0.005441950062976958,0.5913407407407407,0.9539687633514404
XGBoost,0.005471586278432244,0.5915592592592592,0.9536548256874084
XGBoost,0.005508631547751352,0.5919481481481481,0.9532241821289062
XGBoost,0.005519745128547085,0.5922407407407407,0.9529724717140198
XGBoost,0.005527154182410906,0.5925,0.9527771472930908
XGBoost,0.005534563236274727,0.593137037037037,0.9524585008621216
XGBoost,0.005553085870934281,0.5934518518518519,0.9521557092666626
XGBoost,0.005556790397866192,0.5940777777777778,0.951846182346344
XGBoost,0.005567903978661925,0.5944259259259259,0.9516019225120544
XGBoost,0.0055716085055938355,0.5947074074074075,0.9512117505073547
XGBoost,0.0055938356671853,0.595,0.951015055179596
XGBoost,0.005601244721049122,0.5952407407407407,0.9506895542144775
XGBoost,0.005612358301844854,0.5954333333333334,0.9504469633102417
XGBoost,0.005616062828776765,0.595674074074074,0.9501768946647644
XGBoost,0.005627176409572498,0.5959074074074074,0.9499118328094482
XGBoost,0.005630880936504408,0.5963592592592593,0.9496623873710632
XGBoost,0.005653108098095873,0.5967222222222223,0.9493390917778015
XGBoost,0.005697562421278802,0.5973296296296297,0.9491192102432251
XGBoost,0.0057049714751426246,0.5976148148148148,0.9488738775253296
XGBoost,0.0057160850559383565,0.5983037037037037,0.9486325979232788
XGBoost,0.005730903163666,0.5995444444444444,0.9483556747436523
XGBoost,0.005749425798325554,0.5999296296296296,0.9481509327888489
XGBoost,0.005756834852189375,0.600137037037037,0.9478914737701416
XGBoost,0.00577906201378084,0.6003555555555555,0.9476007223129272
XGBoost,0.005797584648440394,0.6005814814814815,0.9473316073417664
XGBoost,0.005797584648440394,0.6010074074074074,0.9470536112785339
XGBoost,0.005801289175372305,0.6012148148148149,0.9468482732772827
XGBoost,0.005812402756168037,0.6016518518518519,0.9465641975402832
XGBoost,0.005838334444691413,0.6021777777777778,0.9462853670120239
XGBoost,0.00587167518707861,0.6025814814814815,0.9460703134536743
XGBoost,0.005890197821738164,0.6029074074074074,0.9458885788917542
XGBoost,0.005938356671853004,0.6033481481481482,0.9456189274787903
XGBoost,0.005945765725716826,0.6039851851851852,0.9452922940254211
XGBoost,0.00596428836037638,0.6044518518518519,0.9449688196182251
XGBoost,0.005979106468104023,0.6052296296296297,0.9447215795516968
XGBoost,0.005990220048899756,0.6058814814814815,0.9444611072540283
XGBoost,0.0060124472104912206,0.6060777777777778,0.9442602396011353
XGBoost,0.0060420834259465065,0.6063666666666667,0.9440973401069641
XGBoost,0.006053197006742239,0.6068037037037037,0.9438709616661072
XGBoost,0.006108764910720901,0.6074481481481482,0.9435319900512695
XGBoost,0.006116173964584723,0.6081037037037037,0.9433633089065552
XGBoost,0.0061384011261761875,0.6094296296296297,0.9432165026664734
XGBoost,0.006145810180040009,0.61,0.942974865436554
XGBoost,0.006160628287767652,0.6103037037037037,0.9426863789558411
XGBoost,0.006164332814699563,0.610537037037037,0.942395806312561
XGBoost,0.006179150922427206,0.6114481481481482,0.9421132206916809
XGBoost,0.006190264503222938,0.6118518518518519,0.9417768716812134
XGBoost,0.00619767355708676,0.6121407407407408,0.941579282283783
XGBoost,0.006205082610950582,0.6125222222222222,0.941307544708252
XGBoost,0.006219900718678225,0.6129666666666667,0.9410339593887329
XGBoost,0.006219900718678225,0.6132703703703704,0.9407649040222168
XGBoost,0.006223605245610136,0.6138111111111111,0.9404958486557007
XGBoost,0.006268059568793065,0.6146037037037037,0.9402523636817932
XGBoost,0.006268059568793065,0.6149777777777777,0.9399055242538452
XGBoost,0.00629399125731644,0.615674074074074,0.9397035837173462
XGBoost,0.006316218418907905,0.6159592592592592,0.9394597411155701
XGBoost,0.006338445580499371,0.6164259259259259,0.939216136932373
XGBoost,0.006342150107431281,0.6166296296296296,0.9389138221740723
XGBoost,0.006353263688227013,0.6170629629629629,0.9386536478996277
XGBoost,0.0063828999036823,0.6173333333333333,0.9384596347808838
XGBoost,0.006471808550048159,0.6185333333333334,0.938286304473877
XGBoost,0.006594057938801215,0.6197888888888888,0.9379949569702148
XGBoost,0.006605171519596948,0.6202407407407408,0.937820553779602
XGBoost,0.006631103208120323,0.6206,0.9376028776168823
XGBoost,0.006649625842779877,0.621,0.9374045133590698
XGBoost,0.00666444395050752,0.6212851851851852,0.9371326565742493
XGBoost,0.006712602800622361,0.6221074074074074,0.936927318572998
XGBoost,0.006771875231532934,0.6224814814814815,0.9367319345474243
XGBoost,0.006786693339260576,0.6229962962962963,0.936504065990448
XGBoost,0.007012669482107135,0.6249074074074074,0.9362550973892212
XGBoost,0.007020078535970957,0.6253407407407408,0.9360525608062744
XGBoost,0.007190486774838853,0.6270666666666667,0.9358581900596619
XGBoost,0.007201600355634586,0.627537037037037,0.9356062412261963
XGBoost,0.007246054678817515,0.6279296296296296,0.9354037046432495
XGBoost,0.0072534637326813365,0.6282555555555556,0.9351980686187744
XGBoost,0.007275690894272801,0.6289111111111111,0.9350201487541199
XGBoost,0.007353485959842928,0.6297851851851852,0.9348349571228027
XGBoost,0.007375713121434393,0.6305518518518518,0.9345571398735046
XGBoost,0.007394235756093947,0.6309518518518519,0.9341824650764465
XGBoost,0.007423871971549233,0.6313296296296297,0.9339349865913391
XGBoost,0.0074460991331406975,0.6318185185185186,0.9336321353912354
XGBoost,0.007483144402459806,0.6334074074074074,0.9334074258804321
XGBoost,0.00750166703711936,0.6336962962962963,0.9332017302513123
XGBoost,0.00750537156405127,0.6340925925925925,0.9329574108123779
XGBoost,0.007523894198710824,0.6347333333333334,0.9325962066650391
XGBoost,0.007553530414166111,0.6350259259259259,0.9323678612709045
XGBoost,0.007586871156553308,0.6366333333333334,0.932089626789093
XGBoost,0.007601689264280951,0.6372074074074074,0.9318588376045227
XGBoost,0.007612802845076684,0.6375925925925926,0.9316183924674988
XGBoost,0.007664666222123435,0.6381074074074075,0.9312082529067993
XGBoost,0.007683188856782989,0.6384851851851852,0.9308396577835083
XGBoost,0.007701711491442543,0.6387925925925926,0.930540144443512
XGBoost,0.007709120545306364,0.6391148148148148,0.9303032755851746
XGBoost,0.007727643179965918,0.6394555555555556,0.9300584197044373
XGBoost,0.007742461287693562,0.6398037037037037,0.9297013878822327
XGBoost,0.007764688449285026,0.6402925925925926,0.9292463660240173
XGBoost,0.007775802030080758,0.6407,0.9287864565849304
XGBoost,0.007794324664740312,0.6410666666666667,0.9284002780914307
XGBoost,0.007812847299399867,0.6413703703703704,0.9280530214309692
XGBoost,0.007835074460991331,0.6415740740740741,0.9278516173362732
XGBoost,0.00787582425724235,0.6433185185185185,0.9274474382400513
XGBoost,0.007894346891901905,0.6436740740740741,0.9271250367164612
XGBoost,0.007942505742016744,0.6439666666666667,0.9266838431358337
XGBoost,0.00801289175372305,0.6449481481481482,0.9261863827705383
XGBoost,0.008027709861450693,0.6451814814814815,0.9258177876472473
XGBoost,0.008038823442246426,0.645462962962963,0.9253680109977722
XGBoost,0.008175890938727124,0.6467074074074074,0.9249661564826965
XGBoost,0.008212936208046232,0.647062962962963,0.924687922000885
XGBoost,0.008235163369637697,0.6472888888888889,0.9243658185005188
XGBoost,0.008275913165888715,0.6476555555555555,0.9239789247512817
XGBoost,0.008309253908275914,0.6481481481481481,0.9236373901367188
XGBoost,0.008327776542935468,0.6484629629629629,0.9233198165893555
XGBoost,0.00834259465066311,0.6487185185185185,0.9229146242141724
XGBoost,0.008357412758390753,0.6491259259259259,0.9223775863647461
XGBoost,0.008372230866118397,0.6493592592592593,0.9220972061157227
XGBoost,0.008475957620211898,0.6506481481481482,0.9217045307159424
XGBoost,0.008505593835667185,0.6510037037037038,0.9214390516281128
XGBoost,0.00853152552419056,0.6515222222222222,0.9210261702537537
XGBoost,0.008550048158850115,0.6517259259259259,0.9206233620643616
XGBoost,0.008568570793509669,0.6524333333333333,0.9202826023101807
XGBoost,0.008587093428169223,0.6526555555555555,0.9199745655059814
XGBoost,0.00861672964362451,0.6530814814814815,0.9196957349777222
XGBoost,0.008783433355560494,0.6534148148148148,0.9193210601806641
XGBoost,0.008801955990220049,0.6540370370370371,0.9189143180847168
XGBoost,0.008820478624879603,0.6545296296296297,0.9184998869895935
XGBoost,0.008835296732607247,0.6549444444444444,0.9181213974952698
XGBoost,0.008839001259539157,0.6552148148148148,0.9178016781806946
XGBoost,0.0088538193672668,0.6556,0.9174354672431946
XGBoost,0.0088538193672668,0.655862962962963,0.9169918894767761
XGBoost,0.008890864636585907,0.6561444444444444,0.9166021347045898
XGBoost,0.008909387271245461,0.6564555555555556,0.9162775278091431
XGBoost,0.008924205378973106,0.6566481481481482,0.9160135984420776
XGBoost,0.00894643254056457,0.6571074074074074,0.9156152009963989
XGBoost,0.008957546121360302,0.6574925925925926,0.9151940941810608
XGBoost,0.009042750240794251,0.6586407407407407,0.91486656665802
XGBoost,0.009042750240794251,0.6589592592592592,0.9145258069038391
XGBoost,0.009064977402385715,0.6594185185185185,0.9142020344734192
XGBoost,0.009220567533525969,0.6609111111111111,0.9138537645339966
XGBoost,0.009257612802845077,0.6613777777777777,0.9135485291481018
XGBoost,0.009287249018300364,0.6617666666666666,0.9131832122802734
XGBoost,0.009309476179891828,0.6621148148148148,0.9128526449203491
XGBoost,0.009335407868415203,0.6624148148148148,0.9124959111213684
XGBoost,0.009439134622508706,0.6637296296296297,0.9120396971702576
XGBoost,0.009550270430466029,0.6657481481481482,0.9117543697357178
XGBoost,0.009605838334444691,0.6659962962962963,0.9115240573883057
XGBoost,0.009628065496036156,0.6662851851851852,0.9110600352287292
XGBoost,0.00963917907683189,0.6666777777777778,0.9108111262321472
XGBoost,0.009657701711491443,0.666937037037037,0.910415530204773
XGBoost,0.009720678669333927,0.6675222222222222,0.9101791381835938
XGBoost,0.009754019411721123,0.6683370370370371,0.9098680019378662
XGBoost,0.009772542046380677,0.6689,0.9094410538673401
XGBoost,0.009791064681040232,0.669274074074074,0.9090339541435242
XGBoost,0.009813291842631695,0.669525925925926,0.9087201952934265
XGBoost,0.009842928058086982,0.6698444444444445,0.9085553288459778
XGBoost,0.009854041638882715,0.6701259259259259,0.908183217048645
XGBoost,0.009876268800474179,0.6707740740740741,0.9077043533325195
XGBoost,0.009891086908201823,0.6710074074074074,0.9074061512947083
XGBoost,0.009913314069793287,0.6718592592592593,0.9071597456932068
XGBoost,0.009942950285248574,0.6721444444444444,0.9065433144569397
XGBoost,0.009957768392976216,0.6726074074074074,0.9061451554298401
XGBoost,0.009983700081499592,0.6729037037037037,0.9056804776191711
XGBoost,0.009998518189227236,0.6731925925925926,0.9051915407180786
XGBoost,0.010009631770022969,0.6734814814814815,0.9048665761947632
XGBoost,0.010024449877750611,0.6736814814814814,0.9044299721717834
XGBoost,0.01011335852411647,0.6762518518518519,0.9040718674659729
XGBoost,0.010128176631844113,0.6765814814814815,0.9036476612091064
XGBoost,0.010139290212639845,0.6768666666666666,0.9032368659973145
XGBoost,0.01016522190116322,0.6772333333333334,0.9029201865196228
XGBoost,0.010202267170482329,0.6778814814814815,0.9025168418884277
XGBoost,0.010280062236052457,0.6784518518518519,0.9022812247276306
XGBoost,0.010320812032303475,0.6787555555555556,0.901929497718811
XGBoost,0.010406016151737424,0.679137037037037,0.901526927947998
XGBoost,0.010435652367192709,0.679825925925926,0.901247501373291
XGBoost,0.01043935689412462,0.6802925925925926,0.9008362889289856
XGBoost,0.010476402163443728,0.6806222222222222,0.9004645347595215
XGBoost,0.010506038378899015,0.680937037037037,0.9001471400260925
XGBoost,0.0105356745943543,0.6813851851851852,0.8997849822044373
XGBoost,0.010565310809809587,0.6819259259259259,0.8993924260139465
XGBoost,0.01057642439060532,0.6823851851851852,0.899093508720398
XGBoost,0.010606060606060607,0.6826407407407408,0.898758053779602
XGBoost,0.01062087871378825,0.6828407407407407,0.8984808325767517
XGBoost,0.010635696821515892,0.6833925925925926,0.8981216549873352
XGBoost,0.010646810402311625,0.6838222222222222,0.8976962566375732
XGBoost,0.010657923983107357,0.6841222222222222,0.8973801136016846
XGBoost,0.010680151144698821,0.6845222222222223,0.8970635533332825
XGBoost,0.010698673779358375,0.6879814814814815,0.8967472910881042
XGBoost,0.010728309994813662,0.6882222222222222,0.8964835405349731
XGBoost,0.010735719048677483,0.6887333333333333,0.8961572647094727
XGBoost,0.010776468844928503,0.6889592592592593,0.8958799839019775
XGBoost,0.0108098095873157,0.6899925925925926,0.8955090045928955
XGBoost,0.010813514114247611,0.690262962962963,0.8950320482254028
XGBoost,0.010835741275839075,0.6906740740740741,0.8946924805641174
XGBoost,0.01085796843743054,0.6909592592592593,0.8944587707519531
XGBoost,0.010869082018226273,0.6914074074074074,0.8941301107406616
XGBoost,0.010924649922204934,0.6917629629629629,0.8938481211662292
XGBoost,0.010935763503000667,0.6920037037037037,0.8935286998748779
XGBoost,0.010943172556864488,0.6922407407407407,0.8930677771568298
XGBoost,0.010965399718455953,0.6927,0.892592191696167
XGBoost,0.010987626880047417,0.6929518518518518,0.8921779990196228
XGBoost,0.011009854041638883,0.6933851851851852,0.8918263912200928
XGBoost,0.011032081203230347,0.6948037037037037,0.8915722370147705
XGBoost,0.011087649107209009,0.6953666666666667,0.8912869095802307
XGBoost,0.011102467214936653,0.695625925925926,0.8909623026847839
XGBoost,0.011113580795732384,0.6958518518518518,0.8905946612358093
XGBoost,0.01113580795732385,0.6963407407407407,0.8901129961013794
XGBoost,0.011161739645847225,0.6966703703703704,0.8895344734191895
XGBoost,0.011202489442098245,0.6969555555555556,0.8890343308448792
XGBoost,0.011221012076757799,0.6972555555555555,0.888508141040802
XGBoost,0.011239534711417353,0.6975259259259259,0.8879331350326538
XGBoost,0.011258057346076905,0.6979555555555556,0.887488603591919
XGBoost,0.011287693561532192,0.6981740740740741,0.8871774673461914
XGBoost,0.011350670519374675,0.6986333333333333,0.8867672681808472
XGBoost,0.011361784100170408,0.6988703703703704,0.8865635991096497
XGBoost,0.011387715788693784,0.6992888888888888,0.8860976099967957
XGBoost,0.011413647477217159,0.6997740740740741,0.8857157826423645
XGBoost,0.011424761058012892,0.7000777777777778,0.8853776454925537
XGBoost,0.011443283692672446,0.7003333333333334,0.8849879503250122
XGBoost,0.011465510854263911,0.7005370370370371,0.8846578598022461
XGBoost,0.011587760243016967,0.7009777777777778,0.8843563199043274
XGBoost,0.011613691931540342,0.7019481481481481,0.8839928507804871
XGBoost,0.011684077943246647,0.7023185185185186,0.8835964202880859
XGBoost,0.01169519152404238,0.7025703703703704,0.8832553625106812
XGBoost,0.0117026005779062,0.7029481481481481,0.8829156160354614
XGBoost,0.011713714158701934,0.703474074074074,0.8825579881668091
XGBoost,0.011732236793361488,0.703825925925926,0.8822709918022156
XGBoost,0.011750759428021042,0.7041814814814815,0.8819640874862671
XGBoost,0.011769282062680596,0.7044074074074074,0.8816627264022827
XGBoost,0.011780395643476329,0.7047481481481481,0.8814136981964111
XGBoost,0.011813736385863525,0.7049925925925926,0.8809401392936707
XGBoost,0.011910054086093205,0.7055148148148148,0.8805928826332092
XGBoost,0.01193228124768467,0.7057740740740741,0.8802609443664551
XGBoost,0.011950803882344225,0.7059962962962963,0.8799150586128235
XGBoost,0.012010076313254797,0.7065555555555556,0.8795583844184875
XGBoost,0.01202118989405053,0.7069148148148148,0.8792431950569153
XGBoost,0.012043417055641995,0.7071259259259259,0.8788792490959167
XGBoost,0.012087871378824925,0.7077185185185185,0.8785242438316345
XGBoost,0.012365710898718234,0.7097592592592593,0.8781299591064453
XGBoost,0.012391642587241609,0.7100296296296297,0.8777374625205994
XGBoost,0.012421278802696896,0.7102703703703703,0.877295196056366
XGBoost,0.01243980143735645,0.7105148148148148,0.8769276142120361
XGBoost,0.012458324072016004,0.7109111111111112,0.8764631748199463
XGBoost,0.012573164406905238,0.7115444444444444,0.8760127425193787
XGBoost,0.01258798251463288,0.7118592592592593,0.8755736947059631
XGBoost,0.012613914203156256,0.7120814814814814,0.8752713799476624
XGBoost,0.012636141364747722,0.7125814814814815,0.8749228715896606
XGBoost,0.012662073053271097,0.7130185185185185,0.8746539950370789
XGBoost,0.012691709268726384,0.7133481481481482,0.8742331266403198
XGBoost,0.012732459064977402,0.7136629629629629,0.8738521337509155
XGBoost,0.012758390753500779,0.7139518518518518,0.8732159733772278
XGBoost,0.012776913388160331,0.7142,0.8727651238441467
XGBoost,0.012791731495887975,0.7144703703703704,0.8723692893981934
XGBoost,0.012832481292138993,0.7146444444444444,0.8721215724945068
XGBoost,0.0129028673038453,0.7153259259259259,0.8716548681259155
XGBoost,0.012951026153960139,0.7157962962962963,0.8711121678352356
XGBoost,0.012965844261687783,0.7161777777777778,0.8705966472625732
XGBoost,0.013117729865896125,0.7171333333333333,0.8700900673866272
XGBoost,0.013262206416240646,0.7184777777777778,0.8695536255836487
XGBoost,0.013288138104764022,0.7189407407407408,0.8692020177841187
XGBoost,0.013310365266355486,0.7191185185185185,0.8688473105430603
XGBoost,0.013317774320219309,0.7193703703703703,0.8683955669403076
XGBoost,0.013425205601244721,0.719925925925926,0.8678316473960876
XGBoost,0.013443728235904276,0.7203740740740741,0.8674763441085815
XGBoost,0.013532636882270134,0.7210407407407408,0.8669548034667969
XGBoost,0.013717863228865673,0.7226185185185185,0.8663864135742188
XGBoost,0.014288360376379936,0.7251074074074074,0.8659966588020325
XGBoost,0.01439949618433726,0.7253962962962963,0.865517258644104
XGBoost,0.014429132399792547,0.7259111111111111,0.8651978373527527
XGBoost,0.014466177669111655,0.7261407407407408,0.8645347952842712
XGBoost,0.01449210935763503,0.7263592592592593,0.8641582727432251
XGBoost,0.014499518411498852,0.7266481481481482,0.8636313080787659
XGBoost,0.014521745573090316,0.7268592592592592,0.8631749749183655
XGBoost,0.014547677261613693,0.7270962962962964,0.8627327084541321
XGBoost,0.014566199896273247,0.7272592592592593,0.8622338175773621
XGBoost,0.014636585907979551,0.7275703703703704,0.8616129159927368
XGBoost,0.01476994887752834,0.7281851851851852,0.8610511422157288
XGBoost,0.014799585092983627,0.7286925925925926,0.8605194091796875
XGBoost,0.014832925835370823,0.7288888888888889,0.8601147532463074
XGBoost,0.014847743943098466,0.7291888888888889,0.8596678376197815
XGBoost,0.014869971104689931,0.729462962962963,0.8590326905250549
XGBoost,0.014899607320145218,0.7296074074074074,0.8587357401847839
XGBoost,0.014925539008668593,0.7298518518518519,0.8580635786056519
XGBoost,0.014966288804919611,0.7303037037037037,0.8576279282569885
XGBoost,0.014992220493442987,0.730537037037037,0.8572314381599426
XGBoost,0.015270060013336298,0.7312074074074074,0.8568437099456787
XGBoost,0.015303400755723494,0.7314814814814815,0.8561705946922302
XGBoost,0.015388604875157443,0.7321037037037037,0.8558382391929626
XGBoost,0.015407127509816996,0.7323777777777778,0.8554972410202026
XGBoost,0.015440468252204194,0.7327037037037037,0.8549362421035767
XGBoost,0.01547010446765948,0.7329148148148148,0.8544511198997498
XGBoost,0.015484922575387123,0.7331777777777778,0.853978157043457
XGBoost,0.015496036156182856,0.7335592592592592,0.85364830493927
XGBoost,0.015525672371638141,0.7339481481481481,0.8534328937530518
XGBoost,0.015544195006297695,0.7341518518518518,0.8527975678443909
XGBoost,0.015584944802548715,0.7343814814814815,0.8523437976837158
XGBoost,0.015621990071867823,0.7346074074074074,0.8516829609870911
XGBoost,0.015651626287323108,0.7348407407407408,0.8511720895767212
XGBoost,0.015681262502778397,0.735025925925926,0.8506097793579102
XGBoost,0.01569608061050604,0.7354259259259259,0.8499423265457153
XGBoost,0.015722012299029413,0.7356888888888888,0.8493923544883728
XGBoost,0.01574423946062088,0.7360185185185185,0.8489962816238403
XGBoost,0.015777580203008075,0.7362555555555556,0.8485450148582458
XGBoost,0.015792398310735718,0.7367666666666667,0.847893238067627
XGBoost,0.01584055716085056,0.7373,0.8474372625350952
XGBoost,0.015862784322442026,0.7376592592592592,0.846733808517456
XGBoost,0.0158887160109654,0.7380814814814814,0.8461672067642212
XGBoost,0.015910943172556865,0.738337037037037,0.8456811308860779
XGBoost,0.01592946580721642,0.7386592592592592,0.8449907898902893
XGBoost,0.015973920130399347,0.7388777777777777,0.8444087505340576
XGBoost,0.016007260872786547,0.7393481481481482,0.8439152836799622
XGBoost,0.01603319256130992,0.7396296296296296,0.8434666991233826
XGBoost,0.016048010669037563,0.7399703703703704,0.8429914712905884
XGBoost,0.016066533303697117,0.7402555555555556,0.8424704670906067
XGBoost,0.016096169519152406,0.7405666666666667,0.8418247103691101
XGBoost,0.016110987626880048,0.7407592592592592,0.8411170244216919
XGBoost,0.016148032896199156,0.7409296296296296,0.840658962726593
XGBoost,0.01620360080017782,0.7411518518518518,0.8401558995246887
XGBoost,0.016222123434837372,0.7414037037037037,0.8395709991455078
XGBoost,0.016299918500407497,0.7420333333333333,0.8389099836349487
XGBoost,0.016336963769726605,0.7422925925925926,0.8383721113204956
XGBoost,0.016462917685411572,0.7429666666666667,0.8377504348754883
XGBoost,0.016481440320071126,0.7432703703703704,0.8372196555137634
XGBoost,0.01655182633177743,0.7435444444444445,0.8366537690162659
XGBoost,0.01658146254723272,0.7438074074074074,0.8361388444900513
XGBoost,0.016614803289619916,0.7440074074074075,0.8356950283050537
XGBoost,0.016640734978143293,0.744225925925926,0.8350105881690979
XGBoost,0.016662962139734755,0.7445962962962963,0.8342734575271606
XGBoost,0.016714825516781506,0.7448555555555556,0.8338226675987244
XGBoost,0.016781507001555902,0.7454074074074074,0.8334246277809143
XGBoost,0.01682596132473883,0.7456518518518519,0.8328874111175537
XGBoost,0.016837074905534564,0.7458370370370371,0.8324697017669678
XGBoost,0.016881529228717492,0.746237037037037,0.8319273591041565
XGBoost,0.016925983551900423,0.7465,0.831469714641571
XGBoost,0.016937097132696154,0.7467481481481482,0.8308643698692322
XGBoost,0.016977846928947174,0.7469111111111111,0.8303554654121399
XGBoost,0.01701118767133437,0.7476333333333334,0.8297677040100098
XGBoost,0.017037119359857748,0.7479185185185185,0.8292984366416931
XGBoost,0.017074164629176856,0.7483185185185185,0.8288130164146423
XGBoost,0.017126028006223606,0.7488555555555556,0.8281905651092529
XGBoost,0.017163073275542715,0.749,0.8277707695960999
XGBoost,0.017200118544861823,0.7491444444444444,0.8273983597755432
XGBoost,0.01734829962213825,0.7498555555555556,0.8270702362060547
XGBoost,0.017440912795436022,0.7505259259259259,0.8266755938529968
XGBoost,0.01748166259168704,0.7508444444444444,0.8263317346572876
XGBoost,0.017500185226346596,0.7510777777777777,0.8256770372390747
XGBoost,0.017544639549529527,0.7515666666666667,0.8250550031661987
XGBoost,0.017592798399644366,0.7519074074074074,0.8244670629501343
XGBoost,0.01762243461509965,0.7520777777777777,0.8238580226898193
XGBoost,0.017655775357486848,0.7522888888888889,0.82329922914505
XGBoost,0.017681707046010225,0.7526111111111111,0.8228505849838257
XGBoost,0.017722456842261244,0.7528407407407407,0.8221902251243591
XGBoost,0.017789138327035638,0.7531962962962963,0.82166588306427
XGBoost,0.01785211528487812,0.7538185185185186,0.8210927844047546
XGBoost,0.017889160554197227,0.754325925925926,0.8203704953193665
XGBoost,0.017974364673631178,0.7548222222222222,0.8196176290512085
XGBoost,0.018015114469882194,0.755,0.8189946413040161
XGBoost,0.018063273319997037,0.7552185185185185,0.8180856704711914
XGBoost,0.01808920500852041,0.7554592592592593,0.8175650835037231
XGBoost,0.018133659331703342,0.7556185185185185,0.8165074586868286
XGBoost,0.01818181818181818,0.7557814814814815,0.8158776164054871
XGBoost,0.018192931762613915,0.7560185185185185,0.8151656985282898
XGBoost,0.018278135882047863,0.7571037037037037,0.8145937323570251
XGBoost,0.018307772097503148,0.7573148148148148,0.8140023946762085
XGBoost,0.018333703786026525,0.7576518518518518,0.8134312033653259
XGBoost,0.018389271690005187,0.7580296296296296,0.8126766681671143
XGBoost,0.018433726013188115,0.7584037037037037,0.812083899974823
XGBoost,0.01846706675557531,0.7585666666666666,0.811357855796814
XGBoost,0.01853745276728162,0.7587888888888888,0.8106429576873779
XGBoost,0.018604134252056013,0.7590962962962963,0.8098462820053101
XGBoost,0.018663406682966587,0.7594,0.8090899586677551
XGBoost,0.01868563384455805,0.7598925925925926,0.8084943294525146
XGBoost,0.01874120174853671,0.7603,0.8075518608093262
XGBoost,0.018804178706379196,0.7617814814814815,0.8067745566368103
XGBoost,0.01883011039490257,0.7620296296296296,0.8060372471809387
XGBoost,0.018889382825813143,0.7623518518518518,0.805436909198761
XGBoost,0.01891531451433652,0.7627703703703703,0.8046426177024841
XGBoost,0.018930132622064163,0.7631259259259259,0.8042037487030029
XGBoost,0.018959768837519448,0.7632814814814814,0.8034313917160034
XGBoost,0.018993109579906645,0.7634555555555556,0.8025774955749512
XGBoost,0.0190449729569534,0.7637777777777778,0.8018339276313782
XGBoost,0.01906349559161295,0.7640370370370371,0.8011634349822998
XGBoost,0.019100540860932057,0.7642851851851852,0.8001710772514343
XGBoost,0.019137586130251166,0.7649259259259259,0.7994304299354553
XGBoost,0.019167222345706454,0.7652,0.7987734079360962
XGBoost,0.019222790249685116,0.7655666666666666,0.7979504466056824
XGBoost,0.019267244572868044,0.7659111111111111,0.7972230315208435
XGBoost,0.01933392605764244,0.7661592592592592,0.7965983748435974
XGBoost,0.019404312069348745,0.7665037037037037,0.7960555553436279
XGBoost,0.019437652811735942,0.7667037037037037,0.7950848340988159
XGBoost,0.01948210713491887,0.7670518518518519,0.7942242622375488
XGBoost,0.019508038823442247,0.7673814814814814,0.7932005524635315
XGBoost,0.019552493146625174,0.7675518518518518,0.7924385666847229
XGBoost,0.019582129362080463,0.7677777777777778,0.791524350643158
XGBoost,0.019596947469808106,0.767974074074074,0.7910487055778503
XGBoost,0.019622879158331483,0.7684074074074074,0.7906313538551331
XGBoost,0.019659924427650587,0.7687518518518518,0.789857804775238
XGBoost,0.01979699192413129,0.7698185185185186,0.7891861200332642
XGBoost,0.019841446247314216,0.7700074074074074,0.7885332703590393
XGBoost,0.019885900570497148,0.7702740740740741,0.7877498269081116
XGBoost,0.01994146847447581,0.7704333333333333,0.7871891260147095
XGBoost,0.019997036378454472,0.7706333333333333,0.7865926027297974
XGBoost,0.020048899755501223,0.7707851851851852,0.7858303189277649
XGBoost,0.020078535970956508,0.7710296296296296,0.7850373983383179
XGBoost,0.020241535155960583,0.7715148148148148,0.7839296460151672
XGBoost,0.02026376231755205,0.7717259259259259,0.7829177379608154
XGBoost,0.020304512113803068,0.772,0.7821969389915466
XGBoost,0.020323034748462622,0.7723703703703704,0.7815874218940735
XGBoost,0.02036378454471364,0.7726296296296297,0.780623197555542
XGBoost,0.020386011706305104,0.7728037037037037,0.780040979385376
XGBoost,0.02040823886789657,0.7730407407407407,0.779531717300415
XGBoost,0.02046010224494332,0.7732629629629629,0.7787458896636963
XGBoost,0.020497147514262428,0.7734814814814814,0.7777963280677795
XGBoost,0.02078610061495147,0.7741,0.777410626411438
XGBoost,0.020823145884270578,0.7744555555555556,0.7766128182411194
XGBoost,0.021034303919389492,0.7748518518518519,0.775536060333252
XGBoost,0.021330666073942357,0.7759037037037037,0.7750420570373535
XGBoost,0.021367711343261465,0.7762185185185185,0.7737288475036621
XGBoost,0.021419574720308216,0.776437037037037,0.7727413177490234
XGBoost,0.02143809735496777,0.7768185185185185,0.7718180418014526
XGBoost,0.021460324516559236,0.7770555555555556,0.7712371945381165
XGBoost,0.02151959694746981,0.7773148148148148,0.7705039978027344
XGBoost,0.021593687486108026,0.7776888888888889,0.7697115540504456
XGBoost,0.02204193524486923,0.7784703703703704,0.7689674496650696
XGBoost,0.022164184633622287,0.7789185185185186,0.7685229778289795
XGBoost,0.022564273542268653,0.7796074074074074,0.7679916024208069
XGBoost,0.022619841446247315,0.7798333333333334,0.7672960162162781
XGBoost,0.022708750092613174,0.780062962962963,0.7663261294364929
XGBoost,0.022734681781136547,0.7804111111111112,0.7658628821372986
XGBoost,0.022949544343187377,0.7813111111111111,0.7652817368507385
XGBoost,0.022997703193302216,0.7816703703703703,0.7646282315254211
XGBoost,0.0230273394087575,0.7820518518518519,0.7634148001670837
XGBoost,0.023060680151144698,0.782437037037037,0.7628446817398071
XGBoost,0.02321256575535304,0.7827148148148149,0.7622671723365784
XGBoost,0.023397792101948582,0.7831296296296296,0.7614765167236328
XGBoost,0.02344224642513151,0.7833777777777777,0.7608342170715332
XGBoost,0.023605245610135585,0.7840777777777778,0.7602958083152771
XGBoost,0.0236793361487738,0.7843407407407408,0.7598455548286438
XGBoost,0.02372749499888864,0.7845851851851852,0.759192943572998
XGBoost,0.02376083574127584,0.7847888888888889,0.7584469318389893
XGBoost,0.023794176483663037,0.7850333333333334,0.7578436136245728
XGBoost,0.023823812699118322,0.7852333333333333,0.7570680975914001
XGBoost,0.0238497443876417,0.7854111111111111,0.7560334801673889
XGBoost,0.023879380603096984,0.7856222222222222,0.7548961043357849
XGBoost,0.023946062087871377,0.7860555555555555,0.7537521123886108
XGBoost,0.023986811884122397,0.7863333333333333,0.7529429793357849
XGBoost,0.024020152626509594,0.7866777777777778,0.7517902851104736
XGBoost,0.02414610654219456,0.7873,0.7508406043052673
XGBoost,0.024479513966066534,0.7881592592592592,0.7500563263893127
XGBoost,0.02450915018152182,0.7884740740740741,0.7491982579231262
XGBoost,0.0247425353782322,0.7890222222222222,0.7485883235931396
XGBoost,0.024831444024598057,0.7893037037037037,0.7477549910545349
XGBoost,0.024864784766985257,0.7894740740740741,0.7471535801887512
XGBoost,0.025179669556197673,0.7901037037037038,0.7463384866714478
XGBoost,0.025227828406312512,0.7902888888888889,0.745283842086792
XGBoost,0.02540194117211232,0.7907,0.7446447014808655
XGBoost,0.02568348521893754,0.7916703703703704,0.7439718842506409
XGBoost,0.02571312143439283,0.7919111111111111,0.743173360824585
XGBoost,0.025850188930873527,0.792974074074074,0.7423240542411804
XGBoost,0.026128028450766838,0.7935666666666666,0.7407780885696411
XGBoost,0.026157664666222123,0.793762962962963,0.7400202751159668
XGBoost,0.02669111654441728,0.7951074074074074,0.7390815019607544
XGBoost,0.026717048232940653,0.7952814814814815,0.7381433248519897
XGBoost,0.026805956879306512,0.7959888888888889,0.7375483512878418
XGBoost,0.026865229310217086,0.7964185185185185,0.7369353175163269
XGBoost,0.026917092687263836,0.7966185185185185,0.7360295057296753
XGBoost,0.026957842483514856,0.7968148148148149,0.7355644702911377
XGBoost,0.02697636511817441,0.7969740740740741,0.7347760200500488
XGBoost,0.028784174260946878,0.8017814814814814,0.7340864539146423
XGBoost,0.02883974216492554,0.802037037037037,0.7330706715583801
XGBoost,0.029102763577091205,0.802962962962963,0.7324841618537903
XGBoost,0.029143513373342225,0.8031888888888888,0.731775164604187
XGBoost,0.02931021708527821,0.8036962962962962,0.7304681539535522
XGBoost,0.02946210268948655,0.8042074074074074,0.7294416427612305
XGBoost,0.029610283766762984,0.8048518518518518,0.7281683087348938
XGBoost,0.04526191005408609,0.8452444444444445,0.7275508046150208
XGBoost,0.04546195450840928,0.8457555555555556,0.726847767829895
XGBoost,0.04559161295102616,0.8465703703703704,0.7257564663887024
XGBoost,0.04646217678002519,0.8490925925925926,0.7250174880027771
XGBoost,0.04650663110320812,0.8492555555555555,0.724233090877533
XGBoost,0.046654812180484555,0.8499333333333333,0.7235329747200012
XGBoost,0.04682522041935245,0.8505370370370371,0.722881019115448
XGBoost,0.04699933318515226,0.8510629629629629,0.7222222685813904
XGBoost,0.047084537304586206,0.8514,0.7213588356971741
XGBoost,0.04711417352004149,0.8515925925925926,0.7207220792770386
XGBoost,0.04718455953174779,0.8518814814814815,0.720014750957489
XGBoost,0.0472549455434541,0.8520296296296296,0.7188607454299927
XGBoost,0.04727717270504556,0.8521925925925926,0.7180793285369873
XGBoost,0.0473920130399348,0.852562962962963,0.717518150806427
XGBoost,0.04767355708676002,0.8533148148148149,0.7167314291000366
XGBoost,0.04771060235607913,0.8534555555555555,0.7159247994422913
XGBoost,0.04775505667926206,0.8535777777777778,0.715374767780304
XGBoost,0.04814032748018078,0.8545814814814815,0.7143521904945374
XGBoost,0.04858487071201008,0.8558222222222223,0.7136141657829285
XGBoost,0.048844187597243835,0.8560037037037037,0.7127051949501038
XGBoost,0.04890716455508631,0.8561074074074074,0.712158203125
XGBoost,0.04898125509372453,0.8563481481481482,0.7111681699752808
XGBoost,0.04904052752463511,0.8565111111111111,0.7098512649536133
XGBoost,0.04908127732088612,0.8566592592592592,0.7087094187736511
XGBoost,0.049125731644069054,0.8568629629629629,0.7077528238296509
XGBoost,0.04916648144032007,0.8570518518518518,0.7070664167404175
XGBoost,0.049240571978958286,0.8571888888888889,0.7063190340995789
XGBoost,0.04930354893680077,0.8576222222222222,0.705608069896698
XGBoost,0.04937763947543899,0.8577814814814815,0.7048344612121582
XGBoost,0.049462843594872935,0.8580518518518518,0.70418781042099
XGBoost,0.04976291027635771,0.8589074074074075,0.7031431794166565
XGBoost,0.049833296288064016,0.8591222222222222,0.7022511959075928
XGBoost,0.049892568718974586,0.8593703703703703,0.7016561627388
XGBoost,0.049929613988293695,0.8595259259259259,0.7007731795310974
XGBoost,0.049974068311476626,0.8597,0.6998687386512756
XGBoost,0.05001852263465956,0.860025925925926,0.6991914510726929
XGBoost,0.05002593168852337,0.8602814814814815,0.6985898017883301
XGBoost,0.050070386011706304,0.8606481481481482,0.6975685358047485
XGBoost,0.050207453508187005,0.8609814814814815,0.6965279579162598
XGBoost,0.05025190783136994,0.8612185185185185,0.6957899332046509
XGBoost,0.05027783951989331,0.8614111111111111,0.6950168013572693
XGBoost,0.05055938356671853,0.8619370370370371,0.6945933103561401
XGBoost,0.05058901978217382,0.8622,0.6937124133110046
XGBoost,0.0506519967400163,0.8627111111111111,0.6929763555526733
XGBoost,0.05112617618730088,0.8636407407407407,0.6920660138130188
XGBoost,0.051337334222419796,0.8638555555555556,0.691493570804596
XGBoost,0.05173001407720234,0.8646148148148148,0.6906276941299438
XGBoost,0.05180780914277247,0.8649074074074075,0.689817488193512
XGBoost,0.052070830554938136,0.8657814814814815,0.6888013482093811
XGBoost,0.05214121656664444,0.8659851851851852,0.6878333687782288
XGBoost,0.0521967844706231,0.866237037037037,0.6869432926177979
XGBoost,0.05222642068607839,0.8664296296296297,0.6862227916717529
XGBoost,0.052526487367563164,0.8671222222222222,0.6854887008666992
XGBoost,0.05269689560643106,0.8674518518518518,0.6847710013389587
XGBoost,0.052737645402682075,0.8676814814814815,0.6838212013244629
XGBoost,0.052922871749277615,0.8681777777777778,0.6829244494438171
XGBoost,0.05298955323405201,0.868537037037037,0.6821228265762329
XGBoost,0.05383788990145958,0.870037037037037,0.6812236905097961
XGBoost,0.05389345780543824,0.8703481481481481,0.6804139614105225
XGBoost,0.054015707194191305,0.8705592592592593,0.6795787215232849
XGBoost,0.05409720678669334,0.8707444444444444,0.6785576343536377
XGBoost,0.054182410906127285,0.8710740740740741,0.6779109835624695
XGBoost,0.05456768170704601,0.8717777777777778,0.6772541403770447
XGBoost,0.05464918129954805,0.8719962962962963,0.6762623190879822
XGBoost,0.05468622656886715,0.8722,0.6755178570747375
XGBoost,0.05475290805364155,0.8725148148148149,0.6746764183044434
XGBoost,0.054915907238645624,0.8728111111111111,0.673827588558197
XGBoost,0.05510854263910499,0.8734222222222222,0.6729035973548889
XGBoost,0.05519004223160703,0.8736185185185186,0.6721150279045105
XGBoost,0.055238201081721866,0.8737444444444444,0.6713538765907288
XGBoost,0.05532340520115581,0.8740148148148148,0.6707112193107605
XGBoost,0.05537526857820256,0.8743814814814814,0.6698138117790222
XGBoost,0.05544565458990887,0.8748333333333334,0.6687305569648743
XGBoost,0.055530858709342816,0.875,0.6680260300636292
XGBoost,0.0556642216788916,0.8756555555555555,0.6672490239143372
XGBoost,0.0561087649107209,0.8764851851851851,0.6664644479751587
XGBoost,0.056219900718678224,0.8767222222222222,0.6658297181129456
XGBoost,0.05637549084981848,0.8770518518518519,0.6652986407279968
XGBoost,0.056405127065273765,0.8772074074074074,0.6646324396133423
XGBoost,0.05652737645402682,0.8776333333333334,0.6641545295715332
XGBoost,0.05680892050085204,0.8781407407407408,0.6628541946411133
XGBoost,0.05685707935096688,0.878337037037037,0.6619786620140076
XGBoost,0.05690153367414981,0.8786407407407407,0.6613069176673889
XGBoost,0.056997851374379495,0.8789666666666667,0.6606476902961731
XGBoost,0.05706453285915389,0.8791555555555556,0.6598928570747375
XGBoost,0.05714232792472401,0.8794888888888889,0.6592710018157959
XGBoost,0.05721641846336223,0.8798074074074074,0.6584601998329163
XGBoost,0.057442394606208785,0.8802481481481481,0.6575711965560913
XGBoost,0.05756464399496184,0.8805592592592593,0.6568995714187622
XGBoost,0.05774987034155738,0.8810407407407408,0.656200647354126
XGBoost,0.05779432466474031,0.8811444444444444,0.6554504036903381
XGBoost,0.05807216418463362,0.8815444444444445,0.6547380685806274
XGBoost,0.058420389716233236,0.8821703703703704,0.654164731502533
XGBoost,0.05851670741646292,0.8825444444444445,0.6536000967025757
XGBoost,0.05856857079350967,0.8827925925925926,0.6526519060134888
XGBoost,0.05862043417055642,0.8829962962962963,0.6518167853355408
XGBoost,0.058653774912943615,0.8831222222222223,0.6507763266563416
XGBoost,0.059109431725568644,0.8838592592592592,0.6499832272529602
XGBoost,0.059198340371934506,0.884,0.6488113403320312
XGBoost,0.059290953545232276,0.8841888888888889,0.6479268074035645
XGBoost,0.059353930503074755,0.8843296296296296,0.6471647620201111
XGBoost,0.059435430095576794,0.884537037037037,0.6463726162910461
XGBoost,0.05950952063421501,0.8846888888888889,0.645968496799469
XGBoost,0.05954656590353412,0.8848703703703704,0.6450310349464417
XGBoost,0.05965770171149144,0.8852555555555556,0.6441243290901184
XGBoost,0.05973920130399348,0.8854407407407408,0.6432086825370789
XGBoost,0.060239312439801435,0.8859777777777778,0.6423520445823669
XGBoost,0.06034674372082685,0.8862703703703704,0.6414424777030945
XGBoost,0.06039119804400978,0.8864333333333333,0.6405190825462341
XGBoost,0.060424538786396975,0.8865962962962963,0.6398972272872925
XGBoost,0.06083574127583907,0.8872444444444444,0.6391454935073853
XGBoost,0.06086908201822627,0.887462962962963,0.6383886933326721
XGBoost,0.06092835444913684,0.8876740740740741,0.6372994780540466
XGBoost,0.06109135363414092,0.8882148148148148,0.6361770033836365
XGBoost,0.06126917092687264,0.8886481481481482,0.6350992321968079
XGBoost,0.061309920723123655,0.8887888888888889,0.6342883110046387
XGBoost,0.0613951248425576,0.8896,0.6336999535560608
XGBoost,0.061424761058012894,0.8898111111111111,0.6329289674758911
XGBoost,0.06159516929688079,0.8900925925925925,0.6320212483406067
XGBoost,0.061658146254723274,0.8902481481481481,0.631230354309082
XGBoost,0.06172112321256575,0.8904296296296297,0.6304583549499512
XGBoost,0.06213232570200786,0.8910407407407407,0.6296263337135315
XGBoost,0.0626991183225902,0.8919296296296296,0.628838837146759
XGBoost,0.06275098169963696,0.8920444444444444,0.6281445622444153
XGBoost,0.06279173149588797,0.8922,0.6271512508392334
XGBoost,0.06288434466918574,0.8925185185185185,0.6259283423423767
XGBoost,0.06302882121953027,0.8928296296296296,0.6249390244483948
XGBoost,0.0630769800696451,0.8930518518518519,0.623763918876648
XGBoost,0.06311772986589613,0.8932222222222223,0.6222231388092041
XGBoost,0.06317329776987479,0.8933518518518518,0.6212706565856934
XGBoost,0.06339927391272135,0.8937851851851852,0.620101809501648
XGBoost,0.06346595539749574,0.8939259259259259,0.6194765567779541
XGBoost,0.06358079573238497,0.8941185185185185,0.6184471845626831
XGBoost,0.06363265910943172,0.8942666666666667,0.6175661087036133
XGBoost,0.06371045417500185,0.8945,0.6168873310089111
XGBoost,0.06394013484478032,0.8948814814814815,0.6155877709388733
XGBoost,0.06399570274875899,0.8951222222222223,0.6144961714744568
XGBoost,0.06409202044898867,0.8955222222222222,0.6137534976005554
XGBoost,0.06413277024523968,0.895662962962963,0.6129740476608276
XGBoost,0.06425501963399274,0.8959111111111111,0.6114753484725952
XGBoost,0.06439949618433725,0.8961074074074074,0.6108455657958984
XGBoost,0.0645143365192265,0.8963333333333333,0.6095760464668274
XGBoost,0.06460694969252427,0.8967555555555555,0.6089379191398621
XGBoost,0.06467363117729866,0.8969925925925926,0.6078410744667053
XGBoost,0.06495147069719197,0.8975851851851852,0.6068675518035889
XGBoost,0.06507372008594503,0.8978888888888888,0.6060317754745483
XGBoost,0.06510706082833222,0.898062962962963,0.6051740646362305
XGBoost,0.0651663332592428,0.8981851851851852,0.6043050289154053
XGBoost,0.06528858264799585,0.8984555555555556,0.6034132242202759
XGBoost,0.06538860487515744,0.8987185185185185,0.6023091673851013
XGBoost,0.06546639994072757,0.8989296296296296,0.6017141938209534
XGBoost,0.06555160406016151,0.8992592592592593,0.6006916165351868
XGBoost,0.07102689486552567,0.9069111111111111,0.5996752977371216
XGBoost,0.07109728087723198,0.9070777777777778,0.5988889932632446
XGBoost,0.07118618952359784,0.9072555555555556,0.5981042981147766
XGBoost,0.07123064384678077,0.907425925925926,0.5975281596183777
XGBoost,0.07128991627769134,0.9076555555555555,0.5969138145446777
XGBoost,0.07191968585611618,0.9088888888888889,0.5957254767417908
XGBoost,0.07224568422612432,0.9094074074074074,0.5944759845733643
XGBoost,0.0723049566570349,0.909537037037037,0.5935611128807068
XGBoost,0.07234941098021783,0.9096777777777778,0.5925955772399902
XGBoost,0.07245313773431133,0.9098296296296297,0.5913455486297607
XGBoost,0.07253463732681337,0.9099851851851852,0.5901876091957092
XGBoost,0.07260502333851968,0.9101370370370371,0.5890926718711853
XGBoost,0.0726494776617026,0.9103777777777777,0.5884645581245422
XGBoost,0.07277913610431948,0.9106481481481481,0.5869733691215515
XGBoost,0.07307920278580425,0.9111777777777778,0.5857586860656738
XGBoost,0.0731644069052382,0.9113296296296296,0.5844873189926147
XGBoost,0.07323849744387642,0.9115296296296296,0.5835826396942139
XGBoost,0.07333111061717419,0.9116444444444445,0.5823956727981567
XGBoost,0.07339779210194858,0.911737037037037,0.581337571144104
XGBoost,0.07351263243683781,0.911937037037037,0.5805083513259888
XGBoost,0.07356449581388456,0.9121222222222222,0.5796539187431335
XGBoost,0.07364599540638661,0.9123629629629629,0.5788784027099609
XGBoost,0.07372379047195673,0.9125111111111112,0.578271746635437
XGBoost,0.07382381269911832,0.9127148148148149,0.577093243598938
XGBoost,0.07386085796843743,0.9128888888888889,0.5755512118339539
XGBoost,0.07396088019559902,0.9130888888888888,0.574913740158081
XGBoost,0.07404608431503297,0.9132629629629629,0.5738329291343689
XGBoost,0.0741609246499222,0.9134666666666666,0.572811484336853
XGBoost,0.07426835593094762,0.9135814814814814,0.5716688632965088
XGBoost,0.0744017189004964,0.9137962962962963,0.57035893201828
XGBoost,0.07448321849299844,0.9140777777777778,0.5693760514259338
XGBoost,0.07451285470845373,0.9142,0.5680504441261292
XGBoost,0.0745721271393643,0.9143148148148148,0.5668385624885559
XGBoost,0.07464621767800252,0.9145074074074074,0.5654176473617554
XGBoost,0.07472030821664073,0.9146444444444445,0.5640090703964233
XGBoost,0.07483514855152996,0.9148703703703703,0.562706708908081
XGBoost,0.07492405719789583,0.9150518518518519,0.5613905787467957
XGBoost,0.07503148847892124,0.9152,0.5601493120193481
XGBoost,0.07516114692153812,0.915425925925926,0.5590893626213074
XGBoost,0.07523523746017634,0.9155666666666666,0.5576171278953552
XGBoost,0.07527598725642735,0.9156925925925926,0.5564603209495544
XGBoost,0.07537230495665703,0.9158925925925926,0.5555633306503296
XGBoost,0.07547232718381863,0.9160148148148148,0.5544460415840149
XGBoost,0.07553530414166111,0.9162370370370371,0.553292989730835
XGBoost,0.0757020078535971,0.9164148148148148,0.5522953271865845
XGBoost,0.07581314366155442,0.9165333333333333,0.5513793230056763
XGBoost,0.07585018893087353,0.9167037037037037,0.5501328110694885
XGBoost,0.07592057494257984,0.9168888888888889,0.5485213994979858
XGBoost,0.0759761428465585,0.9170481481481482,0.5475330352783203
XGBoost,0.07609098318144773,0.9171851851851852,0.5461618304252625
XGBoost,0.07649107209009409,0.9176666666666666,0.5448095202445984
XGBoost,0.07658368526339186,0.9177962962962963,0.543587327003479
XGBoost,0.07663554864043862,0.9179444444444445,0.542725682258606
XGBoost,0.0766985255982811,0.9180777777777778,0.5414174199104309
XGBoost,0.0767652070830555,0.9181777777777778,0.5401413440704346
XGBoost,0.07685041120248944,0.9183703703703704,0.5389489531517029
XGBoost,0.07690227457953619,0.918537037037037,0.5379570722579956
XGBoost,0.07817663184411351,0.9201962962962963,0.5369046330451965
XGBoost,0.07829517670593465,0.9203037037037037,0.5357716083526611
XGBoost,0.07832481292138994,0.9204703703703704,0.5341838002204895
XGBoost,0.07840260798696007,0.9205555555555556,0.5331125855445862
XGBoost,0.07846188041787064,0.920725925925926,0.5324665307998657
XGBoost,0.0785507890642365,0.9209,0.5310686826705933
XGBoost,0.07863599318367044,0.9210666666666667,0.5301703810691833
XGBoost,0.07872860635696821,0.9211925925925926,0.5294495224952698
XGBoost,0.07882121953026598,0.9213444444444444,0.5285130143165588
XGBoost,0.0789323553382233,0.9214481481481481,0.5276027917861938
XGBoost,0.07898421871527006,0.9215962962962962,0.5266022682189941
XGBoost,0.07905830925390828,0.9217555555555556,0.5253834128379822
XGBoost,0.07921019485811662,0.921937037037037,0.5244841575622559
XGBoost,0.07929539897755057,0.9220777777777778,0.5235577821731567
XGBoost,0.07932873971993776,0.9224037037037037,0.5226438641548157
XGBoost,0.07994369119063495,0.9228703703703703,0.5211213231086731
XGBoost,0.07998814551381789,0.9229888888888889,0.5200628042221069
XGBoost,0.08003630436393272,0.9231777777777778,0.5189322233200073
XGBoost,0.08013262206416241,0.9232703703703704,0.5170512199401855
XGBoost,0.08026228050677929,0.9234222222222223,0.5156949162483215
XGBoost,0.0806808920500852,0.9236222222222222,0.5145077705383301
XGBoost,0.08078832333111062,0.9238740740740741,0.5133307576179504
XGBoost,0.08092539082759131,0.9240777777777778,0.5120960474014282
XGBoost,0.08101429947395718,0.9242074074074074,0.5108258128166199
XGBoost,0.08106986737793584,0.9243925925925925,0.509726881980896
XGBoost,0.08113284433577832,0.9245333333333333,0.5090160369873047
XGBoost,0.08121434392828036,0.9246296296296296,0.5080335736274719
XGBoost,0.08127361635919093,0.9248666666666666,0.5068529844284058
XGBoost,0.0813291842631696,0.9249888888888889,0.5059918165206909
XGBoost,0.08143661554419501,0.9251222222222222,0.5053859353065491
XGBoost,0.08151441060976514,0.9252518518518519,0.5046620965003967
XGBoost,0.08158850114840335,0.9253333333333333,0.5035532712936401
XGBoost,0.08168481884863303,0.9254592592592593,0.5024882555007935
XGBoost,0.08176631844113506,0.9255851851851852,0.5014719367027283
XGBoost,0.0819515447877306,0.9257222222222222,0.5005000829696655
XGBoost,0.08201081721864117,0.9258888888888889,0.49928396940231323
XGBoost,0.08213677113432614,0.9260444444444444,0.4977167546749115
XGBoost,0.08227013410387493,0.9261851851851852,0.4968247711658478
XGBoost,0.0823257020078536,0.9262888888888889,0.49548202753067017
XGBoost,0.08244424686967475,0.9264444444444444,0.49372726678848267
XGBoost,0.08256279173149589,0.9265555555555556,0.49297845363616943
XGBoost,0.08265910943172557,0.9266888888888889,0.4917620122432709
XGBoost,0.08274801807809143,0.9268111111111111,0.4908813238143921
XGBoost,0.08406312513891975,0.9287111111111112,0.48883044719696045
XGBoost,0.08420389716233237,0.9289037037037037,0.48754751682281494
XGBoost,0.08432244202415351,0.9289851851851851,0.48634612560272217
XGBoost,0.08440394161665556,0.9291,0.485355019569397
XGBoost,0.08449285026302142,0.9292666666666667,0.48465487360954285
XGBoost,0.08458175890938727,0.9294074074074075,0.483428955078125
XGBoost,0.08467437208268504,0.9294814814814815,0.4820583760738373
XGBoost,0.08480032599837001,0.9295888888888889,0.4808144271373749
XGBoost,0.08487441653700822,0.9297037037037037,0.47937336564064026
XGBoost,0.08504482477587612,0.9298851851851851,0.47814640402793884
XGBoost,0.08514855152996963,0.9299777777777778,0.4768901765346527
XGBoost,0.08533377787656517,0.9301814814814815,0.4754723310470581
XGBoost,0.08539305030747574,0.9303592592592592,0.474447101354599
XGBoost,0.08546343631918205,0.9305666666666667,0.47347021102905273
XGBoost,0.0856190264503223,0.9306703703703704,0.47204214334487915
XGBoost,0.08580795732384974,0.9308,0.47065064311027527
XGBoost,0.08593761576646662,0.9309111111111111,0.4694937467575073
XGBoost,0.08604134252056013,0.9310148148148149,0.46842148900032043
XGBoost,0.08618952359783656,0.9311407407407407,0.46749937534332275
XGBoost,0.08628213677113433,0.9312222222222222,0.4661467969417572
XGBoost,0.0863414092020449,0.9313666666666667,0.46424826979637146
XGBoost,0.08642661332147884,0.9314592592592592,0.46343114972114563
XGBoost,0.08650811291398089,0.9315555555555556,0.4622507691383362
XGBoost,0.08663036230273394,0.931625925925926,0.46106868982315063
XGBoost,0.08670445284137215,0.9317703703703704,0.45984116196632385
XGBoost,0.08682299770319331,0.9319,0.45874685049057007
XGBoost,0.08695265614581019,0.9319851851851851,0.4575496017932892
XGBoost,0.08700081499592502,0.9321185185185186,0.45627734065055847
XGBoost,0.08704526931910796,0.9322111111111111,0.4551700949668884
XGBoost,0.08710454175001853,0.9324259259259259,0.45413661003112793
XGBoost,0.08719345039638438,0.9326185185185185,0.45312437415122986
XGBoost,0.08723790471956731,0.9328074074074074,0.45216527581214905
XGBoost,0.08735644958138845,0.9330740740740741,0.4510038197040558
XGBoost,0.08746017633548196,0.9332962962962963,0.4493865966796875
XGBoost,0.0875453804549159,0.9335,0.4479401707649231
XGBoost,0.08759353930503075,0.933637037037037,0.44673416018486023
XGBoost,0.08769356153219234,0.9337814814814814,0.4457490146160126
XGBoost,0.0877824701785582,0.9338777777777778,0.4441743791103363
XGBoost,0.0878491516633326,0.9340333333333334,0.443211168050766
XGBoost,0.08791212862117508,0.9341444444444444,0.44165390729904175
XGBoost,0.08796028747128992,0.9342666666666667,0.4405369162559509
XGBoost,0.08803437800992814,0.9343814814814815,0.43884479999542236
XGBoost,0.08815662739868119,0.9345037037037037,0.43779850006103516
XGBoost,0.0889493961621101,0.9350259259259259,0.4365651309490204
XGBoost,0.08901237311995258,0.9351481481481482,0.4346316456794739
XGBoost,0.08910128176631844,0.9352925925925926,0.43316975235939026
XGBoost,0.08917907683188857,0.9354185185185185,0.43219271302223206
XGBoost,0.08994961843372601,0.9365259259259259,0.43076521158218384
XGBoost,0.09008668593020672,0.9366814814814814,0.42945751547813416
XGBoost,0.09016448099577684,0.9373037037037037,0.42805835604667664
XGBoost,0.09029784396532563,0.9374074074074074,0.4264819920063019
XGBoost,0.09040157071941914,0.9374703703703704,0.4252679646015167
XGBoost,0.09054975179669557,0.9375518518518519,0.4242628514766693
XGBoost,0.09067941023931243,0.9377,0.42269495129585266
XGBoost,0.09079425057420168,0.9380555555555555,0.42117711901664734
XGBoost,0.09084981847818034,0.9381481481481482,0.4199831783771515
XGBoost,0.09092020448988664,0.9383037037037038,0.41849973797798157
XGBoost,0.09099059050159294,0.9384111111111111,0.41738396883010864
XGBoost,0.09105356745943544,0.9385592592592592,0.41606584191322327
XGBoost,0.09129436171000962,0.9386296296296296,0.415092796087265
XGBoost,0.09138327035637549,0.9387111111111112,0.41387292742729187
XGBoost,0.09144995184114989,0.9388333333333333,0.4127475321292877
XGBoost,0.09154626954137957,0.9389518518518518,0.4114951193332672
XGBoost,0.09162036008001778,0.9390592592592593,0.41032296419143677
XGBoost,0.09170185967251981,0.9391444444444444,0.4084886908531189
XGBoost,0.09182781358820478,0.9393370370370371,0.4072171449661255
XGBoost,0.09187597243831963,0.9393962962962963,0.4062371253967285
XGBoost,0.09195376750388976,0.9395851851851852,0.40493181347846985
XGBoost,0.09202785804252797,0.9397444444444445,0.403956800699234
XGBoost,0.09207972141957473,0.9399518518518518,0.4026881158351898
XGBoost,0.09215381195821294,0.940062962962963,0.4014924466609955
XGBoost,0.09222419796991924,0.9401518518518519,0.4003537893295288
XGBoost,0.09235756093946804,0.9404074074074074,0.3989209234714508
XGBoost,0.09243906053197007,0.9405740740740741,0.39745646715164185
XGBoost,0.09255760539379121,0.9406703703703704,0.39586421847343445
XGBoost,0.09263910498629326,0.9408148148148148,0.39512521028518677
XGBoost,0.09273912721345484,0.9409259259259259,0.39365413784980774
XGBoost,0.09282062680595687,0.9411962962962963,0.3926600515842438
XGBoost,0.09292435356005038,0.9412888888888888,0.3916546106338501
XGBoost,0.09300585315255241,0.9414222222222223,0.39088091254234314
XGBoost,0.09312069348744165,0.941637037037037,0.3897934556007385
XGBoost,0.09319848855301179,0.9423,0.38859477639198303
XGBoost,0.09329480625324146,0.9424185185185185,0.38755980134010315
XGBoost,0.09335407868415203,0.9425222222222223,0.3862907588481903
XGBoost,0.09352078239608802,0.9426555555555556,0.38526782393455505
XGBoost,0.09391716677780247,0.9430814814814815,0.3839718997478485
XGBoost,0.0940283025857598,0.9431962962962963,0.382846862077713
XGBoost,0.0941283248129214,0.9432888888888888,0.38173145055770874
XGBoost,0.09420611987849152,0.9436111111111111,0.3804425001144409
XGBoost,0.09434318737497221,0.9437111111111111,0.37926238775253296
XGBoost,0.09445432318292954,0.9437740740740741,0.3774026036262512
XGBoost,0.09455434541009113,0.9438592592592593,0.37607091665267944
XGBoost,0.09468770837963993,0.9439592592592593,0.37467867136001587
XGBoost,0.09479143513373342,0.9440407407407407,0.3733968436717987
XGBoost,0.0949210935763503,0.9440740740740741,0.37198618054389954
XGBoost,0.09542490923909017,0.9445518518518519,0.3707641661167145
XGBoost,0.09672890271912277,0.9449111111111111,0.37004193663597107
XGBoost,0.09681781136548863,0.9450185185185185,0.3690471351146698
XGBoost,0.09687337926946729,0.945174074074074,0.3680832087993622
XGBoost,0.09697340149662888,0.9452555555555555,0.366352379322052
XGBoost,0.0970808327776543,0.9453370370370371,0.3652212619781494
XGBoost,0.09802178261835963,0.9453888888888888,0.36377647519111633
XGBoost,0.10015929465807216,0.9473407407407407,0.3624298870563507
XGBoost,0.10028524857375713,0.9474555555555556,0.36055806279182434
XGBoost,0.10041490701637401,0.9475888888888889,0.3591404855251312
XGBoost,0.10048529302808032,0.9476407407407408,0.35785990953445435
XGBoost,0.10060013336296955,0.9477037037037037,0.3568703532218933
XGBoost,0.10090390457138623,0.9478222222222222,0.3553246855735779
XGBoost,0.10101504037934356,0.9478777777777778,0.35378676652908325
XGBoost,0.10110765355264133,0.9480222222222222,0.35268276929855347
XGBoost,0.1011669259835519,0.9481037037037037,0.3514736592769623
XGBoost,0.10124842557605394,0.9481962962962963,0.35015302896499634
XGBoost,0.10160035563458546,0.9482703703703703,0.3488844335079193
XGBoost,0.1017151959694747,0.948374074074074,0.3473205864429474
XGBoost,0.10187449062754686,0.9485629629629629,0.3460683524608612
XGBoost,0.10192635400459361,0.9488074074074074,0.3450949490070343
XGBoost,0.10207083055493814,0.9488925925925926,0.34325018525123596
XGBoost,0.10215973920130399,0.9489888888888889,0.3421573042869568
XGBoost,0.1022338297399422,0.9490777777777778,0.3406603932380676
XGBoost,0.10244869230199304,0.9493037037037036,0.3393370807170868
XGBoost,0.1025413054752908,0.949374074074074,0.33805835247039795
XGBoost,0.10276728161813736,0.9494444444444444,0.3368765413761139
XGBoost,0.10283396310291176,0.9495629629629629,0.3358803987503052
XGBoost,0.10293398533007335,0.9496259259259259,0.33420631289482117
XGBoost,0.10305253019189449,0.9497185185185185,0.3328871428966522
XGBoost,0.10336000592724309,0.9501185185185185,0.3318465054035187
XGBoost,0.10348225531599614,0.9502222222222222,0.33017247915267944
XGBoost,0.10363043639327257,0.9502851851851852,0.3294259011745453
XGBoost,0.10373045862043417,0.9503703703703704,0.328045129776001
XGBoost,0.10386752611691487,0.9504444444444444,0.3267810642719269
XGBoost,0.10396384381714455,0.9505148148148148,0.325630247592926
XGBoost,0.10410091131362526,0.9505925925925925,0.3239533007144928
XGBoost,0.10416759279839964,0.950837037037037,0.32273876667022705
XGBoost,0.10426761502556124,0.9509481481481481,0.32187122106552124
XGBoost,0.1044306142105653,0.9514777777777778,0.32074618339538574
XGBoost,0.10450100022227161,0.9515481481481481,0.3195645213127136
XGBoost,0.10457879528784174,0.9516333333333333,0.3184439241886139
XGBoost,0.10468993109579906,0.9518666666666666,0.3168767988681793
XGBoost,0.10477143068830111,0.9519703703703704,0.3156464993953705
XGBoost,0.1048381121730755,0.952037037037037,0.314712792634964
XGBoost,0.10496036156182856,0.9520851851851851,0.3133591115474701
XGBoost,0.10532340520115581,0.9522481481481482,0.31279516220092773
XGBoost,0.10543083648218123,0.9523148148148148,0.31184929609298706
XGBoost,0.10554938134400237,0.9525185185185185,0.310695618391037
XGBoost,0.10563458546343632,0.9525703703703704,0.30981525778770447
XGBoost,0.10570867600207454,0.9526851851851852,0.30867916345596313
XGBoost,0.10588649329480625,0.9527518518518518,0.30707964301109314
XGBoost,0.10600874268355931,0.9528481481481481,0.3061625361442566
XGBoost,0.10613840112617619,0.9529148148148148,0.3050878047943115
XGBoost,0.10623842335333777,0.9530074074074074,0.30425500869750977
XGBoost,0.10634215010743128,0.9531222222222222,0.3032090961933136
XGBoost,0.10646810402311625,0.9533185185185186,0.3014416992664337
XGBoost,0.1066199896273246,0.9539888888888889,0.2995178997516632
XGBoost,0.10677187523153293,0.9540407407407407,0.2984198331832886
XGBoost,0.10691264725494555,0.9541222222222222,0.2973784804344177
XGBoost,0.1072053048825665,0.9543333333333334,0.2960434854030609
XGBoost,0.10733866785211528,0.9544259259259259,0.29505911469459534
XGBoost,0.10750907609098319,0.9545,0.2942449152469635
XGBoost,0.10762762095280433,0.9548037037037037,0.29315316677093506
XGBoost,0.10772764317996592,0.9548888888888889,0.2921620309352875
XGBoost,0.10788323331110618,0.9549444444444445,0.2911226153373718
XGBoost,0.10806105060383789,0.9550222222222222,0.28980517387390137
XGBoost,0.10898718233681559,0.9551444444444445,0.28829464316368103
XGBoost,0.10910202267170482,0.9552185185185185,0.2871584892272949
XGBoost,0.10918352226420686,0.9552925925925926,0.2860572338104248
XGBoost,0.10929465807216418,0.9554481481481482,0.28503432869911194
XGBoost,0.10939838482625769,0.9555074074074074,0.2841119170188904
XGBoost,0.10950211158035118,0.9555925925925925,0.2830943167209625
XGBoost,0.10961695191524043,0.9556518518518519,0.2817513942718506
XGBoost,0.10974661035785731,0.9557296296296296,0.28076672554016113
XGBoost,0.1098466325850189,0.9557962962962963,0.2797054946422577
XGBoost,0.10988738238126991,0.9558851851851852,0.27898669242858887
XGBoost,0.11010965399718456,0.9560111111111111,0.2781834006309509
XGBoost,0.11028747128991628,0.9562,0.27709969878196716
XGBoost,0.11042824331332889,0.956262962962963,0.2759315073490143
XGBoost,0.11052826554049049,0.9563333333333334,0.27487829327583313
XGBoost,0.11071349188708601,0.9564074074074074,0.27376216650009155
XGBoost,0.11085055938356672,0.9564666666666667,0.27264443039894104
XGBoost,0.11090983181447729,0.9565185185185185,0.2715030312538147
XGBoost,0.1110135585685708,0.956562962962963,0.27044880390167236
XGBoost,0.1111543305919834,0.9566074074074075,0.26908913254737854
XGBoost,0.11130621619619174,0.9566592592592592,0.26819661259651184
XGBoost,0.11142105653108098,0.9567296296296296,0.2673008143901825
XGBoost,0.11152107875824258,0.9567851851851852,0.2661599814891815
XGBoost,0.11188041787063792,0.9570037037037037,0.2654443383216858
XGBoost,0.11195821293620804,0.9570666666666666,0.2643411159515381
XGBoost,0.11208416685189301,0.9571185185185185,0.2632617950439453
XGBoost,0.11218789360598652,0.9571703703703703,0.26214152574539185
XGBoost,0.11246943765281174,0.9572518518518518,0.2609438896179199
XGBoost,0.11265466399940728,0.9573518518518519,0.2595438063144684
XGBoost,0.11292138993850485,0.9575037037037037,0.25845399498939514
XGBoost,0.11308068459657701,0.9577074074074075,0.2575628161430359
XGBoost,0.1131770022968067,0.9577481481481481,0.25663772225379944
XGBoost,0.1133474105356746,0.9577814814814815,0.2554589807987213
XGBoost,0.11352893235533823,0.9578518518518518,0.2544378936290741
XGBoost,0.11361413647477217,0.9579333333333333,0.25295543670654297
XGBoost,0.11378454471364007,0.9581074074074074,0.2518386244773865
XGBoost,0.11405867970660147,0.9581740740740741,0.25079846382141113
XGBoost,0.1142068607838779,0.9581962962962963,0.2500494718551636
XGBoost,0.11445876861524783,0.9583222222222222,0.24895025789737701
XGBoost,0.1145847225309328,0.958362962962963,0.24834014475345612
XGBoost,0.11476253982366452,0.9584037037037038,0.24720729887485504
XGBoost,0.11491812995480477,0.9584481481481482,0.2460574358701706
XGBoost,0.11517003778617471,0.9585111111111111,0.24460354447364807
XGBoost,0.11531451433651922,0.9585777777777778,0.24387989938259125
XGBoost,0.11544787730606801,0.9586925925925925,0.24278882145881653
XGBoost,0.11560717196414018,0.9587740740740741,0.24207808077335358
XGBoost,0.11575535304141661,0.9588185185185185,0.24111181497573853
XGBoost,0.11590723864562495,0.9588592592592593,0.24038368463516235
XGBoost,0.11605541972290138,0.958962962962963,0.23959565162658691
XGBoost,0.11655182633177744,0.9590814814814815,0.238554909825325
XGBoost,0.11668148477439431,0.9591740740740741,0.23742255568504333
XGBoost,0.11700007409053864,0.9592296296296297,0.2364976555109024
XGBoost,0.11741127657998074,0.9594296296296296,0.23544463515281677
XGBoost,0.11778913832703564,0.9595444444444444,0.23471707105636597
XGBoost,0.11804104615840558,0.9596074074074074,0.2338578701019287
XGBoost,0.11827072682818404,0.9597444444444444,0.2328871637582779
XGBoost,0.11900422316070237,0.9599740740740741,0.23213575780391693
XGBoost,0.11917092687263836,0.9600148148148148,0.2312178611755371
XGBoost,0.1194561754463955,0.9600962962962963,0.2298373132944107
XGBoost,0.12003037712084166,0.9602444444444445,0.22887825965881348
XGBoost,0.12040823886789657,0.9603407407407407,0.22787684202194214
XGBoost,0.12058235163369638,0.9603962962962963,0.2271115779876709
XGBoost,0.12070460102244944,0.9604444444444444,0.2258816808462143
XGBoost,0.12101948581166184,0.9605185185185185,0.22464044392108917
XGBoost,0.12134548418167,0.9606037037037037,0.22399628162384033
XGBoost,0.12148996073201453,0.9606629629629629,0.2230883687734604
XGBoost,0.12165666444395051,0.9607111111111111,0.22191140055656433
XGBoost,0.12180484552122695,0.9608037037037037,0.221012145280838
XGBoost,0.12193820849077573,0.9609111111111112,0.2203851044178009
XGBoost,0.12218641179521375,0.9610037037037037,0.21943390369415283
XGBoost,0.12248277394976662,0.9610777777777778,0.21880866587162018
XGBoost,0.12268652293102171,0.9611518518518518,0.21785587072372437
XGBoost,0.12287915833148107,0.9612185185185185,0.21724800765514374
XGBoost,0.12314217974364673,0.9612777777777778,0.2164638787508011
XGBoost,0.12331629250944655,0.9613296296296296,0.21564248204231262
XGBoost,0.1234755871675187,0.9613851851851852,0.21478858590126038
XGBoost,0.1236459954063866,0.9614222222222222,0.2140074223279953
XGBoost,0.12394606208787137,0.9615814814814815,0.2124425768852234
XGBoost,0.12427946951174335,0.9617518518518519,0.211095929145813
XGBoost,0.12443876416981552,0.9618407407407408,0.2101244181394577
XGBoost,0.1246054678817515,0.9619666666666666,0.20941713452339172
XGBoost,0.1248129213899385,0.9620111111111112,0.2086184024810791
XGBoost,0.12528339631029117,0.9622888888888889,0.20784913003444672
XGBoost,0.12565014447655035,0.962362962962963,0.2071036994457245
XGBoost,0.1258094391346225,0.9626925925925925,0.20616933703422546
XGBoost,0.12596132473883084,0.9627333333333333,0.205302432179451
XGBoost,0.1261910054086093,0.9627629629629629,0.2044047862291336
XGBoost,0.1268022523523746,0.9628925925925926,0.20393285155296326
XGBoost,0.12694672890271913,0.9629703703703704,0.20304083824157715
XGBoost,0.1271393643031785,0.9630074074074074,0.2019912749528885
XGBoost,0.12766911165444172,0.9631111111111111,0.20121078193187714
XGBoost,0.12779877009705862,0.963137037037037,0.20062653720378876
XGBoost,0.1279358375935393,0.9632296296296297,0.19975492358207703
XGBoost,0.1280654960361562,0.963262962962963,0.19901412725448608
XGBoost,0.12819885900570496,0.963374074074074,0.19823281466960907
XGBoost,0.12845817589093872,0.9634407407407407,0.1976512372493744
XGBoost,0.13025487145291545,0.9636777777777777,0.19665572047233582
XGBoost,0.13052159739201305,0.9637333333333333,0.19545628130435944
XGBoost,0.13065866488849373,0.9637777777777777,0.1946651190519333
XGBoost,0.13077720975031487,0.9638296296296296,0.19384251534938812
XGBoost,0.1309883677854338,0.9651185185185185,0.19310012459754944
XGBoost,0.13107357190486774,0.9651703703703703,0.192376509308815
XGBoost,0.13131807068237386,0.9652592592592593,0.19156832993030548
XGBoost,0.13145143365192266,0.965337037037037,0.1910296380519867
XGBoost,0.13161072830999482,0.9654037037037037,0.1902543306350708
XGBoost,0.13174779580647553,0.965462962962963,0.18939457833766937
XGBoost,0.13193672668000297,0.9654962962962963,0.18876712024211884
XGBoost,0.13210713491887086,0.9655851851851852,0.18790292739868164
XGBoost,0.13230717937319406,0.9656518518518519,0.1870211660861969
XGBoost,0.13256279173149588,0.9657148148148148,0.1862570345401764
XGBoost,0.13269985922797659,0.9657444444444444,0.18549902737140656
XGBoost,0.13298510780173373,0.9657888888888889,0.18470430374145508
XGBoost,0.13314440245980588,0.965837037037037,0.18402262032032013
XGBoost,0.1336000592724309,0.965925925925926,0.18342798948287964
XGBoost,0.1337667629843669,0.9659814814814814,0.18244774639606476
XGBoost,0.13485959842928058,0.9661777777777778,0.18151725828647614
XGBoost,0.13728235904275024,0.9664222222222222,0.18090935051441193
XGBoost,0.13742313106616286,0.9665037037037038,0.18004058301448822
XGBoost,0.1379195376750389,0.9666111111111111,0.1789030283689499
XGBoost,0.13813810476402164,0.9666777777777777,0.178104430437088
XGBoost,0.13837889901459582,0.9667259259259259,0.177265003323555
XGBoost,0.13934948507075645,0.9668851851851852,0.17646552622318268
XGBoost,0.13951989330962436,0.9669185185185185,0.17595626413822174
XGBoost,0.13971252871008372,0.9670222222222222,0.17497898638248444
XGBoost,0.13988664147588353,0.9670555555555556,0.17416086792945862
XGBoost,0.14010150403793437,0.9671407407407407,0.17298616468906403
XGBoost,0.14023116248055123,0.9671925925925926,0.17245958745479584
XGBoost,0.1406275468622657,0.9672518518518518,0.17184530198574066
XGBoost,0.1426946728902719,0.9674703703703704,0.171118825674057
XGBoost,0.14278358153663778,0.9675148148148148,0.17070156335830688
XGBoost,0.14293176261391421,0.9675518518518519,0.16991089284420013
XGBoost,0.14312069348744166,0.9676037037037037,0.16937454044818878
XGBoost,0.14359116840779432,0.9677296296296296,0.1685485988855362
XGBoost,0.1437134177965474,0.9677740740740741,0.16801322996616364
XGBoost,0.143894939616211,0.9678,0.16723498702049255
XGBoost,0.14410980217826183,0.9678629629629629,0.16621814668178558
XGBoost,0.14438393717122325,0.9679592592592593,0.16522608697414398
XGBoost,0.14449877750611248,0.968,0.164736807346344
XGBoost,0.14467659479884418,0.9680333333333333,0.1639525145292282
XGBoost,0.14511743350374157,0.9681444444444445,0.16327668726444244
XGBoost,0.14562865822034526,0.9682259259259259,0.16232770681381226
XGBoost,0.14595465659035342,0.968262962962963,0.16179215908050537
XGBoost,0.1465362673186634,0.9683703703703703,0.1612454354763031
XGBoost,0.14744387641698156,0.9685074074074074,0.160798579454422
XGBoost,0.1475587167518708,0.9685370370370371,0.16021253168582916
XGBoost,0.14781803363710455,0.9686185185185185,0.15954993665218353
XGBoost,0.1493072534637327,0.9688296296296296,0.15903963148593903
XGBoost,0.1496962287915833,0.968925925925926,0.15853047370910645
XGBoost,0.14991850040749796,0.9689629629629629,0.15796789526939392
XGBoost,0.15021856708898274,0.9690074074074074,0.15727046132087708
XGBoost,0.1505519745128547,0.9690592592592593,0.15664976835250854
XGBoost,0.1506519967400163,0.9700555555555556,0.15605328977108002
XGBoost,0.1508927909905905,0.9701,0.15535905957221985
XGBoost,0.1510631992294584,0.9701296296296297,0.15498270094394684
XGBoost,0.15135956138401127,0.9702481481481482,0.15418238937854767
XGBoost,0.15153737867674297,0.9702851851851851,0.1535867154598236
XGBoost,0.15173371860413426,0.9705703703703704,0.15287402272224426
XGBoost,0.15199303548936802,0.9706296296296296,0.15225914120674133
XGBoost,0.1522301252130103,0.9706851851851852,0.15169866383075714
XGBoost,0.15251537378676744,0.9707555555555556,0.15109789371490479
XGBoost,0.15266355486404387,0.9708518518518519,0.1506756842136383
XGBoost,0.15285989479143514,0.9709111111111111,0.15018518269062042
XGBoost,0.15304141661109877,0.9709592592592593,0.14971204102039337
XGBoost,0.15352670963917908,0.9710444444444445,0.14926834404468536
XGBoost,0.15454545454545454,0.9712222222222222,0.14887872338294983
XGBoost,0.15489738460398608,0.9713444444444445,0.14830628037452698
XGBoost,0.1551122471660369,0.9714,0.14772382378578186
XGBoost,0.1552900644587686,0.9714222222222222,0.14716199040412903
XGBoost,0.15568644884048308,0.971562962962963,0.14651039242744446
XGBoost,0.1558679706601467,0.9715925925925926,0.14575083553791046
XGBoost,0.15613099207231237,0.9717111111111111,0.1449151486158371
XGBoost,0.15637919537675038,0.9718296296296296,0.14440473914146423
XGBoost,0.15656812625027783,0.9718444444444444,0.14390908181667328
XGBoost,0.15678298881232866,0.9719111111111111,0.1432366818189621
XGBoost,0.15701266948210713,0.9719296296296296,0.14259833097457886
XGBoost,0.15907979551011336,0.9721777777777778,0.14180146157741547
XGBoost,0.15963547454989999,0.9722740740740741,0.14117702841758728
XGBoost,0.15983181447729125,0.9722925925925926,0.14069359004497528
XGBoost,0.1600540860932059,0.9723444444444445,0.1399836242198944
XGBoost,0.16027635770912055,0.9723851851851851,0.13948720693588257
XGBoost,0.1604319478402608,0.9724185185185186,0.1389007866382599
XGBoost,0.16058383344446914,0.9724481481481482,0.138419508934021
XGBoost,0.16083574127583908,0.9725037037037038,0.13802428543567657
XGBoost,0.16109135363414093,0.9725592592592592,0.1375659555196762
XGBoost,0.1615655330814255,0.9726259259259259,0.13681843876838684
XGBoost,0.1617359413202934,0.972662962962963,0.1364070475101471
XGBoost,0.16195080388234423,0.9727037037037037,0.1358703225851059
XGBoost,0.1638993850485293,0.9729185185185185,0.13538822531700134
XGBoost,0.16408831592205675,0.9729407407407408,0.13487806916236877
XGBoost,0.1643068830110395,0.9730074074074074,0.13411599397659302
XGBoost,0.16445135956138401,0.9730666666666666,0.13350699841976166
XGBoost,0.16464769948877528,0.9731,0.13301044702529907
XGBoost,0.1649255390086686,0.9731222222222222,0.13240402936935425
XGBoost,0.16511446988219605,0.9731481481481481,0.13193215429782867
XGBoost,0.16532192339038304,0.9731851851851852,0.13155043125152588
XGBoost,0.1659924427650589,0.9732555555555555,0.13096877932548523
XGBoost,0.16630732755427133,0.9733037037037037,0.12999022006988525
XGBoost,0.1664369859968882,0.9733444444444445,0.1296016275882721
XGBoost,0.1668889382825813,0.9733814814814815,0.12909285724163055
XGBoost,0.16712973253315552,0.9734111111111111,0.12851810455322266
XGBoost,0.167359413202934,0.9734555555555555,0.1279275119304657
XGBoost,0.16788545602726532,0.9735370370370371,0.12745554745197296
XGBoost,0.16807438690079277,0.973574074074074,0.12674777209758759
XGBoost,0.1685707935096688,0.9736370370370371,0.12637950479984283
XGBoost,0.16922279024968512,0.9737777777777777,0.12576645612716675
XGBoost,0.16939690301548493,0.9738851851851852,0.12530198693275452
XGBoost,0.16968956064310586,0.9739296296296296,0.12478706985712051
XGBoost,0.17019337630584574,0.9739740740740741,0.12410885840654373
XGBoost,0.1704230569756242,0.9740074074074074,0.12365388125181198
XGBoost,0.17065273764540267,0.9740444444444445,0.12313726544380188
XGBoost,0.17078980514188338,0.9740777777777778,0.1227613016963005
XGBoost,0.1709342816922279,0.9741,0.12214342504739761
XGBoost,0.17140105208564865,0.9742888888888889,0.12153512239456177
XGBoost,0.17158257390531229,0.9743259259259259,0.12093765288591385
XGBoost,0.17183448173668223,0.9743740740740741,0.12015840411186218
XGBoost,0.1720382307179373,0.9744074074074074,0.11968652158975601
XGBoost,0.1722642068607839,0.974437037037037,0.11904530227184296
XGBoost,0.17252722827294956,0.9744703703703703,0.11851168423891068
XGBoost,0.17311624805512335,0.9745111111111111,0.11811961978673935
XGBoost,0.17327924724012744,0.9745555555555555,0.11771177500486374
XGBoost,0.1735015188560421,0.9746111111111111,0.11742071062326431
XGBoost,0.17366081351411425,0.9746592592592592,0.11703844368457794
XGBoost,0.20842038971623325,0.9813111111111111,0.1164882555603981
XGBoost,0.20858709342816922,0.9814,0.11618564277887344
XGBoost,0.20918722679113877,0.9814666666666667,0.11547383666038513
XGBoost,0.20939468029932579,0.9815074074074074,0.11503157019615173
XGBoost,0.21086908201822627,0.9815851851851852,0.11459255963563919
XGBoost,0.21102837667629842,0.9816444444444444,0.11417325586080551
XGBoost,0.21127657998073646,0.9816962962962963,0.11380208283662796
XGBoost,0.21176187300881677,0.9817333333333333,0.11333339661359787
XGBoost,0.21414758835296732,0.9819333333333333,0.11281546950340271
XGBoost,0.21431058753797141,0.9819703703703704,0.11240103840827942
XGBoost,0.2145439727346818,0.9819925925925926,0.11187008768320084
XGBoost,0.21483292583537084,0.982037037037037,0.11122453957796097
XGBoost,0.21496999333185152,0.9820851851851852,0.11086072027683258
XGBoost,0.21528117359413204,0.9821148148148148,0.11026474833488464
XGBoost,0.21549974068311475,0.9821407407407408,0.10966204851865768
XGBoost,0.21582944358005482,0.9821962962962963,0.10930203646421432
XGBoost,0.21601096539971845,0.9822185185185185,0.10872597247362137
XGBoost,0.21649255390086686,0.9822777777777778,0.10837706178426743
XGBoost,0.2170297103059939,0.9823740740740741,0.10798836499452591
XGBoost,0.21733718604134253,0.9824222222222222,0.10744955390691757
XGBoost,0.21754834407646143,0.9824407407407407,0.10707618296146393
XGBoost,0.21783729717715047,0.9824703703703703,0.10668554902076721
XGBoost,0.21828184040897977,0.9825962962962963,0.10628605633974075
XGBoost,0.21851522560569014,0.9826185185185186,0.10593345016241074
XGBoost,0.21869304289842187,0.9826851851851852,0.10545710474252701
XGBoost,0.21937467585389345,0.9827703703703704,0.10502161085605621
XGBoost,0.21960435652367194,0.9828296296296296,0.1045152097940445
XGBoost,0.2197969919241313,0.9828592592592592,0.10416927188634872
XGBoost,0.2202489442098244,0.9829037037037037,0.1035088449716568
XGBoost,0.2204897384603986,0.9829518518518519,0.10321345925331116
XGBoost,0.22079350966881528,0.9829851851851852,0.10282126814126968
XGBoost,0.22183448173668222,0.983037037037037,0.10235501080751419
XGBoost,0.22210120767577982,0.9830814814814814,0.10200073570013046
XGBoost,0.22234941098021782,0.9831222222222222,0.10158303380012512
XGBoost,0.2235496777061569,0.9832074074074074,0.10130604356527328
XGBoost,0.22379788101059495,0.9832296296296297,0.10086952149868011
XGBoost,0.22397569830332667,0.9832555555555555,0.10046090930700302
XGBoost,0.2241238793806031,0.9832851851851852,0.10027623921632767
XGBoost,0.22438319626583686,0.9833259259259259,0.09985357522964478
XGBoost,0.22461287693561532,0.9833592592592593,0.0992739126086235
XGBoost,0.22499444320960213,0.9833962962962963,0.09902162104845047
XGBoost,0.22525005556790398,0.9834296296296297,0.09866936504840851
XGBoost,0.22555012224938875,0.9835,0.09832889586687088
XGBoost,0.22582796176928208,0.9835296296296296,0.09788388013839722
XGBoost,0.22648366303623027,0.9836370370370371,0.09748397022485733
XGBoost,0.22679484329851077,0.9836814814814815,0.09714778512716293
XGBoost,0.22700229680669778,0.9837037037037037,0.09661608189344406
XGBoost,0.22727272727272727,0.9837333333333333,0.09600403159856796
XGBoost,0.22750981699636957,0.9837888888888889,0.09564453363418579
XGBoost,0.22778024746239905,0.9838259259259259,0.09526281803846359
XGBoost,0.22800992813217752,0.9838555555555556,0.09490706026554108
XGBoost,0.22835444913684522,0.9838851851851852,0.09433604031801224
XGBoost,0.228695265614581,0.9839481481481481,0.09401854872703552
XGBoost,0.2291731495887975,0.9841222222222222,0.09337721019983292
XGBoost,0.22943617100096317,0.9841518518518518,0.09312967211008072
XGBoost,0.2308883455582722,0.9843925925925926,0.09246093779802322
XGBoost,0.2310513447432763,0.9844296296296297,0.09197143465280533
XGBoost,0.23149218344817366,0.9844814814814815,0.0914168730378151
XGBoost,0.23169222790249686,0.9845111111111111,0.09118717908859253
XGBoost,0.23231829295398979,0.9846,0.09062875807285309
XGBoost,0.2328406312513892,0.9846481481481482,0.09011607617139816
XGBoost,0.2331555160406016,0.9846888888888888,0.08973680436611176
XGBoost,0.23336296954878863,0.9847296296296296,0.08934412896633148
XGBoost,0.23360376379936282,0.9848518518518519,0.08906742930412292
XGBoost,0.23378528561902645,0.9848925925925925,0.08875208348035812
XGBoost,0.2339779210194858,0.9849037037037037,0.08832482248544693
XGBoost,0.23425205601244722,0.9849222222222223,0.08776163309812546
XGBoost,0.23456323627472772,0.9849555555555556,0.08724997192621231
XGBoost,0.23499666592576127,0.985,0.08687928318977356
XGBoost,0.23528561902645032,0.9850407407407408,0.08669224381446838
XGBoost,0.23558198118100318,0.9850851851851852,0.0862237960100174
XGBoost,0.23799362821367712,0.9854296296296297,0.08580850064754486
XGBoost,0.23827517226050232,0.9854592592592593,0.08550260961055756
XGBoost,0.23855301178039565,0.9854777777777778,0.08492842316627502
XGBoost,0.23898273690449728,0.9855333333333334,0.08454833924770355
XGBoost,0.23969400607542418,0.9856185185185186,0.08427099138498306
XGBoost,0.2400866859302067,0.9856444444444444,0.0837334394454956
XGBoost,0.2413795658294436,0.9858185185185185,0.08324513584375381
XGBoost,0.24167592798399645,0.9858481481481481,0.08291370421648026
XGBoost,0.24197599466548123,0.9858777777777777,0.08257699012756348
XGBoost,0.2422093798621916,0.9859370370370371,0.08200407028198242
XGBoost,0.24242053789731052,0.9859592592592593,0.08167757838964462
XGBoost,0.24335037415722013,0.9860888888888889,0.08120546489953995
XGBoost,0.2436837815810921,0.9861185185185185,0.08082267642021179
XGBoost,0.2439616211009854,0.986125925925926,0.08042210340499878
XGBoost,0.24484329851078018,0.9862518518518518,0.08005567640066147
XGBoost,0.24508779728828628,0.9862851851851852,0.07981650531291962
XGBoost,0.24528413721567754,0.9863037037037037,0.07950697094202042
XGBoost,0.24553604504704749,0.986337037037037,0.07896773517131805
XGBoost,0.24772912499073868,0.9866518518518519,0.07861876487731934
XGBoost,0.24937023042157516,0.9868592592592592,0.07835529744625092
XGBoost,0.24957768392976218,0.9868925925925925,0.07793372869491577
XGBoost,0.24974068311476624,0.9869407407407408,0.07758451998233795
XGBoost,0.25080017781729275,0.9870629629629629,0.07720166444778442
XGBoost,0.25107801733718604,0.9871074074074074,0.07681331038475037
XGBoost,0.2514336519226495,0.9871814814814814,0.07650535553693771
XGBoost,0.2517263095502704,0.9872037037037037,0.07630956918001175
XGBoost,0.2519374675853893,0.9872407407407408,0.07601286470890045
XGBoost,0.2522338297399422,0.9872555555555556,0.07566952705383301
XGBoost,0.2535378232199748,0.9873740740740741,0.0752907246351242
XGBoost,0.2538008446321405,0.9874074074074074,0.07484523952007294
XGBoost,0.2569682151589242,0.9877222222222222,0.07453947514295578
XGBoost,0.2571201007631326,0.9877703703703704,0.07432422786951065
XGBoost,0.25738312217529824,0.9878,0.07379616796970367
XGBoost,0.2577202341261021,0.9878148148148148,0.07355324178934097
XGBoost,0.25862784322442023,0.9878777777777777,0.07330697774887085
XGBoost,0.2588797510557902,0.9879148148148148,0.07297173887491226
XGBoost,0.2590501592946581,0.9879444444444444,0.07265744358301163
XGBoost,0.2592427946951174,0.9879592592592593,0.07238184660673141
XGBoost,0.2597354967770616,0.9879851851851852,0.07192812860012054
XGBoost,0.26000963177002295,0.9879962962962963,0.07161664962768555
XGBoost,0.2610839445802771,0.9880296296296296,0.0713343694806099
XGBoost,0.26131732977698746,0.9880555555555556,0.07110240310430527
XGBoost,0.2615321923390383,0.9880814814814814,0.07075203210115433
XGBoost,0.2618693042898422,0.9881111111111112,0.07035268843173981
XGBoost,0.26209528043268876,0.988137037037037,0.07011930644512177
XGBoost,0.2622879158331481,0.9881592592592593,0.06982829421758652
XGBoost,0.26282136771134323,0.9881703703703704,0.06938830763101578
XGBoost,0.263080684596577,0.9881777777777778,0.06905239075422287
XGBoost,0.2632770245239683,0.9882037037037037,0.0687686949968338
XGBoost,0.2634437282359043,0.988225925925926,0.06855641305446625
XGBoost,0.2636697043787508,0.9882703703703704,0.06829800456762314
XGBoost,0.26423649699933316,0.9883148148148149,0.06801431626081467
XGBoost,0.2644884048307031,0.9883333333333333,0.06769230216741562
XGBoost,0.2647995850929836,0.9883407407407407,0.06744897365570068
XGBoost,0.2650033340742387,0.9883666666666666,0.06724688410758972
XGBoost,0.26521449210935766,0.9883814814814815,0.06705798208713531
XGBoost,0.2655553085870934,0.9884037037037037,0.06653882563114166
XGBoost,0.2657479439875528,0.9884407407407407,0.06620611250400543
XGBoost,0.26594428391494407,0.9884777777777778,0.06598524004220963
XGBoost,0.26686671112098986,0.9885222222222222,0.06550067663192749
XGBoost,0.26711120989849596,0.9885333333333334,0.06521391123533249
XGBoost,0.2672668000296362,0.9885592592592592,0.0649343803524971
XGBoost,0.26748907164555086,0.9885777777777778,0.06471943855285645
XGBoost,0.2677965473808995,0.9886962962962963,0.06442949175834656
XGBoost,0.2680188189968141,0.9887111111111111,0.06423324346542358
XGBoost,0.26837074905534564,0.9887222222222222,0.06394295394420624
XGBoost,0.268770837963992,0.9887296296296296,0.06366045773029327
XGBoost,0.26900051863377045,0.9887518518518519,0.06336075067520142
XGBoost,0.2696562199007187,0.988762962962963,0.06320466846227646
XGBoost,0.269848855301178,0.9887851851851852,0.06297358125448227
XGBoost,0.2700674223901608,0.9888037037037037,0.0627758800983429
XGBoost,0.27029710305993926,0.9888185185185185,0.06253744661808014
XGBoost,0.27193450396384383,0.9888740740740741,0.06215259060263634
XGBoost,0.2721567755797585,0.9888962962962963,0.061846982687711716
XGBoost,0.27256056901533676,0.9889222222222223,0.061388544738292694
XGBoost,0.2727680225235237,0.9889703703703704,0.06117943674325943
XGBoost,0.2732236793361488,0.9889888888888889,0.060712918639183044
XGBoost,0.273505223382974,0.9890074074074074,0.06050329655408859
XGBoost,0.27379417648366305,0.9890222222222222,0.060284025967121124
XGBoost,0.2740497888419649,0.9890518518518518,0.059980083256959915
XGBoost,0.27509446543676375,0.9891814814814814,0.05971328169107437
XGBoost,0.2753019189449507,0.989225925925926,0.05947692319750786
XGBoost,0.2758427798770097,0.9892703703703704,0.05920841917395592
XGBoost,0.27620952804326887,0.9892962962962963,0.058898359537124634
XGBoost,0.2765910943172557,0.9893148148148149,0.058675263077020645
XGBoost,0.27677261613691934,0.9893555555555555,0.058487776666879654
XGBoost,0.27712454619545085,0.9893777777777778,0.05804239213466644
XGBoost,0.2773171815959102,0.9893962962962963,0.05789562314748764
XGBoost,0.2775468622656887,0.9894111111111111,0.05771028250455856
XGBoost,0.2779432466474031,0.9894333333333334,0.05749627575278282
XGBoost,0.2782099725865007,0.989437037037037,0.05725963041186333
XGBoost,0.27843594872934724,0.9894518518518518,0.05700148642063141
XGBoost,0.2787286063569682,0.9895333333333334,0.05671486631035805
XGBoost,0.27902867303845297,0.9895666666666667,0.056398674845695496
XGBoost,0.2792731718159591,0.9896,0.05618980899453163
XGBoost,0.2795954656590353,0.9896185185185186,0.055879902094602585
XGBoost,0.27984366896347335,0.989637037037037,0.05564795061945915
XGBoost,0.2804067570571238,0.9896592592592592,0.05547661334276199
XGBoost,0.2810365266355486,0.989674074074074,0.05520377680659294
XGBoost,0.2824034970734237,0.9897333333333334,0.054844796657562256
XGBoost,0.28284433577832113,0.9897444444444444,0.05434504896402359
XGBoost,0.2834333555604949,0.9898185185185185,0.05404242128133774
XGBoost,0.283722308661184,0.9898259259259259,0.05372060462832451
XGBoost,0.2840038527080092,0.9898370370370371,0.05350468307733536
XGBoost,0.2842409424316515,0.9898592592592592,0.053328510373830795
XGBoost,0.2845002593168852,0.9899037037037037,0.052984848618507385
XGBoost,0.28474105356745943,0.9899185185185185,0.05280425399541855
XGBoost,0.28502630214121655,0.9899444444444444,0.05254943296313286
XGBoost,0.28523375564940356,0.9899777777777777,0.0523117259144783
XGBoost,0.2854486182114544,0.99,0.052089985460042953
XGBoost,0.2856412536119138,0.9900407407407408,0.051871608942747116
XGBoost,0.28597836556271766,0.9900740740740741,0.05163199454545975
XGBoost,0.2862413869748833,0.9900962962962963,0.05141831189393997
XGBoost,0.286504408387049,0.9901037037037037,0.051180772483348846
XGBoost,0.28671186189523595,0.990125925925926,0.05096970126032829
XGBoost,0.28691931540342297,0.9901444444444445,0.05082285776734352
XGBoost,0.28719715492331627,0.9901555555555556,0.05059236288070679
XGBoost,0.28749722160480107,0.9901666666666666,0.05022900179028511
XGBoost,0.2877194932207157,0.9901777777777778,0.050081342458724976
XGBoost,0.28792694672890273,0.9901962962962962,0.04991596192121506
XGBoost,0.288123286656294,0.9902074074074074,0.04970719665288925
XGBoost,0.29051270652737643,0.990225925925926,0.04951086267828941
XGBoost,0.2908090686819293,0.9902407407407408,0.04922894388437271
XGBoost,0.2911684077943247,0.9902518518518518,0.04899521544575691
XGBoost,0.2914684744758094,0.9902740740740741,0.04872012138366699
XGBoost,0.2919056086537749,0.9902962962962963,0.048288967460393906
XGBoost,0.29226494776617024,0.9903074074074074,0.04804283380508423
XGBoost,0.29251315107060827,0.9903111111111111,0.047908347100019455
XGBoost,0.29279099059050157,0.9903222222222222,0.04767410084605217
XGBoost,0.29305030747573535,0.990337037037037,0.04747509956359863
XGBoost,0.29326146551085425,0.9903666666666666,0.047245368361473083
XGBoost,0.29360228198859006,0.9903703703703703,0.046968985348939896
XGBoost,0.293935689412462,0.9904,0.04671414941549301
XGBoost,0.29415055197451284,0.9904185185185185,0.046546269208192825
XGBoost,0.29452841372156774,0.990437037037037,0.04632110893726349
XGBoost,0.2948544120915759,0.9904592592592593,0.04605528712272644
XGBoost,0.2950507520189672,0.9904962962962963,0.04587922245264053
XGBoost,0.29540638660443064,0.9905111111111111,0.04575641453266144
XGBoost,0.2956879306512558,0.9905185185185185,0.045556649565696716
XGBoost,0.295973179225013,0.9905407407407407,0.04541013389825821
XGBoost,0.29619545084092763,0.990562962962963,0.04522937908768654
XGBoost,0.29641401792991035,0.990574074074074,0.04505402222275734
XGBoost,0.29669185744980364,0.9905851851851852,0.04482068121433258
XGBoost,0.29695858338890124,0.9906074074074074,0.04461843520402908
XGBoost,0.2972253093279988,0.9906259259259259,0.0443868525326252
XGBoost,0.29752167148255165,0.990674074074074,0.04423478990793228
XGBoost,0.2977698747869897,0.9906851851851852,0.04404570907354355
XGBoost,0.29810698673779357,0.9907,0.04376538470387459
XGBoost,0.29842557605393794,0.9907259259259259,0.043590717017650604
XGBoost,0.30233385196710383,0.9909481481481481,0.043477170169353485
XGBoost,0.30265985033711196,0.9909666666666667,0.04316981881856918
XGBoost,0.3038786396977106,0.9910333333333333,0.042932748794555664
XGBoost,0.3049455434541009,0.9910814814814815,0.04276207834482193
XGBoost,0.30527154182410904,0.9911,0.04243531450629234
XGBoost,0.3054641772245684,0.9911222222222222,0.04221944883465767
XGBoost,0.3057938801215085,0.9911296296296296,0.04193752259016037
XGBoost,0.3060717196414018,0.9911555555555556,0.04163411632180214
XGBoost,0.3065236719270949,0.9911888888888889,0.04148285835981369
XGBoost,0.38581166185078164,0.9933444444444445,0.04129665344953537
XGBoost,0.38710083722308664,0.9933851851851851,0.041043344885110855
XGBoost,0.3880232644291324,0.9934037037037037,0.040878474712371826
XGBoost,0.38831592205675336,0.9934259259259259,0.040564440190792084
XGBoost,0.38866044306142106,0.9934407407407407,0.04031333699822426
XGBoost,0.38894569163517817,0.9935,0.040072645992040634
XGBoost,0.389286508112914,0.9935185185185185,0.03982565179467201
XGBoost,0.389493961621101,0.9935481481481482,0.0396878607571125
XGBoost,0.40598651552196785,0.994637037037037,0.039564117789268494
XGBoost,0.40618655997629105,0.9946555555555555,0.03938807174563408
XGBoost,0.4066977846928947,0.9946703703703703,0.039166830480098724
XGBoost,0.407183077720975,0.9947037037037038,0.03899073600769043
XGBoost,0.4074164629176854,0.9947259259259259,0.03877856582403183
XGBoost,0.40804252796917834,0.9947370370370371,0.038623616099357605
XGBoost,0.40830184485441207,0.9948111111111111,0.03843051195144653
XGBoost,0.40866488849373933,0.9948185185185185,0.03820338100194931
XGBoost,0.40907238645624955,0.9948222222222223,0.037918590009212494
XGBoost,0.4093279988145514,0.994862962962963,0.037743788212537766
XGBoost,0.4097725420463807,0.9948814814814815,0.0374961756169796
XGBoost,0.41004667703934206,0.9948925925925926,0.03734380379319191
XGBoost,0.4102948803437801,0.9949296296296296,0.03714761137962341
XGBoost,0.4105727198636734,0.9949407407407408,0.03701608628034592
XGBoost,0.4109394680299326,0.9949629629629629,0.03670789673924446
XGBoost,0.4112839890346003,0.9949777777777777,0.0364990234375
XGBoost,0.411543305919834,0.9949925925925925,0.03629126399755478
XGBoost,0.41189153145143365,0.9950148148148148,0.036149825900793076
XGBoost,0.41218418907905463,0.9950407407407408,0.035971976816654205
XGBoost,0.412458324072016,0.9950518518518519,0.035785943269729614
XGBoost,0.4127843224420242,0.9950703703703704,0.035656023770570755
XGBoost,0.41299918500407495,0.9950851851851852,0.03548213839530945
XGBoost,0.41341038749351705,0.9951407407407408,0.035303227603435516
XGBoost,0.41367711343261465,0.9951592592592593,0.03509445860981941
XGBoost,0.41401792991035047,0.9951629629629629,0.03488743677735329
XGBoost,0.41429947395717565,0.9951814814814814,0.03470256179571152
XGBoost,0.4145810180040009,0.9951925925925926,0.034501947462558746
XGBoost,0.4150292657627621,0.9952,0.034348051995038986
XGBoost,0.4155516040601615,0.9952148148148148,0.03422337397933006
XGBoost,0.4159109431725569,0.995225925925926,0.03407113254070282
XGBoost,0.41617396458472256,0.9952444444444445,0.03390190750360489
XGBoost,0.4165333036971179,0.9952703703703704,0.03365360200405121
XGBoost,0.4167333481514411,0.9952851851851852,0.033520329743623734
XGBoost,0.4171556642216789,0.9952925925925926,0.03329641371965408
XGBoost,0.4177150477883974,0.9953037037037037,0.03313783183693886
XGBoost,0.4188893828258131,0.9953296296296297,0.03299505263566971
XGBoost,0.41917092687263835,0.9953444444444445,0.03274596482515335
XGBoost,0.4194672890271912,0.9953703703703703,0.032558925449848175
XGBoost,0.4197969919241313,0.9953888888888889,0.03237580880522728
XGBoost,0.4201044676594799,0.9954074074074074,0.03211059048771858
XGBoost,0.42061198784915166,0.9954333333333333,0.03190658614039421
XGBoost,0.4208527820997259,0.9954481481481482,0.03174009919166565
XGBoost,0.4210861672964362,0.995462962962963,0.03153903782367706
XGBoost,0.421430688301104,0.9954703703703703,0.031321216374635696
XGBoost,0.4217826183596355,0.9954851851851851,0.031100673601031303
XGBoost,0.42208638956805217,0.9955,0.030960194766521454
XGBoost,0.4223605245610136,0.9955259259259259,0.030762948095798492
XGBoost,0.4225865007038601,0.9955555555555555,0.03057091496884823
XGBoost,0.42290879454693636,0.9955666666666667,0.030307283625006676
XGBoost,0.4232236793361488,0.9955888888888889,0.030149174854159355
XGBoost,0.42355708676002074,0.9956111111111111,0.02991105616092682
XGBoost,0.4238275172260502,0.9956259259259259,0.029758283868432045
XGBoost,0.4240201526265096,0.9956481481481482,0.02965376526117325
XGBoost,0.4242572423501519,0.9956518518518519,0.029516546055674553
XGBoost,0.42452767281618137,0.9956666666666667,0.029348615556955338
XGBoost,0.425042602059717,0.9956777777777778,0.02917911484837532
XGBoost,0.42530191894495073,0.9957037037037038,0.029007796198129654
XGBoost,0.42552048603393344,0.9957222222222222,0.02886054292321205
XGBoost,0.4258464844039416,0.9957407407407407,0.02867678739130497
XGBoost,0.4262354597317923,0.9957666666666667,0.028549494221806526
XGBoost,0.4264799585092984,0.9957888888888888,0.028414053842425346
XGBoost,0.4268022523523746,0.9958,0.028186766430735588
XGBoost,0.42705786471067647,0.9958111111111111,0.028054986149072647
XGBoost,0.42732829517670595,0.9958185185185185,0.027932316064834595
XGBoost,0.42763947543898645,0.9958259259259259,0.02776838280260563
XGBoost,0.4279543602281989,0.9958333333333333,0.02764781564474106
XGBoost,0.42822849522116024,0.9958666666666667,0.027487868443131447
XGBoost,0.4284989256871897,0.9958777777777778,0.027355875819921494
XGBoost,0.42876935615321926,0.9958888888888889,0.02723134681582451
XGBoost,0.42915833148106985,0.9958962962962963,0.027051305398344994
XGBoost,0.42942505742016746,0.9959148148148148,0.026882555335760117
XGBoost,0.4297658738979032,0.9959185185185185,0.026720628142356873
XGBoost,0.4299992590946136,0.9959407407407408,0.02663492225110531
XGBoost,0.43034748462621325,0.9959555555555556,0.026525506749749184
XGBoost,0.4305808698229236,0.9959777777777777,0.026393599808216095
XGBoost,0.43084389123508926,0.9959888888888889,0.026244433596730232
XGBoost,0.4310476402163444,0.996025925925926,0.02614702098071575
XGBoost,0.4313995702748759,0.9960333333333333,0.025981148704886436
XGBoost,0.4318033637104542,0.9960444444444444,0.025843355804681778
XGBoost,0.4321478847151219,0.9960629629629629,0.02566806972026825
XGBoost,0.4323738608579684,0.9960740740740741,0.025555884465575218
XGBoost,0.4328332221975254,0.9960777777777777,0.0254584401845932
XGBoost,0.43309994813662295,0.9960925925925926,0.025312364101409912
XGBoost,0.4333814921834482,0.9961148148148148,0.02521195448935032
XGBoost,0.4337334222419797,0.9961185185185185,0.025080382823944092
XGBoost,0.43412980662369416,0.9961333333333333,0.024968942627310753
XGBoost,0.43448173668222567,0.996137037037037,0.024758948013186455
XGBoost,0.43482625768689337,0.9961592592592593,0.024610495194792747
XGBoost,0.43503000666814845,0.9961629629629629,0.024526789784431458
XGBoost,0.43540416388827147,0.9961851851851852,0.024422816932201385
XGBoost,0.4357301622582796,0.9961962962962962,0.024284791201353073
XGBoost,0.4360339334666963,0.9962037037037037,0.02414073795080185
XGBoost,0.43643772690227456,0.9962111111111112,0.023984132334589958
XGBoost,0.436667407572053,0.9962185185185185,0.02389553003013134
XGBoost,0.436960065199674,0.996225925925926,0.02377062663435936
XGBoost,0.43728235904275026,0.996225925925926,0.023653453215956688
XGBoost,0.4376565162628732,0.9962296296296296,0.02349635399878025
XGBoost,0.43783433355560497,0.9962518518518518,0.02341427281498909
XGBoost,0.4399385048529303,0.9962592592592593,0.0233047716319561
XGBoost,0.4402200488997555,0.9962592592592593,0.023188838735222816
XGBoost,0.4406016151737423,0.9962777777777778,0.02304203435778618
XGBoost,0.4410017040823887,0.9962851851851852,0.022892767563462257
XGBoost,0.441238793806031,0.9962888888888889,0.022793659940361977
XGBoost,0.44157590575683486,0.9962925925925926,0.02266630530357361
XGBoost,0.44190560865377493,0.9963074074074074,0.022521257400512695
XGBoost,0.4421278802696896,0.9963185185185185,0.02243662439286709
XGBoost,0.4423797881010595,0.9963222222222222,0.02231447398662567
XGBoost,0.4426465140401571,0.9963814814814815,0.022195056080818176
XGBoost,0.4428317403867526,0.9963925925925926,0.02211436629295349
XGBoost,0.4430058531525524,0.9964148148148149,0.022044364362955093
XGBoost,0.4432429428761947,0.9964333333333333,0.021957416087388992
XGBoost,0.44349114618063273,0.9964481481481482,0.02182859554886818
XGBoost,0.44375046306586646,0.9964703703703703,0.021708328276872635
XGBoost,0.4439912573164407,0.9964814814814815,0.02161428891122341
XGBoost,0.44467289027191226,0.9965518518518518,0.021497366949915886
XGBoost,0.4449951841149885,0.9965814814814815,0.0213843435049057
XGBoost,0.44522486478476697,0.9966037037037037,0.021269511431455612
XGBoost,0.445513817885456,0.9966222222222222,0.021142398938536644
XGBoost,0.445765725716826,0.9966407407407407,0.020988306030631065
XGBoost,0.4461250648292213,0.9966555555555555,0.020851153880357742
XGBoost,0.4464325405645699,0.9966703703703703,0.020729374140501022
XGBoost,0.4467029710305994,0.9966814814814815,0.020624537020921707
XGBoost,0.44696969696969696,0.9966888888888888,0.020511195063591003
XGBoost,0.4472327183818626,0.9967074074074074,0.020452063530683517
XGBoost,0.4476031710750537,0.9967148148148148,0.020351799204945564
XGBoost,0.4479995554567682,0.9967370370370371,0.02025681547820568
XGBoost,0.448340371934504,0.9967407407407407,0.020161662250757217
XGBoost,0.4487626880047418,0.9967444444444444,0.020007414743304253
XGBoost,0.4490368229977032,0.996762962962963,0.01986219547688961
XGBoost,0.4494480254871453,0.9967703703703704,0.01972317509353161
XGBoost,0.449751796695562,0.9967888888888888,0.019632156938314438
XGBoost,0.44998147736534044,0.9968,0.019541937857866287
XGBoost,0.4503445210046677,0.9968111111111111,0.019438346847891808
XGBoost,0.45061124694376525,0.9968259259259259,0.019334599375724792
XGBoost,0.450915018152182,0.9968518518518519,0.019192656502127647
XGBoost,0.4512410165221901,0.9968703703703704,0.01907624676823616
XGBoost,0.45157442394606206,0.996874074074074,0.019019627943634987
XGBoost,0.4518300363043639,0.9968777777777778,0.01893155463039875
XGBoost,0.45221160257835075,0.9968851851851852,0.01876288466155529
XGBoost,0.45245610135585684,0.9968962962962963,0.018695874139666557
XGBoost,0.4527265318218863,0.9969,0.018616359680891037
XGBoost,0.45300066681484774,0.9969111111111111,0.01852092519402504
XGBoost,0.4533488923464474,0.9969185185185185,0.018382325768470764
XGBoost,0.4536045047047492,0.9969259259259259,0.018287137150764465
XGBoost,0.4538490034822553,0.9969296296296296,0.018189454451203346
XGBoost,0.45413054752908055,0.9969370370370371,0.018112292513251305
XGBoost,0.4544195006297696,0.9969555555555556,0.01805238425731659
XGBoost,0.45461954508409275,0.9969666666666667,0.01799655146896839
XGBoost,0.4559976291027636,0.9969814814814815,0.017915625125169754
XGBoost,0.4563754908498185,0.997,0.017804430797696114
XGBoost,0.45659776246573314,0.9970111111111111,0.017719998955726624
XGBoost,0.45689042009335407,0.9970185185185185,0.017621302977204323
XGBoost,0.45712010076313253,0.9970444444444444,0.01753147318959236
XGBoost,0.45736830406757056,0.9970592592592593,0.017454534769058228
XGBoost,0.457557234941098,0.9970777777777777,0.01738535426557064
XGBoost,0.4578424835148551,0.9970851851851852,0.01730731874704361
XGBoost,0.4580943913462251,0.9970962962962963,0.01721588335931301
XGBoost,0.4583981625546418,0.9971074074074074,0.01714416965842247
XGBoost,0.4586241386974883,0.9971222222222222,0.017051901668310165
XGBoost,0.4588982736904497,0.9971407407407408,0.016997694969177246
XGBoost,0.4591242498332963,0.9971592592592593,0.016940129920840263
XGBoost,0.45937245313773434,0.9971740740740741,0.016863640397787094
XGBoost,0.459676224346151,0.9971888888888889,0.016766903921961784
XGBoost,0.4599911091353634,0.9972074074074074,0.016680456697940826
XGBoost,0.46027635770912056,0.9972222222222222,0.016588175669312477
XGBoost,0.46059865155219676,0.9972333333333333,0.01647099480032921
XGBoost,0.4609950359339112,0.997237037037037,0.01641012728214264
XGBoost,0.46430317848410757,0.9973074074074074,0.01631947048008442
XGBoost,0.46468104023116247,0.9973185185185185,0.01617780700325966
XGBoost,0.46498110691264727,0.997325925925926,0.016109025105834007
XGBoost,0.4654775135215233,0.9973296296296297,0.016019809991121292
XGBoost,0.4656664443950507,0.9973518518518518,0.01595817133784294
XGBoost,0.4659294658072164,0.997362962962963,0.015854094177484512
XGBoost,0.4721308438912351,0.9975333333333334,0.01576363295316696
XGBoost,0.47238645624953696,0.9975481481481482,0.01568700186908245
XGBoost,0.47263465955397493,0.9975518518518518,0.015620207414031029
XGBoost,0.4729902941394384,0.9975555555555555,0.015507273375988007
XGBoost,0.47337926946728903,0.997562962962963,0.015420982614159584
XGBoost,0.4736830406757057,0.9975814814814815,0.01530175656080246
XGBoost,0.4741016522190116,0.9975851851851851,0.015178795903921127
XGBoost,0.4742794695117433,0.9975962962962963,0.015122800134122372
XGBoost,0.4764021634437282,0.9977666666666667,0.015041816979646683
XGBoost,0.4767318663406683,0.9977925925925926,0.014941927045583725
XGBoost,0.47696154701044674,0.9977962962962963,0.014886504970490932
XGBoost,0.47726161369193154,0.9978111111111111,0.014812249690294266
XGBoost,0.477576498481144,0.9978111111111111,0.014742230996489525
XGBoost,0.47782099725865007,0.9978148148148148,0.014673951081931591
XGBoost,0.47805808698229235,0.9978296296296296,0.01461009494960308
XGBoost,0.47841001704082387,0.9978296296296296,0.014537977054715157
XGBoost,0.47880640142253833,0.9978407407407407,0.014426243491470814
XGBoost,0.479362080462325,0.9978407407407407,0.01435727346688509
XGBoost,0.47963621545528634,0.9978481481481482,0.014279174618422985
XGBoost,0.4799325776098392,0.9978481481481482,0.014218213967978954
XGBoost,0.480273394087575,0.9978555555555556,0.014117760583758354
XGBoost,0.4806512558346299,0.997862962962963,0.014029194600880146
XGBoost,0.48100318589316143,0.9978703703703704,0.01393701508641243
XGBoost,0.48136993405942063,0.9978703703703704,0.01383933424949646
XGBoost,0.4817107505371564,0.9978703703703704,0.013745894655585289
XGBoost,0.48192931762613916,0.9978814814814815,0.013683871366083622
XGBoost,0.48235163369637696,0.9978888888888889,0.013573572970926762
XGBoost,0.48271097280877234,0.9978962962962963,0.013471114449203014
XGBoost,0.48305549381344004,0.9979,0.01339894998818636
XGBoost,0.4834926279914055,0.9979037037037037,0.013307248242199421
XGBoost,0.48371119508038823,0.9979074074074074,0.013251940719783306
XGBoost,0.48395569385789433,0.9979148148148148,0.013180047273635864
XGBoost,0.48422241979699193,0.9979259259259259,0.013110248371958733
XGBoost,0.48450766837074905,0.9979259259259259,0.013027072884142399
XGBoost,0.48484848484848486,0.9979333333333333,0.012916709296405315
XGBoost,0.48525227828406314,0.9979444444444444,0.012779120355844498
XGBoost,0.485507890642365,0.9979592592592592,0.012711811810731888
XGBoost,0.48584129806623694,0.9979703703703704,0.012652505189180374
XGBoost,0.48621545528635995,0.9979740740740741,0.01254010759294033
XGBoost,0.4864747721715937,0.9979777777777777,0.012477261945605278
XGBoost,0.48664518041046156,0.9979925925925925,0.012431509792804718
XGBoost,0.48696376972660593,0.9979925925925925,0.012353210709989071
XGBoost,0.487252722827295,0.9980037037037037,0.012304935604333878
XGBoost,0.4875120397125287,0.9980185185185185,0.012234162539243698
XGBoost,0.4877639475438986,0.9980296296296296,0.012176495976746082
XGBoost,0.4881195821293621,0.9980370370370371,0.012094260193407536
XGBoost,0.48836408090686817,0.9980407407407408,0.012038429267704487
XGBoost,0.4886456249536934,0.9980518518518519,0.01196222472935915
XGBoost,0.48889753278506337,0.9980592592592593,0.01191052608191967
XGBoost,0.48911239534711415,0.9980814814814815,0.011856041848659515
XGBoost,0.48940505297473513,0.9980925925925926,0.011772182770073414
XGBoost,0.48964955175224123,0.9980962962962963,0.011713719926774502
XGBoost,0.4898421871527006,0.9981,0.011663350276648998
XGBoost,0.49017559457657256,0.9981111111111111,0.011573342606425285
XGBoost,0.49043491146180634,0.998125925925926,0.011506343260407448
XGBoost,0.4907053419278358,0.9981296296296296,0.011454550549387932
XGBoost,0.4910128176631844,0.998137037037037,0.011414400301873684
XGBoost,0.49134252056012445,0.9981444444444444,0.011333335191011429
XGBoost,0.49172038230717935,0.9981444444444444,0.011250643990933895
XGBoost,0.49202785804252797,0.9981444444444444,0.011186936870217323
XGBoost,0.49229828850855745,0.9981518518518518,0.011129472404718399
XGBoost,0.49255760539379123,0.9981592592592593,0.01107725128531456
XGBoost,0.4927946951174335,0.9981740740740741,0.011016630567610264
XGBoost,0.49306142105653106,0.9981777777777778,0.010972004383802414
XGBoost,0.4933244424686967,0.9981851851851852,0.010896204970777035
XGBoost,0.49356523671927094,0.9981888888888889,0.01084274984896183
XGBoost,0.4940283025857598,0.9981925925925926,0.010762501507997513
XGBoost,0.4942728013632659,0.9982074074074074,0.010721959173679352
XGBoost,0.4945913906794102,0.9982074074074074,0.010654767975211143
XGBoost,0.49489886641475883,0.9982111111111112,0.01057905051857233
XGBoost,0.4953397051196562,0.9982148148148148,0.010489195585250854
XGBoost,0.49573608950137066,0.9982185185185185,0.010405917651951313
XGBoost,0.4960991331406979,0.998225925925926,0.01034591905772686
XGBoost,0.49641401792991036,0.998225925925926,0.010279545560479164
XGBoost,0.49676224346151,0.9982333333333333,0.010203544050455093
XGBoost,0.4971734459509521,0.9982333333333333,0.010140424594283104
XGBoost,0.4974920352670964,0.9982333333333333,0.010076926089823246
XGBoost,0.4978291472179003,0.9982333333333333,0.009991194121539593
XGBoost,0.4980403052530192,0.9982592592592593,0.009942837990820408
XGBoost,0.4983292583537082,0.9982703703703704,0.009886957705020905
XGBoost,0.4986960065199674,0.9982777777777778,0.009828142821788788
XGBoost,0.4990775727939542,0.9982814814814814,0.009760602377355099
XGBoost,0.4994887752833963,0.9982851851851852,0.009696893393993378
XGBoost,0.49983700081499594,0.9982888888888889,0.009634148329496384
XGBoost,0.5000629769578425,0.9983,0.009586394764482975
XGBoost,0.5003148847892124,0.9983111111111111,0.009526376612484455
XGBoost,0.5007297918055864,0.9983148148148148,0.009452934376895428
XGBoost,0.5010557901755945,0.9983185185185185,0.009410904720425606
XGBoost,0.501366970437875,0.9983185185185185,0.009347470477223396
XGBoost,0.5016966733348152,0.998325925925926,0.009295325726270676
XGBoost,0.5019596947469808,0.9983407407407408,0.009239129722118378
XGBoost,0.5022931021708528,0.9983444444444445,0.009182389825582504
XGBoost,0.5025450100022227,0.9983592592592593,0.00913332775235176
XGBoost,0.5028747128991627,0.9983666666666666,0.009059393778443336
XGBoost,0.5031451433651922,0.9983703703703704,0.00902764406055212
XGBoost,0.5035637549084981,0.9983814814814815,0.008973933756351471
XGBoost,0.5037971401052086,0.9983962962962963,0.008942479267716408
XGBoost,0.5040601615173742,0.9984037037037037,0.0088875163346529
XGBoost,0.5043120693487442,0.9984074074074074,0.00884299911558628
XGBoost,0.5045862043417055,0.9984148148148149,0.008801877498626709
XGBoost,0.504778839742165,0.9984333333333333,0.008755066432058811
XGBoost,0.5051455879084241,0.9984407407407407,0.008681228384375572
XGBoost,0.5054938134400238,0.9984481481481482,0.008640056475996971
XGBoost,0.5057679484329851,0.9984518518518518,0.008590653538703918
XGBoost,0.5060902422760614,0.9984555555555555,0.008537639863789082
XGBoost,0.5063828999036823,0.998462962962963,0.008501104079186916
XGBoost,0.5066422167889161,0.9984814814814815,0.008448334410786629
XGBoost,0.5070052604282433,0.9984962962962963,0.00836298055946827
XGBoost,0.5072979180558642,0.9985037037037037,0.00831619929522276
XGBoost,0.5075090760909832,0.9985296296296297,0.008284025825560093
XGBoost,0.5077832110839445,0.9985296296296297,0.008230440318584442
XGBoost,0.5080943913462251,0.998537037037037,0.008189935237169266
XGBoost,0.5084203897162333,0.998537037037037,0.008147211745381355
XGBoost,0.5086982292361265,0.9985407407407407,0.00811764132231474
XGBoost,0.5090649774023858,0.9985444444444445,0.008072725497186184
XGBoost,0.5093761576646663,0.9985518518518518,0.008030528202652931
XGBoost,0.5097503148847892,0.9985555555555555,0.007985338568687439
XGBoost,0.510005927243091,0.9985666666666667,0.007936232723295689
XGBoost,0.5103504482477588,0.9985666666666667,0.007893172092735767
XGBoost,0.5107097873601542,0.9985703703703703,0.007829859852790833
XGBoost,0.5110172630955027,0.9985740740740741,0.007784439716488123
XGBoost,0.5113803067348299,0.9985740740740741,0.007737753447145224
XGBoost,0.5116507372008594,0.9985814814814815,0.0076970490626990795
XGBoost,0.5119545084092761,0.9985851851851851,0.0076509988866746426
XGBoost,0.5122953248870119,0.9985851851851851,0.007608403917402029
XGBoost,0.5125324146106542,0.9986,0.007583856116980314
XGBoost,0.5128917537230495,0.9986148148148148,0.007541200146079063
XGBoost,0.5132362747277173,0.9986185185185186,0.007500823587179184
XGBoost,0.5135548640438616,0.9986296296296296,0.00745488703250885
XGBoost,0.5139549529525079,0.9986296296296296,0.007410642225295305
XGBoost,0.5142587241609247,0.9986333333333334,0.007375523913651705
XGBoost,0.5167222345706454,0.998662962962963,0.007342708297073841
XGBoost,0.5170185967251982,0.9986666666666667,0.007280405145138502
XGBoost,0.5175965029265763,0.9986666666666667,0.007234325632452965
XGBoost,0.5179262058235163,0.9986703703703703,0.007211006712168455
XGBoost,0.5182596132473883,0.9986777777777778,0.0071577890776097775
XGBoost,0.5186152478328517,0.9986777777777778,0.007109550293534994
XGBoost,0.5190153367414981,0.9986814814814815,0.007062029559165239
XGBoost,0.5193191079499148,0.9986888888888888,0.007013425230979919
XGBoost,0.5197710602356079,0.9986962962962963,0.006966833025217056
XGBoost,0.5200526042824332,0.9987,0.0069338297471404076
XGBoost,0.5252352374601763,0.9987111111111111,0.006883617956191301
XGBoost,0.5256390308957546,0.9987111111111111,0.006837693974375725
XGBoost,0.5260094835889457,0.9987222222222222,0.00680402759462595
XGBoost,0.526331777432022,0.9987259259259259,0.006751202512532473
XGBoost,0.5266577758020301,0.9987259259259259,0.006721228826791048
XGBoost,0.5269800696451064,0.9987407407407407,0.006692163180559874
XGBoost,0.5273468178113655,0.9987407407407407,0.006658549886196852
XGBoost,0.5276542935467141,0.9987518518518519,0.006625133100897074
XGBoost,0.5279728828628584,0.9987592592592592,0.006572793237864971
XGBoost,0.5283025857597985,0.9987666666666667,0.0065499236807227135
XGBoost,0.5287100837223087,0.9987814814814815,0.006521652918308973
XGBoost,0.52898421871527,0.9987888888888888,0.006487953010946512
XGBoost,0.5291916722234571,0.9988148148148148,0.006458332296460867
XGBoost,0.5295510113358524,0.9988148148148148,0.006408753339201212
XGBoost,0.5300437134177965,0.9988222222222222,0.006378821097314358
XGBoost,0.5305067792842854,0.9988222222222222,0.0063362764194607735
XGBoost,0.5308624138697489,0.9988259259259259,0.006303110159933567
XGBoost,0.5311291398088465,0.9988370370370371,0.006261826492846012
XGBoost,0.5315366377713566,0.9988370370370371,0.00622141920030117
XGBoost,0.5318070682373861,0.9988518518518519,0.006184570491313934
XGBoost,0.5323738608579685,0.9988555555555556,0.0061580706387758255
XGBoost,0.533059198340372,0.9988555555555556,0.006126560270786285
XGBoost,0.5333666740757206,0.9988592592592592,0.006106292828917503
XGBoost,0.5336630362302734,0.9988666666666667,0.006081458181142807
XGBoost,0.5338890123731199,0.9988703703703704,0.006062818691134453
XGBoost,0.5342779877009706,0.9988814814814815,0.006014803424477577
XGBoost,0.5346410313402978,0.9988814814814815,0.005962153896689415
XGBoost,0.5349485070756465,0.9988888888888889,0.005916002206504345
XGBoost,0.5352448692301993,0.9988888888888889,0.005883279722183943
XGBoost,0.5355597540194117,0.9988962962962963,0.005848657339811325
XGBoost,0.5358524116470327,0.9989,0.0058189635165035725
XGBoost,0.5361635919093132,0.9989074074074074,0.005775334779173136
XGBoost,0.5364858857523894,0.9989111111111111,0.005730211269110441
XGBoost,0.5371786322886567,0.9989148148148148,0.005706564523279667
XGBoost,0.5375046306586649,0.9989148148148148,0.005665847100317478
XGBoost,0.5378602652441283,0.9989148148148148,0.005634070839732885
XGBoost,0.5382751722605024,0.9989148148148148,0.005606571678072214
XGBoost,0.5385752389419871,0.9989148148148148,0.005566217936575413
XGBoost,0.5389679187967696,0.9989222222222223,0.005526310298591852
XGBoost,0.5394309846632585,0.9989259259259259,0.005489362869411707
XGBoost,0.5398125509372453,0.9989333333333333,0.0054673682898283005
XGBoost,0.5400385270800919,0.9989333333333333,0.00544621329754591
XGBoost,0.5402867303845299,0.9989370370370371,0.005420546513050795
XGBoost,0.5409276135437505,0.9989407407407408,0.005383750423789024
XGBoost,0.5412202711713714,0.9989444444444444,0.005357728339731693
XGBoost,0.54152774690672,0.9989444444444444,0.005325027741491795
XGBoost,0.5418907905460473,0.9989629629629629,0.005303640384227037
XGBoost,0.5422390160776469,0.9989629629629629,0.005271716043353081
XGBoost,0.5425094465436764,0.9989629629629629,0.005250162910670042
XGBoost,0.5429095354523228,0.9989629629629629,0.005223794374614954
XGBoost,0.5432688745647181,0.9989629629629629,0.005192524753510952
XGBoost,0.5435800548269986,0.9989629629629629,0.0051605780608952045
XGBoost,0.5439319848855301,0.9989666666666667,0.00511658051982522
XGBoost,0.5442320515670149,0.9989703703703704,0.005087228491902351
XGBoost,0.5444506186559976,0.9989740740740741,0.00506353797391057
XGBoost,0.5449285026302141,0.9989777777777777,0.0050256806425750256
XGBoost,0.5454137956582944,0.9989851851851852,0.005006992723792791
XGBoost,0.5458138845669408,0.9989851851851852,0.004968044813722372
XGBoost,0.5461250648292213,0.9989888888888889,0.004941374529153109
XGBoost,0.5464918129954804,0.9989888888888889,0.004913822747766972
XGBoost,0.5467437208268504,0.9989888888888889,0.00489385100081563
XGBoost,0.5471549233162926,0.9989925925925925,0.004865623079240322
XGBoost,0.5496073201452174,0.9990222222222223,0.004825153853744268
XGBoost,0.5500185226346596,0.9990259259259259,0.004803874064236879
XGBoost,0.5504074979625102,0.9990296296296296,0.004758775699883699
XGBoost,0.5508594502482033,0.9990296296296296,0.004737508948892355
XGBoost,0.5511372897680966,0.9990407407407408,0.00470743840560317
XGBoost,0.5514447655034452,0.9990481481481481,0.004681962542235851
XGBoost,0.5518078091427725,0.9990555555555556,0.004652115050703287
XGBoost,0.5522190116322145,0.9990555555555556,0.0046254415065050125
XGBoost,0.5526191005408609,0.9990555555555556,0.00459709856659174
XGBoost,0.5528376676298437,0.9990592592592593,0.004576179198920727
XGBoost,0.5532636882270134,0.9990592592592593,0.004552136175334454
XGBoost,0.5535600503815663,0.9990666666666667,0.004526353441178799
XGBoost,0.554030525301919,0.9990740740740741,0.004496342968195677
XGBoost,0.5543787508335185,0.9990740740740741,0.004467254038900137
XGBoost,0.5547121582573905,0.9990777777777777,0.004434729460626841
XGBoost,0.5552122693931985,0.9990888888888889,0.0044138249941170216
XGBoost,0.5556790397866193,0.9990925925925926,0.004386309999972582
XGBoost,0.556105060383789,0.9990962962962963,0.004358181729912758
XGBoost,0.5564977402385716,0.9990962962962963,0.004322778899222612
XGBoost,0.5569645106319923,0.9990962962962963,0.00429944321513176
XGBoost,0.5572793954212047,0.9991,0.004282820038497448
XGBoost,0.5581314366155442,0.9991,0.004262316972017288
XGBoost,0.5584389123508928,0.9991,0.0042403326369822025
XGBoost,0.5588501148403349,0.9991037037037037,0.004215335473418236
XGBoost,0.5591872267911387,0.9991074074074074,0.004197132773697376
XGBoost,0.5594798844187597,0.9991185185185185,0.0041750711388885975
XGBoost,0.5597651329925168,0.9991185185185185,0.004157757852226496
XGBoost,0.5603911980440098,0.9991185185185185,0.0041471319273114204
XGBoost,0.5608505593835668,0.9991222222222222,0.004127608612179756
XGBoost,0.5611098762688005,0.9991222222222222,0.004115792457014322
XGBoost,0.561421056531081,0.9991222222222222,0.004096828866750002
XGBoost,0.561835963547455,0.9991222222222222,0.004070551600307226
XGBoost,0.5622582796176928,0.9991296296296296,0.004057211801409721
XGBoost,0.5627361635919094,0.9991296296296296,0.00403440510854125
XGBoost,0.5631251389197599,0.9991296296296296,0.0040125735104084015
XGBoost,0.5635659776246573,0.9991296296296296,0.003989327233284712
XGBoost,0.5638215899829592,0.9991296296296296,0.003968730103224516
XGBoost,0.564158701933763,0.9991296296296296,0.003949488513171673
XGBoost,0.5643957916574054,0.9991296296296296,0.003935922868549824
XGBoost,0.5648292213084389,0.9991333333333333,0.003906437195837498
XGBoost,0.5651070608283322,0.9991333333333333,0.0038892526645213366
XGBoost,0.5656775579758465,0.9991333333333333,0.003871878609061241
XGBoost,0.566196191746314,0.9991333333333333,0.003835155162960291
XGBoost,0.5667037119359858,0.9991407407407408,0.00381355918943882
XGBoost,0.5671038008446322,0.9991481481481481,0.0037875890266150236
XGBoost,0.567355708676002,0.9991518518518518,0.0037743952125310898
XGBoost,0.5676039119804401,0.9991592592592593,0.003757844213396311
XGBoost,0.5678854560272654,0.9991592592592593,0.0037468853406608105
XGBoost,0.5681632955471586,0.9991592592592593,0.0037366768810898066
XGBoost,0.568522634659554,0.9991666666666666,0.003720063017681241
XGBoost,0.5688745647180855,0.9991703703703704,0.003703816793859005
XGBoost,0.5692968807883233,0.9991851851851852,0.003685593605041504
XGBoost,0.5696710380084463,0.9991888888888889,0.003664948046207428
XGBoost,0.5701563310365266,0.9991925925925926,0.0036511612124741077
XGBoost,0.5705490108913092,0.9991925925925926,0.003631865605711937
XGBoost,0.5709009409498407,0.9991962962962962,0.0036155220586806536
XGBoost,0.5715899829591761,0.9992,0.003603596007451415
XGBoost,0.5719307994369119,0.9992037037037037,0.0035880492068827152
XGBoost,0.5726198414462473,0.9992037037037037,0.0035721450112760067
XGBoost,0.5731755204860339,0.9992037037037037,0.00355332437902689
XGBoost,0.5735422686522931,0.9992111111111112,0.003537245560437441
XGBoost,0.5738238126991183,0.9992111111111112,0.0035275425761938095
XGBoost,0.5740646069496925,0.9992111111111112,0.0035134144127368927
XGBoost,0.5743794917389049,0.9992111111111112,0.003495639655739069
XGBoost,0.5750055567903979,0.9992111111111112,0.0034700240939855576
XGBoost,0.5757131214343928,0.9992185185185185,0.00345273083075881
XGBoost,0.5760576424390605,0.9992185185185185,0.0034425160847604275
XGBoost,0.5767652070830555,0.9992222222222222,0.0034269436728209257
XGBoost,0.5770282284952212,0.9992222222222222,0.003412362188100815
XGBoost,0.577576498481144,0.9992296296296296,0.003393730614334345
XGBoost,0.5777617248277395,0.999237037037037,0.003383556380867958
XGBoost,0.5781469956286582,0.9992407407407408,0.0033635450527071953
XGBoost,0.5785656071719641,0.9992444444444445,0.00335160200484097
XGBoost,0.5788471512187894,0.9992555555555556,0.003336902242153883
XGBoost,0.5792694672890272,0.9992592592592593,0.003324737073853612
XGBoost,0.5797028969400607,0.9992629629629629,0.003310929052531719
XGBoost,0.5799622138252946,0.9992740740740741,0.0032978784292936325
XGBoost,0.5803400755723495,0.9992740740740741,0.003286939114332199
XGBoost,0.5808735274505445,0.9992777777777778,0.0032736575230956078
XGBoost,0.5814069793287397,0.9992814814814814,0.0032522811088711023
XGBoost,0.5818959768837519,0.9992814814814814,0.0032362770289182663
XGBoost,0.5826257686893384,0.9992814814814814,0.0032162335701286793
XGBoost,0.582892494628436,0.9992851851851852,0.0032089482992887497
XGBoost,0.5831332888790102,0.9992851851851852,0.0032000259961932898
XGBoost,0.5836741498110691,0.9992851851851852,0.003190163755789399
XGBoost,0.5839149440616433,0.9992851851851852,0.0031814188696444035
XGBoost,0.5842298288508557,0.9992851851851852,0.003168020397424698
XGBoost,0.5846410313402979,0.9992888888888889,0.003161120694130659
XGBoost,0.5849373934948507,0.9992888888888889,0.0031474765855818987
XGBoost,0.585259687337927,0.9992888888888889,0.003133128397166729
XGBoost,0.5857079350966882,0.9992925925925926,0.003115304745733738
XGBoost,0.5862154552863599,0.9992925925925926,0.0031039344612509012
XGBoost,0.5866377713565978,0.9992925925925926,0.0030897329561412334
XGBoost,0.5869304289842188,0.9993,0.0030801056418567896
XGBoost,0.5872675409350226,0.9993037037037037,0.003065065946429968
XGBoost,0.5875750166703712,0.9993037037037037,0.003052702872082591
XGBoost,0.588415944283915,0.9993037037037037,0.003040341893211007
XGBoost,0.5888530784618804,0.9993074074074074,0.0030258563347160816
XGBoost,0.5892235311550715,0.9993148148148148,0.0030103004537522793
XGBoost,0.5896273245906498,0.9993222222222222,0.003002011450007558
XGBoost,0.5899273912721346,0.9993222222222222,0.002988854655995965
XGBoost,0.590405275246351,0.999325925925926,0.0029731816612184048
XGBoost,0.5908238867896569,0.999325925925926,0.0029592912178486586
XGBoost,0.5912462028598948,0.9993333333333333,0.0029441521037369967
XGBoost,0.591653700822405,0.9993407407407408,0.002932989038527012
XGBoost,0.5919611765577536,0.9993481481481481,0.002924906788393855
XGBoost,0.5924686967474253,0.9993518518518518,0.0029137448873370886
XGBoost,0.5927502407942505,0.9993518518518518,0.0029010879807174206
XGBoost,0.5930466029488034,0.9993518518518518,0.0028924113139510155
XGBoost,0.5932577609839224,0.9993555555555556,0.0028819700237363577
XGBoost,0.5935281914499518,0.9993555555555556,0.002874084049835801
XGBoost,0.5938615988738238,0.9993555555555556,0.00285996962338686
XGBoost,0.594146847447581,0.9993555555555556,0.0028506198432296515
XGBoost,0.5944543231829296,0.9993592592592593,0.002837012754753232
XGBoost,0.5946802993257762,0.999362962962963,0.002828509546816349
XGBoost,0.5950470474920353,0.9993666666666666,0.0028160561341792345
XGBoost,0.5953508187004519,0.9993666666666666,0.002801675582304597
XGBoost,0.5956916351781878,0.9993666666666666,0.0027893120422959328
XGBoost,0.5960250426020597,0.9993703703703704,0.002779571106657386
XGBoost,0.5962732459064978,0.9993740740740741,0.002770584775134921
XGBoost,0.5966511076535527,0.9993740740740741,0.0027619660831987858
XGBoost,0.5969215381195822,0.9993777777777778,0.002756901318207383
XGBoost,0.597217900274135,0.9993777777777778,0.0027478323318064213
XGBoost,0.5975216714825516,0.9993814814814814,0.002731665503233671
XGBoost,0.5979328739719938,0.9993814814814814,0.002721704775467515
XGBoost,0.5982366451804104,0.9993814814814814,0.0027093749959021807
XGBoost,0.5984811439579166,0.9993814814814814,0.0026994093786925077
XGBoost,0.598918278135882,0.9993814814814814,0.002684427658095956
XGBoost,0.59916648144032,0.9993851851851852,0.002673494163900614
XGBoost,0.5995035933911239,0.9993851851851852,0.002661322709172964
XGBoost,0.599792546491813,0.9993962962962963,0.0026564442086964846
XGBoost,0.6002185670889827,0.9993962962962963,0.002648451831191778
XGBoost,0.6004519522856931,0.9994,0.0026395819149911404
XGBoost,0.6009891086908202,0.9994,0.0026313147973269224
XGBoost,0.6013373342224198,0.9994,0.00262250448577106
XGBoost,0.6016818552270875,0.9994074074074074,0.0026137821841984987
XGBoost,0.6019596947469809,0.9994111111111111,0.002603107364848256
XGBoost,0.60232644291324,0.9994111111111111,0.00259024859406054
XGBoost,0.6025487145291546,0.9994185185185185,0.0025811176747083664
XGBoost,0.6029376898570052,0.9994222222222222,0.0025704780127853155
XGBoost,0.6033451878195154,0.9994222222222222,0.0025539351627230644
XGBoost,0.6036860042972513,0.9994259259259259,0.0025464999489486217
XGBoost,0.6040231162480552,0.9994296296296297,0.0025419911835342646
XGBoost,0.604445432318293,0.9994333333333333,0.002532950369641185
XGBoost,0.6047825442690968,0.9994333333333333,0.0025202000979334116
XGBoost,0.6050714973697858,0.9994333333333333,0.002510535530745983
XGBoost,0.6053271097280877,0.9994333333333333,0.0025018705055117607
XGBoost,0.605730903163666,0.9994333333333333,0.0024868915788829327
XGBoost,0.6060346743720827,0.9994333333333333,0.002477413509041071
XGBoost,0.6062458324072016,0.999437037037037,0.0024714614264667034
XGBoost,0.6065310809809588,0.999437037037037,0.002460743300616741
XGBoost,0.6068459657701711,0.9994481481481482,0.002452673390507698
XGBoost,0.6072312365710899,0.9994555555555555,0.002440785989165306
XGBoost,0.6075757575757575,0.9994555555555555,0.0024315733462572098
XGBoost,0.6079350966881529,0.9994555555555555,0.0024211762938648462
XGBoost,0.60822034526191,0.9994555555555555,0.0024106851778924465
XGBoost,0.6086241386974883,0.9994555555555555,0.0023963944986462593
XGBoost,0.6089353189597688,0.9994555555555555,0.0023883201647549868
XGBoost,0.6092724309105727,0.9994555555555555,0.0023792178835719824
XGBoost,0.6096391790768318,0.9994555555555555,0.0023667351342737675
XGBoost,0.6099614729199081,0.999462962962963,0.002356956945732236
XGBoost,0.6103467437208269,0.9994703703703703,0.002347828820347786
XGBoost,0.6108913091798177,0.9994814814814815,0.002341259503737092
XGBoost,0.6112024894420982,0.9994851851851851,0.0023336289450526237
XGBoost,0.6116062828776765,0.9994962962962963,0.002323697553947568
XGBoost,0.6121026894865526,0.9994962962962963,0.002314260695129633
XGBoost,0.6123879380603097,0.9995,0.002306961687281728
XGBoost,0.6127250500111135,0.9995074074074074,0.00229942100122571
XGBoost,0.6129695487886196,0.9995074074074074,0.0022906556259840727
XGBoost,0.6827702452396829,0.9995111111111111,0.0022767542395740747
XGBoost,0.6831851522560569,0.9995111111111111,0.0022682996932417154
XGBoost,0.6834555827220864,0.9995111111111111,0.0022605934645980597
XGBoost,0.6838556716307328,0.9995111111111111,0.0022522511426359415
XGBoost,0.6842705786471067,0.9995111111111111,0.0022435809951275587
XGBoost,0.6847706897829148,0.9995148148148149,0.002233779989182949
XGBoost,0.6851411424761058,0.9995185185185185,0.00222265487536788
XGBoost,0.6854819589538416,0.9995185185185185,0.0022146408446133137
XGBoost,0.6858264799585093,0.9995185185185185,0.0022048738319426775
XGBoost,0.6862265688671557,0.9995185185185185,0.0021931785158813
XGBoost,0.6868267022301252,0.9995185185185185,0.0021848278120160103
XGBoost,0.6871786322886567,0.9995185185185185,0.002178716706112027
XGBoost,0.6875601985626435,0.9995222222222222,0.002171347150579095
XGBoost,0.6879491738904941,0.9995222222222222,0.0021661485079675913
XGBoost,0.68828999036823,0.9995259259259259,0.0021584199275821447
XGBoost,0.6888123286656294,0.9995296296296297,0.002146902261301875
XGBoost,0.6891012817663185,0.9995333333333334,0.0021375103387981653
XGBoost,0.6894458027709861,0.9995333333333334,0.0021301310043781996
XGBoost,0.6898384826257686,0.999537037037037,0.002120970981195569
XGBoost,0.6900940949840705,0.9995407407407407,0.002116269199177623
XGBoost,0.6905979106468104,0.9995481481481482,0.002109656808897853
XGBoost,0.6908424094243165,0.9995518518518518,0.0021034448873251677
XGBoost,0.6911276579980736,0.9995518518518518,0.002096645999699831
XGBoost,0.6914573608950138,0.9995555555555555,0.0020887155551463366
XGBoost,0.6918500407497963,0.9995666666666667,0.0020766528323292732
XGBoost,0.6920760168926429,0.9995666666666667,0.0020695747807621956
XGBoost,0.6925835370823146,0.9995666666666667,0.002062856452539563
XGBoost,0.6929206490331185,0.9995666666666667,0.002054027048870921
XGBoost,0.6934837371267689,0.9995666666666667,0.0020453238394111395
XGBoost,0.6938134400237089,0.9995740740740741,0.002036175923421979
XGBoost,0.6941357338667852,0.9995740740740741,0.0020327004604041576
XGBoost,0.6944432096021338,0.9995740740740741,0.002023313194513321
XGBoost,0.694684003852708,0.9995740740740741,0.0020156903192400932
XGBoost,0.6951137289768097,0.9995814814814815,0.0020050453022122383
XGBoost,0.6954841816700007,0.9995814814814815,0.0019980701617896557
XGBoost,0.6961250648292213,0.9995888888888889,0.0019865883514285088
XGBoost,0.6968622656886716,0.9995888888888889,0.00197726977057755
XGBoost,0.6972660591242499,0.9995888888888889,0.0019682710990309715
XGBoost,0.6975846484403941,0.9995888888888889,0.0019581534434109926
XGBoost,0.6979810328221087,0.9995925925925926,0.0019498884212225676
XGBoost,0.6985404163888271,0.9995962962962963,0.0019428235245868564
XGBoost,0.699044232051567,0.9995962962962963,0.0019330906216055155
XGBoost,0.6993887530562347,0.9995962962962963,0.0019227747106924653
XGBoost,0.6996628880491961,0.9995962962962963,0.0019147269194945693
XGBoost,0.7005260428243313,0.9995962962962963,0.001909030950628221
XGBoost,0.7007409053863821,0.9995962962962963,0.0019035708392038941
XGBoost,0.7011854486182114,0.9995962962962963,0.0018959823064506054
XGBoost,0.7014744017189005,0.9996,0.0018879108829423785
XGBoost,0.7017707638734534,0.9996,0.0018809644971042871
XGBoost,0.7020189671778914,0.9996074074074074,0.0018736646743491292
XGBoost,0.702367192709491,0.9996111111111111,0.001864542718976736
XGBoost,0.702700600133363,0.9996111111111111,0.001860064803622663
XGBoost,0.7030154849225754,0.9996111111111111,0.0018529111985117197
XGBoost,0.7033563014003111,0.9996111111111111,0.0018437077524140477
XGBoost,0.703652663554864,0.9996111111111111,0.0018349209567531943
XGBoost,0.7039823664518041,0.9996111111111111,0.0018281813245266676
XGBoost,0.7048936800770541,0.9996111111111111,0.0018163534114137292
XGBoost,0.7053419278358154,0.9996148148148148,0.001811710768379271
XGBoost,0.7058864932948062,0.9996148148148148,0.001799417077563703
XGBoost,0.7062087871378825,0.9996148148148148,0.001787226996384561
XGBoost,0.7066644439505075,0.9996148148148148,0.0017774885054677725
XGBoost,0.7069496925242647,0.9996148148148148,0.0017703325720503926
XGBoost,0.7072497592057494,0.9996148148148148,0.0017630793154239655
XGBoost,0.7075905756834853,0.9996185185185186,0.001757200458087027
XGBoost,0.7078758242572424,0.9996185185185186,0.0017481395043432713
XGBoost,0.708224049788842,0.9996185185185186,0.0017397302435711026
XGBoost,0.7086685930206713,0.9996259259259259,0.0017324809450656176
XGBoost,0.7091168407794325,0.9996296296296296,0.0017235997365787625
XGBoost,0.7093539305030747,0.9996296296296296,0.0017165117897093296
XGBoost,0.7096243609691042,0.9996296296296296,0.0017092638881877065
XGBoost,0.7101429947395718,0.9996333333333334,0.001699863700196147
XGBoost,0.7105504927020819,0.9996333333333334,0.0016917234752327204
XGBoost,0.7108320367489072,0.9996333333333334,0.0016843468183651567
XGBoost,0.7114543972734682,0.9996407407407407,0.001680264133028686
XGBoost,0.7118952359783656,0.9996444444444444,0.0016713030636310577
XGBoost,0.7123434837371267,0.9996444444444444,0.0016640336252748966
XGBoost,0.7126954137956583,0.9996444444444444,0.0016567545244470239
XGBoost,0.713373342224198,0.9996444444444444,0.0016496597090736032
XGBoost,0.7136993405942061,0.9996444444444444,0.001641124952584505
XGBoost,0.7140475661258058,0.9996444444444444,0.0016338113928213716
XGBoost,0.7142735422686523,0.999662962962963,0.0016279341652989388
XGBoost,0.714740312662073,0.999662962962963,0.0016235775547102094
XGBoost,0.7151070608283322,0.999662962962963,0.001615478890016675
XGBoost,0.7154886271023191,0.999662962962963,0.0016083898954093456
XGBoost,0.715825739053123,0.999662962962963,0.0016015985747799277
XGBoost,0.7162184189079055,0.999662962962963,0.0015929274959489703
XGBoost,0.7165629399125731,0.999662962962963,0.0015856110258027911
XGBoost,0.7168926428095133,0.999662962962963,0.0015800581313669682
XGBoost,0.7172779136104319,0.9996777777777778,0.0015750350430607796
XGBoost,0.7178928650811292,0.9996777777777778,0.0015673813177272677
XGBoost,0.7182855449359117,0.9996814814814815,0.0015637498581781983
XGBoost,0.7186078387789879,0.9996814814814815,0.001558372750878334
XGBoost,0.7189004964066089,0.9996851851851852,0.0015502903843298554
XGBoost,0.7191561087649108,0.9996851851851852,0.001545387553051114
XGBoost,0.7195821293620804,0.9996851851851852,0.001538153039291501
XGBoost,0.7198562643550419,0.9996851851851852,0.0015317505458369851
XGBoost,0.720137808401867,0.9996925925925926,0.0015253884484991431
XGBoost,0.7204860339334667,0.9996925925925926,0.0015157293528318405
XGBoost,0.7208231458842705,0.9996925925925926,0.0015115466667339206
XGBoost,0.7210454175001852,0.9996962962962963,0.001506886794231832
XGBoost,0.7212899162776913,0.9996962962962963,0.0015023757005110383
XGBoost,0.7216159146476995,0.9996962962962963,0.0014958903193473816
XGBoost,0.7218604134252056,0.9996962962962963,0.0014917126391083002
XGBoost,0.7221530710528266,0.9996962962962963,0.0014869628939777613
XGBoost,0.7224309105727199,0.9996962962962963,0.0014822939410805702
XGBoost,0.7226680002963621,0.9996962962962963,0.0014782702783122659
XGBoost,0.7230792027858043,0.9997,0.0014718573074787855
XGBoost,0.7234385418981996,0.9997074074074074,0.0014677270082756877
XGBoost,0.723708972364229,0.9997074074074074,0.0014639552682638168
XGBoost,0.7242239016077647,0.9997074074074074,0.0014599533751606941
XGBoost,0.7246758538934578,0.9997074074074074,0.0014534834772348404
XGBoost,0.7248684892939171,0.9997074074074074,0.0014499532990157604
XGBoost,0.7251944876639254,0.9997074074074074,0.0014450571034103632
XGBoost,0.7254723271838186,0.9997111111111111,0.0014393101446330547
XGBoost,0.7260020745350819,0.9997111111111111,0.0014329772675409913
XGBoost,0.7263428910128177,0.9997111111111111,0.0014270180836319923
XGBoost,0.7268837519448766,0.9997111111111111,0.0014216216513887048
XGBoost,0.7272097503148848,0.9997111111111111,0.0014182337326928973
XGBoost,0.7275653849003483,0.9997148148148148,0.0014119187835603952
XGBoost,0.7279284285396754,0.9997185185185186,0.0014070624019950628
XGBoost,0.728198859005705,0.9997185185185186,0.0014017524663358927
XGBoost,0.7285359709565089,0.9997185185185186,0.0013974732719361782
XGBoost,0.7291731495887975,0.9997185185185186,0.0013911366695538163
XGBoost,0.7294509891086908,0.9997222222222222,0.001385349314659834
XGBoost,0.7297214195747203,0.9997259259259259,0.001381024601869285
XGBoost,0.7300103726754094,0.9997259259259259,0.0013762356247752905
XGBoost,0.7307142327924724,0.9997259259259259,0.0013706641038879752
XGBoost,0.7310476402163444,0.9997370370370371,0.0013646029401570559
XGBoost,0.7315440468252205,0.9997370370370371,0.0013601985992863774
XGBoost,0.7319033859376157,0.9997370370370371,0.001355920685455203
XGBoost,0.7322404978884196,0.9997407407407407,0.0013500647619366646
XGBoost,0.732722086389568,0.9997407407407407,0.0013453164137899876
XGBoost,0.7329554715862784,0.9997407407407407,0.0013397058937698603
XGBoost,0.733266651848559,0.9997407407407407,0.0013353924732655287
XGBoost,0.7337445358227754,0.9997407407407407,0.0013298348058015108
XGBoost,0.7342483514855153,0.9997444444444444,0.0013258947292342782
XGBoost,0.7346780766096169,0.9997444444444444,0.0013202582485973835
XGBoost,0.7350892790990591,0.9997444444444444,0.001315853325650096
XGBoost,0.7353745276728162,0.9997444444444444,0.0013111151056364179
XGBoost,0.7360228198859006,0.9997444444444444,0.0013059903867542744
XGBoost,0.7365933170334148,0.9997444444444444,0.0012997078010812402
XGBoost,0.7369452470919463,0.9997444444444444,0.0012944511836394668
XGBoost,0.73737867674298,0.9997518518518519,0.001289049512706697
XGBoost,0.7376602207898051,0.9997592592592592,0.0012848875485360622
XGBoost,0.7379528784174261,0.999762962962963,0.0012786886654794216
XGBoost,0.7383492627991406,0.9997666666666667,0.0012738184304907918
XGBoost,0.7386567385344891,0.9997703703703704,0.0012670706491917372
XGBoost,0.7388901237311996,0.9997703703703704,0.0012635232415050268
XGBoost,0.7391790768318885,0.9997703703703704,0.001260065007954836
XGBoost,0.7395013706749648,0.9997703703703704,0.0012555454159155488
XGBoost,0.7398940505297473,0.9997703703703704,0.001251493813470006
XGBoost,0.7401681855227088,0.9997703703703704,0.0012478609569370747
XGBoost,0.7405793880121508,0.9997703703703704,0.0012440035352483392
XGBoost,0.7408498184781803,0.999774074074074,0.0012408692855387926
XGBoost,0.7410794991479588,0.999774074074074,0.0012373692588880658
XGBoost,0.7413980884641032,0.999774074074074,0.0012333004269748926
XGBoost,0.7416685189301326,0.999774074074074,0.0012299218215048313
XGBoost,0.7420834259465067,0.9997777777777778,0.0012246292317286134
XGBoost,0.7423464473586723,0.9997777777777778,0.0012203308288007975
XGBoost,0.7428243313328888,0.9997777777777778,0.0012171315029263496
XGBoost,0.7431873749722161,0.9997777777777778,0.0012132261181250215
XGBoost,0.7435133733422242,0.9997777777777778,0.001204822794534266
XGBoost,0.7438430762391642,0.9997777777777778,0.0011971821077167988
XGBoost,0.7441320293398533,0.9997777777777778,0.001193544245325029
XGBoost,0.7447543898644143,0.9997851851851852,0.0011887085856869817
XGBoost,0.7451137289768096,0.9997888888888888,0.0011846055276691914
XGBoost,0.7453804549159072,0.9997925925925926,0.001179961021989584
XGBoost,0.7456582944358006,0.9997925925925926,0.0011751222191378474
XGBoost,0.7460287471289916,0.9997925925925926,0.0011694729328155518
XGBoost,0.7463065866488849,0.9997925925925926,0.0011654922273010015
XGBoost,0.7466325850188931,0.9997925925925926,0.0011586970649659634
XGBoost,0.7470141512928798,0.9997925925925926,0.001155463745817542
XGBoost,0.7473771949322071,0.9997925925925926,0.00115088967140764
XGBoost,0.7476550344521005,0.9997925925925926,0.0011475573992356658
XGBoost,0.7479810328221086,0.9998037037037037,0.0011423183605074883
XGBoost,0.748214418018819,0.9998074074074074,0.0011382624506950378
XGBoost,0.7485255982810995,0.9998074074074074,0.0011336704483255744
XGBoost,0.748751574423946,0.9998111111111111,0.0011294704163447022
XGBoost,0.7489664369859969,0.9998111111111111,0.0011249470990151167
XGBoost,0.7493405942061199,0.9998185185185186,0.001121111330576241
XGBoost,0.7501296584426169,0.9998259259259259,0.0011156708933413029
XGBoost,0.7509224272060457,0.9998259259259259,0.001108055468648672
XGBoost,0.7518152181966363,0.9998296296296296,0.001101624802686274
XGBoost,0.7521263984589168,0.9998296296296296,0.0010947540868073702
XGBoost,0.7525450100022227,0.9998296296296296,0.0010890342528000474
XGBoost,0.7527672816181373,0.9998296296296296,0.0010855456348508596
XGBoost,0.7530710528265541,0.9998333333333334,0.001081856433302164
XGBoost,0.7533822330888346,0.9998333333333334,0.0010784900514408946
XGBoost,0.7537637993628213,0.9998370370370371,0.0010752241360023618
XGBoost,0.7540564569904423,0.9998407407407407,0.0010706842876970768
XGBoost,0.7544528413721567,0.9998407407407407,0.0010648577008396387
XGBoost,0.7550566792620582,0.9998444444444444,0.0010594577761366963
XGBoost,0.7555604949247982,0.9998444444444444,0.001055578119121492
XGBoost,0.7559346521449211,0.9998444444444444,0.001051340950652957
XGBoost,0.7564829221308439,0.9998444444444444,0.0010476420866325498
XGBoost,0.7567200118544862,0.9998444444444444,0.0010445596417412162
XGBoost,0.7570682373860858,0.9998444444444444,0.0010414276039227843
XGBoost,0.7575016670371194,0.9998444444444444,0.0010382466716691852
XGBoost,0.7577943246647403,0.9998481481481482,0.0010355109116062522
XGBoost,0.7581573683040675,0.9998481481481482,0.0010317532578483224
XGBoost,0.7592131584796622,0.9998555555555556,0.0010280805872753263
XGBoost,0.7596132473883085,0.9998555555555556,0.0010250009363517165
XGBoost,0.7600133362969549,0.9998592592592592,0.0010206057922914624
XGBoost,0.7604726976365118,0.9998592592592592,0.0010146235581487417
XGBoost,0.7616322145661999,0.999862962962963,0.0010107913985848427
XGBoost,0.7619100540860932,0.999862962962963,0.001007606042549014
XGBoost,0.7622027117137141,0.999862962962963,0.001002902165055275
XGBoost,0.7626287323108839,0.999862962962963,0.0009987272787839174
XGBoost,0.7629510261539602,0.999862962962963,0.0009943589102476835
XGBoost,0.7631881158776024,0.999862962962963,0.000991125707514584
XGBoost,0.7634363191820405,0.9998666666666667,0.0009881891310214996
XGBoost,0.7637697266059125,0.9998666666666667,0.0009853546507656574
XGBoost,0.7641883381492184,0.9998666666666667,0.0009813645156100392
XGBoost,0.7644958138845669,0.9998666666666667,0.0009772367775440216
XGBoost,0.7648218122545751,0.9998666666666667,0.000972050242125988
XGBoost,0.7659220567533526,0.9998666666666667,0.000968288688454777
XGBoost,0.7661887826924502,0.9998666666666667,0.0009646160760894418
XGBoost,0.7670852782099726,0.9998666666666667,0.0009612394496798515
XGBoost,0.7674705490108913,0.9998666666666667,0.0009592546266503632
XGBoost,0.7677632066385123,0.9998666666666667,0.0009542725165374577
XGBoost,0.7683299992590946,0.9998666666666667,0.0009489991934970021
XGBoost,0.7688671556642217,0.9998703703703704,0.0009458457352593541
XGBoost,0.7692339038304808,0.9998703703703704,0.000942189886700362
XGBoost,0.7696562199007186,0.9998703703703704,0.0009390246123075485
XGBoost,0.7705008520411943,0.9998703703703704,0.0009350187028758228
XGBoost,0.7708564866266577,0.999874074074074,0.0009318286320194602
XGBoost,0.771223234792917,0.999874074074074,0.0009266982087865472
XGBoost,0.771552937689857,0.999874074074074,0.0009229835704900324
XGBoost,0.7720789805141883,0.999874074074074,0.0009189003030769527
XGBoost,0.7726457731347707,0.999874074074074,0.0009142747730948031
XGBoost,0.7729050900200044,0.999874074074074,0.0009114744607359171
XGBoost,0.7734014966288805,0.9998777777777778,0.0009080756572075188
XGBoost,0.773712676891161,0.9998777777777778,0.0009052144596353173
XGBoost,0.7743424464695858,0.9998814814814815,0.00090269825886935
XGBoost,0.7745980588278877,0.9998851851851852,0.0008984541636891663
XGBoost,0.7752204193524487,0.9998851851851852,0.0008951182826422155
XGBoost,0.7756316218418908,0.9998851851851852,0.0008920390973798931
XGBoost,0.7758909387271246,0.9998851851851852,0.0008889040327630937
XGBoost,0.7763836408090686,0.9998851851851852,0.0008863574475981295
XGBoost,0.7767466844483959,0.9998851851851852,0.0008819384383969009
XGBoost,0.7771690005186338,0.9998851851851852,0.0008769233245402575
XGBoost,0.7775283396310291,0.9998851851851852,0.0008741643978282809
XGBoost,0.7779136104319478,0.9998851851851852,0.0008716845768503845
XGBoost,0.7785878343335556,0.9998851851851852,0.0008688817033544183
XGBoost,0.7790583092539083,0.9998851851851852,0.0008665038039907813
XGBoost,0.779399125731644,0.9998851851851852,0.0008619377040304244
XGBoost,0.779776987478699,0.9998851851851852,0.0008576586842536926
XGBoost,0.7803326665184855,0.9998888888888889,0.000854550686199218
XGBoost,0.7806845965770172,0.9999,0.000850732671096921
XGBoost,0.7811365488627102,0.9999,0.0008479643729515374
XGBoost,0.7815440468252204,0.9999,0.0008454802446067333
XGBoost,0.7818811587760243,0.9999,0.0008424428524449468
XGBoost,0.7823997925464918,0.9999,0.0008395722834393382
XGBoost,0.7832740609024228,0.9999,0.0008372279698960483
XGBoost,0.7836704452841372,0.9999037037037037,0.0008338311454281211
XGBoost,0.784055716085056,0.9999037037037037,0.0008305343799293041
XGBoost,0.7843817144550641,0.9999037037037037,0.0008260513423010707
XGBoost,0.7849225753871231,0.9999037037037037,0.0008229496306739748
XGBoost,0.7853263688227013,0.9999111111111111,0.0008193455287255347
XGBoost,0.7858227754315774,0.9999111111111111,0.0008166805491782725
XGBoost,0.7861635919093132,0.9999111111111111,0.0008127677720040083
XGBoost,0.786748907164555,0.9999111111111111,0.0008103208965621889
XGBoost,0.7875564940357116,0.9999148148148148,0.0008079400868155062
XGBoost,0.7879417648366304,0.9999148148148148,0.0008026827126741409
XGBoost,0.7882233088834556,0.9999148148148148,0.0007997695938684046
XGBoost,0.7885863525227829,0.9999185185185185,0.0007956314366310835
XGBoost,0.789034600281544,0.9999185185185185,0.0007925750105641782
XGBoost,0.7911906349559161,0.9999185185185185,0.000787640456110239
XGBoost,0.791446247314218,0.9999185185185185,0.0007843617349863052
XGBoost,0.7918241090612729,0.9999185185185185,0.0007815049611963332
XGBoost,0.792813217752093,0.9999222222222223,0.0007784512708894908
XGBoost,0.7934244646958584,0.9999222222222223,0.000774982909206301
XGBoost,0.7937171223234792,0.9999259259259259,0.0007719822460785508
XGBoost,0.7942283470400829,0.9999259259259259,0.0007694538799114525
XGBoost,0.7947766170260058,0.9999259259259259,0.0007657869136892259
XGBoost,0.795513817885456,0.9999259259259259,0.0007614357164129615
XGBoost,0.7958546343631918,0.9999259259259259,0.0007576516945846379
XGBoost,0.7967696525153738,0.9999259259259259,0.000752995430957526
XGBoost,0.7972290138549307,0.9999296296296296,0.0007507817354053259
XGBoost,0.7977180114099429,0.9999333333333333,0.0007460293709300458
XGBoost,0.7987700970586056,0.9999444444444444,0.0007417058805003762
XGBoost,0.7993480032599837,0.9999444444444444,0.0007394975400529802
XGBoost,0.799666592576128,0.9999444444444444,0.0007367043872363865
XGBoost,0.8004630658664889,0.9999444444444444,0.0007322810124605894
XGBoost,0.8010520856486627,0.9999444444444444,0.0007274272502399981
XGBoost,0.8017559457657257,0.9999444444444444,0.0007226294255815446
XGBoost,0.8026931910794991,0.9999444444444444,0.0007203778950497508
XGBoost,0.8030265985033711,0.9999444444444444,0.0007161340327002108
XGBoost,0.8035822775431577,0.9999444444444444,0.0007124273106455803
XGBoost,0.8044380232644291,0.9999444444444444,0.0007072202861309052
XGBoost,0.8049047936578498,0.9999444444444444,0.0007025228114798665
XGBoost,0.8054901089130918,0.9999444444444444,0.0006982948980294168
XGBoost,0.806064310587538,0.9999444444444444,0.0006953600095584989
XGBoost,0.8068089205008521,0.9999555555555556,0.0006919511943124235
XGBoost,0.8073757131214344,0.9999555555555556,0.0006872948724776506
XGBoost,0.8084129806623694,0.9999555555555556,0.0006839477573521435
XGBoost,0.8090501592946581,0.9999555555555556,0.0006800334085710347
XGBoost,0.8096391790768319,0.9999555555555556,0.0006764098652638495
XGBoost,0.8103245165592354,0.9999555555555556,0.0006737074581906199
XGBoost,0.8108357412758391,0.9999592592592592,0.0006701943348161876
XGBoost,0.8115210787582425,0.9999592592592592,0.0006667042034678161
XGBoost,0.8122101207675779,0.9999592592592592,0.0006633672164753079
XGBoost,0.815073720085945,0.9999629629629629,0.000658480275887996
XGBoost,0.8157849892568719,0.9999666666666667,0.0006538121378980577
XGBoost,0.8166963028821219,0.9999666666666667,0.0006489435327239335
XGBoost,0.8175224123879381,0.9999666666666667,0.0006436411640606821
XGBoost,0.8177595021115803,0.9999666666666667,0.0006407226319424808
XGBoost,0.818229977031933,0.9999666666666667,0.0006363316206261516
XGBoost,0.818811587760243,0.9999666666666667,0.0006314835627563298
XGBoost,0.8191894495072979,0.9999666666666667,0.0006245351396501064
XGBoost,0.8199711046899311,0.9999666666666667,0.0006201689830049872
XGBoost,0.8205230792027858,0.9999666666666667,0.0006136066513136029
XGBoost,0.8207823960880195,0.9999666666666667,0.0006109133828431368
XGBoost,0.8215751648514484,0.9999703703703704,0.000605669803917408
XGBoost,0.8220048899755501,0.9999703703703704,0.0006014342652633786
XGBoost,0.8229050900200044,0.9999740740740741,0.000598077371250838
XGBoost,0.8232236793361488,0.9999740740740741,0.0005947072058916092
XGBoost,0.823631177298659,0.9999740740740741,0.0005915313377045095
XGBoost,0.8239905164110544,0.9999740740740741,0.0005865646526217461
XGBoost,0.8243646736311773,0.9999740740740741,0.0005829450092278421
XGBoost,0.8246091724086834,0.9999740740740741,0.0005773057346232235
XGBoost,0.824916648144032,0.9999777777777777,0.0005684756324626505
XGBoost,0.8254056456990442,0.9999777777777777,0.0005599457072094083
XGBoost,0.8257168259613248,0.9999777777777777,0.0005535977543331683
XGBoost,0.8260613469659924,0.9999777777777777,0.000549221585970372
XGBoost,0.8263540045936134,0.9999777777777777,0.0005458382656797767
XGBoost,0.8267392753945321,0.9999777777777777,0.0005399989895522594
XGBoost,0.8269874786989702,0.9999777777777777,0.000534755818080157
XGBoost,0.8274246128769356,0.9999777777777777,0.0005303308134898543
XGBoost,0.828032155293769,0.9999777777777777,0.0005221755127422512
XGBoost,0.8283470400829814,0.9999777777777777,0.0005170740187168121
XGBoost,0.8287211973031043,0.9999777777777777,0.0005126110045239329
XGBoost,0.8292546491812995,0.9999777777777777,0.000507600256241858
XGBoost,0.8295732384974439,0.9999814814814815,0.0005031055770814419
XGBoost,0.8298214418018819,0.9999814814814815,0.0004984401166439056
XGBoost,0.8301622582796176,0.9999814814814815,0.0004918311024084687
XGBoost,0.8304252796917834,0.9999814814814815,0.0004861177585553378
XGBoost,0.830773505223383,0.9999851851851852,0.0004807415243703872
XGBoost,0.8310995035933911,0.9999851851851852,0.00047594436910003424
XGBoost,0.8313810476402164,0.9999888888888889,0.00047027136315591633
XGBoost,0.8316514781062458,0.9999888888888889,0.0004640805418603122
XGBoost,0.8319848855301178,0.9999888888888889,0.00045657591545023024
XGBoost,0.8324034970734238,0.9999888888888889,0.0004498146881815046
XGBoost,0.8328332221975254,0.9999888888888889,0.000443990807980299
XGBoost,0.8332296065792398,0.9999888888888889,0.0004395019495859742
XGBoost,0.8336074683262947,0.9999888888888889,0.0004340270534157753
XGBoost,0.8339445802770986,0.9999888888888889,0.00042780410149134696
XGBoost,0.834300214862562,0.9999888888888889,0.0004235436499584466
XGBoost,0.8346039860709787,0.9999888888888889,0.0004202299751341343
XGBoost,0.8349929613988294,0.9999888888888889,0.00041748027433641255
XGBoost,0.8353115507149736,0.9999888888888889,0.00041293702088296413
XGBoost,0.8356968215158924,0.9999888888888889,0.00040828826604411006
XGBoost,0.8360598651552197,0.9999888888888889,0.0004053237207699567
XGBoost,0.8364525450100022,0.9999888888888889,0.0004012857098132372
XGBoost,0.8367452026376232,0.9999888888888889,0.00039774266770109534
XGBoost,0.8371823368155886,0.9999888888888889,0.00039472573553211987
XGBoost,0.8375305623471883,0.9999888888888889,0.0003905267803929746
XGBoost,0.8378824924057198,0.9999888888888889,0.00038527700235135853
XGBoost,0.8382121953026599,0.9999888888888889,0.0003817270917352289
XGBoost,0.838790101504038,0.9999888888888889,0.00037831300869584084
XGBoost,0.8391568496702971,0.9999925925925925,0.0003747754089999944
XGBoost,0.8394643254056458,0.9999925925925925,0.00037184954271651804
XGBoost,0.8399162776913388,0.9999925925925925,0.00036815277417190373
XGBoost,0.8401941172112322,0.9999925925925925,0.0003646799304988235
XGBoost,0.8405238201081722,0.9999925925925925,0.0003625810786616057
XGBoost,0.8408053641549974,0.9999925925925925,0.00035937962820753455
XGBoost,0.8411721123212565,0.9999925925925925,0.00035698339343070984
XGBoost,0.8414499518411499,0.9999925925925925,0.00035465724067762494
XGBoost,0.8417314958879751,0.9999925925925925,0.0003511708346195519
XGBoost,0.8422019708083278,0.9999925925925925,0.00034793722443282604
XGBoost,0.8426650366748166,0.9999925925925925,0.0003452308301348239
XGBoost,0.8430428984218715,0.9999925925925925,0.0003412595542613417
XGBoost,0.8435281914499518,0.9999925925925925,0.0003388728073332459
XGBoost,0.8440801659628066,0.9999925925925925,0.0003361809649504721
XGBoost,0.8445765725716826,0.9999925925925925,0.0003316894581075758
XGBoost,0.844850707564644,0.9999925925925925,0.00032882115920074284
XGBoost,0.845224864784767,0.9999925925925925,0.0003262938989792019
XGBoost,0.845639771801141,0.9999925925925925,0.0003234426549170166
XGBoost,0.8460213380751278,0.9999925925925925,0.000320493767503649
XGBoost,0.84643254056457,0.9999925925925925,0.0003170230193063617
XGBoost,0.8468252204193525,0.9999925925925925,0.00031494980794377625
XGBoost,0.8473031043935689,0.9999925925925925,0.0003108738746959716
XGBoost,0.8475142624286879,0.9999925925925925,0.0003079397138208151
XGBoost,0.8479699192413129,0.9999925925925925,0.0003059355076402426
XGBoost,0.8483181447729125,0.9999925925925925,0.0003035386325791478
XGBoost,0.8486885974661036,0.9999925925925925,0.000299774925224483
XGBoost,0.8491368452248648,0.9999925925925925,0.00029748500674031675
XGBoost,0.8495813884566941,0.9999925925925925,0.00029491016175597906
XGBoost,0.8500074090538638,0.9999925925925925,0.0002917186066042632
XGBoost,0.8503593391123954,0.9999925925925925,0.00028907100204378366
XGBoost,0.8506557012669482,0.9999925925925925,0.0002872221521101892
XGBoost,0.8510483811217308,0.9999925925925925,0.0002850898017641157
XGBoost,0.8515151515151516,0.9999925925925925,0.0002818811044562608
XGBoost,0.8518818996814107,0.9999925925925925,0.0002802061790134758
XGBoost,0.8523338519671038,0.9999925925925925,0.00027609130484052
XGBoost,0.8528561902645032,0.9999925925925925,0.0002732231514528394
XGBoost,0.8534452100466771,0.9999925925925925,0.0002703719073906541
XGBoost,0.8538341853745277,0.9999925925925925,0.0002675958094187081
XGBoost,0.8543046602948804,0.9999925925925925,0.00026547416928224266
XGBoost,0.8545639771801141,0.9999925925925925,0.0002622348256409168
XGBoost,0.8550196339927392,0.9999925925925925,0.00026028172578662634
XGBoost,0.8553197006742239,0.9999925925925925,0.00025808464852161705
XGBoost,0.8556086537749129,0.9999925925925925,0.0002557029656600207
XGBoost,0.8559087204563978,0.9999925925925925,0.0002529990451876074
XGBoost,0.8561902645032229,0.9999925925925925,0.00025073144934140146
XGBoost,0.8565533081425502,0.9999925925925925,0.00024813591153360903
XGBoost,0.8569089427280137,0.9999925925925925,0.0002457597875036299
XGBoost,0.8573645995406387,0.9999925925925925,0.00024304416729137301
XGBoost,0.857723938653034,0.9999925925925925,0.00023958770907483995
XGBoost,0.8580499370230421,0.9999962962962963,0.00023717805743217468
XGBoost,0.8584018670815737,0.9999962962962963,0.0002333155134692788
XGBoost,0.8586982292361266,0.9999962962962963,0.0002303397486684844
XGBoost,0.8589501370674965,0.9999962962962963,0.00022689125034958124
XGBoost,0.8594465436763725,0.9999962962962963,0.0002232723927590996
XGBoost,0.8598688597466103,0.9999962962962963,0.00022006120707374066
XGBoost,0.8601281766318442,0.9999962962962963,0.00021762470714747906
XGBoost,0.8604986293250352,0.9999962962962963,0.00021393547649495304
XGBoost,0.8609135363414092,0.9999962962962963,0.00021101800666656345
XGBoost,0.8612988071423279,0.9999962962962963,0.0002082705614157021
XGBoost,0.8616248055123361,0.9999962962962963,0.00020542583661153913
XGBoost,0.8619322812476846,0.9999962962962963,0.00020304755889810622
XGBoost,0.8621767800251908,0.9999962962962963,0.00020098077948205173
XGBoost,0.86254352819145,0.9999962962962963,0.00019855266145896167
XGBoost,0.8629362080462325,0.9999962962962963,0.0001960975641850382
XGBoost,0.8632325702007854,0.9999962962962963,0.00019382633036002517
XGBoost,0.8635919093131808,0.9999962962962963,0.00019200639508198947
XGBoost,0.8639771801140994,0.9999962962962963,0.0001896966277854517
XGBoost,0.8643661554419501,0.9999962962962963,0.00018753974291030318
XGBoost,0.8648032896199155,0.9999962962962963,0.00018496559641789645
XGBoost,0.8651070608283322,0.9999962962962963,0.00018325488781556487
XGBoost,0.8654849225753871,0.9999962962962963,0.00018027002806775272
XGBoost,0.8658701933763059,0.9999962962962963,0.00017787670367397368
XGBoost,0.866155441950063,0.9999962962962963,0.00017551179917063564
XGBoost,0.8664518041046159,0.9999962962962963,0.00017313359421677887
XGBoost,0.866737052678373,0.9999962962962963,0.0001706664770608768
XGBoost,0.8670408238867896,0.9999962962962963,0.0001679096749285236
XGBoost,0.8673112543528192,0.9999962962962963,0.00016579104703851044
XGBoost,0.8676965251537379,0.9999962962962963,0.00016091518045868725
XGBoost,0.868144772912499,0.9999962962962963,0.00015915665426291525
XGBoost,0.8685522708750093,0.9999962962962963,0.000154956360347569
XGBoost,0.868978291472179,0.9999962962962963,0.0001519030483905226
XGBoost,0.8693154034229829,0.9999962962962963,0.00014905222633387893
XGBoost,0.8696339927391272,0.9999962962962963,0.00014649944205302745
XGBoost,0.8699674001629992,0.9999962962962963,0.00014348940749187022
XGBoost,0.8704045343409647,0.9999962962962963,0.00014114852820057422
XGBoost,0.8707861006149514,0.9999962962962963,0.0001378686138195917
XGBoost,0.8711306216196192,0.9999962962962963,0.0001361271715722978
XGBoost,0.8714121656664444,0.9999962962962963,0.00013313483214005828
XGBoost,0.8717048232940654,0.9999962962962963,0.00013023843348491937
XGBoost,0.8720345261910054,0.9999962962962963,0.00012799353862646967
XGBoost,0.872342001926354,0.9999962962962963,0.00012460333527997136
XGBoost,0.8727087500926132,0.9999962962962963,0.00012201705976622179
XGBoost,0.8730162258279618,0.9999962962962963,0.00011878083751071244
XGBoost,0.8733533377787657,0.9999962962962963,0.00011532343341968954
XGBoost,0.8736496999333185,0.9999962962962963,0.00011242734035477042
XGBoost,0.8739460620878714,0.9999962962962963,0.00010962998931063339
XGBoost,0.8742350151885604,0.9999962962962963,0.0001066792247002013
XGBoost,0.8745350818700452,0.9999962962962963,0.00010405921057099476
XGBoost,0.87483514855153,0.9999962962962963,0.00010189902241108939
XGBoost,0.8751055790175595,0.9999962962962963,0.00010015766019932926
XGBoost,0.8755241905608654,0.9999962962962963,9.731647878652439e-05
XGBoost,0.8760131881158776,0.9999962962962963,9.497356950305402e-05
XGBoost,0.8766170260057791,0.9999962962962963,9.319657692685723e-05
XGBoost,0.8768467066755575,0.9999962962962963,9.18036384973675e-05
XGBoost,0.8771764095724975,0.9999962962962963,9.01489402167499e-05
XGBoost,0.877409794769208,0.9999962962962963,8.859094668878242e-05
XGBoost,0.8776617026005779,0.9999962962962963,8.68603601702489e-05
XGBoost,0.8780358598207009,0.9999962962962963,8.439394150627777e-05
XGBoost,0.8783174038675261,0.9999962962962963,8.272372360806912e-05
XGBoost,0.8787286063569683,0.9999962962962963,8.105501183308661e-05
XGBoost,0.8789656960806105,0.9999962962962963,7.98777982708998e-05
XGBoost,0.8792101948581166,0.9999962962962963,7.923674274934456e-05
XGBoost,0.879528784174261,0.9999962962962963,7.764561451040208e-05
XGBoost,0.8799140549751797,0.9999962962962963,7.627153536304832e-05
XGBoost,0.8801881899681411,0.9999962962962963,7.465113594662398e-05
XGBoost,0.8805808698229236,0.9999962962962963,7.307664782274514e-05
XGBoost,0.8809587315699785,0.9999962962962963,7.176069630077109e-05
XGBoost,0.8812625027783952,0.9999962962962963,7.0528345531784e-05
XGBoost,0.8815403422982885,0.9999962962962963,6.892115197842941e-05
XGBoost,0.8819959991109135,0.9999962962962963,6.688138091703877e-05
XGBoost,0.8823442246425132,0.9999962962962963,6.54155301162973e-05
XGBoost,0.8825739053122916,0.9999962962962963,6.445456529036164e-05
XGBoost,0.882892494628436,0.9999962962962963,6.308904266916215e-05
XGBoost,0.8831518115136697,0.9999962962962963,6.170465348986909e-05
XGBoost,0.8835185596799289,0.9999962962962963,6.0802609368693084e-05
XGBoost,0.883929762169371,0.9999962962962963,5.946186138316989e-05
XGBoost,0.8844446914129066,0.9999962962962963,5.8672674640547484e-05
XGBoost,0.8847669852559829,0.9999962962962963,5.720832268707454e-05
XGBoost,0.8852226420686078,0.9999962962962963,5.536930984817445e-05
XGBoost,0.8855301178039564,0.9999962962962963,5.395620610215701e-05
XGBoost,0.8858894569163518,0.9999962962962963,5.23857306689024e-05
XGBoost,0.8862413869748833,0.9999962962962963,5.096126551507041e-05
XGBoost,0.8866229532488701,0.9999962962962963,4.91838000016287e-05
XGBoost,0.8881566273986812,0.9999962962962963,4.804753916687332e-05
XGBoost,0.8888160331925613,0.9999962962962963,4.692767470260151e-05
XGBoost,0.8896088019559902,0.9999962962962963,4.6037348511163145e-05
XGBoost,0.8902459805882789,0.9999962962962963,4.501908551901579e-05
XGBoost,0.8922501296584426,0.9999962962962963,4.42138516518753e-05
XGBoost,0.8940283025857598,0.9999962962962963,4.335706398705952e-05
XGBoost,0.8947840260798696,0.9999962962962963,4.234797233948484e-05
XGBoost,0.8961991553678595,0.9999962962962963,4.1527815483277664e-05
XGBoost,0.89709194635845,0.9999962962962963,4.0700593672227114e-05
XGBoost,0.8983514855152996,0.9999962962962963,4.0044058550847694e-05
XGBoost,0.8987256427354227,0.9999962962962963,3.918835136573762e-05
XGBoost,0.9016299918500408,0.9999962962962963,3.833161827060394e-05
XGBoost,0.9020411943394828,0.9999962962962963,3.744977220776491e-05
XGBoost,0.9029413943839372,0.9999962962962963,3.647971971076913e-05
XGBoost,0.9036156182855449,0.9999962962962963,3.569741966202855e-05
XGBoost,0.9041009113136252,0.9999962962962963,3.470020601525903e-05
XGBoost,0.9057494257983255,0.9999962962962963,3.3619868190726265e-05
XGBoost,0.906894124620286,0.9999962962962963,3.251078669563867e-05
XGBoost,0.9085389345780543,0.9999962962962963,3.130002005491406e-05
XGBoost,0.9117841001704082,0.9999962962962963,3.0380157113540918e-05
XGBoost,0.9157961028376677,0.9999962962962963,2.9647655537701212e-05
XGBoost,0.9173890494183893,0.9999962962962963,2.8963318982277997e-05
XGBoost,0.9214455064088316,0.9999962962962963,2.8435168133000843e-05
XGBoost,0.924627695043343,0.9999962962962963,2.7803651391877793e-05
XGBoost,0.9296139882936949,0.9999962962962963,2.7264955861028284e-05
XGBoost,0.9362487960287471,0.9999962962962963,2.6789866751641966e-05
XGBoost,0.9384715121878936,0.9999962962962963,2.6202133085462265e-05
XGBoost,0.9433614877380159,0.9999962962962963,2.5673405616544187e-05
XGBoost,0.9456990442320515,0.9999962962962963,2.509218938939739e-05
XGBoost,0.9496777061569237,0.9999962962962963,2.473599488439504e-05
XGBoost,0.9513966066533304,0.9999962962962963,2.4228807887993753e-05
XGBoost,0.9568274431355116,0.9999962962962963,2.3743159545119852e-05
XGBoost,0.9593909757723939,0.9999962962962963,2.352227056690026e-05
XGBoost,0.9603245165592353,0.9999962962962963,2.2950433049118146e-05
XGBoost,0.962706527376454,0.9999962962962963,2.2212856492842548e-05
XGBoost,0.9649811069126473,0.9999962962962963,2.155083893740084e-05
XGBoost,0.9658109209453952,1.0,2.109211709466763e-05
XGBoost,0.9669593242942877,1.0,2.0526062144199386e-05
XGBoost,0.9676594798844188,1.0,1.9987528503406793e-05
XGBoost,0.9715381195821293,1.0,1.9320908904774114e-05
XGBoost,0.9747388308513003,1.0,1.8620112314238213e-05
XGBoost,0.9768392976216937,1.0,1.7915510397870094e-05
XGBoost,0.9775505667926205,1.0,1.733521457936149e-05
XGBoost,0.981766318441135,1.0,1.6625064745312557e-05
XGBoost,0.9830184485441209,1.0,1.614538450667169e-05
XGBoost,0.9844928502630214,1.0,1.5376746887341142e-05
XGBoost,0.9856264355041862,1.0,1.4785679923079442e-05
XGBoost,0.9875231532933244,1.0,1.4221942365111317e-05
XGBoost,0.9880195599022005,1.0,1.3772440070169978e-05
XGBoost,0.9892753945321182,1.0,1.3161517017579172e-05
XGBoost,0.9896347336445136,1.0,1.2575233995448798e-05
XGBoost,0.991942653923094,1.0,1.2027448065055069e-05
XGBoost,0.9942987330517893,1.0,1.0976902558468282e-05
XGBoost,0.9956138401126177,1.0,9.932062312145717e-06
XGBoost,0.9959176113210343,1.0,9.146117918135133e-06
XGBoost,0.9971586278432244,1.0,8.435420568275731e-06
XGBoost,0.9985107801733719,1.0,7.726091098447796e-06
XGBoost,0.9991738904941839,1.0,6.63859509586473e-06
XGBoost,1.0,1.0,4.709938366431743e-06
Red Neuronal Densa,0.0,0.0,inf
Red Neuronal Densa,0.0,0.0064333333333333334,0.9999844431877136
Red Neuronal Densa,0.0,0.010018518518518519,0.9999828338623047
Red Neuronal Densa,0.0,0.011888888888888888,0.9999811053276062
Red Neuronal Densa,0.0,0.013103703703703704,0.999979555606842
Red Neuronal Densa,0.0,0.013866666666666666,0.999977707862854
Red Neuronal Densa,0.0,0.014251851851851852,0.9999758005142212
Red Neuronal Densa,0.0,0.014588888888888889,0.999973475933075
Red Neuronal Densa,0.0,0.01487037037037037,0.9999704957008362
Red Neuronal Densa,0.0,0.01752962962962963,0.9999668598175049
Red Neuronal Densa,0.0,0.023522222222222222,0.999965250492096
Red Neuronal Densa,0.0,0.03037037037037037,0.9999637007713318
Red Neuronal Densa,0.0,0.03439629629629629,0.9999620914459229
Red Neuronal Densa,0.0,0.03784814814814815,0.9999604225158691
Red Neuronal Densa,0.0,0.03980740740740741,0.9999587535858154
Red Neuronal Densa,0.0,0.04100740740740741,0.9999569654464722
Red Neuronal Densa,0.0,0.04197407407407407,0.999955415725708
Red Neuronal Densa,0.0,0.0429037037037037,0.9999538660049438
Red Neuronal Densa,0.0,0.043722222222222225,0.9999522566795349
Red Neuronal Densa,0.0,0.0446037037037037,0.999950647354126
Red Neuronal Densa,0.0,0.04571481481481481,0.999949038028717
Red Neuronal Densa,0.0,0.04708148148148148,0.9999473690986633
Red Neuronal Densa,0.0,0.04835925925925926,0.9999457001686096
Red Neuronal Densa,0.0,0.049885185185185185,0.9999440312385559
Red Neuronal Densa,0.0,0.05156296296296296,0.999942421913147
Red Neuronal Densa,0.0,0.05372592592592593,0.999940812587738
Red Neuronal Densa,0.0,0.056666666666666664,0.9999390840530396
Red Neuronal Densa,0.0,0.05974074074074074,0.9999374151229858
Red Neuronal Densa,0.0,0.06467777777777778,0.9999358057975769
Red Neuronal Densa,0.0,0.07407407407407407,0.999934196472168
Red Neuronal Densa,0.0,0.08164074074074074,0.9999325275421143
Red Neuronal Densa,0.0,0.08938518518518518,0.9999309182167053
Red Neuronal Densa,0.0,0.09588888888888888,0.9999293684959412
Red Neuronal Densa,0.0,0.10133703703703703,0.9999277591705322
Red Neuronal Densa,0.0,0.10667407407407407,0.9999260902404785
Red Neuronal Densa,0.0,0.11115555555555555,0.9999244809150696
Red Neuronal Densa,0.0,0.11495925925925926,0.9999229311943054
Red Neuronal Densa,0.0,0.11877407407407407,0.9999212622642517
Red Neuronal Densa,0.0,0.12205925925925926,0.999919593334198
Red Neuronal Densa,0.0,0.12512592592592592,0.9999178051948547
Red Neuronal Densa,0.0,0.12793333333333334,0.999916136264801
Red Neuronal Densa,0.0,0.13044814814814815,0.9999145865440369
Red Neuronal Densa,0.0,0.13312222222222223,0.9999127388000488
Red Neuronal Densa,0.0,0.13521851851851852,0.9999110698699951
Red Neuronal Densa,0.0,0.13712222222222223,0.9999093413352966
Red Neuronal Densa,0.0,0.13897407407407408,0.9999077320098877
Red Neuronal Densa,0.0,0.14034444444444444,0.9999061822891235
Red Neuronal Densa,0.0,0.1419888888888889,0.9999043345451355
Red Neuronal Densa,0.0,0.14332962962962964,0.9999024868011475
Red Neuronal Densa,0.0,0.14473703703703703,0.9999006986618042
Red Neuronal Densa,0.0,0.14582592592592591,0.99989914894104
Red Neuronal Densa,0.0,0.14678148148148148,0.9998975992202759
Red Neuronal Densa,0.0,0.14792962962962963,0.9998956918716431
Red Neuronal Densa,0.0,0.14880370370370372,0.9998940825462341
Red Neuronal Densa,0.0,0.1497814814814815,0.9998924732208252
Red Neuronal Densa,0.0,0.15074814814814816,0.9998908638954163
Red Neuronal Densa,0.0,0.15173703703703703,0.9998891353607178
Red Neuronal Densa,0.0,0.15285555555555555,0.9998871684074402
Red Neuronal Densa,0.0,0.15381481481481482,0.9998853802680969
Red Neuronal Densa,0.0,0.15484814814814815,0.999883770942688
Red Neuronal Densa,0.0,0.1559925925925926,0.9998820424079895
Red Neuronal Densa,0.0,0.15703333333333333,0.9998803734779358
Red Neuronal Densa,0.0,0.15794444444444444,0.9998787641525269
Red Neuronal Densa,0.0,0.15883333333333333,0.9998770952224731
Red Neuronal Densa,0.0,0.16013333333333332,0.9998751282691956
Red Neuronal Densa,0.0,0.16118148148148148,0.9998733401298523
Red Neuronal Densa,0.0,0.1622074074074074,0.9998714923858643
Red Neuronal Densa,0.0,0.1630925925925926,0.9998698234558105
Red Neuronal Densa,0.0,0.1638037037037037,0.9998681545257568
Red Neuronal Densa,0.0,0.16445925925925925,0.9998664259910583
Red Neuronal Densa,0.0,0.1652037037037037,0.9998645186424255
Red Neuronal Densa,0.0,0.1658851851851852,0.999862551689148
Red Neuronal Densa,0.0,0.16643333333333332,0.9998607039451599
Red Neuronal Densa,0.0,0.16698148148148148,0.9998589754104614
Red Neuronal Densa,0.0,0.16762962962962963,0.9998570680618286
Red Neuronal Densa,0.0,0.16821111111111112,0.9998552203178406
Red Neuronal Densa,0.0,0.1686814814814815,0.9998533129692078
Red Neuronal Densa,0.0,0.16922222222222222,0.999851405620575
Red Neuronal Densa,0.0,0.16967407407407406,0.9998496174812317
Red Neuronal Densa,3.704526931910795e-06,0.1701074074074074,0.9998477697372437
Red Neuronal Densa,3.704526931910795e-06,0.1706148148148148,0.9998457431793213
Red Neuronal Densa,3.704526931910795e-06,0.17104074074074074,0.9998437762260437
Red Neuronal Densa,3.704526931910795e-06,0.17144444444444445,0.9998419880867004
Red Neuronal Densa,3.704526931910795e-06,0.17183333333333334,0.9998399615287781
Red Neuronal Densa,7.40905386382159e-06,0.1723074074074074,0.9998379945755005
Red Neuronal Densa,7.40905386382159e-06,0.17265555555555556,0.9998360872268677
Red Neuronal Densa,7.40905386382159e-06,0.17305185185185185,0.9998343586921692
Red Neuronal Densa,7.40905386382159e-06,0.17345555555555556,0.9998323917388916
Red Neuronal Densa,7.40905386382159e-06,0.1739111111111111,0.999830424785614
Red Neuronal Densa,7.40905386382159e-06,0.1743074074074074,0.9998286366462708
Red Neuronal Densa,7.40905386382159e-06,0.1747,0.9998267889022827
Red Neuronal Densa,7.40905386382159e-06,0.17513333333333334,0.9998245239257812
Red Neuronal Densa,7.40905386382159e-06,0.17557037037037038,0.9998226761817932
Red Neuronal Densa,7.40905386382159e-06,0.17593333333333333,0.9998207688331604
Red Neuronal Densa,7.40905386382159e-06,0.17650740740740742,0.9998185634613037
Red Neuronal Densa,7.40905386382159e-06,0.17688148148148147,0.9998167157173157
Red Neuronal Densa,7.40905386382159e-06,0.17737037037037037,0.9998146891593933
Red Neuronal Densa,7.40905386382159e-06,0.17794074074074073,0.9998124837875366
Red Neuronal Densa,7.40905386382159e-06,0.17837777777777777,0.9998105764389038
Red Neuronal Densa,7.40905386382159e-06,0.17893333333333333,0.9998088479042053
Red Neuronal Densa,7.40905386382159e-06,0.17943333333333333,0.9998070001602173
Red Neuronal Densa,7.40905386382159e-06,0.17984814814814815,0.9998052716255188
Red Neuronal Densa,7.40905386382159e-06,0.18022962962962963,0.9998035430908203
Red Neuronal Densa,1.1113580795732385e-05,0.18063333333333334,0.9998018741607666
Red Neuronal Densa,1.1113580795732385e-05,0.18101851851851852,0.9998000860214233
Red Neuronal Densa,1.1113580795732385e-05,0.18145185185185186,0.9997981190681458
Red Neuronal Densa,1.1113580795732385e-05,0.18186296296296298,0.9997959733009338
Red Neuronal Densa,1.1113580795732385e-05,0.18225555555555556,0.9997938275337219
Red Neuronal Densa,1.1113580795732385e-05,0.18273333333333333,0.9997919201850891
Red Neuronal Densa,1.1113580795732385e-05,0.18308518518518518,0.9997898936271667
Red Neuronal Densa,1.1113580795732385e-05,0.18351111111111112,0.9997875094413757
Red Neuronal Densa,1.1113580795732385e-05,0.18394074074074074,0.9997854828834534
Red Neuronal Densa,1.1113580795732385e-05,0.18438888888888888,0.9997832775115967
Red Neuronal Densa,1.1113580795732385e-05,0.18480740740740742,0.9997813105583191
Red Neuronal Densa,1.1113580795732385e-05,0.18518518518518517,0.999779224395752
Red Neuronal Densa,1.1113580795732385e-05,0.18566296296296297,0.9997768402099609
Red Neuronal Densa,1.1113580795732385e-05,0.1860962962962963,0.9997749924659729
Red Neuronal Densa,1.1113580795732385e-05,0.1864888888888889,0.9997731447219849
Red Neuronal Densa,1.1113580795732385e-05,0.1869,0.9997712969779968
Red Neuronal Densa,1.1113580795732385e-05,0.18736666666666665,0.9997696280479431
Red Neuronal Densa,1.1113580795732385e-05,0.18787777777777778,0.9997676014900208
Red Neuronal Densa,1.1113580795732385e-05,0.18835185185185185,0.9997652173042297
Red Neuronal Densa,1.1113580795732385e-05,0.1887185185185185,0.9997631907463074
Red Neuronal Densa,1.1113580795732385e-05,0.18901851851851853,0.999761164188385
Red Neuronal Densa,1.1113580795732385e-05,0.18932222222222223,0.9997591972351074
Red Neuronal Densa,1.1113580795732385e-05,0.18972592592592594,0.9997573494911194
Red Neuronal Densa,1.1113580795732385e-05,0.19006666666666666,0.999755322933197
Red Neuronal Densa,1.1113580795732385e-05,0.19042222222222221,0.9997535347938538
Red Neuronal Densa,1.1113580795732385e-05,0.19085185185185186,0.9997514486312866
Red Neuronal Densa,1.1113580795732385e-05,0.19132962962962963,0.9997496604919434
Red Neuronal Densa,1.1113580795732385e-05,0.19182222222222223,0.9997477531433105
Red Neuronal Densa,1.1113580795732385e-05,0.1923074074074074,0.9997461438179016
Red Neuronal Densa,1.1113580795732385e-05,0.19277037037037037,0.9997441172599792
Red Neuronal Densa,1.1113580795732385e-05,0.19314074074074075,0.9997422695159912
Red Neuronal Densa,1.1113580795732385e-05,0.1935037037037037,0.9997401237487793
Red Neuronal Densa,1.1113580795732385e-05,0.19391111111111112,0.9997383952140808
Red Neuronal Densa,1.1113580795732385e-05,0.19423333333333334,0.9997367262840271
Red Neuronal Densa,1.1113580795732385e-05,0.19467037037037038,0.9997348785400391
Red Neuronal Densa,1.1113580795732385e-05,0.1950185185185185,0.9997332096099854
Red Neuronal Densa,1.1113580795732385e-05,0.1953888888888889,0.9997314214706421
Red Neuronal Densa,1.1113580795732385e-05,0.19576296296296297,0.9997294545173645
Red Neuronal Densa,1.1113580795732385e-05,0.1961037037037037,0.9997271299362183
Red Neuronal Densa,1.1113580795732385e-05,0.19640740740740742,0.9997251033782959
Red Neuronal Densa,1.1113580795732385e-05,0.19669259259259259,0.9997230768203735
Red Neuronal Densa,1.1113580795732385e-05,0.1970222222222222,0.9997208118438721
Red Neuronal Densa,1.1113580795732385e-05,0.19733703703703703,0.9997187256813049
Red Neuronal Densa,1.1113580795732385e-05,0.19771481481481482,0.9997164011001587
Red Neuronal Densa,1.1113580795732385e-05,0.19811851851851853,0.9997138977050781
Red Neuronal Densa,1.1113580795732385e-05,0.1986925925925926,0.9997119903564453
Red Neuronal Densa,1.1113580795732385e-05,0.19902962962962964,0.9997093081474304
Red Neuronal Densa,1.1113580795732385e-05,0.1993111111111111,0.9997067451477051
Red Neuronal Densa,1.1113580795732385e-05,0.19970370370370372,0.999704122543335
Red Neuronal Densa,1.1113580795732385e-05,0.2000148148148148,0.9997013807296753
Red Neuronal Densa,1.1113580795732385e-05,0.20027407407407408,0.99969881772995
Red Neuronal Densa,1.1113580795732385e-05,0.20062592592592593,0.9996960163116455
Red Neuronal Densa,1.481810772764318e-05,0.20093333333333332,0.9996922016143799
Red Neuronal Densa,1.481810772764318e-05,0.2012037037037037,0.9996895790100098
Red Neuronal Densa,1.481810772764318e-05,0.2015,0.9996869564056396
Red Neuronal Densa,1.481810772764318e-05,0.20175185185185185,0.9996848106384277
Red Neuronal Densa,1.481810772764318e-05,0.20202592592592591,0.9996821284294128
Red Neuronal Densa,1.481810772764318e-05,0.2023074074074074,0.9996800422668457
Red Neuronal Densa,1.481810772764318e-05,0.2026,0.9996772408485413
Red Neuronal Densa,1.481810772764318e-05,0.20302962962962964,0.9996741414070129
Red Neuronal Densa,1.481810772764318e-05,0.2033,0.9996712803840637
Red Neuronal Densa,1.481810772764318e-05,0.20355925925925927,0.9996678233146667
Red Neuronal Densa,1.481810772764318e-05,0.20384814814814814,0.9996650218963623
Red Neuronal Densa,1.481810772764318e-05,0.21358888888888888,0.9996631145477295
Red Neuronal Densa,1.481810772764318e-05,0.2685518518518519,0.9996615648269653
Red Neuronal Densa,1.481810772764318e-05,0.26885925925925924,0.9996592998504639
Red Neuronal Densa,1.481810772764318e-05,0.26913333333333334,0.9996560215950012
Red Neuronal Densa,1.481810772764318e-05,0.2693962962962963,0.9996529817581177
Red Neuronal Densa,1.481810772764318e-05,0.2696925925925926,0.9996505975723267
Red Neuronal Densa,1.481810772764318e-05,0.26997037037037036,0.999647319316864
Red Neuronal Densa,1.481810772764318e-05,0.2701962962962963,0.9996448159217834
Red Neuronal Densa,1.481810772764318e-05,0.27043703703703703,0.9996423721313477
Red Neuronal Densa,1.481810772764318e-05,0.2707259259259259,0.9996395111083984
Red Neuronal Densa,1.481810772764318e-05,0.2709962962962963,0.9996359944343567
Red Neuronal Densa,1.481810772764318e-05,0.2712888888888889,0.9996320009231567
Red Neuronal Densa,1.481810772764318e-05,0.2716037037037037,0.9996284246444702
Red Neuronal Densa,1.481810772764318e-05,0.2720222222222222,0.9996242523193359
Red Neuronal Densa,1.481810772764318e-05,0.2722962962962963,0.9996213316917419
Red Neuronal Densa,1.481810772764318e-05,0.27256296296296295,0.999618649482727
Red Neuronal Densa,1.481810772764318e-05,0.2728185185185185,0.9996160268783569
Red Neuronal Densa,1.481810772764318e-05,0.2730962962962963,0.9996134042739868
Red Neuronal Densa,1.481810772764318e-05,0.27335185185185185,0.9996100068092346
Red Neuronal Densa,1.481810772764318e-05,0.27362592592592594,0.9996069669723511
Red Neuronal Densa,1.481810772764318e-05,0.27392222222222223,0.9996042251586914
Red Neuronal Densa,1.481810772764318e-05,0.27416296296296294,0.9996013045310974
Red Neuronal Densa,1.481810772764318e-05,0.27445925925925924,0.9995975494384766
Red Neuronal Densa,1.481810772764318e-05,0.27466666666666667,0.9995952844619751
Red Neuronal Densa,1.481810772764318e-05,0.27497777777777777,0.9995930194854736
Red Neuronal Densa,1.481810772764318e-05,0.27527407407407406,0.9995906352996826
Red Neuronal Densa,1.481810772764318e-05,0.27583703703703705,0.9995883107185364
Red Neuronal Densa,1.481810772764318e-05,0.2761148148148148,0.9995865225791931
Red Neuronal Densa,1.481810772764318e-05,0.2763777777777778,0.9995841979980469
Red Neuronal Densa,1.481810772764318e-05,0.2766296296296296,0.9995817542076111
Red Neuronal Densa,1.481810772764318e-05,0.2768481481481481,0.9995789527893066
Red Neuronal Densa,1.481810772764318e-05,0.2771296296296296,0.9995758533477783
Red Neuronal Densa,1.481810772764318e-05,0.2773851851851852,0.9995734095573425
Red Neuronal Densa,1.481810772764318e-05,0.27762592592592594,0.9995695352554321
Red Neuronal Densa,1.481810772764318e-05,0.27787407407407405,0.9995656609535217
Red Neuronal Densa,1.481810772764318e-05,0.27815555555555554,0.9995626211166382
Red Neuronal Densa,1.481810772764318e-05,0.2783777777777778,0.9995593428611755
Red Neuronal Densa,1.481810772764318e-05,0.2786592592592593,0.9995570182800293
Red Neuronal Densa,1.481810772764318e-05,0.2789074074074074,0.9995545148849487
Red Neuronal Densa,1.481810772764318e-05,0.27923333333333333,0.999550998210907
Red Neuronal Densa,1.481810772764318e-05,0.27953703703703703,0.9995465874671936
Red Neuronal Densa,1.481810772764318e-05,0.2798481481481481,0.9995421767234802
Red Neuronal Densa,1.8522634659553976e-05,0.28008518518518516,0.9995386600494385
Red Neuronal Densa,1.8522634659553976e-05,0.28044444444444444,0.9995347261428833
Red Neuronal Densa,2.222716159146477e-05,0.28071851851851853,0.9995315670967102
Red Neuronal Densa,2.222716159146477e-05,0.28103703703703703,0.9995256066322327
Red Neuronal Densa,2.5931688523375564e-05,0.2812962962962963,0.9995217323303223
Red Neuronal Densa,2.5931688523375564e-05,0.28161851851851855,0.9995166063308716
Red Neuronal Densa,2.5931688523375564e-05,0.28184444444444445,0.9995129108428955
Red Neuronal Densa,2.5931688523375564e-05,0.2820888888888889,0.9995090961456299
Red Neuronal Densa,2.963621545528636e-05,0.2824074074074074,0.9995035529136658
Red Neuronal Densa,2.963621545528636e-05,0.2827074074074074,0.9994983673095703
Red Neuronal Densa,2.963621545528636e-05,0.2829925925925926,0.999494194984436
Red Neuronal Densa,2.963621545528636e-05,0.2832037037037037,0.9994908571243286
Red Neuronal Densa,2.963621545528636e-05,0.28345185185185184,0.9994863271713257
Red Neuronal Densa,2.963621545528636e-05,0.2836814814814815,0.999481737613678
Red Neuronal Densa,2.963621545528636e-05,0.28392962962962964,0.9994775056838989
Red Neuronal Densa,2.963621545528636e-05,0.28424444444444447,0.9994725584983826
Red Neuronal Densa,2.963621545528636e-05,0.2845111111111111,0.9994683265686035
Red Neuronal Densa,2.963621545528636e-05,0.2848,0.999463677406311
Red Neuronal Densa,2.963621545528636e-05,0.2850925925925926,0.9994581341743469
Red Neuronal Densa,3.334074238719716e-05,0.28537407407407406,0.9994528889656067
Red Neuronal Densa,3.334074238719716e-05,0.2856296296296296,0.999448835849762
Red Neuronal Densa,3.334074238719716e-05,0.2859333333333333,0.9994444847106934
Red Neuronal Densa,3.334074238719716e-05,0.28621851851851854,0.9994412660598755
Red Neuronal Densa,3.334074238719716e-05,0.2864777777777778,0.9994369745254517
Red Neuronal Densa,3.334074238719716e-05,0.28674444444444447,0.9994335174560547
Red Neuronal Densa,3.334074238719716e-05,0.28695925925925925,0.9994308352470398
Red Neuronal Densa,3.334074238719716e-05,0.28721851851851854,0.9994272589683533
Red Neuronal Densa,3.334074238719716e-05,0.287462962962963,0.9994230270385742
Red Neuronal Densa,3.334074238719716e-05,0.28775925925925927,0.9994195103645325
Red Neuronal Densa,3.334074238719716e-05,0.2880259259259259,0.99941486120224
Red Neuronal Densa,3.334074238719716e-05,0.28824444444444447,0.9994122385978699
Red Neuronal Densa,3.334074238719716e-05,0.28853703703703704,0.9994083046913147
Red Neuronal Densa,3.334074238719716e-05,0.2887777777777778,0.9994045495986938
Red Neuronal Densa,3.334074238719716e-05,0.28906296296296297,0.9994004964828491
Red Neuronal Densa,3.334074238719716e-05,0.2893703703703704,0.9993953704833984
Red Neuronal Densa,3.334074238719716e-05,0.28973333333333334,0.9993886947631836
Red Neuronal Densa,3.334074238719716e-05,0.29003703703703704,0.9993852972984314
Red Neuronal Densa,3.334074238719716e-05,0.29034814814814813,0.9993799328804016
Red Neuronal Densa,3.334074238719716e-05,0.2905888888888889,0.999376654624939
Red Neuronal Densa,3.334074238719716e-05,0.2908962962962963,0.9993731379508972
Red Neuronal Densa,3.334074238719716e-05,0.29114814814814816,0.9993703365325928
Red Neuronal Densa,3.334074238719716e-05,0.29143703703703705,0.999366283416748
Red Neuronal Densa,3.334074238719716e-05,0.29166296296296296,0.9993635416030884
Red Neuronal Densa,3.334074238719716e-05,0.2919925925925926,0.999354362487793
Red Neuronal Densa,3.334074238719716e-05,0.2922925925925926,0.9993472099304199
Red Neuronal Densa,3.334074238719716e-05,0.29257777777777777,0.9993407130241394
Red Neuronal Densa,3.334074238719716e-05,0.2929,0.9993323683738708
Red Neuronal Densa,3.704526931910795e-05,0.29314814814814816,0.999328076839447
Red Neuronal Densa,3.704526931910795e-05,0.29354814814814817,0.9993190765380859
Red Neuronal Densa,4.0749796251018746e-05,0.2937962962962963,0.999312162399292
Red Neuronal Densa,4.0749796251018746e-05,0.29408518518518517,0.9993049502372742
Red Neuronal Densa,4.0749796251018746e-05,0.29438148148148147,0.9992963075637817
Red Neuronal Densa,4.0749796251018746e-05,0.29474074074074075,0.9992865920066833
Red Neuronal Densa,4.445432318292954e-05,0.29505555555555557,0.9992786645889282
Red Neuronal Densa,4.445432318292954e-05,0.2953296296296296,0.9992729425430298
Red Neuronal Densa,4.445432318292954e-05,0.2956,0.9992671608924866
Red Neuronal Densa,4.445432318292954e-05,0.29588888888888887,0.9992612600326538
Red Neuronal Densa,4.445432318292954e-05,0.2962,0.9992558360099792
Red Neuronal Densa,4.445432318292954e-05,0.29647407407407406,0.9992504715919495
Red Neuronal Densa,4.8158850114840335e-05,0.29675555555555555,0.9992454648017883
Red Neuronal Densa,4.8158850114840335e-05,0.2969925925925926,0.999241292476654
Red Neuronal Densa,4.8158850114840335e-05,0.29732592592592594,0.9992344379425049
Red Neuronal Densa,4.8158850114840335e-05,0.29764444444444443,0.9992271661758423
Red Neuronal Densa,4.8158850114840335e-05,0.2979074074074074,0.9992213249206543
Red Neuronal Densa,4.8158850114840335e-05,0.29814814814814816,0.9992159008979797
Red Neuronal Densa,4.8158850114840335e-05,0.29844074074074073,0.9992084503173828
Red Neuronal Densa,4.8158850114840335e-05,0.2987518518518519,0.9992002844810486
Red Neuronal Densa,4.8158850114840335e-05,0.2990851851851852,0.9991892576217651
Red Neuronal Densa,4.8158850114840335e-05,0.29947407407407406,0.9991756677627563
Red Neuronal Densa,4.8158850114840335e-05,0.2997740740740741,0.9991657137870789
Red Neuronal Densa,4.8158850114840335e-05,0.30011481481481483,0.9991565942764282
Red Neuronal Densa,5.186337704675113e-05,0.30042592592592593,0.9991461038589478
Red Neuronal Densa,5.186337704675113e-05,0.3007666666666667,0.9991337656974792
Red Neuronal Densa,5.186337704675113e-05,0.30111481481481484,0.9991211295127869
Red Neuronal Densa,5.186337704675113e-05,0.30135925925925927,0.9991128444671631
Red Neuronal Densa,5.186337704675113e-05,0.3017222222222222,0.9991016983985901
Red Neuronal Densa,5.927243091057272e-05,0.30202222222222225,0.9990931749343872
Red Neuronal Densa,5.927243091057272e-05,0.3023666666666667,0.9990810751914978
Red Neuronal Densa,5.927243091057272e-05,0.3028037037037037,0.9990730285644531
Red Neuronal Densa,5.927243091057272e-05,0.3030703703703704,0.9990660548210144
Red Neuronal Densa,5.927243091057272e-05,0.3033518518518519,0.9990583062171936
Red Neuronal Densa,5.927243091057272e-05,0.30368518518518517,0.9990468621253967
Red Neuronal Densa,5.927243091057272e-05,0.3039777777777778,0.9990382790565491
Red Neuronal Densa,6.297695784248351e-05,0.3043037037037037,0.9990280866622925
Red Neuronal Densa,6.297695784248351e-05,0.3045962962962963,0.9990206360816956
Red Neuronal Densa,6.297695784248351e-05,0.3048222222222222,0.9990153908729553
Red Neuronal Densa,6.297695784248351e-05,0.30514074074074077,0.9990063905715942
Red Neuronal Densa,6.297695784248351e-05,0.30548888888888887,0.9989956021308899
Red Neuronal Densa,6.668148477439431e-05,0.30577777777777776,0.9989860653877258
Red Neuronal Densa,6.668148477439431e-05,0.30607407407407405,0.9989763498306274
Red Neuronal Densa,6.668148477439431e-05,0.3064703703703704,0.998962938785553
Red Neuronal Densa,6.668148477439431e-05,0.3068296296296296,0.9989520311355591
Red Neuronal Densa,6.668148477439431e-05,0.3071407407407407,0.9989395141601562
Red Neuronal Densa,6.668148477439431e-05,0.30754444444444445,0.9989293813705444
Red Neuronal Densa,6.668148477439431e-05,0.30785555555555555,0.9989208579063416
Red Neuronal Densa,6.668148477439431e-05,0.30816666666666664,0.998913586139679
Red Neuronal Densa,6.668148477439431e-05,0.30844444444444447,0.9989075064659119
Red Neuronal Densa,6.668148477439431e-05,0.30875925925925923,0.9989023208618164
Red Neuronal Densa,6.668148477439431e-05,0.30903703703703705,0.9988970756530762
Red Neuronal Densa,7.03860117063051e-05,0.3093185185185185,0.9988923072814941
Red Neuronal Densa,7.03860117063051e-05,0.30965925925925925,0.9988890886306763
Red Neuronal Densa,7.40905386382159e-05,0.31,0.9988863468170166
Red Neuronal Densa,7.40905386382159e-05,0.3105111111111111,0.9988843202590942
Red Neuronal Densa,7.40905386382159e-05,0.3110777777777778,0.9988824725151062
Red Neuronal Densa,7.40905386382159e-05,0.3116555555555556,0.9988808035850525
Red Neuronal Densa,7.40905386382159e-05,0.31233333333333335,0.9988791942596436
Red Neuronal Densa,7.40905386382159e-05,0.3131703703703704,0.9988774657249451
Red Neuronal Densa,7.40905386382159e-05,0.31412962962962965,0.998875617980957
Red Neuronal Densa,7.40905386382159e-05,0.31487777777777776,0.9988740086555481
Red Neuronal Densa,7.40905386382159e-05,0.31564444444444445,0.9988722801208496
Red Neuronal Densa,7.40905386382159e-05,0.3163111111111111,0.9988704323768616
Red Neuronal Densa,7.40905386382159e-05,0.3168185185185185,0.9988686442375183
Red Neuronal Densa,7.40905386382159e-05,0.31727037037037037,0.9988666772842407
Red Neuronal Densa,7.40905386382159e-05,0.31765925925925925,0.998864471912384
Red Neuronal Densa,7.40905386382159e-05,0.31801111111111113,0.9988619089126587
Red Neuronal Densa,7.40905386382159e-05,0.3182814814814815,0.9988593459129333
Red Neuronal Densa,7.40905386382159e-05,0.3185222222222222,0.998856782913208
Red Neuronal Densa,7.40905386382159e-05,0.31874814814814817,0.9988532662391663
Red Neuronal Densa,7.40905386382159e-05,0.31904444444444446,0.9988492727279663
Red Neuronal Densa,7.40905386382159e-05,0.3193111111111111,0.99884432554245
Red Neuronal Densa,7.40905386382159e-05,0.3196074074074074,0.9988395571708679
Red Neuronal Densa,7.40905386382159e-05,0.3198740740740741,0.9988341927528381
Red Neuronal Densa,7.40905386382159e-05,0.3201148148148148,0.9988303780555725
Red Neuronal Densa,7.40905386382159e-05,0.3203888888888889,0.9988253712654114
Red Neuronal Densa,7.40905386382159e-05,0.32066666666666666,0.998819887638092
Red Neuronal Densa,7.40905386382159e-05,0.32094814814814815,0.9988139271736145
Red Neuronal Densa,7.40905386382159e-05,0.32125925925925924,0.9988061189651489
Red Neuronal Densa,7.779506557012669e-05,0.3215851851851852,0.9987975358963013
Red Neuronal Densa,7.779506557012669e-05,0.3219444444444444,0.9987878799438477
Red Neuronal Densa,7.779506557012669e-05,0.3222925925925926,0.9987749457359314
Red Neuronal Densa,7.779506557012669e-05,0.32275185185185185,0.9987599849700928
Red Neuronal Densa,7.779506557012669e-05,0.3232185185185185,0.9987415671348572
Red Neuronal Densa,7.779506557012669e-05,0.3235703703703704,0.9987284541130066
Red Neuronal Densa,8.149959250203749e-05,0.3238666666666667,0.9987173080444336
Red Neuronal Densa,8.149959250203749e-05,0.32424444444444445,0.9987081289291382
Red Neuronal Densa,8.520411943394828e-05,0.3245296296296296,0.9987025856971741
Red Neuronal Densa,8.520411943394828e-05,0.3248740740740741,0.9986935257911682
Red Neuronal Densa,8.520411943394828e-05,0.3251925925925926,0.9986854195594788
Red Neuronal Densa,8.520411943394828e-05,0.32543333333333335,0.9986805319786072
Red Neuronal Densa,9.631770022968067e-05,0.3256851851851852,0.9986746311187744
Red Neuronal Densa,0.00010372675409350226,0.3259592592592593,0.9986686706542969
Red Neuronal Densa,0.00012224938875305622,0.32617407407407406,0.9986610412597656
Red Neuronal Densa,0.0001481810772764318,0.32660370370370373,0.9986513257026672
Red Neuronal Densa,0.0001518856042083426,0.3269,0.9986398220062256
Red Neuronal Densa,0.00015559013114025338,0.3271777777777778,0.9986289143562317
Red Neuronal Densa,0.00015929465807216418,0.32753333333333334,0.998617947101593
Red Neuronal Densa,0.00015929465807216418,0.3278259259259259,0.9986080527305603
Red Neuronal Densa,0.00015929465807216418,0.3281703703703704,0.9985975027084351
Red Neuronal Densa,0.00015929465807216418,0.32847037037037036,0.9985875487327576
Red Neuronal Densa,0.00015929465807216418,0.32885925925925924,0.998579204082489
Red Neuronal Densa,0.00016299918500407498,0.3291296296296296,0.9985744953155518
Red Neuronal Densa,0.00016670371193598578,0.3294074074074074,0.9985663294792175
Red Neuronal Densa,0.00017040823886789656,0.329762962962963,0.9985580444335938
Red Neuronal Densa,0.00017040823886789656,0.3300518518518519,0.9985492825508118
Red Neuronal Densa,0.00017411276579980736,0.3303333333333333,0.9985385537147522
Red Neuronal Densa,0.00017781729273171816,0.33064444444444446,0.9985279440879822
Red Neuronal Densa,0.00018522634659553976,0.33102592592592595,0.9985131621360779
Red Neuronal Densa,0.00018522634659553976,0.33145555555555556,0.9984943270683289
Red Neuronal Densa,0.00018522634659553976,0.33184444444444444,0.9984832406044006
Red Neuronal Densa,0.00018893087352745054,0.33214444444444446,0.9984735250473022
Red Neuronal Densa,0.00019263540045936134,0.33242222222222223,0.9984648823738098
Red Neuronal Densa,0.00019633992739127214,0.3327259259259259,0.9984573721885681
Red Neuronal Densa,0.00020745350818700452,0.33302592592592595,0.9984458684921265
Red Neuronal Densa,0.0002185670889827369,0.3333925925925926,0.9984310269355774
Red Neuronal Densa,0.0002259761428465585,0.3337074074074074,0.9984216690063477
Red Neuronal Densa,0.0002296806697784693,0.33397777777777776,0.9984128475189209
Red Neuronal Densa,0.0002296806697784693,0.3342333333333333,0.9984057545661926
Red Neuronal Densa,0.0002296806697784693,0.3345888888888889,0.998396098613739
Red Neuronal Densa,0.0002296806697784693,0.33493703703703703,0.9983829855918884
Red Neuronal Densa,0.00023708972364229087,0.33519629629629627,0.998376727104187
Red Neuronal Densa,0.00023708972364229087,0.33552592592592595,0.9983663558959961
Red Neuronal Densa,0.00023708972364229087,0.3357888888888889,0.9983576536178589
Red Neuronal Densa,0.00023708972364229087,0.3361296296296296,0.9983465671539307
Red Neuronal Densa,0.00024449877750611245,0.33637407407407405,0.998338520526886
Red Neuronal Densa,0.00024820330443802325,0.33675555555555553,0.9983254671096802
Red Neuronal Densa,0.00024820330443802325,0.3371148148148148,0.9983152747154236
Red Neuronal Densa,0.00025561235830184485,0.337362962962963,0.9983062744140625
Red Neuronal Densa,0.00025931688523375565,0.33773703703703706,0.9982907772064209
Red Neuronal Densa,0.00026302141216566645,0.33804814814814815,0.9982791543006897
Red Neuronal Densa,0.00026302141216566645,0.3382851851851852,0.9982714056968689
Red Neuronal Densa,0.00026302141216566645,0.3386037037037037,0.9982618689537048
Red Neuronal Densa,0.00026672593909757725,0.33892222222222224,0.9982534646987915
Red Neuronal Densa,0.00026672593909757725,0.3391888888888889,0.9982466697692871
Red Neuronal Densa,0.00026672593909757725,0.3394333333333333,0.99824059009552
Red Neuronal Densa,0.00027043046602948806,0.33970370370370373,0.9982320666313171
Red Neuronal Densa,0.00027413499296139886,0.34004074074074075,0.9982200264930725
Red Neuronal Densa,0.0002778395198933096,0.3403814814814815,0.9982067346572876
Red Neuronal Densa,0.0002852485737571312,0.3406518518518519,0.9981949329376221
Red Neuronal Densa,0.0002852485737571312,0.3410148148148148,0.9981793165206909
Red Neuronal Densa,0.000288953100689042,0.3413,0.9981701970100403
Red Neuronal Densa,0.000288953100689042,0.34178148148148146,0.9981509447097778
Red Neuronal Densa,0.0002926576276209528,0.34225925925925926,0.9981284737586975
Red Neuronal Densa,0.0002926576276209528,0.3426518518518519,0.9981096982955933
Red Neuronal Densa,0.0002926576276209528,0.34304444444444443,0.9980937838554382
Red Neuronal Densa,0.0002963621545528636,0.34333703703703705,0.998085618019104
Red Neuronal Densa,0.0003000666814847744,0.34354074074074076,0.9980813264846802
Red Neuronal Densa,0.0003000666814847744,0.3437925925925926,0.9980770349502563
Red Neuronal Densa,0.0003000666814847744,0.34408518518518516,0.9980721473693848
Red Neuronal Densa,0.0003000666814847744,0.3443185185185185,0.9980687499046326
Red Neuronal Densa,0.0003000666814847744,0.3445740740740741,0.9980642795562744
Red Neuronal Densa,0.0003000666814847744,0.3448222222222222,0.9980606436729431
Red Neuronal Densa,0.0003000666814847744,0.3450962962962963,0.9980571866035461
Red Neuronal Densa,0.0003000666814847744,0.34538148148148146,0.9980535507202148
Red Neuronal Densa,0.0003000666814847744,0.3457074074074074,0.9980470538139343
Red Neuronal Densa,0.0003000666814847744,0.34605925925925923,0.9980407357215881
Red Neuronal Densa,0.0003000666814847744,0.34641481481481484,0.9980313181877136
Red Neuronal Densa,0.0003000666814847744,0.3467222222222222,0.9980232119560242
Red Neuronal Densa,0.0003000666814847744,0.3470666666666667,0.9980109930038452
Red Neuronal Densa,0.0003037712084166852,0.3474111111111111,0.9980000257492065
Red Neuronal Densa,0.0003037712084166852,0.34771111111111114,0.9979918003082275
Red Neuronal Densa,0.0003037712084166852,0.3479925925925926,0.9979835152626038
Red Neuronal Densa,0.00030747573534859596,0.3482851851851852,0.9979757070541382
Red Neuronal Densa,0.00030747573534859596,0.34867777777777775,0.9979643821716309
Red Neuronal Densa,0.00030747573534859596,0.34903703703703703,0.9979523420333862
Red Neuronal Densa,0.00030747573534859596,0.3493222222222222,0.9979474544525146
Red Neuronal Densa,0.00030747573534859596,0.34959259259259257,0.9979431629180908
Red Neuronal Densa,0.00031118026228050676,0.34992962962962965,0.9979344010353088
Red Neuronal Densa,0.00031488478921241756,0.3502851851851852,0.997922956943512
Red Neuronal Densa,0.00031488478921241756,0.3506111111111111,0.9979137182235718
Red Neuronal Densa,0.00031488478921241756,0.35094444444444445,0.9979079961776733
Red Neuronal Densa,0.00031488478921241756,0.35121851851851854,0.997901976108551
Red Neuronal Densa,0.00031858931614432836,0.3514925925925926,0.9978945851325989
Red Neuronal Densa,0.00032599837000814997,0.35182592592592593,0.9978817701339722
Red Neuronal Densa,0.00033340742387197157,0.35213333333333335,0.997872531414032
Red Neuronal Densa,0.0003445210046677039,0.3523962962962963,0.9978644847869873
Red Neuronal Densa,0.0003519300585315255,0.3527148148148148,0.9978520274162292
Red Neuronal Densa,0.0003593391123953471,0.3531,0.9978413581848145
Red Neuronal Densa,0.0003630436393272579,0.35345925925925925,0.9978394508361816
Red Neuronal Densa,0.0003630436393272579,0.35377037037037035,0.9978376030921936
Red Neuronal Densa,0.0003630436393272579,0.35413703703703703,0.9978359341621399
Red Neuronal Densa,0.0003667481662591687,0.35442962962962965,0.9978328347206116
Red Neuronal Densa,0.0003667481662591687,0.3547296296296296,0.9978287220001221
Red Neuronal Densa,0.0003704526931910795,0.354962962962963,0.9978252053260803
Red Neuronal Densa,0.0003815662739868119,0.35525555555555555,0.9978208541870117
Red Neuronal Densa,0.0003889753278506335,0.3555,0.9978175163269043
Red Neuronal Densa,0.0003889753278506335,0.3558222222222222,0.9978135824203491
Red Neuronal Densa,0.0003926798547825443,0.35615555555555556,0.9978088140487671
Red Neuronal Densa,0.0003926798547825443,0.3564703703703704,0.9978042840957642
Red Neuronal Densa,0.00040379343557827663,0.35681851851851853,0.9977992177009583
Red Neuronal Densa,0.00040749796251018743,0.35717777777777776,0.9977922439575195
Red Neuronal Densa,0.00040749796251018743,0.35765555555555556,0.9977900385856628
Red Neuronal Densa,0.00041120248944209823,0.35797407407407406,0.9977808594703674
Red Neuronal Densa,0.00041120248944209823,0.3582444444444444,0.9977725148200989
Red Neuronal Densa,0.00041120248944209823,0.35852222222222224,0.9977614283561707
Red Neuronal Densa,0.00041490701637400903,0.3588925925925926,0.9977445602416992
Red Neuronal Densa,0.00041490701637400903,0.3592518518518519,0.997731626033783
Red Neuronal Densa,0.00041490701637400903,0.35960740740740743,0.9977153539657593
Red Neuronal Densa,0.00041490701637400903,0.35992962962962965,0.9976997971534729
Red Neuronal Densa,0.00041861154330591983,0.3606925925925926,0.997687816619873
Red Neuronal Densa,0.00042602059716974144,0.3610407407407407,0.9976735711097717
Red Neuronal Densa,0.00042602059716974144,0.36134444444444447,0.9976602792739868
Red Neuronal Densa,0.00043342965103356304,0.3618074074074074,0.9976311326026917
Red Neuronal Densa,0.00043342965103356304,0.36216296296296296,0.997610867023468
Red Neuronal Densa,0.00043342965103356304,0.36256666666666665,0.9975924491882324
Red Neuronal Densa,0.0004408387048973846,0.36294444444444446,0.9975752830505371
Red Neuronal Densa,0.0004408387048973846,0.3636,0.9975408315658569
Red Neuronal Densa,0.0004408387048973846,0.36412222222222224,0.9975081086158752
Red Neuronal Densa,0.0004482477587612062,0.36465185185185184,0.9974726438522339
Red Neuronal Densa,0.0004482477587612062,0.36504444444444445,0.9974531531333923
Red Neuronal Densa,0.000451952285693117,0.36546666666666666,0.9974287748336792
Red Neuronal Densa,0.000451952285693117,0.3659925925925926,0.9973974227905273
Red Neuronal Densa,0.000451952285693117,0.3664074074074074,0.9973700046539307
Red Neuronal Densa,0.0004630658664888494,0.3667666666666667,0.997349202632904
Red Neuronal Densa,0.0004630658664888494,0.36714074074074077,0.9973311424255371
Red Neuronal Densa,0.0004630658664888494,0.36744444444444446,0.9973152279853821
Red Neuronal Densa,0.0004630658664888494,0.3678925925925926,0.9972872138023376
Red Neuronal Densa,0.0004667703934207602,0.368562962962963,0.9972410798072815
Red Neuronal Densa,0.00047047492035267094,0.3691814814814815,0.9971987009048462
Red Neuronal Densa,0.00047788397421649254,0.36965555555555557,0.9971662163734436
Red Neuronal Densa,0.00048529302808031415,0.3701,0.9971408843994141
Red Neuronal Densa,0.0004889975550122249,0.3705777777777778,0.9971120357513428
Red Neuronal Densa,0.0004889975550122249,0.37086296296296295,0.9970968961715698
Red Neuronal Densa,0.0004964066088760465,0.37111481481481484,0.9970823526382446
Red Neuronal Densa,0.0005038156627398681,0.37146296296296294,0.9970604181289673
Red Neuronal Densa,0.000507520189671779,0.37174444444444443,0.9970443248748779
Red Neuronal Densa,0.0005112247166036897,0.3720407407407407,0.997027575969696
Red Neuronal Densa,0.0005112247166036897,0.37257407407407406,0.996990978717804
Red Neuronal Densa,0.0005186337704675113,0.3731074074074074,0.9969612956047058
Red Neuronal Densa,0.0005297473512632437,0.3734037037037037,0.9969421625137329
Red Neuronal Densa,0.0005334518781951545,0.37387037037037035,0.9969090223312378
Red Neuronal Densa,0.0005334518781951545,0.3742333333333333,0.9968845248222351
Red Neuronal Densa,0.0005334518781951545,0.37454074074074073,0.9968652725219727
Red Neuronal Densa,0.0005371564051270653,0.3749111111111111,0.9968369007110596
Red Neuronal Densa,0.0005445654589908869,0.3754222222222222,0.996800422668457
Red Neuronal Densa,0.0005445654589908869,0.375937037037037,0.996771514415741
Red Neuronal Densa,0.0005445654589908869,0.3763148148148148,0.9967483282089233
Red Neuronal Densa,0.0005445654589908869,0.3766037037037037,0.9967281818389893
Red Neuronal Densa,0.0005519745128547085,0.37691851851851854,0.9967069625854492
Red Neuronal Densa,0.0005519745128547085,0.3773222222222222,0.9966800212860107
Red Neuronal Densa,0.0005556790397866192,0.37772222222222224,0.9966534376144409
Red Neuronal Densa,0.0005593835667185301,0.37827777777777777,0.9966200590133667
Red Neuronal Densa,0.0005593835667185301,0.3788037037037037,0.9965750575065613
Red Neuronal Densa,0.0005593835667185301,0.37926666666666664,0.9965326189994812
Red Neuronal Densa,0.0005593835667185301,0.3796851851851852,0.9964867830276489
Red Neuronal Densa,0.0005630880936504408,0.38003703703703706,0.9964617490768433
Red Neuronal Densa,0.0005667926205823517,0.3806407407407407,0.9964116811752319
Red Neuronal Densa,0.0005667926205823517,0.38112962962962965,0.9963688850402832
Red Neuronal Densa,0.0005704971475142624,0.3817259259259259,0.9963181018829346
Red Neuronal Densa,0.0005742016744461733,0.38226666666666664,0.9962694644927979
Red Neuronal Densa,0.000577906201378084,0.38258888888888887,0.9962410926818848
Red Neuronal Densa,0.0005816107283099948,0.38303333333333334,0.9962032437324524
Red Neuronal Densa,0.0005816107283099948,0.3834444444444444,0.9961588978767395
Red Neuronal Densa,0.0005853152552419056,0.38394074074074075,0.9961225986480713
Red Neuronal Densa,0.0006001333629695488,0.38444074074074075,0.9960763454437256
Red Neuronal Densa,0.0006038378899014596,0.38480740740740743,0.9960479736328125
Red Neuronal Densa,0.0006075424168333704,0.3852185185185185,0.9960113763809204
Red Neuronal Densa,0.0006075424168333704,0.3855851851851852,0.9959844946861267
Red Neuronal Densa,0.0006149514706971919,0.3862037037037037,0.9959246516227722
Red Neuronal Densa,0.0006186559976291028,0.3866925925925926,0.9958832859992981
Red Neuronal Densa,0.0006223605245610135,0.38734444444444444,0.9958245754241943
Red Neuronal Densa,0.0006260650514929244,0.3880037037037037,0.9957610964775085
Red Neuronal Densa,0.0006297695784248351,0.38847777777777776,0.9957320690155029
Red Neuronal Densa,0.000633474105356746,0.3892185185185185,0.9956464767456055
Red Neuronal Densa,0.0006408831592205676,0.38981481481481484,0.9955635070800781
Red Neuronal Densa,0.0006557012669482107,0.39024444444444445,0.9954846501350403
Red Neuronal Densa,0.0006594057938801215,0.3906925925925926,0.9954121112823486
Red Neuronal Densa,0.0006631103208120323,0.3914111111111111,0.995294451713562
Red Neuronal Densa,0.0006779284285396755,0.39242962962962963,0.9950893521308899
Red Neuronal Densa,0.0006779284285396755,0.39305555555555555,0.9949677586555481
Red Neuronal Densa,0.0006853374824034971,0.39351851851851855,0.994891345500946
Red Neuronal Densa,0.0006927465362673187,0.39435185185185184,0.9947645664215088
Red Neuronal Densa,0.000703860117063051,0.3958740740740741,0.9945966601371765
Red Neuronal Densa,0.000703860117063051,0.3966296296296296,0.9944591522216797
Red Neuronal Densa,0.0007075646439949619,0.3970814814814815,0.9943990111351013
Red Neuronal Densa,0.0007112691709268726,0.39766296296296294,0.9943118691444397
Red Neuronal Densa,0.0007112691709268726,0.39834444444444445,0.9942022562026978
Red Neuronal Densa,0.0007112691709268726,0.3991222222222222,0.9940956830978394
Red Neuronal Densa,0.000722382751722605,0.3995888888888889,0.994019091129303
Red Neuronal Densa,0.0007334963325183374,0.4002962962962963,0.9938916563987732
Red Neuronal Densa,0.0007446099133140698,0.40096296296296297,0.9937715530395508
Red Neuronal Densa,0.0007520189671778914,0.4017851851851852,0.9936277866363525
Red Neuronal Densa,0.0007557234941098021,0.4023259259259259,0.9935586452484131
Red Neuronal Densa,0.000759428021041713,0.40285185185185185,0.993490993976593
Red Neuronal Densa,0.000759428021041713,0.4035666666666667,0.9933770895004272
Red Neuronal Densa,0.0007668370749055346,0.4041,0.9933075904846191
Red Neuronal Densa,0.0007705416018374454,0.40474814814814813,0.9931944608688354
Red Neuronal Densa,0.0007816551826331777,0.40525555555555554,0.9931179285049438
Red Neuronal Densa,0.0007853597095650886,0.406,0.9929812550544739
Red Neuronal Densa,0.0007890642364969993,0.4066777777777778,0.99285489320755
Red Neuronal Densa,0.0008001778172927318,0.4076851851851852,0.9926615357398987
Red Neuronal Densa,0.0008038823442246425,0.4086111111111111,0.9924917817115784
Red Neuronal Densa,0.0008038823442246425,0.40964814814814815,0.9923058152198792
Red Neuronal Densa,0.0008112913980884641,0.4109777777777778,0.9921056032180786
Red Neuronal Densa,0.0008187004519522857,0.4115111111111111,0.9919902086257935
Red Neuronal Densa,0.0008261095058161073,0.412,0.9918695092201233
Red Neuronal Densa,0.0008409276135437504,0.4124814814814815,0.9917358160018921
Red Neuronal Densa,0.0008409276135437504,0.41350740740740743,0.9914908409118652
Red Neuronal Densa,0.0008520411943394829,0.41425925925925927,0.9912862777709961
Red Neuronal Densa,0.0008557457212713936,0.41530370370370373,0.9909842014312744
Red Neuronal Densa,0.0008668593020671261,0.4163074074074074,0.9907008409500122
Red Neuronal Densa,0.0008668593020671261,0.4172,0.9904533624649048
Red Neuronal Densa,0.0008816774097947692,0.41776296296296295,0.9903188347816467
Red Neuronal Densa,0.0008927909905905016,0.4183703703703704,0.9901684522628784
Red Neuronal Densa,0.000903904571386234,0.4189962962962963,0.9899842739105225
Red Neuronal Densa,0.000903904571386234,0.4199037037037037,0.989783763885498
Red Neuronal Densa,0.000903904571386234,0.42038888888888887,0.9897189736366272
Red Neuronal Densa,0.000903904571386234,0.420962962962963,0.9896504878997803
Red Neuronal Densa,0.0009076090983181447,0.4214333333333333,0.9896149039268494
Red Neuronal Densa,0.0009076090983181447,0.42231111111111114,0.9894354343414307
Red Neuronal Densa,0.0009150181521819663,0.423062962962963,0.9892879128456116
Red Neuronal Densa,0.0009187226791138772,0.42372592592592595,0.9891157150268555
Red Neuronal Densa,0.0009187226791138772,0.4249148148148148,0.9886830449104309
Red Neuronal Densa,0.0009261317329776988,0.42602962962962965,0.9882793426513672
Red Neuronal Densa,0.0009446543676372527,0.4267925925925926,0.9880070686340332
Red Neuronal Densa,0.0009483588945691635,0.4273925925925926,0.9877997636795044
Red Neuronal Densa,0.0009520634215010743,0.42816666666666664,0.9875066876411438
Red Neuronal Densa,0.0009594724753648959,0.4289962962962963,0.9872238039970398
Red Neuronal Densa,0.0009594724753648959,0.42969259259259257,0.9869896769523621
Red Neuronal Densa,0.0009705860561606283,0.43058148148148145,0.9865831136703491
Red Neuronal Densa,0.0009854041638882715,0.43116296296296297,0.9863510131835938
Red Neuronal Densa,0.0009965177446840038,0.4320851851851852,0.9859519600868225
Red Neuronal Densa,0.001011335852411647,0.43298888888888887,0.9854997992515564
Red Neuronal Densa,0.001011335852411647,0.4342962962962963,0.9851385951042175
Red Neuronal Densa,0.0010224494332073794,0.43474444444444443,0.9849716424942017
Red Neuronal Densa,0.0010409720678669335,0.43574444444444443,0.9847421050071716
Red Neuronal Densa,0.0010557901755945767,0.43692592592592594,0.9845355749130249
Red Neuronal Densa,0.0010743128102541305,0.4383,0.9842633605003357
Red Neuronal Densa,0.0010780173371860414,0.43945555555555554,0.9839730858802795
Red Neuronal Densa,0.0010891309179817737,0.4403444444444444,0.983670711517334
Red Neuronal Densa,0.0010965399718455954,0.44125555555555557,0.9833192825317383
Red Neuronal Densa,0.0011113580795732384,0.4421111111111111,0.9829756617546082
Red Neuronal Densa,0.001137289768096614,0.4428740740740741,0.9827393293380737
Red Neuronal Densa,0.0011669259835519004,0.4433962962962963,0.9825575947761536
Red Neuronal Densa,0.0011965621990071868,0.44402592592592594,0.9823623299598694
Red Neuronal Densa,0.0012076757798029191,0.44442592592592595,0.9822791814804077
Red Neuronal Densa,0.00121138030673483,0.44474444444444444,0.9822335839271545
Red Neuronal Densa,0.0012261984144624732,0.4450925925925926,0.9821306467056274
Red Neuronal Densa,0.0012373119952582055,0.4461,0.9818738102912903
Red Neuronal Densa,0.0012595391568496702,0.44666666666666666,0.981692373752594
Red Neuronal Densa,0.0012854708453730458,0.4473925925925926,0.9815393686294556
Red Neuronal Densa,0.0012928798992368675,0.4481,0.9814144968986511
Red Neuronal Densa,0.0013114025338964214,0.4487962962962963,0.981281042098999
Red Neuronal Densa,0.001337334222419797,0.4493259259259259,0.981161892414093
Red Neuronal Densa,0.0013632659109431725,0.44992592592592595,0.9809932708740234
Red Neuronal Densa,0.0014040157071941912,0.4503740740740741,0.9808674454689026
Red Neuronal Densa,0.0014410609765132993,0.4509222222222222,0.9807144403457642
Red Neuronal Densa,0.0015151515151515152,0.4515888888888889,0.9806308746337891
Red Neuronal Densa,0.001552196784470623,0.4517962962962963,0.9805604815483093
Red Neuronal Densa,0.0015929465807216418,0.4520925925925926,0.9804873466491699
Red Neuronal Densa,0.0016336963769726606,0.45253333333333334,0.9803776144981384
Red Neuronal Densa,0.0016670371193598578,0.45288518518518517,0.9803144335746765
Red Neuronal Densa,0.0017040823886789657,0.45322962962962965,0.9802312850952148
Red Neuronal Densa,0.0017485367118618951,0.4535740740740741,0.9801455736160278
Red Neuronal Densa,0.0017744684003852707,0.4539814814814815,0.9800569415092468
Red Neuronal Densa,0.0018004000889086465,0.4544740740740741,0.9799358248710632
Red Neuronal Densa,0.0018300363043639327,0.45485555555555557,0.9798538684844971
Red Neuronal Densa,0.0018670815736830408,0.4554074074074074,0.9797047972679138
Red Neuronal Densa,0.0018930132622064163,0.4559259259259259,0.979597270488739
Red Neuronal Densa,0.0019189449507297919,0.4564185185185185,0.9794614911079407
Red Neuronal Densa,0.001948581166185078,0.4567925925925926,0.9793745279312134
Red Neuronal Densa,0.0019930354893680077,0.4572074074074074,0.979279637336731
Red Neuronal Densa,0.002041194339482848,0.45743333333333336,0.9792270064353943
Red Neuronal Densa,0.002074535081870045,0.45765555555555554,0.979174792766571
Red Neuronal Densa,0.0021078758242572423,0.4580814814814815,0.9790864586830139
Red Neuronal Densa,0.0021412165666444393,0.4585,0.9789896607398987
Red Neuronal Densa,0.0021782618359635474,0.4589666666666667,0.9788874387741089
Red Neuronal Densa,0.002222716159146477,0.4593259259259259,0.9788101315498352
Red Neuronal Densa,0.0022671704823294067,0.4596777777777778,0.9787104725837708
Red Neuronal Densa,0.0023042157516485143,0.4602259259259259,0.9785642623901367
Red Neuronal Densa,0.0023338519671038008,0.46073703703703706,0.9784382581710815
Red Neuronal Densa,0.002367192709490998,0.461362962962963,0.978249728679657
Red Neuronal Densa,0.0024116470326739276,0.4617074074074074,0.978154718875885
Red Neuronal Densa,0.0024486923019930353,0.4621703703703704,0.9780228734016418
Red Neuronal Densa,0.0024783285174483217,0.4628,0.9778327345848083
Red Neuronal Densa,0.002496851152107876,0.46364814814814814,0.9777148365974426
Red Neuronal Densa,0.002526487367563162,0.4639259259259259,0.9776233434677124
Red Neuronal Densa,0.0025561235830184486,0.46444814814814817,0.9774812459945679
Red Neuronal Densa,0.0025894643254056457,0.46503333333333335,0.9772999882698059
Red Neuronal Densa,0.0026116914869971104,0.46545925925925924,0.977239727973938
Red Neuronal Densa,0.002637623175520486,0.46587407407407405,0.9771613478660583
Red Neuronal Densa,0.0026672593909757725,0.4663555555555556,0.977068305015564
Red Neuronal Densa,0.002693191079499148,0.4666740740740741,0.977003812789917
Red Neuronal Densa,0.0027191227680225236,0.46699259259259257,0.9769361615180969
Red Neuronal Densa,0.00274875898347781,0.46741481481481484,0.976855456829071
Red Neuronal Densa,0.002782099725865007,0.46801481481481483,0.9767523407936096
Red Neuronal Densa,0.0028117359413202935,0.46846296296296297,0.9766650795936584
Red Neuronal Densa,0.00284137215677558,0.46924444444444446,0.976568341255188
Red Neuronal Densa,0.0028821219530265987,0.46945555555555557,0.9765161275863647
Red Neuronal Densa,0.0029191672223457064,0.47005555555555556,0.9763853549957275
Red Neuronal Densa,0.002959917018596725,0.47044444444444444,0.9762805700302124
Red Neuronal Densa,0.0030043713417796545,0.4707074074074074,0.976190984249115
Red Neuronal Densa,0.0030414166110987626,0.47104444444444443,0.9760940670967102
Red Neuronal Densa,0.003071052826554049,0.47145925925925924,0.9759820103645325
Red Neuronal Densa,0.0031192116766688895,0.4719074074074074,0.9758248329162598
Red Neuronal Densa,0.0031599614729199083,0.47233703703703706,0.9756516218185425
Red Neuronal Densa,0.0032192339038304807,0.4727148148148148,0.9755131006240845
Red Neuronal Densa,0.003248870119285767,0.4732148148148148,0.9753625392913818
Red Neuronal Densa,0.0033044380232644293,0.47384074074074073,0.9751583933830261
Red Neuronal Densa,0.0033377787656516263,0.47445925925925925,0.9750095009803772
Red Neuronal Densa,0.003360005927243091,0.47505555555555556,0.9749262928962708
Red Neuronal Densa,0.0033896421426983774,0.47545185185185185,0.9748625755310059
Red Neuronal Densa,0.003415573831221753,0.4761592592592593,0.9747466444969177
Red Neuronal Densa,0.0034415055197451285,0.4769185185185185,0.9746406078338623
Red Neuronal Densa,0.0034748462621323256,0.4772888888888889,0.9745690822601318
Red Neuronal Densa,0.0035007779506557014,0.47785185185185186,0.9743956327438354
Red Neuronal Densa,0.003537823219974809,0.4784851851851852,0.9742177128791809
Red Neuronal Densa,0.00358968659702156,0.47892222222222225,0.9740729331970215
Red Neuronal Densa,0.00363414092020449,0.479462962962963,0.9739229083061218
Red Neuronal Densa,0.0036637771356597764,0.48013333333333336,0.9736072421073914
Red Neuronal Densa,0.0036971178780469734,0.4805074074074074,0.9734399318695068
Red Neuronal Densa,0.0037156405127065275,0.48114074074074076,0.973179042339325
Red Neuronal Densa,0.003745276728161814,0.4818,0.9729046821594238
Red Neuronal Densa,0.0037823219974809216,0.4825037037037037,0.9726181626319885
Red Neuronal Densa,0.0038008446321404757,0.48331851851851854,0.9723082184791565
Red Neuronal Densa,0.0038267763206638514,0.4839703703703704,0.9720839858055115
Red Neuronal Densa,0.003845298955323405,0.4846,0.9718353748321533
Red Neuronal Densa,0.003863821589982959,0.48524074074074075,0.9715976119041443
Red Neuronal Densa,0.003886048751574424,0.48592962962962966,0.9713137149810791
Red Neuronal Densa,0.003911980440097799,0.4865481481481482,0.9710579514503479
Red Neuronal Densa,0.003941616655553086,0.4873111111111111,0.9707188010215759
Red Neuronal Densa,0.003952730236348818,0.4882074074074074,0.9703499674797058
Red Neuronal Densa,0.003967548344076461,0.4886814814814815,0.9700905680656433
Red Neuronal Densa,0.003997184559531748,0.48936296296296294,0.9697758555412292
Red Neuronal Densa,0.004026820774987034,0.49017777777777777,0.9693803191184998
Red Neuronal Densa,0.004045343409646588,0.4911111111111111,0.969014048576355
Red Neuronal Densa,0.004082388678965696,0.4920148148148148,0.9687614440917969
Red Neuronal Densa,0.004115729421352893,0.49285555555555555,0.9684357047080994
Red Neuronal Densa,0.00414536563680818,0.4934148148148148,0.96812504529953
Red Neuronal Densa,0.0041675927983996445,0.4943148148148148,0.9676109552383423
Red Neuronal Densa,0.004200933540786841,0.4951777777777778,0.9670953750610352
Red Neuronal Densa,0.004226865229310217,0.49595555555555554,0.9666833877563477
Red Neuronal Densa,0.004260205971697414,0.4966703703703704,0.9662721157073975
Red Neuronal Densa,0.00428613766022079,0.49734074074074075,0.9659358859062195
Red Neuronal Densa,0.0043305919834037195,0.49822962962962963,0.965471088886261
Red Neuronal Densa,0.004345410091131363,0.49901851851851853,0.9650900959968567
Red Neuronal Densa,0.004352819144995184,0.49927777777777776,0.9650714993476868
Red Neuronal Densa,0.004356523671927095,0.4996925925925926,0.9650413393974304
Red Neuronal Densa,0.004356523671927095,0.5001925925925926,0.9650072455406189
Red Neuronal Densa,0.004363932725790916,0.5006,0.9649717211723328
Red Neuronal Densa,0.00438245536045047,0.5010814814814815,0.9647089838981628
Red Neuronal Densa,0.004412091575905757,0.5016074074074074,0.9644124507904053
Red Neuronal Densa,0.004441727791361043,0.5022222222222222,0.9640630483627319
Red Neuronal Densa,0.004460250426020597,0.5028407407407407,0.9637085199356079
Red Neuronal Densa,0.004486182114543972,0.5032592592592593,0.9635262489318848
Red Neuronal Densa,0.0045047047492035265,0.5038074074074074,0.9633984565734863
Red Neuronal Densa,0.004526931910794991,0.5042592592592593,0.963188886642456
Red Neuronal Densa,0.004549159072386456,0.5049888888888889,0.9628745317459106
Red Neuronal Densa,0.0045713862339779214,0.5056296296296297,0.9625509977340698
Red Neuronal Densa,0.004597317922501297,0.5060962962962963,0.9623305797576904
Red Neuronal Densa,0.004630658664888493,0.5067888888888888,0.9619062542915344
Red Neuronal Densa,0.004663999407275691,0.507237037037037,0.9616413712501526
Red Neuronal Densa,0.004697340149662888,0.5079888888888889,0.9612691402435303
Red Neuronal Densa,0.004730680892050085,0.5086333333333334,0.9609666466712952
Red Neuronal Densa,0.004756612580573461,0.5093222222222222,0.9606068134307861
Red Neuronal Densa,0.004786248796028747,0.5100148148148148,0.9602343440055847
Red Neuronal Densa,0.004819589538415945,0.5108555555555555,0.9597476124763489
Red Neuronal Densa,0.004856634807735052,0.5114777777777778,0.9594138860702515
Red Neuronal Densa,0.00489368007705416,0.5122074074074074,0.958945631980896
Red Neuronal Densa,0.0049270208194413575,0.5131037037037037,0.9582973718643188
Red Neuronal Densa,0.0049455434541009115,0.5135777777777778,0.9580399394035339
Red Neuronal Densa,0.004978884196488108,0.5140148148148148,0.9577334523200989
Red Neuronal Densa,0.005012224938875306,0.514762962962963,0.9571951031684875
Red Neuronal Densa,0.005045565681262503,0.5154222222222222,0.9566957354545593
Red Neuronal Densa,0.005145587908424094,0.5187333333333334,0.9559627175331116
Red Neuronal Densa,0.005175224123879381,0.5193555555555556,0.9554585218429565
Red Neuronal Densa,0.0052159739201303994,0.5201370370370371,0.9549205899238586
Red Neuronal Densa,0.005241905608653775,0.5211703703703704,0.9544024467468262
Red Neuronal Densa,0.005271541824109062,0.5218555555555555,0.9539501070976257
Red Neuronal Densa,0.005301178039564348,0.5225333333333333,0.9534791707992554
Red Neuronal Densa,0.005330814255019634,0.5231074074074074,0.9530976414680481
Red Neuronal Densa,0.00535674594354301,0.5237518518518518,0.952576220035553
Red Neuronal Densa,0.005390086685930206,0.5245555555555556,0.9519296288490295
Red Neuronal Densa,0.005419722901385493,0.5255,0.951251208782196
Red Neuronal Densa,0.005456768170704601,0.5261296296296296,0.950794517993927
Red Neuronal Densa,0.005493813440023709,0.5269222222222222,0.9501579403877258
Red Neuronal Densa,0.005519745128547085,0.5280888888888889,0.9491496682167053
Red Neuronal Densa,0.005556790397866192,0.5285740740740741,0.948783278465271
Red Neuronal Densa,0.0055938356671853,0.529325925925926,0.9481578469276428
Red Neuronal Densa,0.005630880936504408,0.5302962962962963,0.9475736618041992
Red Neuronal Densa,0.005667926205823516,0.5313111111111111,0.9469802975654602
Red Neuronal Densa,0.005679039786619248,0.5322925925925925,0.9466145634651184
Red Neuronal Densa,0.00587167518707861,0.535737037037037,0.9465045928955078
Red Neuronal Densa,0.005905015929465807,0.5365666666666666,0.9461495876312256
Red Neuronal Densa,0.005945765725716826,0.537537037037037,0.9455923438072205
Red Neuronal Densa,0.005979106468104023,0.5382962962962963,0.9451671838760376
Red Neuronal Densa,0.006019856264355042,0.5393703703703704,0.9446251392364502
Red Neuronal Densa,0.006053197006742239,0.5407259259259259,0.9438093900680542
Red Neuronal Densa,0.006068015114469882,0.5416518518518518,0.9432356357574463
Red Neuronal Densa,0.006093946802993258,0.5424592592592593,0.9427356719970703
Red Neuronal Densa,0.006119878491516633,0.543537037037037,0.9421284794807434
Red Neuronal Densa,0.006145810180040009,0.5442,0.9418215751647949
Red Neuronal Densa,0.006175446395495296,0.545074074074074,0.9411839842796326
Red Neuronal Densa,0.006212491664814403,0.5456333333333333,0.9407222867012024
Red Neuronal Densa,0.006253241461065422,0.5466555555555556,0.9401006698608398
Red Neuronal Densa,0.00629028673038453,0.5472703703703704,0.9395613670349121
Red Neuronal Densa,0.006312513891975994,0.5480814814814815,0.9386590719223022
Red Neuronal Densa,0.006342150107431281,0.5489888888888889,0.9378189444541931
Red Neuronal Densa,0.006364377269022746,0.5496814814814814,0.9371753931045532
Red Neuronal Densa,0.006390308957546121,0.5503814814814815,0.9365194439888
Red Neuronal Densa,0.006405127065273765,0.5511851851851852,0.9360491633415222
Red Neuronal Densa,0.006405127065273765,0.5514666666666667,0.9360467791557312
Red Neuronal Densa,0.006405127065273765,0.5518851851851851,0.9360448718070984
Red Neuronal Densa,0.006405127065273765,0.5522259259259259,0.9360424876213074
Red Neuronal Densa,0.006408831592205675,0.5525037037037037,0.9360272288322449
Red Neuronal Densa,0.006449581388456694,0.5529962962962963,0.9356287121772766
Red Neuronal Densa,0.006486626657775802,0.554062962962963,0.9347813129425049
Red Neuronal Densa,0.006519967400162999,0.5548407407407407,0.9341840147972107
Red Neuronal Densa,0.006553308142550196,0.5556481481481481,0.9333169460296631
Red Neuronal Densa,0.006597762465733126,0.5562777777777778,0.9326724410057068
Red Neuronal Densa,0.006631103208120323,0.5572555555555555,0.9317119121551514
Red Neuronal Densa,0.006657034896643699,0.5586740740740741,0.9302897453308105
Red Neuronal Densa,0.006694080165962807,0.5600592592592593,0.9291446805000305
Red Neuronal Densa,0.006731125435281915,0.5609592592592593,0.9283743500709534
Red Neuronal Densa,0.006775579758464844,0.5619666666666666,0.9275352954864502
Red Neuronal Densa,0.0068015114469882195,0.5624777777777777,0.927055299282074
Red Neuronal Densa,0.006820034081647774,0.5634703703703704,0.926243782043457
Red Neuronal Densa,0.006853374824034971,0.5641592592592592,0.925614058971405
Red Neuronal Densa,0.006886715566422168,0.5649555555555555,0.924871563911438
Red Neuronal Densa,0.0069163517818774545,0.5655259259259259,0.9243882298469543
Red Neuronal Densa,0.006934874416537009,0.5661814814814815,0.9238327145576477
Red Neuronal Densa,0.006964510631992295,0.5669777777777778,0.923133909702301
Red Neuronal Densa,0.007016374009039046,0.5676629629629629,0.9226313829421997
Red Neuronal Densa,0.007038601170630511,0.5688555555555556,0.921729564666748
Red Neuronal Densa,0.007075646439949618,0.5692518518518519,0.9214351773262024
Red Neuronal Densa,0.007105282655404905,0.5702259259259259,0.9208377003669739
Red Neuronal Densa,0.007134918870860191,0.5709407407407407,0.9204009771347046
Red Neuronal Densa,0.007157146032451656,0.5718703703703704,0.9198011755943298
Red Neuronal Densa,0.007197895828702674,0.5722,0.9196228384971619
Red Neuronal Densa,0.0072238275172260506,0.5729111111111111,0.9192268252372742
Red Neuronal Densa,0.0072534637326813365,0.5739407407407408,0.9186113476753235
Red Neuronal Densa,0.007297918055864266,0.5745666666666667,0.9181084036827087
Red Neuronal Densa,0.007334963325183374,0.5753814814814815,0.9177182912826538
Red Neuronal Densa,0.007383122175298214,0.5757333333333333,0.9175723195075989
Red Neuronal Densa,0.007416462917685412,0.5765666666666667,0.9169728755950928
Red Neuronal Densa,0.007460917240868341,0.5770962962962963,0.9165287017822266
Red Neuronal Densa,0.007497962510187449,0.5780962962962963,0.9158239960670471
Red Neuronal Densa,0.007531303252574647,0.578737037037037,0.9153665900230408
Red Neuronal Densa,0.0075609394680299325,0.5799222222222222,0.9147171378135681
Red Neuronal Densa,0.007586871156553308,0.5813888888888888,0.9138796925544739
Red Neuronal Densa,0.007609098318144773,0.5823,0.9132303595542908
Red Neuronal Densa,0.007635030006668149,0.5834037037037038,0.9124140739440918
Red Neuronal Densa,0.0076572571682596135,0.5843444444444444,0.9116784930229187
Red Neuronal Densa,0.007679484329851078,0.5853333333333334,0.9108462929725647
Red Neuronal Densa,0.007709120545306364,0.5861296296296297,0.910219132900238
Red Neuronal Densa,0.007742461287693562,0.5868037037037037,0.9098053574562073
Red Neuronal Densa,0.007764688449285026,0.5873222222222222,0.9094438552856445
Red Neuronal Densa,0.0078017337186041345,0.5884333333333334,0.9086065292358398
Red Neuronal Densa,0.007842483514855152,0.5896074074074074,0.9078162908554077
Red Neuronal Densa,0.007883233311106172,0.5904555555555555,0.9071821570396423
Red Neuronal Densa,0.007909164999629547,0.5916,0.906658947467804
Red Neuronal Densa,0.008490775727939543,0.5944851851851852,0.9063053727149963
Red Neuronal Densa,0.008516707416462918,0.5956888888888889,0.9055715203285217
Red Neuronal Densa,0.008535230051122472,0.5966148148148148,0.9050835967063904
Red Neuronal Densa,0.008561161739645847,0.5975518518518519,0.9043717384338379
Red Neuronal Densa,0.008587093428169223,0.5985703703703704,0.9034960865974426
Red Neuronal Densa,0.00862043417055642,0.5996851851851852,0.9027579426765442
Red Neuronal Densa,0.008642661332147885,0.6005037037037037,0.9021857380867004
Red Neuronal Densa,0.008672297547603172,0.6013222222222222,0.9014802575111389
Red Neuronal Densa,0.008698229236126547,0.6021296296296297,0.9006983637809753
Red Neuronal Densa,0.008742683559309477,0.6031777777777778,0.8997668027877808
Red Neuronal Densa,0.008776024301696673,0.6041333333333333,0.8989193439483643
Red Neuronal Densa,0.008813069571015781,0.6049111111111111,0.898238480091095
Red Neuronal Densa,0.00885011484033489,0.6060074074074074,0.897221028804779
Red Neuronal Densa,0.008883455582722086,0.6071703703703704,0.8962295651435852
Red Neuronal Densa,0.008920500852041194,0.6081666666666666,0.8952723145484924
Red Neuronal Densa,0.008957546121360302,0.6087888888888889,0.8947272896766663
Red Neuronal Densa,0.008998295917611322,0.6095148148148148,0.8941493630409241
Red Neuronal Densa,0.009027932133066607,0.6102111111111111,0.8933919072151184
Red Neuronal Densa,0.009064977402385715,0.6109888888888889,0.8924639821052551
Red Neuronal Densa,0.009094613617841002,0.6117851851851852,0.891505241394043
Red Neuronal Densa,0.00913536341409202,0.6123296296296297,0.890741229057312
Red Neuronal Densa,0.00918352226420686,0.6128,0.8901522755622864
Red Neuronal Densa,0.00922797658738979,0.6135185185185185,0.8892826437950134
Red Neuronal Densa,0.009257612802845077,0.6142592592592593,0.8884631395339966
Red Neuronal Densa,0.009287249018300364,0.6150666666666667,0.8873631358146667
Red Neuronal Densa,0.009335407868415203,0.6157333333333334,0.8864046335220337
Red Neuronal Densa,0.009379862191598132,0.6161666666666666,0.8858562707901001
Red Neuronal Densa,0.009435430095576795,0.6166,0.885265052318573
Red Neuronal Densa,0.009487293472623545,0.6171777777777778,0.8845539093017578
Red Neuronal Densa,0.009528043268874565,0.6177370370370371,0.8838824033737183
Red Neuronal Densa,0.009576202118989406,0.6181740740740741,0.8832732439041138
Red Neuronal Densa,0.009620656442172335,0.6189666666666667,0.8822008967399597
Red Neuronal Densa,0.009657701711491443,0.6194222222222222,0.8816326856613159
Red Neuronal Densa,0.009683633400014819,0.6198370370370371,0.881295382976532
Red Neuronal Densa,0.009728087723197748,0.620137037037037,0.881060779094696
Red Neuronal Densa,0.00978365562717641,0.620537037037037,0.8806337118148804
Red Neuronal Densa,0.00983181447729125,0.6209148148148148,0.8802575469017029
Red Neuronal Densa,0.009868859746610358,0.6216074074074074,0.8796790838241577
Red Neuronal Densa,0.009902200488997554,0.6222037037037037,0.8791564106941223
Red Neuronal Densa,0.009950359339112395,0.6230185185185185,0.8783999085426331
Red Neuronal Densa,0.009983700081499592,0.6236,0.8779468536376953
Red Neuronal Densa,0.010024449877750611,0.6246592592592592,0.8771427273750305
Red Neuronal Densa,0.01006149514706972,0.6256185185185186,0.8763085603713989
Red Neuronal Densa,0.01010965399718456,0.6261222222222222,0.87581866979599
Red Neuronal Densa,0.0101578128472994,0.6265518518518518,0.875384509563446
Red Neuronal Densa,0.010202267170482329,0.6269370370370371,0.8750016093254089
Red Neuronal Densa,0.010246721493665258,0.6275074074074074,0.874411404132843
Red Neuronal Densa,0.010283766762984366,0.6285259259259259,0.8734490275382996
Red Neuronal Densa,0.010320812032303475,0.6292296296296296,0.8727118968963623
Red Neuronal Densa,0.010361561828554494,0.6299407407407407,0.8719447255134583
Red Neuronal Densa,0.010402311624805512,0.6309037037037037,0.8710411190986633
Red Neuronal Densa,0.010435652367192709,0.6317407407407407,0.8701378107070923
Red Neuronal Densa,0.01048010669037564,0.6324592592592593,0.8693585395812988
Red Neuronal Densa,0.010520856486626658,0.6330037037037037,0.8688512444496155
Red Neuronal Densa,0.010557901755945766,0.6338592592592592,0.867951512336731
Red Neuronal Densa,0.01076535526413277,0.6344407407407407,0.8673076033592224
Red Neuronal Densa,0.010794991479588057,0.6351111111111111,0.8665980696678162
Red Neuronal Densa,0.010865377491294362,0.6355777777777778,0.8661416172981262
Red Neuronal Densa,0.010898718233681558,0.6362407407407408,0.865480363368988
Red Neuronal Densa,0.010920945395273024,0.6372111111111111,0.8646377325057983
Red Neuronal Densa,0.01095058161072831,0.6379777777777778,0.8640426993370056
Red Neuronal Densa,0.01099874046084315,0.6388666666666667,0.8631601929664612
Red Neuronal Densa,0.01104319478402608,0.6399148148148148,0.8621862530708313
Red Neuronal Densa,0.011080240053345188,0.6403740740740741,0.8617674708366394
Red Neuronal Densa,0.011128398903460028,0.641062962962963,0.8611570596694946
Red Neuronal Densa,0.011165444172779137,0.6418407407407407,0.8603979349136353
Red Neuronal Densa,0.011202489442098245,0.6423629629629629,0.859874963760376
Red Neuronal Densa,0.011239534711417353,0.6430666666666667,0.8590022325515747
Red Neuronal Densa,0.011283989034600282,0.6436074074074074,0.8583250045776367
Red Neuronal Densa,0.011313625250055567,0.6442851851851852,0.8574274778366089
Red Neuronal Densa,0.011354375046306587,0.6449666666666667,0.8566053509712219
Red Neuronal Densa,0.011406238423353338,0.6454074074074074,0.8560288548469543
Red Neuronal Densa,0.011443283692672446,0.6459518518518519,0.8554661273956299
Red Neuronal Densa,0.011491442542787287,0.6463296296296296,0.8551090359687805
Red Neuronal Densa,0.011524783285174483,0.646962962962963,0.8544294834136963
Red Neuronal Densa,0.011565533081425501,0.6473185185185185,0.8540295958518982
Red Neuronal Densa,0.01160628287767652,0.6475703703703704,0.8537896275520325
Red Neuronal Densa,0.011661850781655183,0.6478296296296296,0.8535473942756653
Red Neuronal Densa,0.01169519152404238,0.6484888888888889,0.8529164791107178
Red Neuronal Densa,0.011721123212565755,0.6491962962962963,0.8524399995803833
Red Neuronal Densa,0.01174705490108913,0.6496111111111111,0.851995587348938
Red Neuronal Densa,0.011780395643476329,0.6501851851851852,0.851441502571106
Red Neuronal Densa,0.011828554493591168,0.6507074074074074,0.8506338000297546
Red Neuronal Densa,0.01188412239756983,0.6511777777777777,0.8500578999519348
Red Neuronal Densa,0.01192857672075276,0.6517222222222222,0.8493258953094482
Red Neuronal Densa,0.011965621990071867,0.6521370370370371,0.8486937880516052
Red Neuronal Densa,0.011998962732459066,0.6527518518518518,0.8478319644927979
Red Neuronal Densa,0.012028598947914351,0.653525925925926,0.8468073010444641
Red Neuronal Densa,0.012080462324961103,0.6542888888888889,0.8457806706428528
Red Neuronal Densa,0.0121138030673483,0.655174074074074,0.8446483016014099
Red Neuronal Densa,0.012150848336667408,0.6559148148148148,0.8437079191207886
Red Neuronal Densa,0.012195302659850337,0.6564518518518518,0.8431481719017029
Red Neuronal Densa,0.012247166036897088,0.6573666666666667,0.8420025110244751
Red Neuronal Densa,0.012291620360080018,0.6582592592592592,0.8410404920578003
Red Neuronal Densa,0.012324961102467214,0.6589296296296296,0.8402835726737976
Red Neuronal Densa,0.012376824479513967,0.6595074074074074,0.8395841121673584
Red Neuronal Densa,0.012410165221901163,0.6602925925925925,0.838728129863739
Red Neuronal Densa,0.01243980143735645,0.6611111111111111,0.837817370891571
Red Neuronal Densa,0.012476846706675558,0.6616444444444445,0.8372482657432556
Red Neuronal Densa,0.012517596502926576,0.6623481481481481,0.8364348411560059
Red Neuronal Densa,0.012539823664518042,0.6627888888888889,0.8360012173652649
Red Neuronal Densa,0.012573164406905238,0.6632444444444444,0.835522472858429
Red Neuronal Densa,0.012599096095428614,0.6637444444444445,0.834963321685791
Red Neuronal Densa,0.0126287323108839,0.6646666666666666,0.8339084982872009
Red Neuronal Densa,0.012647254945543454,0.6652296296296296,0.8333644866943359
Red Neuronal Densa,0.012695413795658294,0.6658703703703703,0.8325570225715637
Red Neuronal Densa,0.01272505001111358,0.6666185185185185,0.8317500352859497
Red Neuronal Densa,0.0127657998073646,0.6670407407407407,0.831221878528595
Red Neuronal Densa,0.012795436022819885,0.6678,0.8302579522132874
Red Neuronal Densa,0.012821367711343262,0.6684555555555556,0.8295450210571289
Red Neuronal Densa,0.012851003926798547,0.6690888888888888,0.8287628293037415
Red Neuronal Densa,0.012891753723049567,0.6697074074074074,0.8279758095741272
Red Neuronal Densa,0.012928798992368675,0.6702370370370371,0.8273475766181946
Red Neuronal Densa,0.012962139734755872,0.6708,0.8266275525093079
Red Neuronal Densa,0.01300288953100689,0.6713407407407408,0.8260570168495178
Red Neuronal Densa,0.013039934800325998,0.6718703703703703,0.8254542350769043
Red Neuronal Densa,0.013073275542713196,0.6724481481481481,0.8248822093009949
Red Neuronal Densa,0.013117729865896125,0.6727740740740741,0.8243674635887146
Red Neuronal Densa,0.013158479662147143,0.6732481481481482,0.823818027973175
Red Neuronal Densa,0.013202933985330073,0.6737407407407408,0.8231135606765747
Red Neuronal Densa,0.013239979254649181,0.6742518518518519,0.8225168585777283
Red Neuronal Densa,0.013277024523968289,0.6746925925925926,0.8220117092132568
Red Neuronal Densa,0.013314069793287397,0.6751666666666667,0.8214159607887268
Red Neuronal Densa,0.013354819589538417,0.6757592592592593,0.8208196759223938
Red Neuronal Densa,0.013388160331925613,0.6763185185185185,0.8202227354049683
Red Neuronal Densa,0.013414092020448989,0.6767407407407408,0.8197187185287476
Red Neuronal Densa,0.013447432762836185,0.677074074074074,0.8193005323410034
Red Neuronal Densa,0.013477068978291472,0.6776888888888889,0.8185154795646667
Red Neuronal Densa,0.01351411424761058,0.678274074074074,0.8178337812423706
Red Neuronal Densa,0.013543750463065867,0.6787037037037037,0.8172966837882996
Red Neuronal Densa,0.013584500259316885,0.6791333333333334,0.8167546987533569
Red Neuronal Densa,0.013628954582499814,0.6797111111111112,0.8159709572792053
Red Neuronal Densa,0.013673408905682744,0.6802962962962963,0.8151845335960388
Red Neuronal Densa,0.013710454175001852,0.6808037037037037,0.8145378232002258
Red Neuronal Densa,0.013754908498184781,0.6811666666666667,0.8140870332717896
Red Neuronal Densa,0.013795658294435801,0.6816185185185185,0.8135192394256592
Red Neuronal Densa,0.013828999036822998,0.6822407407407407,0.812723696231842
Red Neuronal Densa,0.013873453360005927,0.6828777777777778,0.8122065663337708
Red Neuronal Densa,0.013877157886937838,0.683725925925926,0.8120829463005066
Red Neuronal Densa,0.013899385048529302,0.6847148148148148,0.8118317723274231
Red Neuronal Densa,0.0139327257909165,0.6854666666666667,0.8114801645278931
Red Neuronal Densa,0.01397718011409943,0.6861296296296296,0.8110269904136658
Red Neuronal Densa,0.01402904349114618,0.6866555555555556,0.8106160163879395
Red Neuronal Densa,0.014069793287397199,0.6870777777777778,0.8102672100067139
Red Neuronal Densa,0.01411424761058013,0.6877407407407408,0.8097251653671265
Red Neuronal Densa,0.014162406460694969,0.6884185185185185,0.8091995120048523
Red Neuronal Densa,0.01421056531080981,0.6890777777777778,0.8086495995521545
Red Neuronal Densa,0.014247610580128918,0.6895370370370371,0.8083606362342834
Red Neuronal Densa,0.014284655849448026,0.6900333333333334,0.8079485893249512
Red Neuronal Densa,0.014343928280358598,0.6905333333333333,0.8075063228607178
Red Neuronal Densa,0.014392087130473439,0.6910851851851851,0.8068863153457642
Red Neuronal Densa,0.014440245980588278,0.691474074074074,0.806445837020874
Red Neuronal Densa,0.014480995776839298,0.6918962962962963,0.8059452772140503
Red Neuronal Densa,0.014532859153886048,0.6925185185185185,0.8051902651786804
Red Neuronal Densa,0.014577313477068978,0.6928444444444445,0.8048239946365356
Red Neuronal Densa,0.01463288138104764,0.6931777777777778,0.8043748140335083
Red Neuronal Densa,0.014669926650366748,0.6935703703703704,0.8037629127502441
Red Neuronal Densa,0.014714380973549678,0.6939851851851851,0.8032538294792175
Red Neuronal Densa,0.014766244350596428,0.694462962962963,0.8025431632995605
Red Neuronal Densa,0.014814403200711269,0.6949333333333333,0.8018622994422913
Red Neuronal Densa,0.014858857523894198,0.6953481481481482,0.801166296005249
Red Neuronal Densa,0.014899607320145218,0.695737037037037,0.800632119178772
Red Neuronal Densa,0.014962584277987702,0.696274074074074,0.7998377680778503
Red Neuronal Densa,0.01500333407423872,0.6968074074074074,0.7990334630012512
Red Neuronal Densa,0.015058901978217382,0.6971481481481482,0.798496663570404
Red Neuronal Densa,0.01509594724753649,0.6974074074074074,0.7980979084968567
Red Neuronal Densa,0.015273764540268207,0.6976,0.7976899147033691
Red Neuronal Densa,0.015310809809587315,0.6979592592592593,0.7970256209373474
Red Neuronal Densa,0.015366377713565978,0.6983037037037036,0.7963603734970093
Red Neuronal Densa,0.01542194561754464,0.6986259259259259,0.7957819700241089
Red Neuronal Densa,0.01546639994072757,0.6989555555555556,0.7951861619949341
Red Neuronal Densa,0.015507149736978587,0.6991407407407407,0.7949129343032837
Red Neuronal Densa,0.015555308587093428,0.6994703703703704,0.7944037914276123
Red Neuronal Densa,0.015592353856412536,0.6998037037037037,0.7938517332077026
Red Neuronal Densa,0.015633103652663554,0.7001851851851851,0.7933446764945984
Red Neuronal Densa,0.015677557975846485,0.7005185185185185,0.7928063273429871
Red Neuronal Densa,0.015718307772097505,0.7010666666666666,0.7919399738311768
Red Neuronal Densa,0.015770171149144255,0.7015370370370371,0.791187584400177
Red Neuronal Densa,0.01581092094539527,0.7019185185185185,0.7905214428901672
Red Neuronal Densa,0.01584426168778247,0.7022333333333334,0.7900970578193665
Red Neuronal Densa,0.01598132918426317,0.7027074074074074,0.7893783450126648
Red Neuronal Densa,0.01602207898051419,0.7031074074074074,0.7888157963752747
Red Neuronal Densa,0.016066533303697117,0.7034666666666667,0.788122832775116
Red Neuronal Densa,0.016107283099948137,0.7038518518518518,0.7875477075576782
Red Neuronal Densa,0.016148032896199156,0.7043962962962963,0.7869201302528381
Red Neuronal Densa,0.016188782692450176,0.7052222222222222,0.7861506938934326
Red Neuronal Densa,0.016236941542565015,0.7059555555555556,0.7855122089385986
Red Neuronal Densa,0.016281395865747943,0.7065037037037037,0.7849004864692688
Red Neuronal Densa,0.016325850188930874,0.7071592592592593,0.7842200398445129
Red Neuronal Densa,0.016366599985181893,0.7076962962962963,0.7834643125534058
Red Neuronal Densa,0.01639994072756909,0.7081555555555555,0.7829183340072632
Red Neuronal Densa,0.016444395050752018,0.7085222222222223,0.7823175191879272
Red Neuronal Densa,0.01649255390086686,0.7089037037037037,0.7818582057952881
Red Neuronal Densa,0.016537008224049788,0.7091259259259259,0.781555712223053
Red Neuronal Densa,0.01658887160109654,0.7095592592592592,0.7811002135276794
Red Neuronal Densa,0.01662962139734756,0.7099814814814814,0.7808290123939514
Red Neuronal Densa,0.016677780247462397,0.7105,0.7802108526229858
Red Neuronal Densa,0.01672593909757724,0.7108888888888889,0.7798163890838623
Red Neuronal Densa,0.016770393420760168,0.7112111111111111,0.7794517874717712
Red Neuronal Densa,0.016844483959398384,0.7114037037037036,0.7791967988014221
Red Neuronal Densa,0.016892642809513227,0.7117259259259259,0.7788558602333069
Red Neuronal Densa,0.01695932429428762,0.7119555555555556,0.7786691188812256
Red Neuronal Densa,0.017014892198266282,0.7121962962962963,0.7784866094589233
Red Neuronal Densa,0.01706305104838112,0.7124703703703704,0.7782814502716064
Red Neuronal Densa,0.017122323479291695,0.7126740740740741,0.7781582474708557
Red Neuronal Densa,0.017166777802474623,0.7128296296296296,0.7780629396438599
Red Neuronal Densa,0.017563162184189077,0.7141777777777778,0.7776573300361633
Red Neuronal Densa,0.01762243461509965,0.7147777777777777,0.7768524289131165
Red Neuronal Densa,0.01765947988441876,0.7151407407407407,0.7764412760734558
Red Neuronal Densa,0.017696525153737867,0.7155407407407407,0.776006281375885
Red Neuronal Densa,0.017748388530784618,0.7161222222222222,0.7754404544830322
Red Neuronal Densa,0.01780025190783137,0.7165703703703704,0.775078535079956
Red Neuronal Densa,0.01785211528487812,0.7169888888888889,0.7746996879577637
Red Neuronal Densa,0.01789656960806105,0.7173407407407407,0.7743815183639526
Red Neuronal Densa,0.01793361487738016,0.7177,0.7741594910621643
Red Neuronal Densa,0.017974364673631178,0.7182,0.7737666964530945
Red Neuronal Densa,0.01803363710454175,0.718474074074074,0.7734466791152954
Red Neuronal Densa,0.01808179595465659,0.7188444444444444,0.7729747891426086
Red Neuronal Densa,0.01812995480477143,0.719162962962963,0.7726577520370483
Red Neuronal Densa,0.018204045343409647,0.7194074074074074,0.7723454833030701
Red Neuronal Densa,0.01825961324738831,0.7197111111111111,0.7720233201980591
Red Neuronal Densa,0.018304067570571236,0.7201814814814815,0.7714839577674866
Red Neuronal Densa,0.01835593094761799,0.7205111111111111,0.7709888815879822
Red Neuronal Densa,0.018400385270800918,0.7209592592592593,0.7704338431358337
Red Neuronal Densa,0.01844483959398385,0.7212111111111111,0.7701022624969482
Red Neuronal Densa,0.01850411202489442,0.7215518518518519,0.769614040851593
Red Neuronal Densa,0.018552270875009262,0.7217481481481481,0.7692477703094482
Red Neuronal Densa,0.018607838778987924,0.7221777777777778,0.7681641578674316
Red Neuronal Densa,0.018655997629102763,0.7223888888888889,0.7675762176513672
Red Neuronal Densa,0.018707861006149514,0.7226,0.7668408155441284
Red Neuronal Densa,0.018752315329332445,0.7229185185185185,0.7659521698951721
Red Neuronal Densa,0.018807883233311107,0.723125925925926,0.765393078327179
Red Neuronal Densa,0.018859746610357858,0.7233222222222222,0.7649097442626953
Red Neuronal Densa,0.01891160998740461,0.7236333333333334,0.7640612721443176
Red Neuronal Densa,0.018959768837519448,0.7239037037037037,0.7631736397743225
Red Neuronal Densa,0.01901904126843002,0.7242777777777778,0.762132465839386
Red Neuronal Densa,0.019070904645476772,0.7246,0.7611114978790283
Red Neuronal Densa,0.019133881603319258,0.7248888888888889,0.760145366191864
Red Neuronal Densa,0.01920056308809365,0.7252666666666666,0.7592223882675171
Red Neuronal Densa,0.01924501741127658,0.7257555555555556,0.7577673196792603
Red Neuronal Densa,0.01929317626139142,0.7260481481481481,0.7568588256835938
Red Neuronal Densa,0.019359857746165814,0.7262777777777778,0.7560783624649048
Red Neuronal Densa,0.019400607542416834,0.7265814814814815,0.7550410628318787
Red Neuronal Densa,0.019456175446395496,0.7269037037037037,0.7538485527038574
Red Neuronal Densa,0.019508038823442247,0.7272851851851851,0.7526767253875732
Red Neuronal Densa,0.01956731125435282,0.7274888888888889,0.7518903017044067
Red Neuronal Densa,0.019633992739127214,0.7277888888888889,0.7509733438491821
Red Neuronal Densa,0.019689560643105876,0.7279962962962963,0.7502318024635315
Red Neuronal Densa,0.019741424020152627,0.7282777777777778,0.7492448091506958
Red Neuronal Densa,0.019789582870267466,0.7286518518518519,0.7482038736343384
Red Neuronal Densa,0.019834037193450397,0.7289703703703704,0.7472108006477356
Red Neuronal Densa,0.019882196043565236,0.7294333333333334,0.7459465265274048
Red Neuronal Densa,0.019934059420611987,0.7297037037037037,0.745089054107666
Red Neuronal Densa,0.01999333185152256,0.7299666666666667,0.744329035282135
Red Neuronal Densa,0.020052604282433134,0.7303037037037037,0.7433619499206543
Red Neuronal Densa,0.020115581240275616,0.730537037037037,0.7426398396492004
Red Neuronal Densa,0.02017485367118619,0.7307407407407407,0.7419963479042053
Red Neuronal Densa,0.02021560346743721,0.7309666666666667,0.7414661049842834
Red Neuronal Densa,0.02027117137141587,0.7312185185185185,0.7408111691474915
Red Neuronal Densa,0.02033044380232644,0.7314296296296297,0.740182638168335
Red Neuronal Densa,0.020393420760168927,0.7318074074074075,0.7392557859420776
Red Neuronal Densa,0.020441579610283766,0.7320111111111111,0.7387480735778809
Red Neuronal Densa,0.020493442987330517,0.732262962962963,0.7379630208015442
Red Neuronal Densa,0.02054530636437727,0.7325481481481482,0.7371233701705933
Red Neuronal Densa,0.020619396903015483,0.7327481481481481,0.7364422678947449
Red Neuronal Densa,0.020671260280062238,0.7330481481481481,0.7355471849441528
Red Neuronal Densa,0.020730532710972808,0.7332185185185185,0.7349491715431213
Red Neuronal Densa,0.020797214195747205,0.7334925925925926,0.7344698309898376
Red Neuronal Densa,0.020852782099725867,0.7339703703703704,0.7333564758300781
Red Neuronal Densa,0.02092687263836408,0.7342222222222222,0.7326528429985046
Red Neuronal Densa,0.020989849596206565,0.7345,0.7319702506065369
Red Neuronal Densa,0.02104912202711714,0.734674074074074,0.7313235402107239
Red Neuronal Densa,0.021089871823368155,0.7350444444444444,0.7302579283714294
Red Neuronal Densa,0.021149144254278728,0.735337037037037,0.7294102907180786
Red Neuronal Densa,0.02121582573905312,0.7355777777777778,0.7286953330039978
Red Neuronal Densa,0.021267689116099876,0.7359074074074075,0.7278680801391602
Red Neuronal Densa,0.021326961547010446,0.7360333333333333,0.7274692058563232
Red Neuronal Densa,0.02138623397792102,0.7363037037037037,0.7267434597015381
Red Neuronal Densa,0.02144180188189968,0.7365,0.726133406162262
Red Neuronal Densa,0.02148996073201452,0.7367518518518519,0.7254929542541504
Red Neuronal Densa,0.021564051270652737,0.7370629629629629,0.7249337434768677
Red Neuronal Densa,0.021608505593835668,0.7375851851851852,0.7242202162742615
Red Neuronal Densa,0.021656664443950507,0.7378185185185185,0.7236528396606445
Red Neuronal Densa,0.021727050455656812,0.7381111111111112,0.7229233384132385
Red Neuronal Densa,0.021786322886567386,0.7382444444444445,0.7224152088165283
Red Neuronal Densa,0.021849299844409868,0.7384518518518518,0.7218054533004761
Red Neuronal Densa,0.02194932207157146,0.738562962962963,0.7213926911354065
Red Neuronal Densa,0.022012299029413943,0.7386444444444444,0.7210997343063354
Red Neuronal Densa,0.022097503148847893,0.7388444444444444,0.7206782102584839
Red Neuronal Densa,0.022160480106690375,0.7389555555555556,0.7203928828239441
Red Neuronal Densa,0.02222716159146477,0.7391,0.7201412320137024
Red Neuronal Densa,0.022297547603171076,0.7392740740740741,0.7197339534759521
Red Neuronal Densa,0.02237163814180929,0.7394814814814815,0.7193577289581299
Red Neuronal Densa,0.022442024153515597,0.7397333333333334,0.7187879681587219
Red Neuronal Densa,0.022493887530562348,0.7401592592592593,0.7184154391288757
Red Neuronal Densa,0.022564273542268653,0.7404074074074074,0.7180600166320801
Red Neuronal Densa,0.022623545973179227,0.7407185185185186,0.7175735831260681
Red Neuronal Densa,0.022675409350225977,0.7409555555555556,0.7171000838279724
Red Neuronal Densa,0.022723568200340816,0.7411962962962962,0.716612696647644
Red Neuronal Densa,0.022797658738979033,0.7413925925925926,0.7161123752593994
Red Neuronal Densa,0.022864340223753426,0.7416185185185186,0.7156670093536377
Red Neuronal Densa,0.022908794546936357,0.7418592592592592,0.715194582939148
Red Neuronal Densa,0.02297177150477884,0.742125925925926,0.7146992683410645
Red Neuronal Densa,0.023038452989553235,0.7422592592592593,0.7144748568534851
Red Neuronal Densa,0.023097725420463806,0.7424518518518518,0.7141811847686768
Red Neuronal Densa,0.023223679336148773,0.742574074074074,0.7139928340911865
Red Neuronal Densa,0.023316292509446543,0.7427407407407407,0.7138225436210632
Red Neuronal Densa,0.023420019263540044,0.7428333333333333,0.713715136051178
Red Neuronal Densa,0.0234718826405868,0.7430148148148148,0.7130416631698608
Red Neuronal Densa,0.02353115507149737,0.7432555555555556,0.7120791673660278
Red Neuronal Densa,0.02358672297547603,0.743537037037037,0.71095871925354
Red Neuronal Densa,0.02363858635252278,0.7439666666666667,0.7094562649726868
Red Neuronal Densa,0.023686745202637624,0.7442407407407408,0.7084996700286865
Red Neuronal Densa,0.023746017633548194,0.7445148148148149,0.7076256275177002
Red Neuronal Densa,0.023801585537526856,0.7448111111111111,0.7064918279647827
Red Neuronal Densa,0.023846039860709788,0.7450444444444444,0.7057741284370422
Red Neuronal Densa,0.02390160776468845,0.7451777777777778,0.705233097076416
Red Neuronal Densa,0.0239534711417352,0.7454333333333333,0.704488217830658
Red Neuronal Densa,0.02400162999185004,0.7457074074074074,0.7035647630691528
Red Neuronal Densa,0.024068311476624436,0.7459925925925925,0.7027645707130432
Red Neuronal Densa,0.0241238793806031,0.7463037037037037,0.7019684314727783
Red Neuronal Densa,0.02418685633844558,0.7465666666666667,0.7011793255805969
Red Neuronal Densa,0.024242424242424242,0.7468370370370371,0.7003435492515564
Red Neuronal Densa,0.02431651478106246,0.7469888888888889,0.6999443173408508
Red Neuronal Densa,0.02437949173890494,0.7472444444444445,0.6992979049682617
Red Neuronal Densa,0.024438764169815514,0.747537037037037,0.6985083818435669
Red Neuronal Densa,0.02450915018152182,0.7477851851851852,0.697917640209198
Red Neuronal Densa,0.02456101355856857,0.7481666666666666,0.697227954864502
Red Neuronal Densa,0.024609172408683412,0.7485518518518518,0.69622802734375
Red Neuronal Densa,0.02468326294732163,0.7488703703703704,0.6955453753471375
Red Neuronal Densa,0.024753648959027933,0.7492481481481481,0.694275975227356
Red Neuronal Densa,0.024816625916870415,0.7494814814814815,0.6936672925949097
Red Neuronal Densa,0.024864784766985257,0.7498037037037037,0.6929059028625488
Red Neuronal Densa,0.02492035267096392,0.7500185185185185,0.6923024654388428
Red Neuronal Densa,0.024957397940283024,0.750325925925926,0.6916753053665161
Red Neuronal Densa,0.024990738682670224,0.7507370370370371,0.6908876895904541
Red Neuronal Densa,0.025038897532785064,0.7510888888888889,0.6901484727859497
Red Neuronal Densa,0.025090760909831814,0.7513703703703704,0.6894076466560364
Red Neuronal Densa,0.025135215233014745,0.7516851851851852,0.6886336803436279
Red Neuronal Densa,0.025190783136993408,0.7519444444444444,0.6879209280014038
Red Neuronal Densa,0.025246351040972066,0.7521888888888889,0.6872173547744751
Red Neuronal Densa,0.025327850633474105,0.7524740740740741,0.686440110206604
Red Neuronal Densa,0.02538712306438468,0.7529,0.6852076053619385
Red Neuronal Densa,0.025420463806771876,0.7531851851851852,0.6846867799758911
Red Neuronal Densa,0.025457509076090984,0.7535666666666667,0.6841033697128296
Red Neuronal Densa,0.025509372453137735,0.7542222222222222,0.6830444931983948
Red Neuronal Densa,0.02554271319552493,0.7545037037037037,0.6825993061065674
Red Neuronal Densa,0.025572349410980216,0.7551333333333333,0.6816908121109009
Red Neuronal Densa,0.025605690153367416,0.7555148148148149,0.680842936038971
Red Neuronal Densa,0.025653849003482256,0.7557925925925926,0.6800183057785034
Red Neuronal Densa,0.025716825961324737,0.7561666666666667,0.6792082786560059
Red Neuronal Densa,0.025757575757575757,0.7565,0.6784844994544983
Red Neuronal Densa,0.025809439134622508,0.756737037037037,0.6777421236038208
Red Neuronal Densa,0.025861302511669258,0.7571592592592593,0.6767499446868896
Red Neuronal Densa,0.025913165888716012,0.7574296296296297,0.675974428653717
Red Neuronal Densa,0.02596132473883085,0.7577111111111111,0.6753833889961243
Red Neuronal Densa,0.02599837000814996,0.7580666666666667,0.6745398640632629
Red Neuronal Densa,0.026031710750537156,0.7584666666666666,0.6738041043281555
Red Neuronal Densa,0.026076165073720087,0.7587481481481482,0.6732146143913269
Red Neuronal Densa,0.02613914203156257,0.7589370370370371,0.6727850437164307
Red Neuronal Densa,0.0261835963547455,0.7592740740740741,0.6720553040504456
Red Neuronal Densa,0.026213232570200785,0.7596814814814815,0.6711001396179199
Red Neuronal Densa,0.026457731347706896,0.7599888888888889,0.670429527759552
Red Neuronal Densa,0.026498481143957916,0.760237037037037,0.6696195006370544
Red Neuronal Densa,0.026554049047936578,0.760562962962963,0.6686888337135315
Red Neuronal Densa,0.026602207898051417,0.7606888888888889,0.6681613326072693
Red Neuronal Densa,0.02666148032896199,0.7609,0.6675183773040771
Red Neuronal Densa,0.026720752759872565,0.7610925925925925,0.6670550107955933
Red Neuronal Densa,0.026765207083055492,0.7614074074074074,0.6661521196365356
Red Neuronal Densa,0.026809661406238423,0.7616444444444445,0.6655628681182861
Red Neuronal Densa,0.026857820256353263,0.7618222222222222,0.6650275588035583
Red Neuronal Densa,0.026909683633400013,0.7621555555555556,0.6643704175949097
Red Neuronal Densa,0.02694672890271912,0.7625148148148149,0.6635185480117798
Red Neuronal Densa,0.027020819441357338,0.7627333333333334,0.6629791855812073
Red Neuronal Densa,0.027057864710676446,0.7631296296296296,0.6621479988098145
Red Neuronal Densa,0.02710602356079129,0.7634925925925926,0.6613040566444397
Red Neuronal Densa,0.027146773357042304,0.7639407407407407,0.6603303551673889
Red Neuronal Densa,0.027202341261020967,0.7641444444444444,0.6596274971961975
Red Neuronal Densa,0.027254204638067717,0.7643037037037037,0.6591758131980896
Red Neuronal Densa,0.02730236348818256,0.7645444444444445,0.6585715413093567
Red Neuronal Densa,0.027346817811365488,0.7647,0.6580598950386047
Red Neuronal Densa,0.02740609024227606,0.764962962962963,0.6569347381591797
Red Neuronal Densa,0.027457953619322812,0.7652407407407408,0.6559840440750122
Red Neuronal Densa,0.027517226050233386,0.765425925925926,0.6551774144172668
Red Neuronal Densa,0.027580203008075867,0.7655407407407407,0.6546615362167358
Red Neuronal Densa,0.027650589019782172,0.7657814814814815,0.6537260413169861
Red Neuronal Densa,0.02771727050455657,0.7660037037037037,0.6530362367630005
Red Neuronal Densa,0.02776913388160332,0.7662925925925926,0.652341902256012
Red Neuronal Densa,0.027813588204786247,0.7665666666666666,0.6515581011772156
Red Neuronal Densa,0.027880269689560644,0.7668,0.6509609222412109
Red Neuronal Densa,0.027917314958879752,0.7670222222222223,0.6504018306732178
Red Neuronal Densa,0.027976587389790322,0.7671555555555556,0.6499119997024536
Red Neuronal Densa,0.028028450766837076,0.7674037037037037,0.6492913961410522
Red Neuronal Densa,0.028091427724679558,0.7675777777777778,0.6488343477249146
Red Neuronal Densa,0.02814329110172631,0.7678444444444444,0.6480396389961243
Red Neuronal Densa,0.02818774542490924,0.7680333333333333,0.6475878357887268
Red Neuronal Densa,0.02823960880195599,0.768237037037037,0.6469663381576538
Red Neuronal Densa,0.028284063125138918,0.7684777777777778,0.6464520692825317
Red Neuronal Densa,0.028347040082981403,0.7687851851851852,0.645728349685669
Red Neuronal Densa,0.028406312513891977,0.7690259259259259,0.6450531482696533
Red Neuronal Densa,0.02846928947173446,0.7692111111111111,0.6445187330245972
Red Neuronal Densa,0.028528561902645033,0.7694925925925926,0.6436349153518677
Red Neuronal Densa,0.028580425279691783,0.7697888888888889,0.6428467035293579
Red Neuronal Densa,0.028635993183670445,0.7700296296296296,0.6422924399375916
Red Neuronal Densa,0.02869526561458102,0.7701703703703704,0.6419386863708496
Red Neuronal Densa,0.0287582425724235,0.7703740740740741,0.6414637565612793
Red Neuronal Densa,0.028817515003334074,0.7705111111111111,0.6410837173461914
Red Neuronal Densa,0.028861969326517002,0.7706333333333333,0.6406658291816711
Red Neuronal Densa,0.028917537230495664,0.7708555555555555,0.6400810480117798
Red Neuronal Densa,0.029002741349929615,0.7710222222222223,0.6395019888877869
Red Neuronal Densa,0.029054604726976366,0.7713111111111111,0.6389251947402954
Red Neuronal Densa,0.02911387715788694,0.7715703703703704,0.6385482549667358
Red Neuronal Densa,0.029191672223457064,0.7717074074074074,0.6382287740707397
Red Neuronal Densa,0.029247240127435726,0.7719555555555555,0.6378864049911499
Red Neuronal Densa,0.02931762613914203,0.7722037037037037,0.63751620054245
Red Neuronal Densa,0.029384307623916427,0.772425925925926,0.6371510028839111
Red Neuronal Densa,0.02945098910869082,0.7727074074074074,0.6365789771080017
Red Neuronal Densa,0.029506557012669483,0.7728703703703703,0.6361759305000305
Red Neuronal Densa,0.029562124916648145,0.7730925925925926,0.6356364488601685
Red Neuronal Densa,0.029621397347558715,0.7732629629629629,0.6351965069770813
Red Neuronal Densa,0.029676965251537377,0.7733888888888889,0.6349028944969177
Red Neuronal Densa,0.029765873897903236,0.7735185185185185,0.6345417499542236
Red Neuronal Densa,0.02982885085574572,0.7736851851851851,0.6341952681541443
Red Neuronal Densa,0.02987700970586056,0.773862962962963,0.6338362693786621
Red Neuronal Densa,0.02996962287915833,0.7739666666666667,0.6335742473602295
Red Neuronal Densa,0.03004741794472846,0.7741296296296296,0.6333028078079224
Red Neuronal Densa,0.030121508483366675,0.7742777777777777,0.6330540776252747
Red Neuronal Densa,0.030177076387345337,0.7744333333333333,0.6328278183937073
Red Neuronal Densa,0.030236348818255907,0.7746407407407407,0.6325405836105347
Red Neuronal Densa,0.030317848410757946,0.7748333333333334,0.6321007013320923
Red Neuronal Densa,0.03038452989553234,0.7750851851851852,0.6316429972648621
Red Neuronal Densa,0.03043639327257909,0.7752444444444444,0.6312890648841858
Red Neuronal Densa,0.03052900644587686,0.7753925925925926,0.6308794021606445
Red Neuronal Densa,0.030603096984515077,0.7756518518518518,0.6303860545158386
Red Neuronal Densa,0.03066977846928947,0.775837037037037,0.6300036907196045
Red Neuronal Densa,0.030732755427131955,0.7760518518518519,0.6296055912971497
Red Neuronal Densa,0.03079573238497444,0.7761518518518519,0.6294156312942505
Red Neuronal Densa,0.0308513002889531,0.7763074074074074,0.6291844844818115
Red Neuronal Densa,0.030958731569978512,0.7764148148148148,0.6289568543434143
Red Neuronal Densa,0.03103652663554864,0.7765703703703704,0.6287122368812561
Red Neuronal Densa,0.031110617174186856,0.7766962962962963,0.6284819841384888
Red Neuronal Densa,0.031192116766688895,0.7768814814814815,0.6281641125679016
Red Neuronal Densa,0.031247684670667557,0.7770370370370371,0.6277980208396912
Red Neuronal Densa,0.031325479736237685,0.7771518518518519,0.6276180744171143
Red Neuronal Densa,0.03145143365192265,0.7772222222222223,0.6273854374885559
Red Neuronal Densa,0.031525524190560865,0.7773481481481481,0.6270655393600464
Red Neuronal Densa,0.03162184189079054,0.7774333333333333,0.626823902130127
Red Neuronal Densa,0.03168852337556494,0.777562962962963,0.6263996958732605
Red Neuronal Densa,0.03178113654886271,0.7777,0.6260762214660645
Red Neuronal Densa,0.03185893161443284,0.7778481481481482,0.6256957054138184
Red Neuronal Densa,0.03192931762613914,0.7780555555555555,0.6252111196517944
Red Neuronal Densa,0.03202193079943691,0.7782074074074075,0.6248126029968262
Red Neuronal Densa,0.03210713491887086,0.7784185185185185,0.6241877675056458
Red Neuronal Densa,0.03219604356523672,0.7785222222222222,0.6238513588905334
Red Neuronal Densa,0.032259020523079204,0.7786925925925926,0.6232990026473999
Red Neuronal Densa,0.03231088390012595,0.7789111111111111,0.6225523352622986
Red Neuronal Densa,0.032366451804104614,0.7790296296296296,0.6220502257347107
Red Neuronal Densa,0.03248129213899385,0.7797148148148149,0.621586263179779
Red Neuronal Densa,0.032536860042972515,0.779937037037037,0.621164083480835
Red Neuronal Densa,0.032585018893087354,0.7801333333333333,0.620711088180542
Red Neuronal Densa,0.032644291323997925,0.7803407407407408,0.6205156445503235
Red Neuronal Densa,0.03270726828184041,0.7805592592592593,0.620195746421814
Red Neuronal Densa,0.032748018078091426,0.7809259259259259,0.6198122501373291
Red Neuronal Densa,0.032781358820478626,0.7812,0.619718611240387
Red Neuronal Densa,0.03280358598207009,0.781425925925926,0.6196964383125305
Red Neuronal Densa,0.03281469956286582,0.7818222222222222,0.6196601986885071
Red Neuronal Densa,0.03282210861672964,0.7820851851851852,0.6196423768997192
Red Neuronal Densa,0.032829517670593465,0.7823666666666667,0.6196256279945374
Red Neuronal Densa,0.032829517670593465,0.7826407407407407,0.6196120977401733
Red Neuronal Densa,0.03283692672445729,0.782962962962963,0.6195923089981079
Red Neuronal Densa,0.03284433577832111,0.7832703703703704,0.6195696592330933
Red Neuronal Densa,0.03284804030525302,0.7835814814814814,0.6195523738861084
Red Neuronal Densa,0.03285915388604875,0.7838925925925926,0.61953204870224
Red Neuronal Densa,0.032877676520708304,0.7842407407407408,0.6195063591003418
Red Neuronal Densa,0.032888790101504035,0.7844666666666666,0.6194894909858704
Red Neuronal Densa,0.032925835370823144,0.7847925925925926,0.6194667816162109
Red Neuronal Densa,0.032955471586278436,0.7850592592592592,0.6194427013397217
Red Neuronal Densa,0.032981403274801806,0.7852629629629629,0.6194270849227905
Red Neuronal Densa,0.03300733496332518,0.7855666666666666,0.6193927526473999
Red Neuronal Densa,0.03304067570571238,0.7858296296296297,0.6193650960922241
Red Neuronal Densa,0.033074016448099576,0.7861444444444444,0.6193245053291321
Red Neuronal Densa,0.033107357190486776,0.7864814814814814,0.6192534565925598
Red Neuronal Densa,0.03315181151366971,0.7866962962962963,0.6191793084144592
Red Neuronal Densa,0.03320737941764837,0.7869222222222222,0.6190487146377563
Red Neuronal Densa,0.03327035637549085,0.7870888888888888,0.6189759969711304
Red Neuronal Densa,0.033329628806401425,0.7872592592592592,0.6188601851463318
Red Neuronal Densa,0.03339631029117582,0.7874666666666666,0.6187124252319336
Red Neuronal Densa,0.03345187819515448,0.7876962962962963,0.618291974067688
Red Neuronal Densa,0.033514855152996965,0.7878814814814815,0.6177042126655579
Red Neuronal Densa,0.03355560494924798,0.7882370370370371,0.616810142993927
Red Neuronal Densa,0.03360005927243091,0.7885333333333333,0.616257905960083
Red Neuronal Densa,0.03364821812254575,0.7887444444444445,0.6158005595207214
Red Neuronal Densa,0.03369637697266059,0.7889074074074074,0.6154798269271851
Red Neuronal Densa,0.03375194487663925,0.7891185185185186,0.6149126887321472
Red Neuronal Densa,0.033796399199822184,0.7893185185185185,0.6144436597824097
Red Neuronal Densa,0.03386308068459658,0.789537037037037,0.613896369934082
Red Neuronal Densa,0.03392235311550715,0.7897925925925926,0.6133913993835449
Red Neuronal Densa,0.033959398384826256,0.7900111111111111,0.6130990982055664
Red Neuronal Densa,0.034007557234941095,0.7903,0.6127163171768188
Red Neuronal Densa,0.03405942061198785,0.7905296296296296,0.6125391125679016
Red Neuronal Densa,0.0340779432466474,0.7908037037037037,0.6124893426895142
Red Neuronal Densa,0.03411869304289842,0.7910851851851852,0.6123694777488708
Red Neuronal Densa,0.03416314736608135,0.7913222222222223,0.612212061882019
Red Neuronal Densa,0.034226124323923836,0.7917333333333333,0.6119286417961121
Red Neuronal Densa,0.034285396754834406,0.791937037037037,0.6116536259651184
Red Neuronal Densa,0.03434837371267689,0.7921518518518519,0.6113443970680237
Red Neuronal Densa,0.034400237089723645,0.792525925925926,0.6109534502029419
Red Neuronal Densa,0.034463214047566124,0.7927185185185185,0.6106492280960083
Red Neuronal Densa,0.03450396384381715,0.7929592592592593,0.6104121804237366
Red Neuronal Densa,0.034552122693931986,0.7932777777777777,0.6099810600280762
Red Neuronal Densa,0.03460398607097873,0.7935740740740741,0.6096600294113159
Red Neuronal Densa,0.034644735867229756,0.7938185185185185,0.6093573570251465
Red Neuronal Densa,0.034692894717344595,0.7940333333333334,0.6090810894966125
Red Neuronal Densa,0.034741053567459435,0.7943185185185185,0.6087822914123535
Red Neuronal Densa,0.034789212417574274,0.7946555555555556,0.6084975004196167
Red Neuronal Densa,0.03483737126768911,0.7950925925925926,0.6082316040992737
Red Neuronal Densa,0.03538564125361191,0.7969111111111111,0.6079767346382141
Red Neuronal Densa,0.0354486182114544,0.7970888888888888,0.6074930429458618
Red Neuronal Densa,0.035496777061569236,0.7972296296296296,0.6072148084640503
Red Neuronal Densa,0.0355523449655479,0.7974555555555556,0.6066226363182068
Red Neuronal Densa,0.035611617396458475,0.7977037037037037,0.6058211922645569
Red Neuronal Densa,0.035674594354300954,0.7979259259259259,0.605070173740387
Red Neuronal Densa,0.03572645773134771,0.7980962962962963,0.6044156551361084
Red Neuronal Densa,0.03578573016225828,0.7982962962962963,0.6038877367973328
Red Neuronal Densa,0.03586352522782841,0.7984851851851852,0.6031172275543213
Red Neuronal Densa,0.03591168407794325,0.7986592592592593,0.6023828983306885
Red Neuronal Densa,0.035974661035785734,0.7989111111111111,0.6016194820404053
Red Neuronal Densa,0.03605245610135586,0.799074074074074,0.6009708642959595
Red Neuronal Densa,0.03611913758613025,0.7992407407407407,0.6002948880195618
Red Neuronal Densa,0.0362043417055642,0.7993555555555556,0.5997269749641418
Red Neuronal Densa,0.03627102319033859,0.7995037037037037,0.5992456078529358
Red Neuronal Densa,0.036337704675112985,0.7996481481481481,0.5987264513969421
Red Neuronal Densa,0.03639327257909165,0.7998703703703703,0.598013699054718
Red Neuronal Densa,0.03645624953693413,0.8000333333333334,0.5974395871162415
Red Neuronal Densa,0.036508112913980886,0.8002851851851852,0.5967403650283813
Red Neuronal Densa,0.03657479439875528,0.8004296296296296,0.5962671637535095
Red Neuronal Densa,0.03662665777580203,0.8006185185185185,0.5957236886024475
Red Neuronal Densa,0.03671186189523598,0.8008037037037037,0.5949966907501221
Red Neuronal Densa,0.03676742979921464,0.8010111111111111,0.5943463444709778
Red Neuronal Densa,0.036837815810920944,0.8012370370370371,0.5935515761375427
Red Neuronal Densa,0.03689708824183152,0.8014333333333333,0.5930410623550415
Red Neuronal Densa,0.03697117878046973,0.8016,0.5925330519676208
Red Neuronal Densa,0.037071201007631324,0.8017148148148148,0.5921542644500732
Red Neuronal Densa,0.04250574201674446,0.8092777777777778,0.5911043882369995
Red Neuronal Densa,0.042553900866859305,0.8094111111111111,0.5904293060302734
Red Neuronal Densa,0.042613173297769875,0.8096185185185185,0.589280366897583
Red Neuronal Densa,0.04266503667481662,0.8097592592592593,0.5884727835655212
Red Neuronal Densa,0.042720604578795285,0.810037037037037,0.5873931646347046
Red Neuronal Densa,0.04276876342891013,0.8101666666666667,0.5866841673851013
Red Neuronal Densa,0.042835444913684524,0.8104333333333333,0.5855477452278137
Red Neuronal Densa,0.042928058086982294,0.8106148148148148,0.5845140218734741
Red Neuronal Densa,0.04300214862562051,0.8108037037037037,0.583502471446991
Red Neuronal Densa,0.043068830110394904,0.8110111111111111,0.5826712250709534
Red Neuronal Densa,0.0431355115951693,0.8112148148148148,0.5815709233283997
Red Neuronal Densa,0.04319848855301178,0.8113703703703704,0.5806560516357422
Red Neuronal Densa,0.0432392383492628,0.8116333333333333,0.5795696973800659
Red Neuronal Densa,0.043313328887901015,0.8117555555555556,0.5790005922317505
Red Neuronal Densa,0.04338371489960732,0.8118703703703704,0.5782721042633057
Red Neuronal Densa,0.043454100911313624,0.8119666666666666,0.5778789520263672
Red Neuronal Densa,0.04356523671927095,0.8121074074074074,0.5773195028305054
Red Neuronal Densa,0.043639327257909165,0.812262962962963,0.5768218636512756
Red Neuronal Densa,0.043720826850411204,0.8124296296296296,0.5763956904411316
Red Neuronal Densa,0.04378380380825369,0.812637037037037,0.5759652256965637
Red Neuronal Densa,0.043861598873823814,0.8127703703703704,0.5756552815437317
Red Neuronal Densa,0.04393568941246203,0.8128703703703704,0.5754154324531555
Red Neuronal Densa,0.044009779951100246,0.8130592592592593,0.5749197602272034
Red Neuronal Densa,0.044091279543602285,0.8131962962962963,0.5745330452919006
Red Neuronal Densa,0.04417648366303623,0.8133666666666667,0.5741872191429138
Red Neuronal Densa,0.04426539230940209,0.8134666666666667,0.57388836145401
Red Neuronal Densa,0.04434318737497222,0.8136333333333333,0.5735927820205688
Red Neuronal Densa,0.044417277913610435,0.8137777777777778,0.5732553601264954
Red Neuronal Densa,0.04447284581758909,0.8138851851851852,0.5730435252189636
Red Neuronal Densa,0.04454693635622731,0.8140444444444445,0.5727765560150146
Red Neuronal Densa,0.04460250426020597,0.8142703703703704,0.5725205540657043
Red Neuronal Densa,0.0446802993257761,0.8144629629629629,0.572243869304657
Red Neuronal Densa,0.04472475364895903,0.8147555555555556,0.5719059109687805
Red Neuronal Densa,0.0447840260798696,0.8149814814814815,0.5715941786766052
Red Neuronal Densa,0.04484700303771209,0.8151037037037037,0.5713340640068054
Red Neuronal Densa,0.04490257094169075,0.8152962962962963,0.5708432197570801
Red Neuronal Densa,0.044991479588056604,0.8154777777777777,0.5704140663146973
Red Neuronal Densa,0.045095206342150106,0.8156111111111111,0.5700308680534363
Red Neuronal Densa,0.045221160257835076,0.8157148148148148,0.5697378516197205
Red Neuronal Densa,0.04528784174260947,0.8158407407407408,0.5694990158081055
Red Neuronal Densa,0.04534711417352004,0.8160333333333334,0.5691806674003601
Red Neuronal Densa,0.04551011335852412,0.8162777777777778,0.5688167214393616
Red Neuronal Densa,0.0455730903163666,0.8164222222222223,0.5686428546905518
Red Neuronal Densa,0.045639771801140996,0.8165259259259259,0.5683671832084656
Red Neuronal Densa,0.04569904423205157,0.8167444444444445,0.5678139925003052
Red Neuronal Densa,0.04576202118989405,0.8169296296296297,0.5673254728317261
Red Neuronal Densa,0.045828702674668445,0.8170777777777778,0.5669376254081726
Red Neuronal Densa,0.04589167963251093,0.8172259259259259,0.5664764046669006
Red Neuronal Densa,0.045965770171149146,0.8174111111111111,0.5659940242767334
Red Neuronal Densa,0.04606579239831073,0.8175222222222223,0.5655216574668884
Red Neuronal Densa,0.04611765577535749,0.8177333333333333,0.5653008222579956
Red Neuronal Densa,0.04617322367933615,0.8178333333333333,0.5651673674583435
Red Neuronal Densa,0.046258427798770096,0.8179481481481482,0.5648319721221924
Red Neuronal Densa,0.046343631918204044,0.8181074074074074,0.5644176602363586
Red Neuronal Densa,0.04640660887604653,0.8182851851851852,0.563888669013977
Red Neuronal Densa,0.046469585833889014,0.8184185185185185,0.5634755492210388
Red Neuronal Densa,0.04655478995332296,0.8185629629629629,0.5630955696105957
Red Neuronal Densa,0.046621471438097355,0.8187666666666666,0.5625348687171936
Red Neuronal Densa,0.046680743869007925,0.8189592592592593,0.5619919896125793
Red Neuronal Densa,0.04673631177298659,0.8190740740740741,0.5616793632507324
Red Neuronal Densa,0.04679928873082907,0.8192185185185186,0.561310350894928
Red Neuronal Densa,0.046865970215603465,0.8194,0.5609017014503479
Red Neuronal Densa,0.04694006075424168,0.8195481481481481,0.5604621767997742
Red Neuronal Densa,0.0470141512928799,0.8196851851851852,0.5601301193237305
Red Neuronal Densa,0.04707712825072238,0.8198555555555556,0.5597413778305054
Red Neuronal Densa,0.04712528710083722,0.8199851851851852,0.5594162344932556
Red Neuronal Densa,0.047191968585611616,0.8201185185185185,0.5590560436248779
Red Neuronal Densa,0.0472549455434541,0.820237037037037,0.5587615370750427
Red Neuronal Densa,0.04734385418981996,0.8203518518518519,0.558424711227417
Red Neuronal Densa,0.047410535674594356,0.8205518518518519,0.5579992532730103
Red Neuronal Densa,0.047473512632436835,0.8207518518518518,0.557583749294281
Red Neuronal Densa,0.047517966955619766,0.820937037037037,0.5573578476905823
Red Neuronal Densa,0.04757353485959843,0.8211037037037037,0.5570264458656311
Red Neuronal Densa,0.04762910276357709,0.8212333333333334,0.5567707419395447
Red Neuronal Densa,0.047703193302215306,0.8214074074074074,0.5565558671951294
Red Neuronal Densa,0.047843965325627916,0.8216111111111111,0.5562159419059753
Red Neuronal Densa,0.04791805586426613,0.8218,0.5559185743331909
Red Neuronal Densa,0.047969919241312886,0.8219703703703704,0.5556049346923828
Red Neuronal Densa,0.04802548714529155,0.8221481481481482,0.5553700923919678
Red Neuronal Densa,0.04811810031858932,0.8222962962962963,0.5551044344902039
Red Neuronal Densa,0.0481810772764318,0.8224259259259259,0.5547789931297302
Red Neuronal Densa,0.04824405423427428,0.8226074074074075,0.5545046925544739
Red Neuronal Densa,0.0483181447729125,0.8227481481481481,0.5542593598365784
Red Neuronal Densa,0.04839964436541454,0.8229111111111111,0.5538846254348755
Red Neuronal Densa,0.04844780321552938,0.8230888888888889,0.5535868406295776
Red Neuronal Densa,0.04851448470030377,0.8232666666666667,0.5533298850059509
Red Neuronal Densa,0.04855523449655479,0.8234888888888889,0.5529723167419434
Red Neuronal Densa,0.04861821145439727,0.8236703703703704,0.5526849627494812
Red Neuronal Densa,0.048684892939171664,0.8238444444444445,0.5523993968963623
Red Neuronal Densa,0.04874786989701415,0.8239740740740741,0.5521940588951111
Red Neuronal Densa,0.04881455138178854,0.8241481481481482,0.551938533782959
Red Neuronal Densa,0.048892346447358674,0.8243259259259259,0.55165696144104
Red Neuronal Densa,0.04896643698599689,0.8245,0.5514305830001831
Red Neuronal Densa,0.049010891309179815,0.8247777777777778,0.551103949546814
Red Neuronal Densa,0.04911091353634141,0.8249703703703704,0.5508236289024353
Red Neuronal Densa,0.049196117655775355,0.8252555555555555,0.5503713488578796
Red Neuronal Densa,0.04925539008668593,0.8254148148148148,0.5501518249511719
Red Neuronal Densa,0.0493146625175965,0.8256851851851852,0.5498408675193787
Red Neuronal Densa,0.049359116840779434,0.8259518518518518,0.5495749115943909
Red Neuronal Densa,0.049403571163962365,0.8261481481481482,0.5492954254150391
Red Neuronal Densa,0.04945913906794103,0.8263814814814815,0.5490029454231262
Red Neuronal Densa,0.0495184114988516,0.8266444444444444,0.548526406288147
Red Neuronal Densa,0.04958138845669408,0.8268074074074074,0.5481957793235779
Red Neuronal Densa,0.04965918352226421,0.8269851851851852,0.5477530360221863
Red Neuronal Densa,0.04971845595317478,0.8271962962962963,0.5474005341529846
Red Neuronal Densa,0.049777728384085354,0.827362962962963,0.5470864772796631
Red Neuronal Densa,0.049940727569089426,0.8275444444444444,0.5467508435249329
Red Neuronal Densa,0.05000740905386382,0.8277333333333333,0.5463208556175232
Red Neuronal Densa,0.05005927243091057,0.8279148148148148,0.5459625720977783
Red Neuronal Densa,0.05012965844261688,0.8280481481481482,0.5456224679946899
Red Neuronal Densa,0.050207453508187005,0.8281703703703703,0.5453172922134399
Red Neuronal Densa,0.05025931688523375,0.8283814814814815,0.5448924899101257
Red Neuronal Densa,0.05034452100466771,0.828474074074074,0.5446364283561707
Red Neuronal Densa,0.05042231607023783,0.8286592592592592,0.5442923307418823
Red Neuronal Densa,0.05047047492035267,0.8288148148148148,0.54403156042099
Red Neuronal Densa,0.05055567903978662,0.828937037037037,0.5437259078025818
Red Neuronal Densa,0.050614951470697195,0.829062962962963,0.5434706211090088
Red Neuronal Densa,0.05068904200933541,0.829237037037037,0.5431535243988037
Red Neuronal Densa,0.05080017781729273,0.829462962962963,0.5427878499031067
Red Neuronal Densa,0.050859450248203306,0.8296111111111111,0.5425836443901062
Red Neuronal Densa,0.0509261317329777,0.8297925925925926,0.542273223400116
Red Neuronal Densa,0.05098540416388827,0.8300148148148148,0.5418878197669983
Red Neuronal Densa,0.05106690375639031,0.830137037037037,0.5416686534881592
Red Neuronal Densa,0.05111506260650515,0.8303407407407407,0.5413448214530945
Red Neuronal Densa,0.05115581240275617,0.8305555555555556,0.5410481691360474
Red Neuronal Densa,0.05121508483366674,0.8306777777777777,0.5408778190612793
Red Neuronal Densa,0.05130028895310069,0.8308592592592593,0.5406373739242554
Red Neuronal Densa,0.05136697043787508,0.8310074074074074,0.5403979420661926
Red Neuronal Densa,0.051418833814921835,0.8311888888888889,0.5401368141174316
Red Neuronal Densa,0.0514744017189005,0.8313777777777778,0.5398621559143066
Red Neuronal Densa,0.05153737867674298,0.8316,0.5395739674568176
Red Neuronal Densa,0.051592946580721645,0.8317037037037037,0.5394237041473389
Red Neuronal Densa,0.05164480995776839,0.8318777777777778,0.5391790866851807
Red Neuronal Densa,0.051696673334815146,0.832025925925926,0.5389886498451233
Red Neuronal Densa,0.051759650292657625,0.8322555555555555,0.5387187004089355
Red Neuronal Densa,0.05181521819663629,0.8324370370370371,0.5385218858718872
Red Neuronal Densa,0.05185596799288731,0.8326259259259259,0.5383230447769165
Red Neuronal Densa,0.05191524042379788,0.8327444444444444,0.5381465554237366
Red Neuronal Densa,0.051993035489368004,0.8328740740740741,0.5379385948181152
Red Neuronal Densa,0.05204119433948285,0.8330037037037037,0.5378298163414001
Red Neuronal Densa,0.05210046677039342,0.8331851851851851,0.5375805497169495
Red Neuronal Densa,0.05215973920130399,0.8333592592592592,0.5373440980911255
Red Neuronal Densa,0.05224864784766985,0.8335185185185185,0.5371200442314148
Red Neuronal Densa,0.05229680669778469,0.8336703703703704,0.536903977394104
Red Neuronal Densa,0.052363488182559086,0.8338037037037037,0.5367480516433716
Red Neuronal Densa,0.0524375787211973,0.8339148148148148,0.5365652441978455
Red Neuronal Densa,0.05250796473290361,0.8340592592592593,0.5363936424255371
Red Neuronal Densa,0.052585759798473734,0.8342,0.5361871123313904
Red Neuronal Densa,0.052641327702452397,0.8343037037037037,0.5360252261161804
Red Neuronal Densa,0.05268578202563533,0.8345296296296296,0.5357537865638733
Red Neuronal Densa,0.052759872564273544,0.8347074074074075,0.5355572700500488
Red Neuronal Densa,0.052815440468252206,0.8349185185185185,0.5353395938873291
Red Neuronal Densa,0.052874712899162776,0.8352407407407407,0.5351249575614929
Red Neuronal Densa,0.052956212491664816,0.8354333333333334,0.5349026918411255
Red Neuronal Densa,0.05302289397643921,0.8356111111111111,0.534713089466095
Red Neuronal Densa,0.05309327998814552,0.8357185185185185,0.5345786809921265
Red Neuronal Densa,0.05315255241905609,0.8358814814814814,0.5344218611717224
Red Neuronal Densa,0.053204415796102834,0.8360888888888889,0.5342077612876892
Red Neuronal Densa,0.053297028969400605,0.8362148148148149,0.5340505838394165
Red Neuronal Densa,0.05336000592724309,0.8363777777777778,0.5338869094848633
Red Neuronal Densa,0.0534303919389494,0.8365148148148148,0.5337698459625244
Red Neuronal Densa,0.053515596058383345,0.8366925925925925,0.5336389541625977
Red Neuronal Densa,0.05356745943543009,0.8368777777777778,0.5334523320198059
Red Neuronal Densa,0.053623027339408755,0.8369925925925926,0.5333220362663269
Red Neuronal Densa,0.0536711861895236,0.8371518518518518,0.5331528186798096
Red Neuronal Densa,0.053748981255093725,0.8372962962962963,0.5330013632774353
Red Neuronal Densa,0.05381566273986812,0.8374481481481482,0.5328644514083862
Red Neuronal Densa,0.05388604875157443,0.8376185185185185,0.5327139496803284
Red Neuronal Densa,0.05394161665555309,0.8377111111111111,0.5326283574104309
Red Neuronal Densa,0.05400088908646366,0.8378481481481481,0.53251051902771
Red Neuronal Densa,0.05409720678669334,0.8379444444444445,0.5323609113693237
Red Neuronal Densa,0.05416388827146773,0.8380333333333333,0.5322327017784119
Red Neuronal Densa,0.05423056975624213,0.838137037037037,0.5320948362350464
Red Neuronal Densa,0.05429354671408461,0.8383074074074074,0.5319387316703796
Red Neuronal Densa,0.054352819144995186,0.8384481481481482,0.5317890644073486
Red Neuronal Densa,0.05444172779136104,0.8385888888888889,0.5316168665885925
Red Neuronal Densa,0.05450100022227162,0.8387444444444444,0.5314869284629822
Red Neuronal Densa,0.05457879528784174,0.8388518518518518,0.5313763618469238
Red Neuronal Densa,0.05463806771875231,0.8389740740740741,0.5312703847885132
Red Neuronal Densa,0.05473068089205008,0.8390777777777778,0.5311486721038818
Red Neuronal Densa,0.054808475957620215,0.8391888888888889,0.5310095548629761
Red Neuronal Densa,0.054867748388530785,0.8393333333333334,0.5309249758720398
Red Neuronal Densa,0.054949247981032824,0.8394296296296296,0.5308231711387634
Red Neuronal Densa,0.055041861154330594,0.8395037037037038,0.5307372212409973
Red Neuronal Densa,0.055149292435356004,0.8396111111111111,0.530633807182312
Red Neuronal Densa,0.05526042824331333,0.8397222222222223,0.5305410027503967
Red Neuronal Densa,0.0553530414166111,0.8398,0.5304577350616455
Red Neuronal Densa,0.05544565458990887,0.8399407407407408,0.5303298830986023
Red Neuronal Densa,0.05554938134400237,0.8400444444444445,0.5302225351333618
Red Neuronal Densa,0.05561976735570868,0.8401851851851851,0.5301205515861511
Red Neuronal Densa,0.05568274431355116,0.8403407407407407,0.5299771428108215
Red Neuronal Densa,0.05575683485218937,0.8404518518518519,0.5298773646354675
Red Neuronal Densa,0.055834629917759504,0.8405370370370371,0.5298148393630981
Red Neuronal Densa,0.05591242498332963,0.8406888888888889,0.5296793580055237
Red Neuronal Densa,0.05597910646810402,0.8407777777777777,0.5295864939689636
Red Neuronal Densa,0.056030969845150776,0.8409,0.5294936299324036
Red Neuronal Densa,0.05609765132992517,0.8410185185185185,0.529386043548584
Red Neuronal Densa,0.05616803734163148,0.8411518518518518,0.5292661786079407
Red Neuronal Densa,0.05625694598799733,0.8412888888888889,0.5291237831115723
Red Neuronal Densa,0.05635326368822701,0.8414185185185186,0.5289828181266785
Red Neuronal Densa,0.05644217233459287,0.8415407407407407,0.5288742184638977
Red Neuronal Densa,0.05650144476550344,0.8416518518518519,0.5287916660308838
Red Neuronal Densa,0.05657553530414166,0.8418592592592593,0.5286742448806763
Red Neuronal Densa,0.05664221678891605,0.8419925925925926,0.5285733938217163
Red Neuronal Densa,0.056697784692894715,0.8421111111111111,0.5284969210624695
Red Neuronal Densa,0.056764466177669115,0.8422481481481482,0.5284112095832825
Red Neuronal Densa,0.05683114766244351,0.8423814814814815,0.5283266305923462
Red Neuronal Densa,0.05693487441653701,0.8425222222222222,0.5282221436500549
Red Neuronal Densa,0.057008964955175226,0.8426592592592592,0.5281323790550232
Red Neuronal Densa,0.057057123805290065,0.8428,0.5280551910400391
Red Neuronal Densa,0.05712010076313255,0.8429518518518518,0.5279456377029419
Red Neuronal Densa,0.05716825961324739,0.8431666666666666,0.5278239846229553
Red Neuronal Densa,0.05722012299029414,0.8432925925925926,0.5277512669563293
Red Neuronal Densa,0.05728680447506854,0.8434851851851852,0.5276234745979309
Red Neuronal Densa,0.05736089501370675,0.8435851851851852,0.5275482535362244
Red Neuronal Densa,0.057442394606208785,0.8437444444444444,0.5274326801300049
Red Neuronal Densa,0.05804252796917834,0.8442740740740741,0.5273764133453369
Red Neuronal Densa,0.05810920945395273,0.8444259259259259,0.5273067355155945
Red Neuronal Densa,0.05820552715418241,0.8445370370370371,0.5272353887557983
Red Neuronal Densa,0.05824257242350152,0.8447370370370371,0.5271552801132202
Red Neuronal Densa,0.058312958435207826,0.8448888888888889,0.5270602107048035
Red Neuronal Densa,0.05841298066236941,0.8450740740740741,0.5269741415977478
Red Neuronal Densa,0.05846484403941617,0.8452111111111111,0.5269054770469666
Red Neuronal Densa,0.058550048158850114,0.8453222222222222,0.5268402695655823
Red Neuronal Densa,0.058638956805215976,0.8454407407407407,0.5267407894134521
Red Neuronal Densa,0.058701933763058455,0.8455592592592592,0.5266655683517456
Red Neuronal Densa,0.058779728828628586,0.8456777777777778,0.5265926718711853
Red Neuronal Densa,0.05885011484033489,0.8457814814814815,0.526526927947998
Red Neuronal Densa,0.05890568274431355,0.8459407407407408,0.5264574289321899
Red Neuronal Densa,0.05893902348670075,0.8461,0.5264002680778503
Red Neuronal Densa,0.05900940949840705,0.8462185185185185,0.526326596736908
Red Neuronal Densa,0.05907979551011336,0.8463518518518518,0.5262578725814819
Red Neuronal Densa,0.05915018152181967,0.8465444444444444,0.5261680483818054
Red Neuronal Densa,0.05920574942579832,0.8467074074074074,0.5260815620422363
Red Neuronal Densa,0.05925390827591317,0.846837037037037,0.5260238647460938
Red Neuronal Densa,0.05933170334148329,0.8469518518518518,0.5259712934494019
Red Neuronal Densa,0.05939468029932578,0.8470925925925926,0.5259096622467041
Red Neuronal Densa,0.059446543676372525,0.8471925925925926,0.5258710384368896
Red Neuronal Densa,0.0595058161072831,0.8473740740740741,0.5257825255393982
Red Neuronal Densa,0.059583611172853226,0.8475148148148148,0.5257124304771423
Red Neuronal Densa,0.05963917907683189,0.8476555555555556,0.5256455540657043
Red Neuronal Densa,0.05969845150774246,0.8478,0.5255822539329529
Red Neuronal Densa,0.059772542046380675,0.8479148148148148,0.5255140662193298
Red Neuronal Densa,0.05982440542342743,0.8480222222222222,0.5254359245300293
Red Neuronal Densa,0.059865155219678445,0.8481777777777778,0.5253527760505676
Red Neuronal Densa,0.07503148847892124,0.8875814814814815,0.5249377489089966
Red Neuronal Densa,0.075083351855968,0.8876703703703703,0.5246623158454895
Red Neuronal Densa,0.07516114692153812,0.8878185185185186,0.5243237614631653
Red Neuronal Densa,0.07524635104097206,0.8879259259259259,0.5240147709846497
Red Neuronal Densa,0.07531673705267837,0.8881444444444444,0.523642361164093
Red Neuronal Densa,0.07537971401052086,0.8883407407407408,0.5235318541526794
Red Neuronal Densa,0.07544639549529525,0.8884296296296297,0.5234329700469971
Red Neuronal Densa,0.07550566792620582,0.8885592592592593,0.523300290107727
Red Neuronal Densa,0.07557234941098022,0.8886814814814815,0.523112416267395
Red Neuronal Densa,0.07567607616507371,0.8887592592592592,0.5230039358139038
Red Neuronal Densa,0.07578721197303104,0.8888444444444444,0.5228941440582275
Red Neuronal Densa,0.07585759798473735,0.8889592592592592,0.5227956771850586
Red Neuronal Densa,0.07718381862636141,0.8909037037037038,0.5223244428634644
Red Neuronal Densa,0.0772467955842039,0.8911296296296296,0.5216561555862427
Red Neuronal Densa,0.07730236348818256,0.8913962962962962,0.5208117961883545
Red Neuronal Densa,0.07735422686522932,0.8915518518518518,0.5204507112503052
Red Neuronal Densa,0.07743943098466326,0.8917962962962963,0.5200048089027405
Red Neuronal Densa,0.07750611246943766,0.8919592592592592,0.5196817517280579
Red Neuronal Densa,0.07758390753500778,0.8921148148148148,0.519340455532074
Red Neuronal Densa,0.07763577091205454,0.8923185185185185,0.5189123153686523
Red Neuronal Densa,0.0776950433429651,0.892462962962963,0.5187084674835205
Red Neuronal Densa,0.07775431577387568,0.8926222222222222,0.518546462059021
Red Neuronal Densa,0.07783581536637771,0.8927259259259259,0.5183600187301636
Red Neuronal Densa,0.07790990590501592,0.8928666666666667,0.5181647539138794
Red Neuronal Densa,0.07797658738979033,0.8930111111111111,0.5180008411407471
Red Neuronal Densa,0.07802845076683708,0.8931740740740741,0.5178556442260742
Red Neuronal Densa,0.07808031414388382,0.8933518518518518,0.5176723003387451
Red Neuronal Densa,0.07812847299399867,0.8936592592592593,0.5175153613090515
Red Neuronal Densa,0.07816551826331777,0.8940370370370371,0.5174307823181152
Red Neuronal Densa,0.07818404089797733,0.8945518518518518,0.5173576474189758
Red Neuronal Densa,0.07820626805956879,0.895074074074074,0.5172255635261536
Red Neuronal Densa,0.07825442690968364,0.8953111111111111,0.5163597464561462
Red Neuronal Densa,0.07906201378084018,0.8963888888888889,0.5146685242652893
Red Neuronal Densa,0.07912128621175075,0.896637037037037,0.5133650898933411
Red Neuronal Densa,0.07919537675038897,0.8969518518518519,0.5114619731903076
Red Neuronal Densa,0.07925464918129954,0.8971444444444444,0.5098042488098145
Red Neuronal Densa,0.0793102170852782,0.8973407407407408,0.5083364844322205
Red Neuronal Densa,0.07936948951618879,0.8975148148148148,0.5069763660430908
Red Neuronal Densa,0.07942135289323553,0.8978296296296296,0.5049483180046082
Red Neuronal Densa,0.07949544343187374,0.8980518518518519,0.5033507347106934
Red Neuronal Densa,0.07955471586278433,0.8982370370370371,0.5023083090782166
Red Neuronal Densa,0.07963251092835445,0.8984629629629629,0.50059574842453
Red Neuronal Densa,0.07969178335926502,0.8986888888888889,0.49888017773628235
Red Neuronal Densa,0.07976587389790324,0.8988333333333334,0.49766868352890015
Red Neuronal Densa,0.07984737349040527,0.8990407407407407,0.4962002635002136
Red Neuronal Densa,0.07989553234052012,0.8991925925925925,0.4947008490562439
Red Neuronal Densa,0.07998073645995406,0.8994222222222222,0.4928426146507263
Red Neuronal Densa,0.08003630436393272,0.8996111111111111,0.49163585901260376
Red Neuronal Densa,0.08008816774097947,0.9001481481481481,0.4906817376613617
Red Neuronal Densa,0.08012521301029858,0.9006185185185185,0.4902324378490448
Red Neuronal Densa,0.08015855375268578,0.9011407407407407,0.48919984698295593
Red Neuronal Densa,0.08021782618359635,0.9013851851851852,0.4872185289859772
Red Neuronal Densa,0.08062161961917463,0.9016222222222222,0.4859476685523987
Red Neuronal Densa,0.08076980069645107,0.9018481481481482,0.48475685715675354
Red Neuronal Densa,0.08087352745054456,0.901974074074074,0.48332199454307556
Red Neuronal Densa,0.08092909535452322,0.9021333333333333,0.4817280173301697
Red Neuronal Densa,0.0809883677854338,0.9023296296296296,0.4804677665233612
Red Neuronal Densa,0.0810587537971401,0.9025666666666666,0.4788860082626343
Red Neuronal Densa,0.08111432170111876,0.9027222222222222,0.4776768088340759
Red Neuronal Densa,0.08117729865896126,0.9028925925925926,0.4762621521949768
Red Neuronal Densa,0.08128102541305475,0.9030592592592592,0.4747557044029236
Red Neuronal Densa,0.0813625250055568,0.9033,0.4730658233165741
Red Neuronal Densa,0.08143291101726309,0.9033925925925926,0.47218573093414307
Red Neuronal Densa,0.0815070015559013,0.9034814814814814,0.471354603767395
Red Neuronal Densa,0.0815736830406757,0.9037259259259259,0.4692085087299347
Red Neuronal Densa,0.08162554641772246,0.9038925925925926,0.46846893429756165
Red Neuronal Densa,0.08169222790249685,0.9040333333333334,0.46798011660575867
Red Neuronal Densa,0.08176261391420316,0.9041592592592592,0.46764543652534485
Red Neuronal Densa,0.08184411350670519,0.9043,0.4671786427497864
Red Neuronal Densa,0.08191079499147959,0.9044,0.46674561500549316
Red Neuronal Densa,0.0819848855301178,0.9045592592592593,0.46635013818740845
Red Neuronal Densa,0.0820515670148922,0.9047111111111111,0.46585893630981445
Red Neuronal Densa,0.08210713491887087,0.9048814814814815,0.4654689133167267
Red Neuronal Densa,0.0821589982959176,0.9051222222222223,0.4651350677013397
Red Neuronal Densa,0.08221086167296436,0.9052962962962963,0.46480223536491394
Red Neuronal Densa,0.08226642957694302,0.9054814814814814,0.46437200903892517
Red Neuronal Densa,0.08229977031933022,0.9057740740740741,0.46391987800598145
Red Neuronal Densa,0.08236645180410461,0.9059777777777778,0.46354907751083374
Red Neuronal Densa,0.0824294287619471,0.9061481481481481,0.46335092186927795
Red Neuronal Densa,0.08449655478995333,0.908162962962963,0.4616226255893707
Red Neuronal Densa,0.08454841816700008,0.9083296296296296,0.4602944850921631
Red Neuronal Densa,0.08460769059791065,0.9084703703703704,0.4591406583786011
Red Neuronal Densa,0.08466696302882122,0.9087259259259259,0.4570969343185425
Red Neuronal Densa,0.0847299399866637,0.9088407407407407,0.45616066455841064
Red Neuronal Densa,0.08478180336371045,0.9089962962962963,0.45533955097198486
Red Neuronal Densa,0.08486330295621249,0.9092407407407408,0.4535938501358032
Red Neuronal Densa,0.08491887086019115,0.9094,0.45235803723335266
Red Neuronal Densa,0.08501889308735275,0.9095925925925926,0.4507376253604889
Red Neuronal Densa,0.08507446099133141,0.9097925925925926,0.4494275748729706
Red Neuronal Densa,0.08512261984144624,0.9099296296296296,0.4482688307762146
Red Neuronal Densa,0.08528191449951841,0.9102148148148148,0.44712552428245544
Red Neuronal Densa,0.08534118693042898,0.9103444444444444,0.44604021310806274
Red Neuronal Densa,0.08541898199599911,0.910737037037037,0.4449094831943512
Red Neuronal Densa,0.08547084537304586,0.9114962962962962,0.4441870152950287
Red Neuronal Densa,0.08549677706156923,0.9123925925925926,0.44376251101493835
Red Neuronal Densa,0.08552641327702452,0.9130333333333334,0.44328993558883667
Red Neuronal Densa,0.08556345854634363,0.9135074074074074,0.44295042753219604
Red Neuronal Densa,0.08564125361191376,0.9138185185185185,0.44224971532821655
Red Neuronal Densa,0.08571534415055197,0.9139666666666667,0.4412723481655121
Red Neuronal Densa,0.08577832110839446,0.9144518518518518,0.44010958075523376
Red Neuronal Densa,0.08584870712010076,0.9146740740740741,0.4394870698451996
Red Neuronal Densa,0.08588945691635178,0.9149925925925926,0.4391879439353943
Red Neuronal Densa,0.08593761576646662,0.9156518518518518,0.43885260820388794
Red Neuronal Densa,0.08598947914351338,0.9161296296296296,0.4384108781814575
Red Neuronal Densa,0.08603763799362821,0.9166740740740741,0.4377875030040741
Red Neuronal Densa,0.08609691042453879,0.9170814814814815,0.43715617060661316
Red Neuronal Densa,0.08615618285544936,0.9172888888888889,0.43645578622817993
Red Neuronal Densa,0.08622656886715567,0.9173777777777777,0.4360904097557068
Red Neuronal Densa,0.08631177298658961,0.917537037037037,0.4354408383369446
Red Neuronal Densa,0.08636363636363636,0.9177074074074074,0.4348287582397461
Red Neuronal Densa,0.08641549974068312,0.9179925925925926,0.4339316189289093
Red Neuronal Densa,0.0864821812254575,0.9181407407407407,0.4332421123981476
Red Neuronal Densa,0.08653034007557235,0.9183259259259259,0.4325862526893616
Red Neuronal Densa,0.08658590797955101,0.9185148148148148,0.43192049860954285
Red Neuronal Densa,0.0866525894643254,0.9186888888888889,0.4311440885066986
Red Neuronal Densa,0.08673408905682745,0.9188222222222222,0.4304192066192627
Red Neuronal Densa,0.08682299770319331,0.918937037037037,0.4295524060726166
Red Neuronal Densa,0.08691190634955916,0.9190518518518519,0.42896705865859985
Red Neuronal Densa,0.08716010965399719,0.919262962962963,0.42781582474708557
Red Neuronal Densa,0.08724901830036304,0.9193444444444444,0.4270419776439667
Red Neuronal Densa,0.08733051789286508,0.9194666666666667,0.42624473571777344
Red Neuronal Densa,0.08739719937763947,0.9195592592592593,0.4254474639892578
Red Neuronal Densa,0.08747128991627769,0.9196444444444445,0.42448532581329346
Red Neuronal Densa,0.08838260354152774,0.919737037037037,0.42352938652038574
Red Neuronal Densa,0.08846410313402979,0.9198444444444445,0.4225827157497406
Red Neuronal Densa,0.08859746610357858,0.9199148148148149,0.42141541838645935
Red Neuronal Densa,0.08873823812699118,0.9201333333333334,0.4201944172382355
Red Neuronal Densa,0.08882714677335704,0.9202481481481481,0.4192466735839844
Red Neuronal Densa,0.08893087352745055,0.9203814814814815,0.41833871603012085
Red Neuronal Densa,0.08901607764688449,0.9205074074074074,0.4172739088535309
Red Neuronal Densa,0.08907905460472698,0.9206333333333333,0.41649454832077026
Red Neuronal Densa,0.08942728013632659,0.920725925925926,0.41538599133491516
Red Neuronal Densa,0.08951248425576054,0.9208407407407407,0.4144745171070099
Red Neuronal Densa,0.08957546121360302,0.9209925925925926,0.4135352671146393
Red Neuronal Densa,0.08963843817144551,0.9211444444444444,0.41289931535720825
Red Neuronal Densa,0.08972734681781136,0.9212814814814815,0.41207611560821533
Red Neuronal Densa,0.08982736904497296,0.9214074074074075,0.41093242168426514
Red Neuronal Densa,0.08989034600281544,0.9215074074074074,0.4102902412414551
Red Neuronal Densa,0.08999777728384085,0.9215962962962962,0.40965694189071655
Red Neuronal Densa,0.09007927687634289,0.9217185185185185,0.40874943137168884
Red Neuronal Densa,0.09020893531895977,0.9218,0.4079941511154175
Red Neuronal Densa,0.09032748018078092,0.9219074074074074,0.40708762407302856
Red Neuronal Densa,0.09039786619248721,0.9220222222222222,0.4061957001686096
Red Neuronal Densa,0.09047566125805735,0.9221185185185186,0.40564805269241333
Red Neuronal Densa,0.0905645699044232,0.9223370370370371,0.4045967757701874
Red Neuronal Densa,0.09065718307772097,0.9224629629629629,0.4039934575557709
Red Neuronal Densa,0.09073127361635919,0.9226222222222222,0.4033827781677246
Red Neuronal Densa,0.09080906868192931,0.9227148148148148,0.40269097685813904
Red Neuronal Densa,0.09164258724160924,0.9231925925925926,0.4020124673843384
Red Neuronal Densa,0.0917314958879751,0.9233407407407408,0.4010145962238312
Red Neuronal Densa,0.09178706379195377,0.9235962962962962,0.40023231506347656
Red Neuronal Densa,0.09184263169593243,0.9241333333333334,0.39969074726104736
Red Neuronal Densa,0.09190931318070682,0.9244185185185185,0.39926424622535706
Red Neuronal Densa,0.09197599466548122,0.9246111111111112,0.39880791306495667
Red Neuronal Densa,0.09203156256945988,0.9249851851851851,0.39837145805358887
Red Neuronal Densa,0.0921056531080981,0.9251555555555555,0.3977743983268738
Red Neuronal Densa,0.0921723345928725,0.9254555555555556,0.39744678139686584
Red Neuronal Densa,0.09221678891605542,0.9261518518518519,0.39710718393325806
Red Neuronal Densa,0.09226124323923834,0.926625925925926,0.39687904715538025
Red Neuronal Densa,0.0923131066162851,0.9270481481481482,0.39663904905319214
Red Neuronal Densa,0.09236867452026376,0.9273333333333333,0.39635854959487915
Red Neuronal Densa,0.09242424242424242,0.9276407407407408,0.39582690596580505
Red Neuronal Densa,0.09294287619470994,0.9281185185185186,0.39532577991485596
Red Neuronal Densa,0.09300955767948434,0.9283296296296296,0.3946153521537781
Red Neuronal Densa,0.09308364821812254,0.9285185185185185,0.39356938004493713
Red Neuronal Densa,0.09324294287619471,0.928637037037037,0.39238184690475464
Red Neuronal Densa,0.09336889679187968,0.9287296296296297,0.3914925456047058
Red Neuronal Densa,0.09343557827665407,0.9288481481481482,0.3906165659427643
Red Neuronal Densa,0.09352819144995184,0.9290666666666667,0.38975444436073303
Red Neuronal Densa,0.09361339556938579,0.9291481481481482,0.3891310691833496
Red Neuronal Densa,0.09369489516188782,0.9293148148148148,0.3880782723426819
Red Neuronal Densa,0.09376157664666222,0.9295074074074074,0.3871932029724121
Red Neuronal Densa,0.0938245536045047,0.9296481481481481,0.3862590789794922
Red Neuronal Densa,0.09390605319700675,0.9297666666666666,0.3853719234466553
Red Neuronal Densa,0.09398755278950878,0.9298703703703703,0.38456955552101135
Red Neuronal Densa,0.09407646143587464,0.930037037037037,0.3837510347366333
Red Neuronal Densa,0.09415796102837667,0.9301518518518519,0.38269466161727905
Red Neuronal Densa,0.09425798325553827,0.9302703703703704,0.381724089384079
Red Neuronal Densa,0.09432836926724457,0.9304222222222223,0.3808193504810333
Red Neuronal Densa,0.09441727791361043,0.9305777777777777,0.3795540928840637
Red Neuronal Densa,0.09463584500259317,0.9308814814814815,0.37844470143318176
Red Neuronal Densa,0.09470252648736756,0.9310888888888889,0.3772570490837097
Red Neuronal Densa,0.09478773060680151,0.9312148148148148,0.3764609098434448
Red Neuronal Densa,0.09485811661850782,0.9317185185185185,0.3751200735569
Red Neuronal Densa,0.09490257094169074,0.9324925925925925,0.37445181608200073
Red Neuronal Densa,0.09495813884566941,0.9327666666666666,0.3741362392902374
Red Neuronal Densa,0.09507668370749055,0.932862962962963,0.3734571039676666
Red Neuronal Densa,0.0951581832999926,0.9329592592592593,0.37293770909309387
Red Neuronal Densa,0.09524338741942653,0.9330925925925926,0.37209999561309814
Red Neuronal Densa,0.0953360005927243,0.9332333333333334,0.3708826005458832
Red Neuronal Densa,0.0954026820774987,0.9333814814814815,0.3700040876865387
Red Neuronal Densa,0.09553234052011558,0.933537037037037,0.3687930703163147
Red Neuronal Densa,0.09561754463954952,0.9336296296296296,0.36788007616996765
Red Neuronal Densa,0.09570274875898348,0.933737037037037,0.36726295948028564
Red Neuronal Densa,0.09580277098614506,0.9338333333333333,0.36650073528289795
Red Neuronal Densa,0.09590279321330666,0.9339444444444445,0.3656322658061981
Red Neuronal Densa,0.09599170185967253,0.9340444444444445,0.36451494693756104
Red Neuronal Densa,0.0960843150329703,0.9342,0.36320415139198303
Red Neuronal Densa,0.09648069941468475,0.9346296296296296,0.36234381794929504
Red Neuronal Densa,0.09654738089945913,0.9347518518518518,0.3616708219051361
Red Neuronal Densa,0.09672890271912277,0.9348925925925926,0.36060479283332825
Red Neuronal Densa,0.09685856116173965,0.9350074074074074,0.3597763478755951
Red Neuronal Densa,0.09696969696969697,0.9351,0.35893893241882324
Red Neuronal Densa,0.09822553159961472,0.9367814814814814,0.35838672518730164
Red Neuronal Densa,0.09831444024598059,0.9368851851851852,0.35785233974456787
Red Neuronal Densa,0.09840705341927836,0.936962962962963,0.3572435975074768
Red Neuronal Densa,0.09849225753871231,0.9370962962962963,0.35658976435661316
Red Neuronal Densa,0.0985589390234867,0.9371666666666667,0.35605931282043457
Red Neuronal Densa,0.0986256205082611,0.9372925925925926,0.35512208938598633
Red Neuronal Densa,0.09869971104689931,0.9373888888888889,0.3541574478149414
Red Neuronal Densa,0.09879232422019708,0.9374777777777777,0.35343116521835327
Red Neuronal Densa,0.09885900570497147,0.9376222222222222,0.35239946842193604
Red Neuronal Densa,0.09893680077054161,0.937737037037037,0.3513711094856262
Red Neuronal Densa,0.09904793657849893,0.9378555555555556,0.3506128787994385
Red Neuronal Densa,0.09912943617100096,0.9379481481481482,0.35005420446395874
Red Neuronal Densa,0.0993146625175965,0.9380407407407407,0.3496468663215637
Red Neuronal Densa,0.09939245758316663,0.9381666666666667,0.34888941049575806
Red Neuronal Densa,0.09946284359487294,0.9383185185185186,0.34828194975852966
Red Neuronal Densa,0.09955545676817071,0.9385407407407408,0.34745609760284424
Red Neuronal Densa,0.09963325183374083,0.9386518518518518,0.34700340032577515
Red Neuronal Densa,0.09971475142624286,0.9387555555555556,0.3466425836086273
Red Neuronal Densa,0.09981106912647254,0.9389037037037037,0.3458264470100403
Red Neuronal Densa,0.09990368229977031,0.9390407407407407,0.3451291620731354
Red Neuronal Densa,0.09998518189227236,0.9391555555555555,0.3444992005825043
Red Neuronal Densa,0.10008149959250204,0.9393,0.3434397578239441
Red Neuronal Densa,0.1001704082388679,0.9394185185185185,0.34248441457748413
Red Neuronal Densa,0.10023708972364229,0.9395333333333333,0.34119486808776855
Red Neuronal Densa,0.10030006668148478,0.9396444444444444,0.34012916684150696
Red Neuronal Densa,0.10038156627398681,0.939737037037037,0.339106947183609
Red Neuronal Densa,0.1004815885011484,0.9398703703703704,0.3377317786216736
Red Neuronal Densa,0.10056308809365044,0.9399703703703703,0.33697769045829773
Red Neuronal Densa,0.10068533748240349,0.9400592592592593,0.3355821669101715
Red Neuronal Densa,0.10078535970956509,0.940137037037037,0.33463698625564575
Red Neuronal Densa,0.10089279099059051,0.9401962962962963,0.33383581042289734
Red Neuronal Densa,0.10101874490627546,0.9403370370370371,0.33223000168800354
Red Neuronal Densa,0.10115581240275617,0.9404296296296296,0.3310913145542145
Red Neuronal Densa,0.10140401570719419,0.9405444444444444,0.329769492149353
Red Neuronal Densa,0.10151515151515152,0.940625925925926,0.32889387011528015
Red Neuronal Densa,0.10158553752685782,0.9406962962962963,0.32757145166397095
Red Neuronal Densa,0.10171149144254278,0.9408074074074074,0.326521098613739
Red Neuronal Densa,0.10178928650811292,0.9408925925925926,0.32573825120925903
Red Neuronal Densa,0.10189671778913832,0.9409555555555555,0.3250209391117096
Red Neuronal Densa,0.10202267170482329,0.9410333333333334,0.32433435320854187
Red Neuronal Densa,0.1021263984589168,0.9411074074074074,0.32364583015441895
Red Neuronal Densa,0.10221530710528265,0.9412,0.32277026772499084
Red Neuronal Densa,0.10232644291323997,0.9412851851851852,0.32189005613327026
Red Neuronal Densa,0.10241535155960584,0.9413814814814815,0.32108211517333984
Red Neuronal Densa,0.1025079647329036,0.9414814814814815,0.320516973733902
Red Neuronal Densa,0.10256723716381418,0.9415629629629629,0.32018762826919556
Red Neuronal Densa,0.10263021412165667,0.9416851851851852,0.319663405418396
Red Neuronal Densa,0.10273764540268207,0.9418,0.31903523206710815
Red Neuronal Densa,0.10281544046825221,0.9418962962962963,0.3185350000858307
Red Neuronal Densa,0.10289323553382233,0.9420296296296297,0.3179372549057007
Red Neuronal Densa,0.10317107505371564,0.942137037037037,0.31669560074806213
Red Neuronal Densa,0.10325627917314958,0.9422148148148148,0.31602004170417786
Red Neuronal Densa,0.10334148329258354,0.9423222222222222,0.31512290239334106
Red Neuronal Densa,0.1034303919389494,0.9424,0.31453937292099
Red Neuronal Densa,0.10351189153145143,0.9424888888888889,0.3139842748641968
Red Neuronal Densa,0.10362673186634067,0.9425925925925925,0.3130079209804535
Red Neuronal Densa,0.10372675409350227,0.9426814814814815,0.31201881170272827
Red Neuronal Densa,0.10386752611691487,0.9427592592592593,0.3108193278312683
Red Neuronal Densa,0.10396013929021264,0.9428296296296297,0.31000661849975586
Red Neuronal Densa,0.10411202489442098,0.9429111111111111,0.30905336141586304
Red Neuronal Densa,0.1042194561754464,0.9429962962962963,0.3082873225212097
Red Neuronal Densa,0.10433059198340372,0.9431185185185185,0.3075295686721802
Red Neuronal Densa,0.10441950062976958,0.943237037037037,0.306279718875885
Red Neuronal Densa,0.10450840927613544,0.9433222222222222,0.3052383065223694
Red Neuronal Densa,0.10462324961102468,0.9433814814814815,0.304620623588562
Red Neuronal Densa,0.10491961176557754,0.9436148148148148,0.30362340807914734
Red Neuronal Densa,0.10507149736978588,0.9436666666666667,0.3026496171951294
Red Neuronal Densa,0.10522708750092613,0.9437444444444445,0.30161252617836
Red Neuronal Densa,0.10539379121286212,0.943837037037037,0.299956351518631
Red Neuronal Densa,0.10550863154775135,0.9439222222222222,0.29893800616264343
Red Neuronal Densa,0.10563828999036823,0.9440074074074074,0.2979269325733185
Red Neuronal Densa,0.10577906201378084,0.944137037037037,0.2968026101589203
Red Neuronal Densa,0.10588649329480625,0.9442296296296296,0.29610687494277954
Red Neuronal Densa,0.1059716974142402,0.9443333333333334,0.29539158940315247
Red Neuronal Densa,0.1060383788990146,0.9444518518518519,0.2945583164691925
Red Neuronal Densa,0.10613469659924428,0.9445518518518519,0.2936435341835022
Red Neuronal Densa,0.10628287767652071,0.9446185185185185,0.29288819432258606
Red Neuronal Densa,0.10640142253834185,0.9447296296296296,0.2920060157775879
Red Neuronal Densa,0.10649403571163962,0.9448074074074074,0.2914539873600006
Red Neuronal Densa,0.10659776246573313,0.9449111111111111,0.2904542088508606
Red Neuronal Densa,0.10672371638141809,0.9450111111111111,0.2894115447998047
Red Neuronal Densa,0.10683485218937541,0.9451296296296297,0.2883389890193939
Red Neuronal Densa,0.10697562421278803,0.9451925925925926,0.2875342071056366
Red Neuronal Densa,0.1070719419130177,0.9452814814814815,0.28684747219085693
Red Neuronal Densa,0.1072719863673409,0.9453555555555555,0.28622856736183167
Red Neuronal Densa,0.10741646291768542,0.9454407407407407,0.28546762466430664
Red Neuronal Densa,0.10749425798325554,0.9455481481481481,0.2847851514816284
Red Neuronal Densa,0.10758687115655331,0.9456666666666667,0.2839146554470062
Red Neuronal Densa,0.1076572571682596,0.9457740740740741,0.283010870218277
Red Neuronal Densa,0.10772764317996592,0.9458962962962963,0.28225865960121155
Red Neuronal Densa,0.1078943468919019,0.9459925925925926,0.2811483144760132
Red Neuronal Densa,0.10802400533451878,0.946062962962963,0.28006070852279663
Red Neuronal Densa,0.10814625472327184,0.9461259259259259,0.27922746539115906
Red Neuronal Densa,0.10823145884270578,0.946237037037037,0.27826565504074097
Red Neuronal Densa,0.10834629917759502,0.9463111111111111,0.27745261788368225
Red Neuronal Densa,0.10847966214714382,0.9464,0.2764185070991516
Red Neuronal Densa,0.10862413869748833,0.9464925925925926,0.27543866634368896
Red Neuronal Densa,0.10873156997851374,0.9466037037037037,0.27437108755111694
Red Neuronal Densa,0.1088204786248796,0.9466925925925926,0.2735110819339752
Red Neuronal Densa,0.10890938727124547,0.9467962962962962,0.272561639547348
Red Neuronal Densa,0.10898347780988368,0.9468851851851852,0.2720271944999695
Red Neuronal Densa,0.10909831814477292,0.9469592592592593,0.27115288376808167
Red Neuronal Densa,0.10922427206045789,0.9470481481481482,0.27037903666496277
Red Neuronal Densa,0.10932429428761947,0.9471148148148149,0.2700313627719879
Red Neuronal Densa,0.109468770837964,0.9472148148148148,0.26959383487701416
Red Neuronal Densa,0.10957990664592132,0.9473074074074074,0.26909905672073364
Red Neuronal Densa,0.10968363340001482,0.9473962962962963,0.26857125759124756
Red Neuronal Densa,0.10979476920797214,0.9474481481481482,0.2681780159473419
Red Neuronal Densa,0.10990960954286137,0.9475185185185185,0.26775458455085754
Red Neuronal Densa,0.11000963177002297,0.9475851851851852,0.2671549916267395
Red Neuronal Densa,0.11069867377935838,0.9478148148148148,0.26625823974609375
Red Neuronal Densa,0.11085055938356672,0.9479111111111111,0.26500144600868225
Red Neuronal Densa,0.11099874046084315,0.9479851851851852,0.26401180028915405
Red Neuronal Densa,0.11112839890346003,0.9481111111111111,0.2630380094051361
Red Neuronal Densa,0.11121360302289397,0.9481666666666667,0.26219120621681213
Red Neuronal Densa,0.11130251166925983,0.948237037037037,0.26157015562057495
Red Neuronal Densa,0.11140623842335334,0.9483592592592592,0.260554701089859
Red Neuronal Densa,0.11149885159665111,0.9484518518518519,0.25973859429359436
Red Neuronal Densa,0.11157664666222124,0.9485518518518519,0.2587597072124481
Red Neuronal Densa,0.11169519152404238,0.9486444444444444,0.2573282718658447
Red Neuronal Densa,0.11185448618211455,0.9487,0.2561753988265991
Red Neuronal Densa,0.11193969030154849,0.9487814814814814,0.25531336665153503
Red Neuronal Densa,0.11202489442098244,0.9488703703703704,0.2545338571071625
Red Neuronal Densa,0.11217307549825888,0.9489777777777778,0.2535569965839386
Red Neuronal Densa,0.11234348373712677,0.9492037037037037,0.25188398361206055
Red Neuronal Densa,0.11247314217974365,0.9492851851851852,0.2509443163871765
Red Neuronal Densa,0.11259168704156479,0.9493518518518519,0.25035133957862854
Red Neuronal Densa,0.11270652737645402,0.9494185185185186,0.24961018562316895
Red Neuronal Densa,0.11285100392679855,0.9494925925925926,0.248805969953537
Red Neuronal Densa,0.113039934800326,0.9495814814814815,0.24769450724124908
Red Neuronal Densa,0.11320663851226198,0.9496703703703704,0.24686458706855774
Red Neuronal Densa,0.11335481958953841,0.949737037037037,0.2460716813802719
Red Neuronal Densa,0.1135548640438616,0.9498185185185185,0.24521009624004364
Red Neuronal Densa,0.11373638586352523,0.9498962962962963,0.24410565197467804
Red Neuronal Densa,0.11387715788693784,0.9499777777777778,0.24336178600788116
Red Neuronal Densa,0.11418092909535452,0.9500444444444445,0.24189558625221252
Red Neuronal Densa,0.1143809735496777,0.9501074074074074,0.24079322814941406
Red Neuronal Densa,0.11449951841149886,0.9501814814814815,0.23986244201660156
Red Neuronal Densa,0.11465881306957101,0.950274074074074,0.23864950239658356
Red Neuronal Densa,0.11478106245832408,0.9503444444444444,0.23763978481292725
Red Neuronal Densa,0.11491812995480477,0.9504296296296296,0.2363695353269577
Red Neuronal Densa,0.11507001555901311,0.9504962962962963,0.2354120910167694
Red Neuronal Densa,0.11520708305549382,0.9505925925925925,0.23449231684207916
Red Neuronal Densa,0.11534415055197451,0.9506592592592592,0.2337876707315445
Red Neuronal Densa,0.1156849670297103,0.9507222222222222,0.23261867463588715
Red Neuronal Densa,0.11583314810698674,0.9508074074074074,0.23167487978935242
Red Neuronal Densa,0.1159553974957398,0.950925925925926,0.2305842936038971
Red Neuronal Densa,0.11613691931540342,0.9509740740740741,0.2297496646642685
Red Neuronal Densa,0.11626287323108839,0.951062962962963,0.22870206832885742
Red Neuronal Densa,0.11645180410461584,0.9511407407407407,0.22754238545894623
Red Neuronal Densa,0.11660368970882418,0.9512333333333334,0.22667361795902252
Red Neuronal Densa,0.11672593909757724,0.9512814814814815,0.2260296493768692
Red Neuronal Densa,0.11683707490553456,0.9513481481481482,0.2253618836402893
Red Neuronal Densa,0.1169889605097429,0.9514185185185186,0.2242712825536728
Red Neuronal Densa,0.11718159591020226,0.9514777777777778,0.2232796996831894
Red Neuronal Densa,0.11752241238793806,0.9515666666666667,0.22195914387702942
Red Neuronal Densa,0.117607616507372,0.9516666666666667,0.22119107842445374
Red Neuronal Densa,0.11774468400385271,0.9517888888888889,0.21979853510856628
Red Neuronal Densa,0.1179150922427206,0.9518592592592593,0.21843218803405762
Red Neuronal Densa,0.1180188189968141,0.9519444444444445,0.21785365045070648
Red Neuronal Densa,0.1181188412239757,0.9520111111111111,0.21708762645721436
Red Neuronal Densa,0.11830777209750315,0.9521037037037037,0.21612687408924103
Red Neuronal Densa,0.1184633622286434,0.9521518518518518,0.21529795229434967
Red Neuronal Densa,0.11861154330591983,0.9522185185185185,0.21443428099155426
Red Neuronal Densa,0.11873008816774099,0.9522925925925926,0.2135896235704422
Red Neuronal Densa,0.11887086019115359,0.9523851851851852,0.21299944818019867
Red Neuronal Densa,0.11904126843002148,0.9525074074074074,0.2120295912027359
Red Neuronal Densa,0.11914499518411499,0.9526,0.2114531695842743
Red Neuronal Densa,0.11931169889605098,0.9526629629629629,0.21070154011249542
Red Neuronal Densa,0.11951915240423798,0.9527444444444444,0.20957835018634796
Red Neuronal Densa,0.1196636289545825,0.9528074074074074,0.2087944597005844
Red Neuronal Densa,0.1198006964510632,0.9528777777777778,0.20790676772594452
Red Neuronal Densa,0.11998221827072683,0.9529703703703704,0.20698165893554688
Red Neuronal Densa,0.12130473438541899,0.9532185185185185,0.20620931684970856
Red Neuronal Densa,0.12152330147440171,0.9533259259259259,0.20506705343723297
Red Neuronal Densa,0.12163073275542713,0.9534222222222222,0.20438677072525024
Red Neuronal Densa,0.12176780025190784,0.9534851851851852,0.20359602570533752
Red Neuronal Densa,0.12255686448840483,0.9535925925925925,0.2027195543050766
Red Neuronal Densa,0.12270875009261317,0.9536629629629629,0.2016792595386505
Red Neuronal Densa,0.12283099948136623,0.9537296296296296,0.20095591247081757
Red Neuronal Densa,0.12299770319330222,0.9538,0.20001277327537537
Red Neuronal Densa,0.12315329332444247,0.9538518518518518,0.1993463933467865
Red Neuronal Densa,0.12335704230569756,0.9539037037037037,0.19837959110736847
Red Neuronal Densa,0.12353485959842928,0.9539814814814814,0.19753848016262054
Red Neuronal Densa,0.12392753945321182,0.9540925925925926,0.1968001425266266
Red Neuronal Densa,0.12406831147662443,0.9541518518518518,0.1961410939693451
Red Neuronal Densa,0.12426835593094762,0.9542037037037037,0.1952817440032959
Red Neuronal Densa,0.12444246869674742,0.9542555555555555,0.19482919573783875
Red Neuronal Densa,0.12466474031266207,0.9542925925925926,0.19464214146137238
Red Neuronal Densa,0.12485367118618952,0.954337037037037,0.1944238692522049
Red Neuronal Densa,0.12503519300585314,0.9543777777777778,0.19413460791110992
Red Neuronal Densa,0.12516485144847003,0.9544407407407407,0.1937365084886551
Red Neuronal Densa,0.12537600948358896,0.9545111111111111,0.19321654736995697
Red Neuronal Densa,0.1255315996147292,0.954574074074074,0.19279897212982178
Red Neuronal Densa,0.12572423501518856,0.9546666666666667,0.19243457913398743
Red Neuronal Densa,0.12589093872712454,0.9547333333333333,0.1918351799249649
Red Neuronal Densa,0.12608357412758392,0.9548222222222222,0.19118772447109222
Red Neuronal Densa,0.1261873008816774,0.9548925925925926,0.19092868268489838
Red Neuronal Densa,0.12643550418611543,0.9551111111111111,0.19054138660430908
Red Neuronal Densa,0.1267059346521449,0.955162962962963,0.18958830833435059
Red Neuronal Densa,0.1269022745795362,0.9552259259259259,0.18887493014335632
Red Neuronal Densa,0.12708750092613175,0.9552851851851852,0.18817350268363953
Red Neuronal Densa,0.12736163591909314,0.9553333333333334,0.1875624656677246
Red Neuronal Densa,0.12747647625398237,0.9554,0.18706479668617249
Red Neuronal Densa,0.12771727050455656,0.955462962962963,0.186367928981781
Red Neuronal Densa,0.12788026968956065,0.9555185185185185,0.1857767254114151
Red Neuronal Densa,0.1281358820478625,0.9555555555555556,0.18517057597637177
Red Neuronal Densa,0.12835815366377715,0.9555962962962963,0.18481338024139404
Red Neuronal Densa,0.1284766985255983,0.9556814814814815,0.1844094842672348
Red Neuronal Densa,0.12865081129139808,0.9557444444444444,0.18396557867527008
Red Neuronal Densa,0.1287989923686745,0.9557888888888889,0.18360209465026855
Red Neuronal Densa,0.12901755945765725,0.9558481481481481,0.18319368362426758
Red Neuronal Densa,0.12919167222345707,0.9558962962962962,0.1828208714723587
Red Neuronal Densa,0.12946210268948655,0.9559518518518518,0.18224911391735077
Red Neuronal Densa,0.12960287471289916,0.9560481481481482,0.18182021379470825
Red Neuronal Densa,0.1298214418018819,0.9561259259259259,0.18124504387378693
Red Neuronal Densa,0.12998444098688597,0.9562,0.1808241754770279
Red Neuronal Densa,0.13028450766837074,0.956237037037037,0.1803019791841507
Red Neuronal Densa,0.13048084759576203,0.956274074074074,0.18005414307117462
Red Neuronal Densa,0.13066977846928948,0.9563259259259259,0.1797960251569748
Red Neuronal Densa,0.1309587315699785,0.9563666666666667,0.17941385507583618
Red Neuronal Densa,0.1311513669704379,0.9564148148148148,0.17909862101078033
Red Neuronal Densa,0.1313365933170334,0.9565037037037037,0.17872007191181183
Red Neuronal Densa,0.131603319256131,0.9565703703703704,0.17833910882472992
Red Neuronal Densa,0.13183670445284137,0.9566222222222223,0.1778886318206787
Red Neuronal Densa,0.13212565755353042,0.9566740740740741,0.17743121087551117
Red Neuronal Densa,0.13234052011558123,0.9567222222222223,0.17709742486476898
Red Neuronal Densa,0.1324998147736534,0.9567814814814815,0.17675216495990753
Red Neuronal Densa,0.13268133659331705,0.956825925925926,0.1765131801366806
Red Neuronal Densa,0.13294806253241462,0.9568703703703704,0.1762302815914154
Red Neuronal Densa,0.13314069793287397,0.9569222222222222,0.1759261041879654
Red Neuronal Densa,0.13341853745276727,0.9569740740740741,0.1755787581205368
Red Neuronal Densa,0.1337260131881159,0.957037037037037,0.17502886056900024
Red Neuronal Densa,0.13402607986960066,0.9570888888888889,0.17435914278030396
Red Neuronal Densa,0.13425576053937913,0.957137037037037,0.1738370954990387
Red Neuronal Densa,0.13443728235904276,0.9572148148148149,0.17340268194675446
Red Neuronal Densa,0.13463362228643402,0.9572703703703703,0.17306461930274963
Red Neuronal Densa,0.13480032599837,0.9573333333333334,0.1725585013628006
Red Neuronal Densa,0.13498925687189745,0.9573888888888888,0.17210964858531952
Red Neuronal Densa,0.13514484700303772,0.9574777777777778,0.17163005471229553
Red Neuronal Densa,0.13534118693042899,0.9575555555555556,0.17116981744766235
Red Neuronal Densa,0.1355190042231607,0.9576037037037037,0.17074821889400482
Red Neuronal Densa,0.1357931392161221,0.9576666666666667,0.17004559934139252
Red Neuronal Densa,0.13601170630510484,0.9577407407407408,0.1696191430091858
Red Neuronal Densa,0.13615247832851746,0.9578074074074074,0.16930943727493286
Red Neuronal Densa,0.13641549974068312,0.9578481481481481,0.1688385009765625
Red Neuronal Densa,0.1365784989256872,0.9578962962962962,0.16841791570186615
Red Neuronal Densa,0.1367896569608061,0.9579444444444445,0.16806909441947937
Red Neuronal Densa,0.13697488330740165,0.9579925925925926,0.1676795333623886
Red Neuronal Densa,0.1371971549233163,0.9580481481481481,0.16717220842838287
Red Neuronal Densa,0.13732681336593316,0.9581111111111111,0.16678394377231598
Red Neuronal Densa,0.1374786989701415,0.958162962962963,0.1664116084575653
Red Neuronal Densa,0.13768615247832852,0.958262962962963,0.16578440368175507
Red Neuronal Densa,0.1378899014595836,0.9583148148148148,0.1651601493358612
Red Neuronal Densa,0.13803437800992813,0.9584,0.16470108926296234
Red Neuronal Densa,0.13818255908720456,0.9584592592592592,0.16437064111232758
Red Neuronal Densa,0.13828999036822998,0.9585407407407407,0.16398601233959198
Red Neuronal Densa,0.1384048307031192,0.9586111111111111,0.16371150314807892
Red Neuronal Densa,0.13857523894198712,0.9587,0.1633789986371994
Red Neuronal Densa,0.13877157886937838,0.9587703703703704,0.16304489970207214
Red Neuronal Densa,0.13889012373119952,0.9588555555555556,0.16279053688049316
Red Neuronal Densa,0.13911609987404608,0.9589074074074074,0.162541925907135
Red Neuronal Densa,0.1397347558716752,0.9589518518518518,0.16222694516181946
Red Neuronal Densa,0.13994961843372603,0.9590074074074074,0.16177479922771454
Red Neuronal Densa,0.14079425057420167,0.9590703703703704,0.16133040189743042
Red Neuronal Densa,0.1410757946210269,0.9591259259259259,0.16090162098407745
Red Neuronal Densa,0.14156108764910721,0.9591888888888889,0.16058118641376495
Red Neuronal Densa,0.1419611765577536,0.9592555555555555,0.1601250320672989
Red Neuronal Densa,0.14211306216196193,0.9593111111111111,0.1599677950143814
Red Neuronal Densa,0.14236867452026375,0.959362962962963,0.15969231724739075
Red Neuronal Densa,0.14260946877083797,0.9594370370370371,0.15939706563949585
Red Neuronal Densa,0.14276505890197821,0.9594962962962963,0.15913993120193481
Red Neuronal Densa,0.14291694450618656,0.9595592592592592,0.15888136625289917
Red Neuronal Densa,0.14305771652959917,0.9596148148148148,0.158656507730484
Red Neuronal Densa,0.1431725568644884,0.9596888888888889,0.1583416908979416
Red Neuronal Densa,0.14340594206119878,0.9597592592592593,0.15788434445858002
Red Neuronal Densa,0.143520782396088,0.959825925925926,0.15764686465263367
Red Neuronal Densa,0.14362821367711343,0.9599222222222222,0.15747405588626862
Red Neuronal Densa,0.14379491738904943,0.96,0.15717512369155884
Red Neuronal Densa,0.14404682522041934,0.9600518518518518,0.1567370891571045
Red Neuronal Densa,0.14654367637252722,0.9603148148148148,0.15623892843723297
Red Neuronal Densa,0.146636289545825,0.9603888888888888,0.15582475066184998
Red Neuronal Densa,0.14682151589242054,0.960462962962963,0.15509414672851562
Red Neuronal Densa,0.14712528710083722,0.9605074074074074,0.15420813858509064
Red Neuronal Densa,0.14736978587834335,0.9605962962962963,0.15341077744960785
Red Neuronal Densa,0.14750314884789212,0.9606518518518519,0.15286895632743835
Red Neuronal Densa,0.1476661480328962,0.9607333333333333,0.15227539837360382
Red Neuronal Densa,0.1478032155293769,0.9607962962962963,0.151880145072937
Red Neuronal Densa,0.1479699192413129,0.9608481481481481,0.15158137679100037
Red Neuronal Densa,0.14812550937245314,0.9609148148148148,0.15112653374671936
Red Neuronal Densa,0.14826628139586576,0.9610296296296297,0.15053805708885193
Red Neuronal Densa,0.14839964436541453,0.9610925925925926,0.15017126500606537
Red Neuronal Densa,0.14858487071201007,0.9611851851851851,0.14971934258937836
Red Neuronal Densa,0.1487700970586056,0.9612666666666667,0.14914916455745697
Red Neuronal Densa,0.14891457360895013,0.9613296296296296,0.1487632840871811
Red Neuronal Densa,0.14907016374009038,0.9614074074074074,0.14838413894176483
Red Neuronal Densa,0.14932207157146032,0.9614555555555555,0.14805768430233002
Red Neuronal Densa,0.14949247981032823,0.9615222222222222,0.14766326546669006
Red Neuronal Densa,0.1496925242646514,0.9615814814814815,0.147245392203331
Red Neuronal Densa,0.14981847818033636,0.9616444444444444,0.1470033824443817
Red Neuronal Densa,0.15,0.9617111111111111,0.1465473473072052
Red Neuronal Densa,0.15014447655034452,0.9617740740740741,0.14612919092178345
Red Neuronal Densa,0.15036304363932726,0.9618333333333333,0.14545857906341553
Red Neuronal Densa,0.15068163295547157,0.9619037037037037,0.14463494718074799
Red Neuronal Densa,0.15084463214047567,0.9619703703703704,0.14413054287433624
Red Neuronal Densa,0.15110024449877751,0.9620222222222222,0.1434757560491562
Red Neuronal Densa,0.15125213010298585,0.9620777777777778,0.14285686612129211
Red Neuronal Densa,0.1514336519226495,0.9621407407407407,0.14220763742923737
Red Neuronal Densa,0.15167074164629177,0.9622,0.14134469628334045
Red Neuronal Densa,0.15182633177743202,0.9622518518518518,0.1409067064523697
Red Neuronal Densa,0.1519559902200489,0.962337037037037,0.14051620662212372
Red Neuronal Densa,0.1521967844706231,0.9623962962962963,0.1398126184940338
Red Neuronal Densa,0.15241905608653775,0.9624777777777778,0.1391252726316452
Red Neuronal Densa,0.15265614581018003,0.9625555555555556,0.13845950365066528
Red Neuronal Densa,0.15283396310291175,0.9626222222222223,0.1379089653491974
Red Neuronal Densa,0.15298214418018818,0.9626925925925925,0.13742275536060333
Red Neuronal Densa,0.15311180262280508,0.9627814814814815,0.13692782819271088
Red Neuronal Densa,0.15327109728087723,0.9628481481481481,0.13632583618164062
Red Neuronal Densa,0.1534711417352004,0.962925925925926,0.13546837866306305
Red Neuronal Densa,0.15361932281247684,0.9629703703703704,0.135044664144516
Red Neuronal Densa,0.15389345780543826,0.963037037037037,0.13432657718658447
Red Neuronal Densa,0.15413054752908054,0.9630851851851852,0.13375142216682434
Red Neuronal Densa,0.15423427428317404,0.9631518518518518,0.1332571655511856
Red Neuronal Densa,0.15444172779136103,0.9632148148148149,0.13254541158676147
Red Neuronal Densa,0.15469363562273097,0.9632703703703703,0.1318073272705078
Red Neuronal Densa,0.15484922575387122,0.9633185185185186,0.13125984370708466
Red Neuronal Densa,0.15506038378899015,0.9633777777777778,0.1308738887310028
Red Neuronal Densa,0.15523079202785806,0.9634666666666667,0.13055628538131714
Red Neuronal Densa,0.15539749573979403,0.9635296296296296,0.13009600341320038
Red Neuronal Densa,0.15549751796695563,0.9636111111111111,0.12971174716949463
Red Neuronal Densa,0.15573831221752982,0.9636740740740741,0.12900322675704956
Red Neuronal Densa,0.15584203897162333,0.9637370370370371,0.12872309982776642
Red Neuronal Densa,0.1560087426835593,0.9638,0.1282888948917389
Red Neuronal Densa,0.15616062828776764,0.9639222222222222,0.12780232727527618
Red Neuronal Densa,0.15635326368822702,0.9639740740740741,0.12733347713947296
Red Neuronal Densa,0.1564903311847077,0.9640666666666666,0.12699569761753082
Red Neuronal Densa,0.1566162851003927,0.9641444444444445,0.1266714185476303
Red Neuronal Densa,0.15676446617766912,0.9642259259259259,0.1263076514005661
Red Neuronal Densa,0.15695339705119657,0.9642962962962963,0.12593576312065125
Red Neuronal Densa,0.1571349188708602,0.964362962962963,0.125494122505188
Red Neuronal Densa,0.15725716825961325,0.9644111111111111,0.12517094612121582
Red Neuronal Densa,0.15755723494109802,0.9644666666666667,0.12462709844112396
Red Neuronal Densa,0.1577906201378084,0.9645333333333334,0.12391526252031326
Red Neuronal Densa,0.15794250574201674,0.9645888888888889,0.12357859313488007
Red Neuronal Densa,0.15816477735793139,0.9646592592592592,0.12300417572259903
Red Neuronal Densa,0.15851670741646293,0.9647037037037037,0.12249363213777542
Red Neuronal Densa,0.15869082018226272,0.9647481481481481,0.12209898978471756
Red Neuronal Densa,0.1589205008520412,0.9647962962962963,0.12173527479171753
Red Neuronal Densa,0.15907979551011336,0.9648740740740741,0.12144987285137177
Red Neuronal Densa,0.1592020448988664,0.9649407407407408,0.12124001979827881
Red Neuronal Densa,0.15935763503000666,0.9650185185185185,0.12095285952091217
Red Neuronal Densa,0.15952063421501075,0.9650962962962963,0.12071827054023743
Red Neuronal Densa,0.1596428836037638,0.9651740740740741,0.12062480300664902
Red Neuronal Densa,0.15976142846558494,0.965237037037037,0.12050463259220123
Red Neuronal Densa,0.16001333629695488,0.9653,0.12000207602977753
Red Neuronal Densa,0.16022819885900572,0.9654296296296296,0.11941909044981003
Red Neuronal Densa,0.1604393568941246,0.9654814814814815,0.11880739778280258
Red Neuronal Densa,0.16083203674890717,0.9655814814814815,0.11828400194644928
Red Neuronal Densa,0.16107653552641327,0.9656407407407407,0.11774826049804688
Red Neuronal Densa,0.16135067051937468,0.9656925925925925,0.11701460182666779
Red Neuronal Densa,0.16176187300881678,0.9657592592592592,0.11617211997509003
Red Neuronal Densa,0.1620471215825739,0.9658222222222222,0.11550695449113846
Red Neuronal Densa,0.16237682447951396,0.9658629629629629,0.1150992140173912
Red Neuronal Densa,0.1625990960954286,0.9659407407407408,0.11444133520126343
Red Neuronal Densa,0.16285841298066236,0.9660037037037037,0.1138107031583786
Red Neuronal Densa,0.1630362302733941,0.9660555555555556,0.11342352628707886
Red Neuronal Densa,0.16331036526635548,0.9661111111111111,0.11263402551412582
Red Neuronal Densa,0.1634548418167,0.9661888888888889,0.11230342090129852
Red Neuronal Densa,0.16371045417500185,0.9662407407407407,0.11176189035177231
Red Neuronal Densa,0.1638956805215974,0.9662962962962963,0.11119299381971359
Red Neuronal Densa,0.16430317848410758,0.9663407407407407,0.11048979312181473
Red Neuronal Densa,0.16462917685411574,0.9663888888888889,0.10994347929954529
Red Neuronal Densa,0.16495147069719196,0.9664333333333334,0.10940388590097427
Red Neuronal Densa,0.16521449210935762,0.9664888888888888,0.1089213415980339
Red Neuronal Densa,0.16542565014447655,0.9665370370370371,0.10829216986894608
Red Neuronal Densa,0.16574053493368895,0.9666,0.1076158732175827
Red Neuronal Densa,0.16591094317255686,0.9666518518518519,0.10709439963102341
Red Neuronal Densa,0.16608135141142477,0.9667185185185185,0.10659904032945633
Red Neuronal Densa,0.16625916870415647,0.9667777777777777,0.10615622997283936
Red Neuronal Densa,0.16655182633177743,0.9668444444444444,0.10555875301361084
Red Neuronal Densa,0.16680743869007927,0.9669037037037037,0.1049145832657814
Red Neuronal Densa,0.1670223012521301,0.9669518518518518,0.10449118912220001
Red Neuronal Densa,0.16718900496406608,0.9670296296296297,0.1040341928601265
Red Neuronal Densa,0.16745202637623174,0.9670814814814814,0.10351226478815079
Red Neuronal Densa,0.16765947988441876,0.9671740740740741,0.10304460674524307
Red Neuronal Densa,0.1678780469734015,0.9672259259259259,0.1025618240237236
Red Neuronal Densa,0.1680855004815885,0.9673111111111111,0.10201683640480042
Red Neuronal Densa,0.1682559087204564,0.9673888888888889,0.10156185179948807
Red Neuronal Densa,0.16845965770171148,0.9674666666666667,0.10106568783521652
Red Neuronal Densa,0.1686300659405794,0.9675333333333334,0.10063805431127548
Red Neuronal Densa,0.16879676965251536,0.9675888888888889,0.10034443438053131
Red Neuronal Densa,0.16920797214195749,0.9676444444444444,0.09970410168170929
Red Neuronal Densa,0.16948581166185078,0.9677111111111111,0.0992439016699791
Red Neuronal Densa,0.16971178780469734,0.9677814814814815,0.09886832535266876
Red Neuronal Densa,0.16996369563606728,0.9678444444444444,0.09840890765190125
Red Neuronal Densa,0.17022301252130104,0.9678925925925926,0.09796261787414551
Red Neuronal Densa,0.17043046602948803,0.967937037037037,0.09760038554668427
Red Neuronal Densa,0.1706934874416537,0.9679962962962962,0.09712401777505875
Red Neuronal Densa,0.17094169074609172,0.9680518518518518,0.09676970541477203
Red Neuronal Densa,0.1712491664814403,0.9681111111111111,0.09629689902067184
Red Neuronal Densa,0.17145661998962733,0.9681814814814815,0.09600494801998138
Red Neuronal Densa,0.17180114099429503,0.9682555555555555,0.0953826978802681
Red Neuronal Densa,0.17204193524486924,0.9683037037037037,0.09503740817308426
Red Neuronal Densa,0.1723049566570349,0.9683518518518518,0.09450997412204742
Red Neuronal Densa,0.17255686448840482,0.9684037037037037,0.09407071769237518
Red Neuronal Densa,0.17280136326591095,0.9684666666666667,0.09362174570560455
Red Neuronal Densa,0.17303845298955323,0.9685111111111111,0.093095563352108
Red Neuronal Densa,0.17330888345558274,0.9685666666666667,0.09257151931524277
Red Neuronal Densa,0.17351633696376972,0.9686333333333333,0.0921652540564537
Red Neuronal Densa,0.1738867896569608,0.9687259259259259,0.09161419421434402
Red Neuronal Densa,0.1741646291768541,0.9687666666666667,0.09119894355535507
Red Neuronal Densa,0.17434985552344964,0.9688814814814815,0.09087269753217697
Red Neuronal Densa,0.1746388086241387,0.9689481481481481,0.09044431895017624
Red Neuronal Densa,0.17493887530562346,0.9690074074074074,0.08994287252426147
Red Neuronal Densa,0.17526487367563162,0.969062962962963,0.08947854489088058
Red Neuronal Densa,0.1755056679262058,0.969125925925926,0.08912089467048645
Red Neuronal Densa,0.17572423501518855,0.9692,0.08873964101076126
Red Neuronal Densa,0.17603171075053717,0.9692555555555555,0.0883297473192215
Red Neuronal Densa,0.17631695932429428,0.9693074074074074,0.08802666515111923
Red Neuronal Densa,0.1765577535748685,0.9693814814814815,0.087674081325531
Red Neuronal Densa,0.1767985478254427,0.9694407407407407,0.08738099038600922
Red Neuronal Densa,0.1769726605912425,0.9695,0.08715417981147766
Red Neuronal Densa,0.1771801140994295,0.9695592592592592,0.08685628324747086
Red Neuronal Densa,0.17740609024227605,0.9696259259259259,0.08662468940019608
Red Neuronal Densa,0.17758020300807587,0.9696851851851852,0.0864185243844986
Red Neuronal Densa,0.17785433800103725,0.9697296296296296,0.08619151264429092
Red Neuronal Densa,0.17806179150922427,0.9697777777777777,0.08593108505010605
Red Neuronal Densa,0.17829888123286655,0.969825925925926,0.08566035330295563
Red Neuronal Densa,0.17849892568718975,0.9698740740740741,0.08543886989355087
Red Neuronal Densa,0.1789953322960658,0.969925925925926,0.08492160588502884
Red Neuronal Densa,0.17924724012743573,0.9699814814814814,0.08468664437532425
Red Neuronal Densa,0.1795139660665333,0.9700296296296296,0.08443045616149902
Red Neuronal Densa,0.17991775950211158,0.9700703703703704,0.08402106165885925
Red Neuronal Densa,0.18131436615544194,0.9703407407407407,0.08378835767507553
Red Neuronal Densa,0.1815070015559013,0.9704222222222222,0.08357065171003342
Red Neuronal Densa,0.1819478402607987,0.9704777777777778,0.08310181647539139
Red Neuronal Densa,0.18221456619989626,0.9705259259259259,0.0828588530421257
Red Neuronal Densa,0.18247388308513002,0.9705851851851852,0.08258285373449326
Red Neuronal Densa,0.18278506334741054,0.9706296296296296,0.08229349553585052
Red Neuronal Densa,0.1831147662443506,0.9706888888888889,0.08200530707836151
Red Neuronal Densa,0.18357783211083945,0.9707296296296296,0.08164599537849426
Red Neuronal Densa,0.18394458027709862,0.9707703703703704,0.08138792216777802
Red Neuronal Densa,0.18433726013188115,0.9708222222222223,0.08108051866292953
Red Neuronal Densa,0.1847299399866637,0.9708851851851852,0.08071274310350418
Red Neuronal Densa,0.1850040749796251,0.9709296296296296,0.0805080235004425
Red Neuronal Densa,0.18531525524190562,0.9709740740740741,0.08024176210165024
Red Neuronal Densa,0.18568200340816476,0.9710296296296296,0.07997414469718933
Red Neuronal Densa,0.18607838778987923,0.9710814814814814,0.0796506330370903
Red Neuronal Densa,0.18673779358375936,0.9711444444444445,0.07915536314249039
Red Neuronal Densa,0.1871638141809291,0.9711925925925926,0.07879508286714554
Red Neuronal Densa,0.18745276728161814,0.971237037037037,0.07857093960046768
Red Neuronal Densa,0.1877120841668519,0.9712851851851851,0.07835336774587631
Red Neuronal Densa,0.1880566051715196,0.9713333333333334,0.07809585332870483
Red Neuronal Densa,0.18844187597243833,0.9713925925925926,0.07780002802610397
Red Neuronal Densa,0.18879751055790175,0.9714407407407407,0.07752274721860886
Red Neuronal Densa,0.18917537230495665,0.9715,0.07725683599710464
Red Neuronal Densa,0.1895976883751945,0.9715444444444444,0.07693035155534744
Red Neuronal Densa,0.18993109579906645,0.9716037037037037,0.07666532695293427
Red Neuronal Densa,0.1901904126843002,0.9716555555555556,0.07645699381828308
Red Neuronal Densa,0.19051641105430836,0.9717074074074074,0.0762651339173317
Red Neuronal Densa,0.19082759131658888,0.9717592592592592,0.0760420486330986
Red Neuronal Densa,0.191112839890346,0.9718,0.07588203251361847
Red Neuronal Densa,0.19140920204489886,0.9718740740740741,0.07566644251346588
Red Neuronal Densa,0.19164629176854114,0.9719111111111111,0.07554439455270767
Red Neuronal Densa,0.19192783581536638,0.9719592592592593,0.075398750603199
Red Neuronal Densa,0.19222049344298733,0.9720111111111112,0.07522139698266983
Red Neuronal Densa,0.1925131510706083,0.9720814814814814,0.07498309761285782
Red Neuronal Densa,0.1928613766022079,0.9721333333333333,0.07475955039262772
Red Neuronal Densa,0.19323553382233088,0.9721925925925926,0.07453211396932602
Red Neuronal Densa,0.19357635030006667,0.972237037037037,0.07434145361185074
Red Neuronal Densa,0.19385418981996,0.9722888888888889,0.07417115569114685
Red Neuronal Densa,0.1941950062976958,0.9723296296296297,0.07396409660577774
Red Neuronal Densa,0.19467289027191229,0.9723777777777778,0.07371929287910461
Red Neuronal Densa,0.1950248203304438,0.9724407407407407,0.07353200018405914
Red Neuronal Densa,0.1955360450470475,0.9724777777777778,0.07330778986215591
Red Neuronal Densa,0.19602874712899163,0.9725296296296296,0.07308880984783173
Red Neuronal Densa,0.1963954952952508,0.9725777777777778,0.07290969043970108
Red Neuronal Densa,0.1967103800844632,0.9726333333333333,0.07274530827999115
Red Neuronal Densa,0.19723271838186263,0.9726888888888889,0.07246538996696472
Red Neuronal Densa,0.19757723938653035,0.9727407407407408,0.07232195883989334
Red Neuronal Densa,0.19791435133733423,0.9727925925925925,0.07217081636190414
Red Neuronal Densa,0.19816996369563608,0.9728629629629629,0.07205522060394287
Red Neuronal Densa,0.19837741720382307,0.9729148148148148,0.0719466358423233
Red Neuronal Densa,0.19861450692746535,0.9729740740740741,0.07180272042751312
Red Neuronal Densa,0.19892198266281397,0.9730185185185185,0.07168615609407425
Red Neuronal Densa,0.19929243535600505,0.9730740740740741,0.07154902815818787
Red Neuronal Densa,0.19952952507964733,0.9731222222222222,0.07144545018672943
Red Neuronal Densa,0.1998555234496555,0.973162962962963,0.0713300034403801
Red Neuronal Densa,0.2001778172927317,0.9732148148148149,0.07117605209350586
Red Neuronal Densa,0.20052233829739943,0.9732703703703703,0.07103462517261505
Red Neuronal Densa,0.20096688152922873,0.9733111111111111,0.07087581604719162
Red Neuronal Densa,0.2012669482107135,0.9733481481481482,0.07073261588811874
Red Neuronal Densa,0.20179669556197674,0.9733888888888889,0.07053294032812119
Red Neuronal Densa,0.20223382973994222,0.9734296296296296,0.07036810368299484
Red Neuronal Densa,0.20282655404904792,0.9734703703703703,0.07016736268997192
Red Neuronal Densa,0.20321923390383048,0.9735148148148148,0.07003077864646912
Red Neuronal Densa,0.20358227754315775,0.9735555555555555,0.06990996748209
Red Neuronal Densa,0.2039823664518041,0.9736111111111111,0.06978010386228561
Red Neuronal Densa,0.20444172779136105,0.9736481481481482,0.0696253851056099
Red Neuronal Densa,0.20478995332296066,0.9736925925925926,0.06950300931930542
Red Neuronal Densa,0.2050789064236497,0.9737370370370371,0.06940727680921555
Red Neuronal Densa,0.20550122249388753,0.9737888888888889,0.06929367035627365
Red Neuronal Densa,0.2062791731495888,0.9738296296296296,0.06904250383377075
Red Neuronal Densa,0.2066236941542565,0.9738666666666667,0.06891634315252304
Red Neuronal Densa,0.2070015559013114,0.9739037037037037,0.06879499554634094
Red Neuronal Densa,0.20753500777950656,0.9739481481481481,0.06864738464355469
Red Neuronal Densa,0.20787582425724235,0.974,0.06853789836168289
Red Neuronal Densa,0.20833518559679928,0.9740444444444445,0.06843163073062897
Red Neuronal Densa,0.20875750166703713,0.9740851851851852,0.06829844415187836
Red Neuronal Densa,0.2094724753648959,0.974137037037037,0.06806904077529907
Red Neuronal Densa,0.20969845150774247,0.9741814814814814,0.06799659132957458
Red Neuronal Densa,0.21003556345854635,0.9742407407407407,0.06787966191768646
Red Neuronal Densa,0.21031340297843965,0.9742962962962963,0.06778695434331894
Red Neuronal Densa,0.2106060606060606,0.9743444444444445,0.06768809258937836
Red Neuronal Densa,0.21090612728754538,0.9743925925925926,0.06760625541210175
Red Neuronal Densa,0.21119137586130252,0.9744481481481482,0.06751316040754318
Red Neuronal Densa,0.21158405571608505,0.9745037037037036,0.06739767640829086
Red Neuronal Densa,0.2118804178706379,0.9745518518518519,0.06730978935956955
Red Neuronal Densa,0.2121841890790546,0.9745962962962963,0.06722644716501236
Red Neuronal Densa,0.21253982366451804,0.9746444444444444,0.06711328029632568
Red Neuronal Densa,0.2129325035193006,0.9746925925925926,0.06700673699378967
Red Neuronal Densa,0.21319552493146626,0.9747370370370371,0.06691963225603104
Red Neuronal Densa,0.21370304512113802,0.9747814814814815,0.06676703691482544
Red Neuronal Densa,0.21408090686819292,0.9748296296296296,0.06666242331266403
Red Neuronal Densa,0.2144809957768393,0.9749,0.06653204560279846
Red Neuronal Densa,0.21490701637400905,0.9749555555555556,0.06641637533903122
Red Neuronal Densa,0.21517374231310663,0.9749962962962962,0.06635526567697525
Red Neuronal Densa,0.2154775135215233,0.9750444444444445,0.06627140939235687
Red Neuronal Densa,0.2159553974957398,0.9750740740740741,0.06620721518993378
Red Neuronal Densa,0.21625546417722458,0.9751222222222222,0.0661182552576065
Red Neuronal Densa,0.21672223457064532,0.9751666666666666,0.06600375473499298
Red Neuronal Densa,0.2173297769874787,0.9752074074074074,0.06584705412387848
Red Neuronal Densa,0.21783729717715047,0.9752407407407407,0.06573580205440521
Red Neuronal Densa,0.21820034081647774,0.9752925925925926,0.06563118100166321
Red Neuronal Densa,0.21867452026376233,0.9753481481481482,0.0655246302485466
Red Neuronal Densa,0.21904126843002147,0.9753851851851851,0.06542980670928955
Red Neuronal Densa,0.21935985774616582,0.9754222222222222,0.06536253541707993
Red Neuronal Densa,0.2198340371934504,0.9754703703703703,0.06523770093917847
Red Neuronal Densa,0.22022671704823293,0.9755111111111111,0.06513954699039459
Red Neuronal Densa,0.220556419945173,0.9755592592592592,0.06505336612462997
Red Neuronal Densa,0.22276431799659183,0.9756074074074074,0.06494761258363724
Red Neuronal Densa,0.22310513447432762,0.9756592592592592,0.06486716121435165
Red Neuronal Densa,0.22343483737126768,0.9757074074074074,0.06479330360889435
Red Neuronal Densa,0.2239571756686671,0.9757592592592592,0.06466343253850937
Red Neuronal Densa,0.22449062754686228,0.9758074074074075,0.06450527161359787
Red Neuronal Densa,0.2249759205749426,0.9758370370370371,0.0643758773803711
Red Neuronal Densa,0.22541675927983995,0.9758814814814815,0.06426910310983658
Red Neuronal Densa,0.22585759798473734,0.975937037037037,0.06414666771888733
Red Neuronal Densa,0.22632807290509002,0.9759777777777778,0.06404409557580948
Red Neuronal Densa,0.22686893383714898,0.9760592592592593,0.06399258226156235
Red Neuronal Densa,0.22729124990738683,0.976137037037037,0.06391500681638718
Red Neuronal Densa,0.22767281618137364,0.9761740740740741,0.06385649740695953
Red Neuronal Densa,0.22791731495887976,0.9762259259259259,0.06381315737962723
Red Neuronal Densa,0.22832110839445802,0.9762555555555555,0.06370790302753448
Red Neuronal Densa,0.22868415203378528,0.9763185185185185,0.06361847370862961
Red Neuronal Densa,0.22899162776913387,0.9763518518518518,0.0635337308049202
Red Neuronal Densa,0.2293768985700526,0.9763962962962963,0.06342203915119171
Red Neuronal Densa,0.22988812328665628,0.9764407407407407,0.06326441466808319
Red Neuronal Densa,0.2305697562421279,0.9764703703703703,0.06311089545488358
Red Neuronal Densa,0.23094020893531897,0.9765074074074074,0.0630192831158638
Red Neuronal Densa,0.2314625472327184,0.9765444444444444,0.06290885806083679
Red Neuronal Densa,0.23182559087204563,0.9765814814814815,0.06283525377511978
Red Neuronal Densa,0.2321923390383048,0.9766074074074074,0.06279537081718445
Red Neuronal Densa,0.23252945098910868,0.9766518518518519,0.06272992491722107
Red Neuronal Densa,0.23281469956286582,0.9766851851851852,0.06268006563186646
Red Neuronal Densa,0.2332147884715122,0.9767111111111111,0.06261657178401947
Red Neuronal Densa,0.2339445802770986,0.9767296296296296,0.06250716745853424
Red Neuronal Densa,0.23456694080165963,0.9767555555555556,0.06236464902758598
Red Neuronal Densa,0.23502259761428465,0.9767777777777777,0.062259867787361145
Red Neuronal Densa,0.23561532192339038,0.9768,0.06213739141821861
Red Neuronal Densa,0.23615618285544937,0.9768296296296296,0.06203026697039604
Red Neuronal Densa,0.23681188412239756,0.9768666666666667,0.06189420446753502
Red Neuronal Densa,0.2371230643846781,0.9769037037037037,0.06183841824531555
Red Neuronal Densa,0.23728235904275025,0.9769592592592593,0.06178963929414749
Red Neuronal Densa,0.23764910720900942,0.977,0.061698514968156815
Red Neuronal Densa,0.23807883233311106,0.9770333333333333,0.06158756837248802
Red Neuronal Densa,0.23855301178039565,0.9770666666666666,0.061489976942539215
Red Neuronal Densa,0.2388456694080166,0.9771074074074074,0.0614183135330677
Red Neuronal Densa,0.2392568718974587,0.977125925925926,0.06132713705301285
Red Neuronal Densa,0.23958287026746686,0.977162962962963,0.0612308494746685
Red Neuronal Densa,0.239908868637475,0.9771962962962963,0.06113839149475098
Red Neuronal Densa,0.24026450322293844,0.9772259259259259,0.06103646755218506
Red Neuronal Densa,0.2405979106468104,0.9772666666666666,0.06091196835041046
Red Neuronal Densa,0.24092390901681857,0.9772814814814815,0.06081654503941536
Red Neuronal Densa,0.24124249833296288,0.9773296296296297,0.06072179973125458
Red Neuronal Densa,0.24177595021115802,0.977362962962963,0.06054886057972908
Red Neuronal Densa,0.24223160702378307,0.9774,0.06038414686918259
Red Neuronal Densa,0.2426242868785656,0.9774592592592592,0.06023348122835159
Red Neuronal Densa,0.24297621693709714,0.9775111111111111,0.06011062115430832
Red Neuronal Densa,0.24330221530710527,0.9775407407407407,0.05998319759964943
Red Neuronal Densa,0.24364303178484106,0.9775814814814815,0.05984566733241081
Red Neuronal Densa,0.24403571163962362,0.9776148148148148,0.05968520790338516
Red Neuronal Densa,0.24442098244054233,0.9776444444444444,0.05954831838607788
Red Neuronal Densa,0.24476550344521006,0.9776703703703704,0.05944819375872612
Red Neuronal Densa,0.24505075201896717,0.9777185185185185,0.059354960918426514
Red Neuronal Densa,0.24537675038897533,0.9777851851851852,0.05923425033688545
Red Neuronal Densa,0.24583240720160035,0.9778296296296296,0.059111807495355606
Red Neuronal Densa,0.24612876935615322,0.9778703703703704,0.059018589556217194
Red Neuronal Densa,0.2465399718455953,0.9778962962962963,0.05889124795794487
Red Neuronal Densa,0.247010446765948,0.977937037037037,0.05870719254016876
Red Neuronal Densa,0.2473957175668667,0.9779740740740741,0.058580540120601654
Red Neuronal Densa,0.24789212417574275,0.978,0.05841883644461632
Red Neuronal Densa,0.24832925835370823,0.978037037037037,0.05827243626117706
Red Neuronal Densa,0.24885159665110765,0.9780851851851852,0.05810511112213135
Red Neuronal Densa,0.24925168555975402,0.9781111111111112,0.05800550803542137
Red Neuronal Densa,0.24962954730680892,0.9781407407407408,0.057923439890146255
Red Neuronal Densa,0.25008149959250203,0.978162962962963,0.057821959257125854
Red Neuronal Densa,0.2503111802622805,0.9781962962962963,0.05775432661175728
Red Neuronal Densa,0.25056679262058235,0.9782222222222222,0.05768623575568199
Red Neuronal Densa,0.25085945024820333,0.978262962962963,0.05760366842150688
Red Neuronal Densa,0.25111135807957324,0.9783074074074074,0.05751688778400421
Red Neuronal Densa,0.25138549307253466,0.9783481481481482,0.05743709206581116
Red Neuronal Densa,0.2516855597540194,0.9783703703703703,0.05736636370420456
Red Neuronal Densa,0.2520300807586871,0.9783851851851851,0.0573108047246933
Red Neuronal Densa,0.2523412610209676,0.9784,0.05725604668259621
Red Neuronal Densa,0.2528932355338223,0.9784259259259259,0.05708981305360794
Red Neuronal Densa,0.2533451878195154,0.9788333333333333,0.05703035369515419
Red Neuronal Densa,0.25358227754315776,0.9788666666666667,0.056950874626636505
Red Neuronal Densa,0.2539230940208935,0.9789111111111111,0.05686776340007782
Red Neuronal Densa,0.2542157516485145,0.978937037037037,0.056805163621902466
Red Neuronal Densa,0.2545639771801141,0.9789888888888889,0.056679852306842804
Red Neuronal Densa,0.2548751574423946,0.9790333333333333,0.05658966675400734
Red Neuronal Densa,0.2551159516929688,0.9790777777777778,0.05651561915874481
Red Neuronal Densa,0.2555345632362747,0.9791111111111112,0.05641413480043411
Red Neuronal Densa,0.2557531303252575,0.9791518518518518,0.05636369064450264
Red Neuronal Densa,0.2559642883603764,0.9792,0.05630280077457428
Red Neuronal Densa,0.2585870934281692,0.9792444444444445,0.056202881038188934
Red Neuronal Densa,0.25904275024079426,0.9795555555555555,0.056083787232637405
Red Neuronal Densa,0.2593391123953471,0.9796,0.056016381829977036
Red Neuronal Densa,0.2597132696154701,0.9796370370370371,0.05591566488146782
Red Neuronal Densa,0.26000963177002295,0.979674074074074,0.055840056389570236
Red Neuronal Densa,0.2601615173742313,0.9797259259259259,0.0558023527264595
Red Neuronal Densa,0.26045417500185225,0.9797851851851852,0.05573732405900955
Red Neuronal Densa,0.2607171964140179,0.9798296296296296,0.055681902915239334
Red Neuronal Densa,0.26099133140697933,0.9798814814814815,0.055622536689043045
Red Neuronal Densa,0.26113951248425576,0.9799407407407408,0.05559298396110535
Red Neuronal Densa,0.2612876935615322,0.98,0.05556092411279678
Red Neuronal Densa,0.2615136697043787,0.9800629629629629,0.05550628527998924
Red Neuronal Densa,0.2617581684818849,0.9801,0.05544998124241829
Red Neuronal Densa,0.2619693265170038,0.9801592592592593,0.05539846420288086
Red Neuronal Densa,0.26222864340223756,0.9802111111111111,0.05533995106816292
Red Neuronal Densa,0.2623694154256501,0.980262962962963,0.05530095845460892
Red Neuronal Densa,0.2625027783951989,0.9803111111111111,0.055256668478250504
Red Neuronal Densa,0.27899533229606577,0.981437037037037,0.05517692118883133
Red Neuronal Densa,0.27932873971993777,0.9814777777777778,0.05509455129504204
Red Neuronal Densa,0.27974364673631175,0.9815185185185186,0.05500081181526184
Red Neuronal Densa,0.28021041712973255,0.9815703703703703,0.054904259741306305
Red Neuronal Densa,0.28059939245758314,0.9816037037037038,0.054821256548166275
Red Neuronal Densa,0.2808920500852041,0.9816444444444444,0.0547669418156147
Red Neuronal Densa,0.2812958435207824,0.9816851851851852,0.05468815565109253
Red Neuronal Densa,0.2818589316144328,0.9817370370370371,0.05456366389989853
Red Neuronal Densa,0.28228124768467067,0.9817777777777777,0.05449944734573364
Red Neuronal Densa,0.28265910943172556,0.9818111111111111,0.05443735048174858
Red Neuronal Densa,0.2830851300288953,0.9818407407407408,0.054358355700969696
Red Neuronal Densa,0.28341483292583536,0.9818740740740741,0.054290227591991425
Red Neuronal Densa,0.2839223531155072,0.9819111111111111,0.054207928478717804
Red Neuronal Densa,0.2843150329702897,0.9819518518518519,0.05413075536489487
Red Neuronal Densa,0.2846632585018893,0.9819851851851852,0.05407381430268288
Red Neuronal Densa,0.28488182559087205,0.9820185185185185,0.054031986743211746
Red Neuronal Densa,0.28531895976883753,0.9820444444444445,0.05394662916660309
Red Neuronal Densa,0.2856227309772542,0.9820851851851852,0.05389510467648506
Red Neuronal Densa,0.2860783877898792,0.982125925925926,0.05381437763571739
Red Neuronal Densa,0.2864303178484108,0.9821666666666666,0.05374268814921379
Red Neuronal Densa,0.2866896347336445,0.9822444444444445,0.053681883960962296
Red Neuronal Densa,0.28712306438467805,0.9822740740740741,0.05361109972000122
Red Neuronal Densa,0.28746388086241387,0.9823,0.053556326776742935
Red Neuronal Densa,0.2877046751129881,0.9823296296296297,0.05351468175649643
Red Neuronal Densa,0.2880973549677706,0.9823592592592593,0.05344615504145622
Red Neuronal Densa,0.2884270578647107,0.9823962962962963,0.053385693579912186
Red Neuronal Densa,0.2887715788693784,0.9824333333333334,0.05333077535033226
Red Neuronal Densa,0.2890049640660888,0.9824703703703703,0.05328981205821037
Red Neuronal Densa,0.28937541675927986,0.9825037037037037,0.05323000252246857
Red Neuronal Densa,0.28961250648292214,0.9825444444444444,0.05318555608391762
Red Neuronal Densa,0.2898792324220197,0.9825814814814815,0.0531432144343853
Red Neuronal Densa,0.29023486700748313,0.9826111111111111,0.053087860345840454
Red Neuronal Densa,0.2906238423353338,0.9826407407407407,0.05302879586815834
Red Neuronal Densa,0.2912091575905757,0.9826777777777778,0.05295320972800255
Red Neuronal Densa,0.29152404237978813,0.9827074074074074,0.052904509007930756
Red Neuronal Densa,0.2917722456842261,0.9827481481481481,0.052875321358442307
Red Neuronal Densa,0.29208342594650666,0.9827851851851852,0.052831459790468216
Red Neuronal Densa,0.2923242201970808,0.9828370370370371,0.052795857191085815
Red Neuronal Densa,0.29267985478254427,0.9828629629629629,0.05275709554553032
Red Neuronal Densa,0.29294658072164187,0.9828962962962963,0.052725329995155334
Red Neuronal Densa,0.29339482848040305,0.982925925925926,0.05265488848090172
Red Neuronal Densa,0.29376898570052606,0.9829444444444444,0.052605487406253815
Red Neuronal Densa,0.29408387048973844,0.9829666666666667,0.05256740376353264
Red Neuronal Densa,0.294476550344521,0.983,0.052513379603624344
Red Neuronal Densa,0.294850707564644,0.9830296296296296,0.05245915800333023
Red Neuronal Densa,0.29525079647329033,0.9830592592592593,0.052404262125492096
Red Neuronal Densa,0.2955434541009113,0.9830851851851852,0.05236748233437538
Red Neuronal Densa,0.295973179225013,0.9831111111111112,0.052317190915346146
Red Neuronal Densa,0.29643994961843373,0.9831333333333333,0.05225811153650284
Red Neuronal Densa,0.2967103800844632,0.9831851851851852,0.052225496619939804
Red Neuronal Densa,0.2971882640586797,0.9832074074074074,0.05217479541897774
Red Neuronal Densa,0.29764762539823664,0.9832407407407407,0.05211586505174637
Red Neuronal Densa,0.29809587315699787,0.9832666666666666,0.05206282064318657
Red Neuronal Densa,0.29858487071201006,0.9832851851851852,0.052010856568813324
Red Neuronal Densa,0.2989405052974735,0.9833074074074074,0.051965899765491486
Red Neuronal Densa,0.2992257538712306,0.9833518518518518,0.05193614214658737
Red Neuronal Densa,0.2995110024449878,0.9833888888888889,0.051906030625104904
Red Neuronal Densa,0.29973327406090244,0.9834407407407407,0.05187472701072693
Red Neuronal Densa,0.29994443209602134,0.9834814814814815,0.051847562193870544
Red Neuronal Densa,0.30038897532785064,0.9835185185185186,0.05179484561085701
Red Neuronal Densa,0.30076683707490554,0.9835444444444444,0.051739402115345
Red Neuronal Densa,0.3014077202341261,0.9835592592592592,0.051636453717947006
Red Neuronal Densa,0.3807142327924724,0.9857444444444444,0.0515405647456646
Red Neuronal Densa,0.38125509372453137,0.985774074074074,0.051184359937906265
Red Neuronal Densa,0.3816959324294288,0.9858074074074074,0.050901271402835846
Red Neuronal Densa,0.38217011187671335,0.9858814814814815,0.050655607134103775
Red Neuronal Densa,0.3825516781507002,0.9859296296296296,0.05046303942799568
Red Neuronal Densa,0.3830184485441209,0.9859518518518519,0.05024834722280502
Red Neuronal Densa,0.383596354745499,0.9859962962962963,0.04991694539785385
Red Neuronal Densa,0.38420019263540045,0.9860444444444444,0.04953013360500336
Red Neuronal Densa,0.3846150996517745,0.9861,0.04933539405465126
Red Neuronal Densa,0.3850003704526932,0.9861333333333333,0.049163173884153366
Red Neuronal Densa,0.3855115951692969,0.9861703703703704,0.04886946454644203
Red Neuronal Densa,0.38589316144328367,0.9862111111111111,0.04870305955410004
Red Neuronal Densa,0.38635622730977254,0.9862333333333333,0.04841679334640503
Red Neuronal Densa,0.38676742979921463,0.986262962962963,0.0481577105820179
Red Neuronal Densa,0.38717863228865673,0.9863111111111111,0.047832656651735306
Red Neuronal Densa,0.38752315329332443,0.9863333333333333,0.047635436058044434
Red Neuronal Densa,0.3878195154478773,0.9863666666666666,0.047483425587415695
Red Neuronal Densa,0.38831962658368524,0.9863925925925926,0.047297459095716476
Red Neuronal Densa,0.4231051344743276,0.9930592592592593,0.04718272387981415
Red Neuronal Densa,0.42341261020967624,0.9931185185185185,0.04690217599272728
Red Neuronal Densa,0.4239275394532118,0.9931592592592593,0.0465955026447773
Red Neuronal Densa,0.42437949173890493,0.9932037037037037,0.046335455030202866
Red Neuronal Densa,0.4249425798325554,0.9932296296296297,0.046042706817388535
Red Neuronal Densa,0.4255464177224568,0.993262962962963,0.04578400030732155
Red Neuronal Densa,0.4262502778395199,0.9933,0.04553082957863808
Red Neuronal Densa,0.4271430688301104,0.9933333333333333,0.04521532729268074
Red Neuronal Densa,0.42778024746239907,0.9933740740740741,0.044853296130895615
Red Neuronal Densa,0.4281321775209306,0.9934407407407407,0.04462401941418648
Red Neuronal Densa,0.4335593094761799,0.9934777777777778,0.044174086302518845
Red Neuronal Densa,0.43433355560494924,0.9935148148148149,0.04373426362872124
Red Neuronal Densa,0.4352115284878121,0.9935518518518518,0.04325460270047188
Red Neuronal Densa,0.4357783211083945,0.9936148148148148,0.042907215654850006
Red Neuronal Densa,0.4363043639327258,0.9936555555555555,0.04264974966645241
Red Neuronal Densa,0.4403311847077128,0.9939074074074075,0.04243107885122299
Red Neuronal Densa,0.44152774690672003,0.9939629629629629,0.04192288964986801
Red Neuronal Densa,0.4418167000074091,0.9940185185185185,0.041693802922964096
Red Neuronal Densa,0.4419759946654812,0.9940703703703704,0.04156944155693054
Red Neuronal Densa,0.44308364821812257,0.9941185185185185,0.04084775224328041
Red Neuronal Densa,0.4437875083351856,0.9941555555555556,0.04036673903465271
Red Neuronal Densa,0.44462843594872936,0.9942,0.039906904101371765
Red Neuronal Densa,0.4454471364006816,0.9942518518518518,0.03946026414632797
Red Neuronal Densa,0.44630658664888495,0.9942888888888889,0.03910399228334427
Red Neuronal Densa,0.4470660146699266,0.9943407407407407,0.03881318122148514
Red Neuronal Densa,0.4475550122249389,0.9944,0.0386422760784626
Red Neuronal Densa,0.4481995999110914,0.9944481481481482,0.03843795135617256
Red Neuronal Densa,0.4487182336815589,0.9944962962962963,0.03824525699019432
Red Neuronal Densa,0.45035563458546346,0.9945555555555555,0.037993911653757095
Red Neuronal Densa,0.4511335852411647,0.9945851851851852,0.037783727049827576
Red Neuronal Densa,0.45201155812402755,0.994637037037037,0.03751464560627937
Red Neuronal Densa,0.45273394087575014,0.9946888888888888,0.03717618063092232
Red Neuronal Densa,0.4536674816625917,0.9947259259259259,0.03677019849419594
Red Neuronal Densa,0.45482699859227976,0.9947814814814815,0.03640076890587807
Red Neuronal Densa,0.45568274431355116,0.9948259259259259,0.03605170547962189
Red Neuronal Densa,0.45646439949618434,0.9948777777777777,0.03573308885097504
Red Neuronal Densa,0.45742757649848115,0.9949222222222223,0.035373397171497345
Red Neuronal Densa,0.45850188930873526,0.9949666666666667,0.03495397791266441
Red Neuronal Densa,0.4593687486108024,0.9950148148148148,0.03453763946890831
Red Neuronal Densa,0.46016892642809515,0.9950629629629629,0.03408368304371834
Red Neuronal Densa,0.461087649107209,0.9950925925925926,0.03355291485786438
Red Neuronal Densa,0.4614914425427873,0.995125925925926,0.03340597450733185
Red Neuronal Densa,0.46196562199007185,0.9951740740740741,0.03334940969944
Red Neuronal Densa,0.46241016522190115,0.9951962962962962,0.033160462975502014
Red Neuronal Densa,0.4633177743202193,0.9952407407407408,0.03276301175355911
Red Neuronal Densa,0.46474772171593687,0.9952851851851852,0.03216273710131645
Red Neuronal Densa,0.46527746906720013,0.995337037037037,0.0318848118185997
Red Neuronal Densa,0.46572942135289325,0.9953851851851852,0.03162624314427376
Red Neuronal Densa,0.4660183744535823,0.9954333333333333,0.03146880492568016
Red Neuronal Densa,0.4666666666666667,0.9954814814814815,0.031161902472376823
Red Neuronal Densa,0.4678113654886271,0.9955296296296297,0.0305937509983778
Red Neuronal Densa,0.46927835815366375,0.9955703703703703,0.029954735189676285
Red Neuronal Densa,0.47014151292879897,0.9956111111111111,0.029426883906126022
Red Neuronal Densa,0.47150107431281024,0.9956518518518519,0.028757935389876366
Red Neuronal Densa,0.4724531377343113,0.9957037037037038,0.028307810425758362
Red Neuronal Densa,0.47345706453285913,0.9957333333333334,0.027934527024626732
Red Neuronal Densa,0.47500555679039785,0.9958037037037037,0.027648521587252617
Red Neuronal Densa,0.47599466548121805,0.9958370370370371,0.02727505750954151
Red Neuronal Densa,0.4764355041861154,0.9958851851851852,0.027057413011789322
Red Neuronal Densa,0.47696154701044674,0.9959333333333333,0.026787439361214638
Red Neuronal Densa,0.4777283840853523,0.9959703703703704,0.026446381583809853
Red Neuronal Densa,0.4785470845373046,0.9960185185185185,0.02610466629266739
Red Neuronal Densa,0.4797140105208565,0.9960629629629629,0.025731265544891357
Red Neuronal Densa,0.4836556271764096,0.9961814814814814,0.025436699390411377
Red Neuronal Densa,0.4841446247314218,0.9962296296296296,0.02519064024090767
Red Neuronal Densa,0.48549677706156924,0.9962851851851852,0.024637017399072647
Red Neuronal Densa,0.48615618285544937,0.9963296296296297,0.0244162455201149
Red Neuronal Densa,0.4869859968881974,0.9963740740740741,0.02415783889591694
Red Neuronal Densa,0.48791212862117506,0.9964222222222222,0.023953547701239586
Red Neuronal Densa,0.48920130399348005,0.9964555555555555,0.02364061214029789
Red Neuronal Densa,0.4902793213306661,0.9965,0.023395171388983727
Red Neuronal Densa,0.4920056308809365,0.9965481481481482,0.02300086058676243
Red Neuronal Densa,0.4933429651033563,0.9966,0.02273297682404518
Red Neuronal Densa,0.49452470919463587,0.9966444444444444,0.0225242767482996
Red Neuronal Densa,0.49541009113136253,0.9966925925925926,0.02241276018321514
Red Neuronal Densa,0.4972475364895903,0.9967259259259259,0.022221647202968597
Red Neuronal Densa,0.49871082462769506,0.9969,0.022127753123641014
Red Neuronal Densa,0.5005927243091057,0.9969296296296296,0.022020170465111732
Red Neuronal Densa,0.5021930799436912,0.9969703703703704,0.02191694639623165
Red Neuronal Densa,0.503860117063051,0.9969925925925925,0.02175794169306755
Red Neuronal Densa,0.5056605171519597,0.9970333333333333,0.021462196484208107
Red Neuronal Densa,0.5079388012150848,0.9970666666666667,0.02108783647418022
Red Neuronal Densa,0.5089167963251093,0.9971111111111111,0.020933004096150398
Red Neuronal Densa,0.5100392679854783,0.9971740740740741,0.020643530413508415
Red Neuronal Densa,0.5107912869526562,0.9972185185185185,0.020436571910977364
Red Neuronal Densa,0.5119730310439357,0.9972814814814814,0.02020554058253765
Red Neuronal Densa,0.5133548195895384,0.9973148148148148,0.01987408846616745
Red Neuronal Densa,0.5147366081351411,0.9973481481481481,0.019609777256846428
Red Neuronal Densa,0.5170223012521301,0.9974,0.019200339913368225
Red Neuronal Densa,0.5184337260131882,0.9974333333333333,0.018959064036607742
Red Neuronal Densa,0.5202859894791435,0.9974740740740741,0.018588002771139145
Red Neuronal Densa,0.5217492776172483,0.9975185185185185,0.01833380199968815
Red Neuronal Densa,0.5227383863080685,0.9975296296296297,0.01821008138358593
Red Neuronal Densa,0.5236015410832037,0.9975592592592593,0.01808895356953144
Red Neuronal Densa,0.5246239905164111,0.9975888888888889,0.017995472997426987
Red Neuronal Densa,0.5256427354226865,0.9976148148148148,0.01788129098713398
Red Neuronal Densa,0.5321997480921686,0.9978111111111111,0.017804645001888275
Red Neuronal Densa,0.5329851078017337,0.9978259259259259,0.017709339037537575
Red Neuronal Densa,0.5333926057642439,0.9978259259259259,0.017683103680610657
Red Neuronal Densa,0.5341149885159665,0.9978370370370371,0.017626352608203888
Red Neuronal Densa,0.5347929169445061,0.9978407407407407,0.017591875046491623
Red Neuronal Densa,0.5362006371786323,0.9978666666666667,0.017384856939315796
Red Neuronal Densa,0.5397495739794028,0.9980629629629629,0.017131198197603226
Red Neuronal Densa,0.5412721345484182,0.9980925925925926,0.01697867177426815
Red Neuronal Densa,0.5423464473586723,0.9981148148148148,0.016880692914128304
Red Neuronal Densa,0.5435059642883604,0.998137037037037,0.016767477616667747
Red Neuronal Densa,0.5452100466770393,0.9981851851851852,0.0166232381016016
Red Neuronal Densa,0.5472253093279988,0.9982074074074074,0.016466472297906876
Red Neuronal Densa,0.5482329406534785,0.9982444444444445,0.01637307181954384
Red Neuronal Densa,0.5502444987775061,0.9982703703703704,0.016207674518227577
Red Neuronal Densa,0.5521634437282359,0.9983,0.016046319156885147
Red Neuronal Densa,0.5537045269319107,0.9983222222222222,0.015924373641610146
Red Neuronal Densa,0.5546677039342076,0.9983481481481481,0.01586422324180603
Red Neuronal Densa,0.5556012447210491,0.9983851851851852,0.015802688896656036
Red Neuronal Densa,0.5567200118544862,0.9984074074074074,0.015725554898381233
Red Neuronal Densa,0.5584981847818034,0.9984185185185185,0.015639400109648705
Red Neuronal Densa,0.5596095428613767,0.9984333333333333,0.015588564798235893
Red Neuronal Densa,0.5617433503741572,0.9984444444444445,0.01546615082770586
Red Neuronal Densa,0.5631732977698748,0.9984592592592593,0.01531131286174059
Red Neuronal Densa,0.5647588352967327,0.9984925925925926,0.01501344982534647
Red Neuronal Densa,0.5678039564347633,0.9985222222222222,0.014438430778682232
Red Neuronal Densa,0.5693265170037786,0.9985666666666667,0.014147849753499031
Red Neuronal Densa,0.5706564421723346,0.9985962962962963,0.013953998684883118
Red Neuronal Densa,0.5732051567014892,0.9986148148148148,0.01360670942813158
Red Neuronal Densa,0.5751166925983552,0.9986407407407407,0.01337544433772564
Red Neuronal Densa,0.5804104615840557,0.9986592592592592,0.013082247227430344
Red Neuronal Densa,0.5825776098392236,0.9986814814814815,0.012909463606774807
Red Neuronal Densa,0.5859413202933985,0.9986925925925926,0.012694078497588634
Red Neuronal Densa,0.5878787878787879,0.9987037037037036,0.012602873146533966
Red Neuronal Densa,0.589742164925539,0.9987222222222222,0.012523719109594822
Red Neuronal Densa,0.5910498629325035,0.9987259259259259,0.012463687919080257
Red Neuronal Densa,0.5926465140401571,0.9987444444444444,0.012387585826218128
Red Neuronal Densa,0.5941801881899681,0.9987555555555555,0.012317439541220665
Red Neuronal Densa,0.596514040157072,0.998762962962963,0.012212145142257214
Red Neuronal Densa,0.5987071201007631,0.998774074074074,0.01209732424467802
Red Neuronal Densa,0.6012373119952582,0.9987777777777778,0.01199261099100113
Red Neuronal Densa,0.6029969622879159,0.9987962962962963,0.011924965307116508
Red Neuronal Densa,0.6046639994072757,0.9988037037037037,0.011846037581562996
Red Neuronal Densa,0.6059272430910573,0.9988259259259259,0.011774950660765171
Red Neuronal Densa,0.6078313699340594,0.9988555555555556,0.011560560204088688
Red Neuronal Densa,0.6110098540416389,0.9988814814814815,0.011024143546819687
Red Neuronal Densa,0.6131066162851004,0.9989296296296296,0.010795339941978455
Red Neuronal Densa,0.6144847003037712,0.9989592592592592,0.010602706111967564
Red Neuronal Densa,0.6160146699266503,0.9989777777777777,0.010380172170698643
Red Neuronal Densa,0.6187486108024005,0.999,0.010135691612958908
Red Neuronal Densa,0.6202081944135733,0.9990296296296296,0.009930415078997612
Red Neuronal Densa,0.6235719048677484,0.9990518518518519,0.009510462172329426
Red Neuronal Densa,0.6262650959472476,0.9990814814814815,0.009215646423399448
Red Neuronal Densa,0.6292176039119804,0.9990925925925926,0.008951572701334953
Red Neuronal Densa,0.6318070682373861,0.9991037037037037,0.008717280812561512
Red Neuronal Densa,0.6344595095206342,0.9991333333333333,0.008503152057528496
Red Neuronal Densa,0.6368007705416019,0.9991592592592593,0.008319005370140076
Red Neuronal Densa,0.6401681855227087,0.9991703703703704,0.0081344498321414
Red Neuronal Densa,0.6430243757872119,0.9991851851851852,0.007981858216226101
Red Neuronal Densa,0.6452915462695413,0.9992037037037037,0.007858672179281712
Red Neuronal Densa,0.6484107579462103,0.9992296296296296,0.007680050563067198
Red Neuronal Densa,0.6505186337704675,0.9992481481481481,0.007574885152280331
Red Neuronal Densa,0.6527450544565458,0.9992666666666666,0.00748407980427146
Red Neuronal Densa,0.6544195006297696,0.9992814814814814,0.007413407322019339
Red Neuronal Densa,0.6566792620582351,0.9992962962962963,0.007301410660147667
Red Neuronal Densa,0.6599429502852485,0.9993111111111111,0.006993304938077927
Red Neuronal Densa,0.6630695710157812,0.9993333333333333,0.006716583389788866
Red Neuronal Densa,0.6644550640883159,0.9993518518518518,0.006610259413719177
Red Neuronal Densa,0.6670630510483812,0.9993666666666666,0.0064306012354791164
Red Neuronal Densa,0.6697562421278803,0.9993814814814814,0.006258700974285603
Red Neuronal Densa,0.6720975031488479,0.9994,0.006127974484115839
Red Neuronal Densa,0.6736645180410462,0.9994222222222222,0.00603829650208354
Red Neuronal Densa,0.6764947766170261,0.999437037037037,0.005901700351387262
Red Neuronal Densa,0.6783062902867304,0.9994592592592593,0.005829736590385437
Red Neuronal Densa,0.6797918055864266,0.9994777777777778,0.005780520383268595
Red Neuronal Densa,0.6812069348744165,0.9994851851851851,0.005734267644584179
Red Neuronal Densa,0.6834074238719715,0.9995037037037037,0.005670950748026371
Red Neuronal Densa,0.6855190042231607,0.9995111111111111,0.005615212023258209
Red Neuronal Densa,0.6873082907312736,0.9995296296296297,0.005579397547990084
Red Neuronal Densa,0.6888086241386975,0.9995444444444445,0.005549801047891378
Red Neuronal Densa,0.6908127732088613,0.9995592592592593,0.005504271946847439
Red Neuronal Densa,0.6925946506631103,0.9995703703703703,0.0054716370068490505
Red Neuronal Densa,0.6945135956138401,0.9995777777777778,0.005440883804112673
Red Neuronal Densa,0.6960732014521746,0.9995851851851851,0.0054164547473192215
Red Neuronal Densa,0.6973253315551604,0.9996074074074074,0.005398272071033716
Red Neuronal Densa,0.6990553456323627,0.9996222222222222,0.005373892839998007
Red Neuronal Densa,0.700081499592502,0.9996333333333334,0.005358929745852947
Red Neuronal Densa,0.7013929021263985,0.9996555555555555,0.005339508876204491
Red Neuronal Densa,0.7028561902645032,0.999662962962963,0.005318633280694485
Red Neuronal Densa,0.7041379565829443,0.9996814814814815,0.005302946083247662
Red Neuronal Densa,0.705482699859228,0.9996888888888888,0.005285448394715786
Red Neuronal Densa,0.7066199896273246,0.9996962962962963,0.005270557478070259
Red Neuronal Densa,0.7082499814773653,0.9996962962962963,0.005252406932413578
Red Neuronal Densa,0.7100540860932059,0.9997037037037036,0.005230641923844814
Red Neuronal Densa,0.7117989182781359,0.9997037037037036,0.005207267589867115
Red Neuronal Densa,0.7135770912054531,0.9997074074074074,0.0051812478341162205
Red Neuronal Densa,0.7160813514114248,0.9997185185185186,0.005135493353009224
Red Neuronal Densa,0.7184077943246647,0.9997259259259259,0.005060174968093634
Red Neuronal Densa,0.7233422241979699,0.9997333333333334,0.004899400752037764
Red Neuronal Densa,0.7272208638956805,0.9997407407407407,0.004777227528393269
Red Neuronal Densa,0.729695487886197,0.9997444444444444,0.004702545702457428
Red Neuronal Densa,0.73131066162851,0.9997481481481482,0.004666129592806101
Red Neuronal Densa,0.734844780321553,0.9997481481481482,0.004598734900355339
Red Neuronal Densa,0.7364117952137512,0.9997555555555555,0.004556375090032816
Red Neuronal Densa,0.7403793435578276,0.9997777777777778,0.003790056798607111
Red Neuronal Densa,0.7452063421501074,0.9998,0.0032164324074983597
Red Neuronal Densa,0.7488182559087204,0.9998259259259259,0.002899421378970146
Red Neuronal Densa,0.7517300140772023,0.9998407407407407,0.0026461826637387276
Red Neuronal Densa,0.7540897977328295,0.9998518518518519,0.002430613385513425
Red Neuronal Densa,0.7571756686671112,0.9998592592592592,0.0023299918975681067
Red Neuronal Densa,0.7586722975476031,0.9998851851851852,0.0022636796347796917
Red Neuronal Densa,0.8296399199822183,0.9998925925925926,0.002206457545980811
Red Neuronal Densa,0.8315329332444247,0.9999,0.0021527365315705538
Red Neuronal Densa,0.8357042305697563,0.9999074074074074,0.002079992787912488
Red Neuronal Densa,0.8373860857968437,0.9999111111111111,0.0020662767346948385
Red Neuronal Densa,0.8395902793213307,0.9999111111111111,0.0020503723062574863
Red Neuronal Densa,0.842024153515596,0.9999111111111111,0.002031074371188879
Red Neuronal Densa,0.8444506186559976,0.9999111111111111,0.0020081622060388327
Red Neuronal Densa,0.8480366007260873,0.9999185185185185,0.0019133465830236673
Red Neuronal Densa,0.8528635993183671,0.9999222222222223,0.0018070562509819865
Red Neuronal Densa,0.8544972956953397,0.9999222222222223,0.001713017001748085
Red Neuronal Densa,0.8551418833814922,0.9999296296296296,0.0016602542018517852
Red Neuronal Densa,0.8556605171519597,0.9999333333333333,0.0016045308439061046
Red Neuronal Densa,0.8561717418685634,0.9999481481481481,0.0015775320352986455
Red Neuronal Densa,0.8569163517818774,0.9999481481481481,0.0015383119462057948
Red Neuronal Densa,0.8597021560346744,0.9999777777777777,0.0014796602772548795
Red Neuronal Densa,0.8642883603763799,0.9999777777777777,0.001138788415119052
Red Neuronal Densa,0.8648625620508261,0.9999777777777777,0.0010943276574835181
Red Neuronal Densa,0.8695524931466252,0.9999925925925925,0.0007040919736027718
Red Neuronal Densa,0.8801437356449582,0.9999962962962963,0.00029490646556951106
Red Neuronal Densa,0.8824627695043343,1.0,0.0002731963468249887
Red Neuronal Densa,0.8832703563754909,1.0,0.00027254721499048173
Red Neuronal Densa,0.8842001926354005,1.0,0.0002720443590078503
Red Neuronal Densa,0.8849077572793954,1.0,0.00027175064315088093
Red Neuronal Densa,0.8855004815885011,1.0,0.00027155588031746447
Red Neuronal Densa,0.8859672519819219,1.0,0.00027144094929099083
Red Neuronal Densa,0.8864340223753426,1.0,0.0002713371650315821
Red Neuronal Densa,0.887000814995925,1.0,0.00027121021412312984
Red Neuronal Densa,0.8873305178928651,1.0,0.0002711491833906621
Red Neuronal Densa,0.8876454026820775,1.0,0.00027109929942525923
Red Neuronal Densa,0.8880677187523154,1.0,0.00027102671447210014
Red Neuronal Densa,0.8884159442839149,1.0,0.00027095587574876845
Red Neuronal Densa,0.8887901015040379,1.0,0.0002708969986997545
Red Neuronal Densa,0.8891049862932503,1.0,0.00027084763860329986
Red Neuronal Densa,0.8893865303400755,1.0,0.0002708159445319325
Red Neuronal Densa,0.8896088019559902,1.0,0.0002707854728214443
Red Neuronal Densa,0.8899940727569089,1.0,0.0002707317180465907
Red Neuronal Densa,0.8902904349114618,1.0,0.00027069615316577256
Red Neuronal Densa,0.8905682744313551,1.0,0.0002706573868636042
Red Neuronal Densa,0.890905386382159,1.0,0.0002706194936763495
Red Neuronal Densa,0.8912832481292139,1.0,0.0002705570659600198
Red Neuronal Densa,0.8915425650144476,1.0,0.00027052921359427273
Red Neuronal Densa,0.8918759724383196,1.0,0.00027049900381825864
Red Neuronal Densa,0.8922241979699193,1.0,0.000270455697318539
Red Neuronal Densa,0.8926168778247018,1.0,0.0002704090438783169
Red Neuronal Densa,0.8928836037637994,1.0,0.0002703816571738571
Red Neuronal Densa,0.893191079499148,1.0,0.0002703520585782826
Red Neuronal Densa,0.8934948507075646,1.0,0.0002703213831409812
Red Neuronal Densa,0.893813440023709,1.0,0.0002702850615605712
Red Neuronal Densa,0.8940949840705342,1.0,0.0002702582278288901
Red Neuronal Densa,0.8943913462250871,1.0,0.00027022912399843335
Red Neuronal Densa,0.8946691857449803,1.0,0.0002702036581467837
Red Neuronal Densa,0.894976661480329,1.0,0.00027017449610866606
Red Neuronal Densa,0.8951915240423798,1.0,0.00027015546220354736
Red Neuronal Densa,0.8954397273468178,1.0,0.00027013508952222764
Red Neuronal Densa,0.8956508853819367,1.0,0.00027011812198907137
Red Neuronal Densa,0.895932429428762,1.0,0.000270097516477108
Red Neuronal Densa,0.8961954508409277,1.0,0.0002700702170841396
Red Neuronal Densa,0.8964881084685485,1.0,0.000270047050435096
Red Neuronal Densa,0.896717789138327,1.0,0.0002700290351640433
Red Neuronal Densa,0.8970030377120841,1.0,0.00027000223053619266
Red Neuronal Densa,0.8973105134474327,1.0,0.00026997263194061816
Red Neuronal Densa,0.897632807290509,1.0,0.0002699450997170061
Red Neuronal Densa,0.897884715121879,1.0,0.00026992245693691075
Red Neuronal Densa,0.8981514410609766,1.0,0.00026990086189471185
Red Neuronal Densa,0.8984403941616655,1.0,0.00026987126329913735
Red Neuronal Densa,0.8986885974661036,1.0,0.0002698532771319151
Red Neuronal Densa,0.8989664369859969,1.0,0.000269828800810501
Red Neuronal Densa,0.899210935763503,1.0,0.00026980694383382797
Red Neuronal Densa,0.8994517300140772,1.0,0.00026978712412528694
Red Neuronal Densa,0.8997332740609024,1.0,0.00026976343360729516
Red Neuronal Densa,0.9000074090538638,1.0,0.0002697367162909359
Red Neuronal Densa,0.9003185893161443,1.0,0.00026970842736773193
Red Neuronal Densa,0.9006705193746759,1.0,0.00026967551093548536
Red Neuronal Densa,0.9009224272060458,1.0,0.0002696574665606022
Red Neuronal Densa,0.9011595169296881,1.0,0.00026964102289639413
Red Neuronal Densa,0.9014003111802623,1.0,0.0002696235605981201
Red Neuronal Densa,0.9016559235385642,1.0,0.00026960507966578007
Red Neuronal Densa,0.9019411721123213,1.0,0.0002695837465580553
Red Neuronal Densa,0.9021819663628955,1.0,0.0002695696020964533
Red Neuronal Densa,0.9024005334518782,1.0,0.00026955342036671937
Red Neuronal Densa,0.9027117137141587,1.0,0.0002695320872589946
Red Neuronal Densa,0.9029821441801882,1.0,0.00026950924075208604
Red Neuronal Densa,0.9032673927539453,1.0,0.00026948508457280695
Red Neuronal Densa,0.9035118915314514,1.0,0.0002694691065698862
Red Neuronal Densa,0.9038341853745276,1.0,0.00026944809360429645
Red Neuronal Densa,0.9041046158405571,1.0,0.00026942644035443664
Red Neuronal Densa,0.90432318292954,1.0,0.00026941081159748137
Red Neuronal Densa,0.9045491590723864,1.0,0.00026939823874272406
Red Neuronal Densa,0.9048121804845521,1.0,0.00026938048540614545
Red Neuronal Densa,0.9051307698006964,1.0,0.0002693591814022511
Red Neuronal Densa,0.9054086093205898,1.0,0.0002693415153771639
Red Neuronal Densa,0.9057049714751426,1.0,0.0002693201822694391
Red Neuronal Densa,0.9060272653182189,1.0,0.0002692947455216199
Red Neuronal Densa,0.9062828776765207,1.0,0.0002692729467526078
Red Neuronal Densa,0.9065607171964141,1.0,0.00026925469865091145
Red Neuronal Densa,0.9068422612432392,1.0,0.0002692367124836892
Red Neuronal Densa,0.9070756464399496,1.0,0.00026922387769445777
Red Neuronal Densa,0.9073460769059791,1.0,0.0002692054258659482
Red Neuronal Densa,0.9076239164258724,1.0,0.00026918304502032697
Red Neuronal Densa,0.907849892568719,1.0,0.0002691658737603575
Red Neuronal Densa,0.9081055049270208,1.0,0.0002691422705538571
Red Neuronal Densa,0.9083574127583908,1.0,0.0002691202098503709
Red Neuronal Densa,0.908638956805216,1.0,0.000269098614808172
Red Neuronal Densa,0.9088982736904497,1.0,0.0002690788824111223
Red Neuronal Densa,0.9091464769948877,1.0,0.00026905813138000667
Red Neuronal Densa,0.9093909757723939,1.0,0.00026903810794465244
Red Neuronal Densa,0.909631770022968,1.0,0.00026902375975623727
Red Neuronal Densa,0.9099022004889975,1.0,0.0002690032124519348
Red Neuronal Densa,0.9101874490627547,1.0,0.0002689845277927816
Red Neuronal Densa,0.9103986070978736,1.0,0.00026896913186647
Red Neuronal Densa,0.9107060828332222,1.0,0.0002689463144633919
Red Neuronal Densa,0.9109802178261835,1.0,0.0002689249813556671
Red Neuronal Densa,0.9112210120767578,1.0,0.00026890760636888444
Red Neuronal Densa,0.911461806327332,1.0,0.00026888810680247843
Red Neuronal Densa,0.9116803734163147,1.0,0.00026887349667958915
Red Neuronal Densa,0.9119100540860932,1.0,0.00026885783881880343
Red Neuronal Densa,0.912124916648144,1.0,0.00026883810642175376
Red Neuronal Densa,0.9124323923834926,1.0,0.00026881348458118737
Red Neuronal Densa,0.9127361635919093,1.0,0.0002687914529815316
Red Neuronal Densa,0.9131029117581685,1.0,0.0002687607193365693
Red Neuronal Densa,0.9133696376972661,1.0,0.00026873894967138767
Red Neuronal Densa,0.91370674964807,1.0,0.00026870970032177866
Red Neuronal Densa,0.9139660665333037,1.0,0.0002686912484932691
Red Neuronal Densa,0.9142364969993332,1.0,0.0002686656662262976
Red Neuronal Densa,0.9145550863154776,1.0,0.0002686403167899698
Red Neuronal Densa,0.914825516781507,1.0,0.0002686210791580379
Red Neuronal Densa,0.9150848336667408,1.0,0.00026860032812692225
Red Neuronal Densa,0.9153774912943617,1.0,0.0002685767540242523
Red Neuronal Densa,0.9156627398681189,1.0,0.0002685504441615194
Red Neuronal Densa,0.9158998295917611,1.0,0.00026852969313040376
Red Neuronal Densa,0.9161665555308587,1.0,0.0002685048384591937
Red Neuronal Densa,0.9164666222123434,1.0,0.00026847998378798366
Red Neuronal Densa,0.9167407572053049,1.0,0.000268450821749866
Red Neuronal Densa,0.917066755575313,1.0,0.000268415518803522
Red Neuronal Densa,0.9173001407720234,1.0,0.00026839476777240634
Red Neuronal Densa,0.9175816848188486,1.0,0.00026835742755793035
Red Neuronal Densa,0.9178447062310143,1.0,0.0002683336497284472
Red Neuronal Densa,0.9181336593317033,1.0,0.00026830064598470926
Red Neuronal Densa,0.9183855671630733,1.0,0.00026827555848285556
Red Neuronal Densa,0.9187041564792175,1.0,0.0002682371996343136
Red Neuronal Densa,0.9190005186337704,1.0,0.00026820501079782844
Red Neuronal Densa,0.9192857672075276,1.0,0.00026817101752385497
Red Neuronal Densa,0.91960065199674,1.0,0.00026814232114702463
Red Neuronal Densa,0.9198821960435652,1.0,0.00026811397401615977
Red Neuronal Densa,0.9201637400903905,1.0,0.0002680776815395802
Red Neuronal Densa,0.9204971475142625,1.0,0.0002680380712263286
Red Neuronal Densa,0.9208009187226791,1.0,0.0002680007310118526
Red Neuronal Densa,0.921097280877232,1.0,0.00026796554448083043
Red Neuronal Densa,0.9214455064088316,1.0,0.0002679182216525078
Red Neuronal Densa,0.9217492776172482,1.0,0.0002678765740711242
Red Neuronal Densa,0.9221567755797585,1.0,0.0002678183955140412
Red Neuronal Densa,0.9224716603689709,1.0,0.00026776836602948606
Red Neuronal Densa,0.9228013632659109,1.0,0.000267730065388605
Red Neuronal Densa,0.9231607023783063,1.0,0.00026767313829623163
Red Neuronal Densa,0.923505223382974,1.0,0.0002676292497199029
Red Neuronal Densa,0.9238089945913907,1.0,0.00026757948216982186
Red Neuronal Densa,0.9241424020152627,1.0,0.0002675343712326139
Red Neuronal Densa,0.924498036600726,1.0,0.0002674800343811512
Red Neuronal Densa,0.9247721715936875,1.0,0.000267444847850129
Red Neuronal Densa,0.9251055790175594,1.0,0.0002673884155228734
Red Neuronal Densa,0.9255019633992739,1.0,0.0002673239796422422
Red Neuronal Densa,0.9258872342001926,1.0,0.00026727348449639976
Red Neuronal Densa,0.9261947099355412,1.0,0.0002672291884664446
Red Neuronal Densa,0.9264984811439579,1.0,0.0002671820402611047
Red Neuronal Densa,0.9267874342446469,1.0,0.00026713137049227953
Red Neuronal Densa,0.9271652959917018,1.0,0.000267074559815228
Red Neuronal Densa,0.9276505890197821,1.0,0.0002669892564881593
Red Neuronal Densa,0.9279988145513818,1.0,0.00026693480322137475
Red Neuronal Densa,0.9282840631251389,1.0,0.00026689562946558
Red Neuronal Densa,0.9285878343335556,1.0,0.0002668521483428776
Red Neuronal Densa,0.9289397643920871,1.0,0.0002667918452061713
Red Neuronal Densa,0.9292694672890272,1.0,0.0002667455410119146
Red Neuronal Densa,0.9295843520782396,1.0,0.00026670610532164574
Red Neuronal Densa,0.9298807142327925,1.0,0.0002666687360033393
Red Neuronal Densa,0.9302363488182559,1.0,0.00026661762967705727
Red Neuronal Densa,0.9307031192116767,1.0,0.00026654929388314486
Red Neuronal Densa,0.9309809587315699,1.0,0.0002665091014932841
Red Neuronal Densa,0.931269911832259,1.0,0.000266473536612466
Red Neuronal Densa,0.9315810920945395,1.0,0.000266435177763924
Red Neuronal Densa,0.9319182040453434,1.0,0.00026639149291440845
Red Neuronal Densa,0.9322590205230792,1.0,0.0002663465857040137
Red Neuronal Densa,0.9325590872045639,1.0,0.0002663092454895377
Red Neuronal Densa,0.9329036082092317,1.0,0.00026625950704328716
Red Neuronal Densa,0.9332296065792398,1.0,0.00026621404686011374
Red Neuronal Densa,0.9335407868415203,1.0,0.0002661709440872073
Red Neuronal Densa,0.9338667852115284,1.0,0.00026612801593728364
Red Neuronal Densa,0.9342113062161962,1.0,0.00026608406915329397
Red Neuronal Densa,0.9345336000592724,1.0,0.00026603948208503425
Red Neuronal Densa,0.9348373712676891,1.0,0.0002660014433786273
Red Neuronal Densa,0.9351485515299697,1.0,0.0002659679448697716
Red Neuronal Densa,0.9354893680077054,1.0,0.00026592359063215554
Red Neuronal Densa,0.9357635030006668,1.0,0.0002658895682543516
Red Neuronal Densa,0.9360376379936283,1.0,0.00026585819432511926
Red Neuronal Densa,0.9363488182559088,1.0,0.00026581130805425346
Red Neuronal Densa,0.9366414758835296,1.0,0.00026577201788313687
Red Neuronal Densa,0.9369563606727421,1.0,0.00026573275681585073
Red Neuronal Densa,0.9372379047195674,1.0,0.000265700276941061
Red Neuronal Densa,0.9375231532933245,1.0,0.0002656613360159099
Red Neuronal Densa,0.9379010150403794,1.0,0.0002656080760061741
Red Neuronal Densa,0.938286285841298,1.0,0.00026555240037851036
Red Neuronal Densa,0.9385715344150551,1.0,0.00026551540940999985
Red Neuronal Densa,0.9389160554197229,1.0,0.00026546133449301124
Red Neuronal Densa,0.9392346447358673,1.0,0.00026541168335825205
Red Neuronal Densa,0.9395643476328073,1.0,0.00026536561199463904
Red Neuronal Densa,0.9399348003259984,1.0,0.0002653064439073205
Red Neuronal Densa,0.9402830258575979,1.0,0.000265263399342075
Red Neuronal Densa,0.940571978958287,1.0,0.0002652169205248356
Red Neuronal Densa,0.9409720678669334,1.0,0.00026516226353123784
Red Neuronal Densa,0.9414277246795584,1.0,0.000265082431724295
Red Neuronal Densa,0.941735200414907,1.0,0.0002650353708304465
Red Neuronal Densa,0.9421649255390087,1.0,0.00026496846112422645
Red Neuronal Densa,0.9425539008668593,1.0,0.00026489899028092623
Red Neuronal Densa,0.94294287619471,1.0,0.00026483990950509906
Red Neuronal Densa,0.9432651700377862,1.0,0.0002647924411576241
Red Neuronal Densa,0.943605986515522,1.0,0.00026473237085156143
Red Neuronal Densa,0.9439023486700748,1.0,0.0002646899374667555
Red Neuronal Densa,0.9442172334592872,1.0,0.0002646409848239273
Red Neuronal Densa,0.9445321182484997,1.0,0.00026459229411557317
Red Neuronal Densa,0.944935911684078,1.0,0.0002645149070303887
Red Neuronal Densa,0.9454397273468178,1.0,0.0002644167689140886
Red Neuronal Densa,0.9459027932133066,1.0,0.0002643333573359996
Red Neuronal Densa,0.9462287915833149,1.0,0.00026428495766595006
Red Neuronal Densa,0.9466251759650293,1.0,0.0002642053586896509
Red Neuronal Densa,0.947010446765948,1.0,0.00026411598082631826
Red Neuronal Densa,0.9473475587167519,1.0,0.00026403687661513686
Red Neuronal Densa,0.947881010594947,1.0,0.00026390707353129983
Red Neuronal Densa,0.9481440320071127,1.0,0.000263845402514562
Red Neuronal Densa,0.9487330517892865,1.0,0.00026366132078692317
Red Neuronal Densa,0.949292435356005,1.0,0.00026349397376179695
Red Neuronal Densa,0.9498258872342001,1.0,0.00026329001411795616
Red Neuronal Densa,0.9504074979625102,1.0,0.0002630396047607064
Red Neuronal Densa,0.9513966066533304,1.0,0.0002625174820423126
Red Neuronal Densa,0.9527339408757501,1.0,0.0002618103753775358
Red Neuronal Densa,0.9534007557234941,1.0,0.00026143548893742263
Red Neuronal Densa,0.9542157516485145,1.0,0.0002609752700664103
Red Neuronal Densa,0.9550455656812625,1.0,0.0002605222980491817
Red Neuronal Densa,0.9558086982292361,1.0,0.00026004851679317653
Red Neuronal Densa,0.9570830554938135,1.0,0.0002592697273939848
Red Neuronal Densa,0.9579943691190635,1.0,0.0002587469352874905
Red Neuronal Densa,0.9591279543602282,1.0,0.0002580389264039695
Red Neuronal Densa,0.9600985404163889,1.0,0.00025744616868905723
Red Neuronal Densa,0.9611802622805068,1.0,0.00025679750251583755
Red Neuronal Densa,0.9624694376528118,1.0,0.0002559961867518723
Red Neuronal Densa,0.9631436615544196,1.0,0.000255622057011351
Red Neuronal Densa,0.9640697932873972,1.0,0.00025506599922664464
Red Neuronal Densa,0.964577313477069,1.0,0.00025476509472355247
Red Neuronal Densa,0.9658183299992591,1.0,0.00025399483274668455
Red Neuronal Densa,0.9668296658516707,1.0,0.0002534200611989945
Red Neuronal Densa,0.9675742757649848,1.0,0.0002529944758862257
Red Neuronal Densa,0.9690486774838853,1.0,0.0002520756970625371
Red Neuronal Densa,0.9695080388234423,1.0,0.0002518251130823046
Red Neuronal Densa,0.9706527376454027,1.0,0.00025109725538641214
Red Neuronal Densa,0.9717974364673632,1.0,0.0002503571449778974
Red Neuronal Densa,0.972716159146477,1.0,0.0002497858658898622
Red Neuronal Densa,0.9736571089871824,1.0,0.0002492534404154867
Red Neuronal Densa,0.9748055123360747,1.0,0.00024851239868439734
Red Neuronal Densa,0.975664962584278,1.0,0.0002479797985870391
Red Neuronal Densa,0.9765466399940728,1.0,0.0002473910863045603
Red Neuronal Densa,0.9775431577387568,1.0,0.0002467560407239944
Red Neuronal Densa,0.9782099725865007,1.0,0.00024629486142657697
Red Neuronal Densa,0.9792991035044825,1.0,0.00024560216115787625
Red Neuronal Densa,0.9805845743498556,1.0,0.0002447251172270626
Red Neuronal Densa,0.9815366377713566,1.0,0.0002440817333990708
Red Neuronal Densa,0.9829258353708231,1.0,0.00024307936837431043
Red Neuronal Densa,0.9842446469585834,1.0,0.00024211208801716566
Red Neuronal Densa,0.985133733422242,1.0,0.00024144863709807396
Red Neuronal Densa,0.9863117729865896,1.0,0.00024058963754214346
Red Neuronal Densa,0.9885196710380084,1.0,0.0002389129513176158
Red Neuronal Densa,0.9894680299325777,1.0,0.00023827419499866664
Red Neuronal Densa,0.9902089353189598,1.0,0.00023777173191774637
Red Neuronal Densa,0.9919130177076387,1.0,0.00023614753445144743
Red Neuronal Densa,1.0,1.0,2.7639458494377322e-05
