sha256,file_type,proba_random_forest,proba_xgboost,proba_dnn
058f63432dd8f679aef17b6fa16dd513273f10d8512f9897fa850585ea1d6d02,Win32,0.5233229,0.2216614,0.29052135
0f7266c5fe7b150d6cc1ebd77c3bce74a385daf00dee8cded355ee331c729b69,Win32,0.40973106,0.31828183,0.43932298
19e0f1b9dc4621243ca321e31566702552ec41a6fca42592fabe006c52060781,Win32,0.44440672,0.4226821,0.4389028
22bca2848466cfe457dad5124970527d1b3d37df61cdb6663b6ba9ac71b30fc4,Win32,0.3632356,0.29404914,0.43936163
28427c9aff6079442bcd42ef82d0f1df904c36ee26edf03e4a1414a9e30adc9a,Win32,0.45474616,0.31828183,0.43928212
2ae63272ddd315f943c122c6d4519f2180964a66e4a765231877027f58820c70,Win32,0.626885,0.2216614,0.29027772
2cfde28a8df3a9925cd116df65ec7862aaff8f10fae5dfb9b4eb30508705daa4,Win64,0.55104935,0.4724339,0.62649506
3cd4f70ebf52849c22ecc9a7bab1f11d8cf30911acbe089f5b0b3cfb84725e2c,Dot_Net,0.11395956,0.11694924,0.047196776
45d2cbbf9b462bf0d5cc06085c38cac3c4a522e4af92fc3c59d41594739188c4,Win32,0.9144953,0.9674219,0.99934196
46dfd5a3a9f9e86a4958d55b6beca09792c778798803bee7bb9cf8a4ab2a8bde,Win32,0.44609016,0.4226821,0.43918833
470d53132e6f2774669e289ed31cfdfb6992847dde3ca0110511381ebc763e20,Win32,0.20038015,0.29963347,0.43853736
4763b7b2de440c6f62213b95cd38f71d9eb3ec7e17ade985799adf36fa774fc8,Dot_Net,0.11395956,0.11694924,0.047196776
492f4f7c2e46ceca8e59848120a4a759b6e717db63a46dd270675253f056b0e5,Win32,0.017888991,0.07406459,0.29795554
4d7f40de9dc31237c89fc6d39350e9047f3df6cec33786f351914c6bd03d148d,Win32,0.31960648,0.31828183,0.4394407
5103264540e76f8fac0f09f573b58a24c68fa1f44c037dfb40df87397b2e3d71,Win32,0.28942752,0.20151642,0.3004608
5db80d535608f2668e1fc3b14560c814d5e761d957e2ac3a093fce05e05ec19d,Win64,0.9118559,0.84528345,0.7413227
605a92f682a86dd3c054e0d885abf5241913d58c8604a7d9ef0ac9ad17b55513,Win32,0.5700205,0.4226821,0.4389729
6a52b61b110f799929e9f6658798d9733e8802e7a317e3343ed803bb24f3152e,Win32,0.44839424,0.31828183,0.4392613
75a12fe97ab54aaaed64b416f690157ecee1393010c1215c3425a3c30b1e80d7,Win32,0.61875427,0.2216614,0.29021013
7c8b76ea7a5eef1fe5eed4ce50c504dff8aeeba5aa167bf328f9da9fcf5a91c9,Win32,0.35367283,0.4226821,0.43918556
8202a4c189dd179ed03a5a15e63c4e08460139f4bdbad1ee451705437da9b3f1,Win32,0.3152979,0.31828183,0.43942824
8c5191742d6affe8f30e7e2c7a53d1dc529f5bb6e8b10e5ce0038c2299e76c1d,Win64,0.24702948,0.048280407,0.027083104
90004919ca4dce36f251a8ba769e9eaeb165b73a17d75b10ed98af9aa00dc456,Win64,0.96795607,0.2478325,0.06950603
97c93a90e7a7e8826149b28c69430b0a6dc7f7aa45cff72bd5d41482c2d6f1a3,Win32,0.32323354,0.31828183,0.43922526
b9bbebbdff4a8a972554668936b00d5a30144c1b6d4ea8d37af92bf1252cbb9a,Win32,0.378535,0.4226821,0.43911844
ba58cb8777e855123c91e67c1f9b39d745d1647e1356629415fe2a9538b8a8b4,Win32,0.16530941,0.31828183,0.4395087
bbc2807ce5c68ba39712d12b3b1dfc834027667f8455ad020e124f22f109c1c3,Win32,0.42526704,0.29404914,0.4393447
bbf4be5a95d295769d3a9a749ea93370abe0d05738461fd7904dd8f536964579,Win32,0.3834397,0.31828183,0.43933278
c93ca3fb895109cce3e8577d198b0686bb4ee9fccd96effa0981969156178c50,Win32,0.61093783,0.2216614,0.2901776
cff09b62dc78df3fd412ac62f58894359c83521d5eb4007bb9cf22ea9c6fa60a,Win64,0.8841903,0.8296163,0.74071556
d6507b9643588f9583444cb333207aa5450755f57d398ca72cb94861136aa447,Win32,0.30911666,0.4226821,0.4391994
d969b4e846f1ac159d0bc2d78706fe8a3d55c4ca04341908b803de596daec8df,Win32,0.5687364,0.4226821,0.43900517
da5be78f7deff081b8754cca5d25c919c3ae506d03b4857556867db6105081c9,Win32,0.6056035,0.2216614,0.29015374
dd802feaf0a254f400dfbef9859d5414cd0816c019756ba3e21c0fb9d906cf89,Win32,0.626885,0.2216614,0.29026455
df587c14c3e823059495c005babefec6fe975f89d1b38c43582e48642c4d3774,Dot_Net,0.11395956,0.11694924,0.047196776
e22bba77ac2dae34ecc885677c289f9e1c92a5e2b65bb81cdd72c26ad5ce0839,Win32,0.3137727,0.29963347,0.43920174
e2dc75c8cf59edba8cffd0a65284d50ff91e65637ed02530cda6200242524dfe,Win32,0.6302167,0.2216614,0.29037663
eb2d01856171c96a4fe6264ba24fc662ee1bfc6baa418b6173e1c90fb25531be,Win32,0.5845701,0.2216614,0.29024786
f017b7625c308a7395a4a2cfc7519f063638d1a82dd8640fea5ed3a3894165f8,Win32,0.46865723,0.31828183,0.4392715
f8a016757514172edfd0c01d08794528da72fb5efac1e712e40ae012a7527312,Win32,0.6302167,0.2216614,0.2904227
061562315550d41d123913003f9e16d8d3ee28d24a1f41df312d78f98691f3cb,Win32,0.62388414,0.2216614,0.290318
06840602570e405b51ffab3a6d7329e4c21e741f94a9e10b9adda57d31244de5,Dot_Net,0.15991443,0.109018974,0.10599878
07b7ee836670659306c5f8d30f571c88b54cdf5072c330826c8965e562333d40,Win32,0.16671121,0.31828183,0.4394258
0e15bfc9c9f3d5363ca5e0d9c9b3d2a389be9b7ef4b222e7a80d918efe78b2b3,Win64,0.92630434,0.8296163,0.7401488
1063731c93867fa067747374930ef2c7fa6ab072f6d930e29a048917244dc757,Win32,0.44910067,0.2216614,0.290625
212aec8f314e77ef3d564a64278ff767045c1cf00432c431381f4cc374f5526f,Win32,0.3257438,0.3029189,0.35140017
2472bc94fe19c4ebc510fffafdd57cee784728ea901af1fc8fd730a7ea5c439f,Dot_Net,0.11395956,0.11694924,0.047196776
2bbcb4442a017c2257d761d76a5d472213ce603ebc350919b3313da566ed295f,Win32,0.4272602,0.4226821,0.43915656
31a7f93e6d53accd72805fb8356533104a1a9afffc2ed7b9195fe99b41a1debc,Win32,0.42734608,0.4226821,0.43920174
3730545ce4bff6d87df401a34adc72b2c7888a712c9c96b1a91636af56d9c2d7,Win64,0.19155736,0.14863048,0.092121504
386f60bf704b271b07526b87a65eeeb89a6ea8cfa33106bcfe52f18e5fb7e594,Win32,0.61875427,0.2216614,0.29019699
3a13a4114686b99b9e5daad706d4e2437e04ad7ac175a7b9c92f7751cd390ca4,Win32,0.6113555,0.2216614,0.29022658
3bb4d8f3750d501d03c84b692cf1bbe2875d3d32dfa7f4c9c1a3035927af3117,Win32,0.9094328,0.9674219,0.9993482
46c30c334f0f4a47517b6e69b66df82b83ae49441d8a24b57d5b8f73aaa62f5b,Win32,0.43423986,0.31828183,0.43925348
50f1d0c48121c487481d939d0a92ef81770edfe8a2dee776917a0002f8008491,Win32,0.35534176,0.31828183,0.4393102
52602f40f1806e7b2d4efa9c29b311e2a6780b882ed176af2d2a8015178b551f,Win32,0.6302167,0.2216614,0.290342
5694686f0ff5b07fb44a3f93833975bf08328dd4e241fa09510e7398ba28333b,Win64,0.14847596,0.11363472,0.034637388
57897a65042dd6c15d46a8709f414bb0ea40564736b80aa290b799ef7e1a4e85,Win32,0.5842348,0.2216614,0.2904094
5c5114687c026842a4cecdd641344458bbfb84999fb2eab0d10865760b902e67,Win64,0.97421867,0.2478325,0.06951156
5d493afba8d968bbd8adb708665115e677ca7e252b24ac659941935a93a425dc,Win32,0.44907382,0.29963347,0.43912315
6753859cb06c383b59744c91cd97f8acbf2dcad99fb2dbf45973e2e3d2a50ac0,Win32,0.94784766,0.9748574,0.9994357
679d8dbb8d2ad5fb3fefa6a9ef278c69efa5fe762404407bf22ce645dc2a40a8,Win32,0.4834305,0.4226821,0.43894356
686f59cdda0636d337b03df52b28c40c834cdf702cf8756568bda3af347305d6,Win64,0.99912345,0.9960514,0.94047046
6a25e9c82952c572dced99cc7b7ab9ca97cdb9f61e9d09f21f07e4d5260d35fe,Win64,0.1212476,0.085500576,0.034220796
723b9bc11bde8ddfe06374780fcc7cf5a6b0e3493a8b4d3d1347a4cfa2765b4f,Win32,0.41477045,0.5227694,0.43752143
7aa9fc48558e05d3323b9d78878140cd0f81c5460d23b2558024a9ff91614587,Win64,0.694636,0.8277335,0.87299526
7ec9d500512ac355e3cb197a8c455373c034ebd6d3df5639fde1461000d9c70e,Win32,0.15437701,0.31828183,0.43949232
832cfeb77fcf9909ca934fb857390d3ec5da9133f188aa300576b1a22cecd454,Win32,0.16686249,0.31828183,0.4394425
84b7b1867da4891604ae77b2f06e09a34e9a716a34a756b7977e292cd238d3f1,Win32,0.39555827,0.15464929,0.29251933
85669605b77ca4de62ebe9a17015ed2917987ca86be964e22294a782de1e3a8f,Win32,0.6140212,0.2216614,0.2902168
9aeec0ffa5df4d92ca20d6602109c420bce67bc21335c291d8fdc9c05c633893,Win32,0.4976381,0.31828183,0.4393965
9c15a5f0464c3923024a12b26868671bb0c8494c75ea02ba65ce3ecdd7c7d664,Win32,0.61635035,0.2216614,0.2904305
9f0bf55ffe74b0e3e351e9f527af0b08e59b7302cf5d08a3b2ef9b4f76a6a91e,Win32,0.39420798,0.31828183,0.43932733
a701e3e3eb809197be9e78ef499a9f724d26189360ca32ade979826b01674162,Win64,0.7836515,0.7346238,0.60817385
ab642e30f4b8ead48ab6c7b788452bdc55c0271149f03a5fc87b45192eb9a1c5,Win32,0.6163258,0.4226821,0.43898284
ac9bc4de81134338a4c8281ff5623a231ad5d5fcdebe1128e39e1621177b952b,Win32,0.43022487,0.4226821,0.43918267
b5ba53241a0dc413cf706e5331c810f2c766023a1664b04185476020d9c73a6b,Win32,0.2783025,0.31828183,0.439405
b65e38f52524c5f0f0169789bfe51951b2d79ee98356bcaa79e9bed4059cf6b0,Win32,0.19103791,0.31828183,0.4394441
b857fca2b403b5022dfaa938d41ea699e9959ab155867a5581a84fe23f83263f,Win32,0.56361073,0.2216614,0.29001716
bb2d25934e7259394050fcf1c27b651267f5c4773fb6021f0f62e5af858c24be,Win32,0.48942176,0.31828183,0.43926668
bcc801d12ccdff891ca3de06ee3cecfbe00784b2ddfe0f473c8d4703e2705228,Win32,0.40636134,0.4226821,0.43875247
bef05402dbe06c8e93a2dc6a65c0896967312c7de0debc752ab2c5d1acbf3d9f,Win32,0.520322,0.2216614,0.29052928
c42237b6dad542f1f7ed6cf3d366d697d937d914401ddabe4821d360dae40554,Win32,0.8096747,0.273418,0.32360646
c48f41cef0a35160e9e0a87b6a654679afd9fd4d71d838d2bff0ec77dd67695f,Win32,0.56978846,0.2216614,0.2904431
ccf5d2640292a68ee11514ed430a8f75e048ecc8d99e83890bfd8600b985876b,Win32,0.6124222,0.2216614,0.29019457
ded568d2ea553fccfcdaadeac0a78261826a97c405ed8ae0b79ba0502376ae5f,Dot_Net,0.11395956,0.11694924,0.047196776
df2d077be3b58bbba5ce446305a446f9a1a2d49ba6cc3095f7dd40442689eb1a,Dot_Net,0.11395956,0.11694924,0.047196776
f2b0a023b469dfce1ad710806f4d30b867ba50bfbde81795e55a3daa23937fe9,Win32,0.61108345,0.2216614,0.290484
f3cd92dcd416a5b5bff095bb238c90644b26e906df1c1e6fc6e5bc22f89edf18,Win32,0.61635035,0.2216614,0.29046354
f9c35120bc826d4b09cb82b0c0c47498471196018b706d2189bf039c1c8961ed,Win32,0.39260015,0.4226821,0.4392076
fcd6557032b788d657458609af7c917d8c6cf9549f118a3696cf7af67023f581,Win32,0.62035036,0.2216614,0.29031953
0728a2a26b5ed02823673d114ee513bfbd07d6062ef4b4ab41130283afc8699e,Dot_Net,0.11395956,0.11694924,0.047196776
0953fbb83adfdef562490782ebdfc14ba0390f82b58bfdadd12bcf1f90c4dc15,Dot_Net,0.11395956,0.11694924,0.047196776
0b4d71fd3e852d4ba76d855fd9e8a7ebe51992ab7e373802bc526bbe67725902,Win32,0.40750706,0.31828183,0.43933892
0dc8db44103845515311e2f5b88d187adde7350328933d06605980051a430c70,Win64,0.94167334,0.8296163,0.7398377
13457dfc4b151a7b8e728079a893ddb4b3101edaf6ba5f5bcef2f40291f32e20,Win32,0.5313229,0.2216614,0.29050806
13b8928fee9c610341b1097fc590c69b95991fe726d90cad1a8da85390ffeb6b,Win32,0.62308794,0.2216614,0.29020718
1c9365d44ceaac4da6aa7bdd0353ca1e0eb365cb7eb491d6046932921252a863,Win32,0.80905193,0.6686671,0.49710143
20faae9893728b9db078ed6921324bf35ee625fda3b48605090e92fd42d39247,Win32,0.43671057,0.52977616,0.49255583
227caf84a0934ec9074dacd9163a36ee0f45982181b6a08d85a976ed4b7f5237,Dot_Net,0.11395956,0.11694924,0.047196776
23e6afee2d37c98d472ce2ed641eb2b7862e6c381fe2bb151894ee1ec2944a5b,Win32,0.3648454,0.18089491,0.28984055
38148a780761d3bd773b624b4b618297054921b56b070552c19a2e5ef7604075,Dot_Net,0.11395956,0.11694924,0.047196776
3a0514b36afb8db28f28b5f0954188a7e7c1e3274c826fd523ff72a229ba7228,Win32,0.24322629,0.31828183,0.43946576
3ba107d39311b91d57b87edf4b9301c3e77e89ab2dc51c780241a70a3bb7e1de,Win32,0.17681685,0.39072913,0.6196628
3de0b6f3be0013458eaecd1cf046e56fc4108dfd8b654303b321c38b7809248b,Win64,0.8992931,0.8296163,0.7402455
42ad53f412d0e3f8f3ac6987eed778dea71c317487b212c5952b6541f0f891c4,Win32,0.4122847,0.31828183,0.4393077
44abd05e49ef8e037ae9a736c7947a4ed8b699dc921d158cb3ed71b53030b724,Win32,0.62347513,0.6899613,0.52694553
4544ef32b2cc3985b296f086b923dbeb574b2ddb41d95658d4f04663a1176c26,Win64,0.8858789,0.8296163,0.740296
4628a1db6a75d2dece6eece384cbdbeb5a26b7551533a528c94932141adf0183,Win32,0.12617634,0.10026316,0.29838976
47cf2f1158a47951a19933ea320c9250638702d9c6fc9433fc94d4174dd0c5b4,Win64,0.9988724,0.98123413,0.97705877
4b62b21835e59ebfdebd69ff8aadaeed8a54d0e70c1872b898d7ecbc25de2055,Win32,0.3228033,0.2216614,0.29072672
568f952e3b8e0d9f2b8121456948eda30ee8d11bdc58e9f3bae8c62cf612d623,Win32,0.28569365,0.31828183,0.4393525
5d1bea2356e9e9524f69504f4b37a358d6698db45552b670c228860fb4c42652,Win32,0.586191,0.4226821,0.43910304
71c3576ec9ba1aa559c56a0fcf032595ef485d3ea9c4749c8b1da612187c4777,Win32,0.62035036,0.2216614,0.2903163
7500c4b08c85d2ca384fb84aacff689fb6dc9635d61006543f84beb6888c3368,Win64,0.9074266,0.5682089,0.56768227
78c82b2053d59044c2bef1e5d3e77fa409fc736d65bd6e70b06cb88fb11c7194,Win32,0.40083298,0.4226821,0.43915582
792c13ca4ba770e9990169fc098c42e65cfb5726cd86b80991061e4835707dca,Win32,0.4960665,0.31828183,0.4392505
7e00c179c1dea26c11e799d66c076dfc1c7fb094749c057ee498d3a3dc1f84cf,Win32,0.16822484,0.31828183,0.43943784
83eb94ab457614a3410fe0b7acc6834e23b69f714e9952ce88460dfb5c383ee1,Win32,0.13606629,0.31828183,0.4395194
83f5e47e12cb62b941c0e3e870898859904140efda771230986028d8fad74456,Win32,0.4042909,0.31828183,0.43937838
860b6bb4f49ed6460e336fa48178a540ff5ab0ea1e04f957ba152d093784b71e,Win32,0.5816521,0.2216614,0.29018623
880d5ca677c61de8876c3eb2b7a1a7ad9e47ce3d0cd3783f93e27191936a902e,Win32,0.41456643,0.31828183,0.43927762
8c7062f97b91924ec786358a391a059219e6b67a44b3462f420bdefd4338fa81,Win32,0.44568425,0.29963347,0.43905985
8cca82973cecf2de672673037a9c751567a93d1c22a92eb19dd3be77f463774f,Win32,0.500947,0.31828183,0.43939462
8d36ba436966a2549dd5803c0abd07c2273321f76dc927983a515e7fdf0183a9,Dot_Net,0.11395956,0.11694924,0.047196776
8e110be097dd8f142f02fe5b6e41a99ff1337a984c0a14f5af63b6cbac7997b0,Win64,0.98074925,0.2478325,0.069513865
8f8dcaeaee1b3cebf219572b2a44d21425939289a661f9feda79cf9575af926f,Win32,0.59049445,0.6447429,0.6089824
932a8093cea0e13d1e0b6af1113477f89e069dc04b003d37ea3b923b009f026a,Win32,0.42794558,0.31828183,0.43933988
97a2bfa7b41b684ab9bfb59a557bb68e18f04728f0ec13b4ea6d9098d9356048,Win32,0.36553624,0.31828183,0.4393951
999da8d052bc735174d7deb0003ee125255b89599416cff4d7452260446c1ed7,Win32,0.57102334,0.4226821,0.4388454
9e9472cc896f9b7ffc45cae6dcea3e4db43bd8e06d014c60a9215c01b75bbf06,Win32,0.58500344,0.4226821,0.43896598
9f634ccf9c751f69ff20d859ff650c850d5cb48f3666e4137742ae3c2b2858b4,Win64,0.99902153,0.9918041,0.94158185
9f806827947aa344710595801c898c074e5264e1a5b61e502ce7aeaea67b498c,Win32,0.2967971,0.2216614,0.29086143
a75cf2dfaccfafa355dc25193b5dea770f18b2bddde853d21820afd3a5e575a9,Win64,0.8898789,0.8296163,0.74028414
a8b3cad50ae8e3b56e1db60fa6072b1957a83ad3f40f8640e9b8a3fc3e5383a7,Win32,0.38317743,0.18089491,0.2899166
ab3e6fe6facd8bf5b6b3030db06378d4ee20589d536e71f391eaa0bf9f12d308,Dot_Net,0.11395956,0.11694924,0.047196776
ac0333b0177db07f97680238268234bd138bca05082cc4b42b11e746a8766cbe,Win64,0.9456008,0.9382874,0.92639333
ac6c5ccd8435c0d1261913155bcf391cc5cad04bb2b7b3d0ccc6554802a86ec4,Win32,0.43310937,0.31828183,0.43931454
b4cb0ba30f779620721a934023848e894444836b24e76eff00141256a0f41bb5,Win64,0.9985409,0.993845,0.94445884
b9d6e139f1be8baeb18bae53d45317da1ff9583592f0a121480336b08aaafe93,Win64,0.733132,0.77129227,0.632745
c165d18726b37b57f24ae747df84090b8326b3186e5a60e2273bb22ac678cc60,Win32,0.26710793,0.4226821,0.43863425
c2d67afe7b29cf340310d855f1f6811f513b76d2b2813c2fc5ddcf52c18f04e4,Win32,0.3482759,0.31828183,0.43933728
c635cad28a8a9296d6bd5b2f366f12cb0260db7baab138fc24503d4ec2d45a68,Win32,0.095350035,0.31828183,0.43969423
c6fb64fffb7ff9ec65d0acc06c92da16ec637c631f7843449c42a0c1a325fbd5,Win32,0.42916125,0.31828183,0.43938792
c771319152d516888b47c452db067a5161a781ef1f7e5ad5d190f54d7fb2184b,Win32,0.4530938,0.29963347,0.43911582
cf7a74c201ed92778345ba621242205756febf920c4bba5bf2340f7d4b28df3c,Win32,0.45307258,0.29963347,0.43895075
cfc0ec0e0e04a233239e0f263b468b8ad17896d74a336e51c594865981275ff3,Win32,0.4782421,0.4226821,0.43893126
db8f031b2ba83c319e78244c6f13f3b8dd4f702dcead5216599debe3f4384f7a,Win64,0.6363333,0.6861592,0.5623758
df9fef5b381de3f22ce82c3d0332df0b2df04c5970d2e613f278472e79b45439,Win32,0.1206952,0.06566498,0.29817823
e553ccb342d780758c10c68dc33c586057cb2f34084af58c78db154a2a384ab5,Win32,0.31919512,0.31828183,0.43921697
f66cb7ab7f3aab71b06fb1ef26dbe578b7fc1fae67cb7627c2e1b56a06ab68f9,Win32,0.595939,0.2216614,0.29014456
f860c03cb532ca91890b77dc9e214cae07d14139f6c8454a48068984d7c07119,Dot_Net,0.11395956,0.11694924,0.047196776
fad40a9dede75ad60034f71f13922e6c185cf89ca0d2309d4555b0a69b7dde85,Win32,0.43444368,0.5642939,0.49540904
ffb6f82e6fcfeb3fa6edf8141c0a5c2ec9305ec6db6186c07e13abe37ef4d2b9,Win32,0.50283486,0.4226821,0.43896008
0f6a4ba86dc16b90735e112939dc791af2a1ecfbd36afac6b82e54ffc70f7361,Win32,0.38555023,0.4226821,0.43916315
11f0b71f76c2903fca576dad94ef701c1984deb0f8e5d44842e614aca6d5f7fb,Win32,0.85302377,0.36236602,0.29037985
157b2e02a377a298ca4823c3e7fbce72edd356ef5012c162432ae34bcf0b3fa5,Win32,0.23805687,0.31828183,0.43945694
20c52d1a137b4d4a045cf8dc0985a09f7fb83f1e8012a171f7d01fc2f6980f41,Dot_Net,0.10024517,0.09924643,0.09686949
2154298ba048a9eba17b3f4d3dfdf1e5d8c15f656c69e6465244cb1c7cb20f9f,Win32,0.43377715,0.5642939,0.49354166
2525eb4e287bd2756927bed21fcdaae06625078adc56d81b6c8fb425e872fc16,Win32,0.7090447,0.7666881,0.9334373
292296b8c75e53d2194be4a6a8027c7c5830c159c6568142f58a2523ae44e750,Win32,0.60188645,0.4226821,0.43909264
2ab6ec81cfc6a8c9b6d5751b3e3783f10976c9a071086c1c0c1c527f27c1fc71,Win32,0.55865866,0.6735071,0.6604169
2b186d0a122393d6ad29f39ec42a2343aaaf864379c6d128767e602fe7aa710c,Win64,0.9980699,0.98270893,0.9462287
2c04e25baf0e030a14b80597d1d5ab07cdb16621768c3217c6e024ab897c1bd5,Win32,0.37806746,0.31828183,0.43933114
2c9a37d2bb83c68f23b49071e1fcc90b72f91a65805a8c21d33dccdd3d5fe5ad,Win32,0.048252653,0.125488,0.34810206
2ddead0fa330fb5969a3fd71946dc575f5b03c93a1390d1f5d38c87e52df45df,Win32,0.2314739,0.3029189,0.35090274
33c49eff3fe29676130a26d925e2770e6600128bca9182c688daec5a34faa984,Win32,0.5628087,0.29963347,0.4390171
3e3eca51c89789980d41bd54870188107a8b440640d3c87d495cb84e388ee7b3,Win32,0.43510953,0.52977616,0.49263436
3e43124add5e41d06afbb26da905667938b41dadaea5e51c18d66832ccaef5a1,Win32,0.30145568,0.31828183,0.43938303
3eac6dbcb018756ab666c570638d51a1c96f310f54ce60b2d3a30a3ffa9c3612,Win32,0.29287413,0.31828183,0.43936673
400d478b4bcfcad5ec4e8fcfe2df15d0238511ac43f492170374485386035200,Win32,0.7002334,0.36236602,0.29093567
40f95f8f28463cd711da854c07bc7c6e3ba94526981bb2d90ad80f4d4391e724,Win64,0.7333085,0.901324,0.14419734
52071aba9ef8ce47d70d5b0aa071a066fcf672d7621d24a8465116f506a77b18,Win64,0.98074925,0.2478325,0.069513984
609746a13d1619481412a8721fdab82f719df1c6404598988ef9bb6f2888ab93,Win32,0.09175178,0.06566498,0.29809886
662221b4d9e2808d4443a116ea7532e877eea07a47d87c30d404c48f8b91ccdc,Dot_Net,0.11395956,0.11694924,0.047196776
6c40604ff1942f8bd3dddd3cebc930f28628109c79cb8fecb737fbdb559e02fa,Win32,0.83398753,0.36236602,0.29054558
7083d387707e3de663eca8d1c28eb0228795005a2f970d0d75270d58d0d93521,Win32,0.4488466,0.4226821,0.4391459
7839103b1933663cb3ef64581b07a05198064c83b3b17645c1cb763416766801,Win32,0.63563985,0.6790928,0.52718806
7c866e467a35e3ab8c5275d3d01360f3df633342d0199e52acb1726dc3785d83,Win32,0.06675311,0.18260767,0.32716754
7f56698751e858513179f4d8d63a72f11008a922fb13f461ce403f8d5b81f72d,Win32,0.7279728,0.36236602,0.29058427
85b8c23b6dd7de0d8999e2fbc345b6eac737e13586c555116a63ec197d379364,Win32,0.27121553,0.31828183,0.4394132
85eee9bdb148cada3af8e436a46850c81c40470801f3d4ebacbd30002a427a61,Win64,0.14468494,0.07349883,0.091871254
8670cb176327a002f502d705f4cdc27ae245a9277efb03b5bbbbf0241c5b3cb3,Win32,0.46467096,0.4226821,0.43917093
8ce692ad4129f3be23e02bd211b111405b8cc6669330b84dc43d550b2849f380,Win32,0.7422408,0.36236602,0.29071322
9bb19954eec232b27d83cb6ad6ee67d7d8c925708382e07a135a85f37da948d5,Win32,0.28577325,0.31828183,0.439469
a3ab99a5589e12a7ae0676b14472eb1a4407b74383e2026d30efb968e9d47945,Win32,0.26503572,0.31828183,0.43949556
a884493627d5cea9ffe98284959654379f94c845396d4fa1e3478d6af9ea449c,Win64,0.94838655,0.8296163,0.73967385
aea9b7cc304260d712325f8a77284ad682e6d84482872c15384b49dceb75cee0,Win32,0.522559,0.29404914,0.43924868
b0f0df16b12f951ed2e0c5a71231ed6a2123fe59d5b07d214c88324271d2b9e4,Win32,0.47563174,0.45438102,0.4356713
b94495a347e03030c0f4285228910d9a1253b1fb6df398c92cf76c6398d7f9b4,Win32,0.88545173,0.36236602,0.29036245
bfa89b1d1fe293e85bf8488144ba0bce1713133fbd3471629a2618771a6ffcf9,Win32,0.061349943,0.29404914,0.43983433
c6bb26c4e57d956910ee772c99f4256735081c09132093ef300cd5f5b33aadfb,Win32,0.38308877,0.4226821,0.43919677
ca98fdfc226739f4f8803f1c8166d5cbc78bf5ae374b083db4a92c121f677f17,Dot_Net,0.733517,0.7278332,0.5253379
ccd85a90e85e03f6d16f2f72d28cccee1b37d14041799a16ab474cd35efec51a,Dot_Net,0.11395956,0.11694924,0.047196776
d48d48ca92c84e0eca9f57ec821c5968cf2181719b1d85594d23914d17be5a65,Win32,0.017919106,0.03555841,0.037684027
d71f8892ce3bfbdb2c7da343fd4eb90d5dba6cc7c968bd8b0edcab74d73fcf35,Win32,0.010902835,0.035813924,0.1793728
d9b58ba46ddfba897d94be5dd5a7c3b13268d3992ed51126de64fbb53ad7096e,Win32,0.4215608,0.31828183,0.43931517
dc151b755f6afd9cb750ef487e859652966406f23fd8e25e9e9426e6f597bfb0,Win32,0.69594586,0.36236602,0.29062936
deb79f73981ecee4eaebfb04b4c1bd4e5709c1d40b092bac9d737eaefb9af10d,Win32,0.83449954,0.36236602,0.29028562
e271a50bf13aef120355eff412baa10cdbebc01a0ac7c01e04837edd561cea0e,Win32,0.35949147,0.19503812,0.29986215
f2f072db17e122c3d5958d5a9197adb18a737964bd398ffbbd00a0ab72d28c12,Win32,0.28569365,0.31828183,0.43935168
fa7f00163b0388a205e15b4811c5e2f7ea4085f136543d40c0c32ba329122bab,Win32,0.27534407,0.31828183,0.43939844
011855b41351f6b2af97431fbe0bbca210f3877ddc6dce3bfd5fa9281a69f5a2,Win32,0.9940279,0.92744946,0.84093744
04d0668c026978f4344a8f0ee1eef53ba9d07d9f8adbe3cb3b5edb2817ba6b62,Win32,0.0580882,0.29404914,0.4398409
09a69ed08b5ba6eadba809f0e27a0a0f7a6407591a3bf4f770b0440a1728f27c,Win32,0.9980257,0.92744946,0.84096026
0dc31fc45440b9ffca9c6f616a537c86f395058a36dabe5a811e71a943b08663,Win32,0.9940279,0.9229311,0.8409053
0e54d3ee7e63fb7a389912318d201e2330148bb06def3ca47402b2ac8edcad8d,Dot_Net,0.88248646,0.68448496,0.98100656
0fac5fdc96d4cbe3e697d5131bb504c183b2356bb6df110fc502aac82e70b64e,Win32,0.9970265,0.92744946,0.8409829
1057423e480c9fa4978c6d3a2c57bd0c811a73ec85d016143151ae44dfb47222,Win32,0.9970265,0.92744946,0.8410055
10caa8b0d7bea384959896b72946aff177d6372175f3d0e1dc23ca20f3b956ad,Dot_Net,0.11395956,0.11694924,0.047196776
1314987888f72c5b4868ca078bfceb7d7061c27bc7eb3d982b864a444dc924b3,Win32,0.9980257,0.92744946,0.8409416
1385b0b7b7e81cb380a6d826d22a4155ad4bd56898d4f44d9c2277e0fcccd7e2,Win32,0.9980257,0.92744946,0.84092355
16bc5df3219fc3623f96a0f6a370d42b786905277b2620ea3f5accc59dc1d37c,Win32,0.9980257,0.92744946,0.8409994
16d6daead5636eb057f0fdf0ce70030819a175cbcf9a68444bb83c1a5b1f7e84,Win32,0.64843714,0.64719194,0.5020772
16f5ab88fb823b58076c9516625c9963e219c5774848252f6dd2201243db3707,Win32,0.9980257,0.92744946,0.84096897
1729512a08ca02982020727c400843883a7913fbbbdecca2ceffe0a882a4b4ab,Win32,0.9940279,0.9229311,0.84090245
17c8e689dfca9911ff741fa76439da4f9418735004425671d3856f34b612290c,Win32,0.9980257,0.92744946,0.8409462
17d03e907e23bcbba3625a78ee914fd925d4c035098d79bd912076618bf9eb97,Win32,0.7689065,0.36236602,0.29066107
1c2692efe822395d100dbc6a28f7dcaf8743a4a8d7548dbfe4610b6dfc1ebe58,Win32,0.9980257,0.92744946,0.84099525
1f594a405311af9f6fcc3415f95e79ac28936ccbb46bdd1991b55c8e6c269db4,Win32,0.9980257,0.92744946,0.84098285
20056c4282dcb17630bd723fc94353e2bcedc56faa3c896a9e6ed01d62dfa94e,Win32,0.09446015,0.042315055,0.29815757
2028a8b0b71e21952ee2747474e6592193e789f28e7f9fb48da7faa0b616eeb7,Dot_Net,0.11395956,0.11694924,0.047196776
25641829d1bb14f8fbf654a7f1d2884e3ed415108c2452c6395d905b68784188,Win32,0.8839849,0.36236602,0.2904976
2951ce26fca3fc9df508abbda992da5f4b450c0c5cb163f4681bd287ac8fdec3,Win32,0.89431894,0.36236602,0.2903253
2b6dda0fbac1fd3f0e13fe0c93d9645ab5816ba3b655756b7cf42716e72b8ebd,Win32,0.9980257,0.92744946,0.8409454
2d9660ad3e483ff26faff9fb5627f85f55055668383f8148c331e6383ed5421d,Win32,0.9980257,0.92744946,0.8410106
2fd27c83d5db49917d27873e09f564e820cf0eee92a770ac6981999573ede89d,Win32,0.9940279,0.92744946,0.84097695
2fd8167772d7a794c4ec3f5091746571ee8b3f9d14166462fd42422c017c9794,Win32,0.9980257,0.92744946,0.84095573
30a3abbb27e40f75d41bb51897394faa2cee6abcd31a4ae8b06ee1d00d57127f,Win32,0.9970265,0.92744946,0.8410342
326aaeda8a730b08a8ad72aef98ac4bdeca1bceb0cfb5512571abe2bcf97d072,Win32,0.3654422,0.31828183,0.43935704
338cb24c78ea5f939a78a26582f13a9caf81f11743de583f6e6599f4955f7519,Win32,0.3582185,0.31828183,0.43932328
35304d8e3e0e9e5fb776f384af119fa97b0367afd2709e479fa54a53c4bcc2f4,Win32,0.9960268,0.92744946,0.8409232
36361d8a14b22f043a6f4f03a9a0f2bdb908ff183d19fcf72914963af5a04b3c,Win32,0.5622618,0.4226821,0.4390693
370f60b54abecb7d614c160f22122c558434b192d02e0e3de01dff055f3b073c,Dot_Net,0.11395956,0.11694924,0.047196776
38e4ef44ef5b3d72efca32c410d318f226ac9f444af8b95c0030bcaa68294df8,Win32,0.9980257,0.92744946,0.84094495
38f0aff9d0c345f97a46a655cc2e67e1d08dd09bfe299de768b6e8b96b0de414,Dot_Net,0.98850006,0.98002017,0.9676488
3904da832999110f0517c604002ad6069dd07e97896a57e14594e77bfab3a321,Win32,0.9980257,0.92744946,0.84100723
39d6ad8f27514096b85d017d1533f4fea8f1bbf2085d3d797e22f136592caa3d,Win32,0.4769086,0.4226821,0.43914056
3ff5159d9934cb5ccdcec8608575fc1c317411480dfd723f701c8a2029745148,Win64,0.15806535,0.17265351,0.0852572
40f4e6b86a9bc7fb8642044a24a00120ba44cc911a47a1c48351a43adb75a58f,Win32,0.89178383,0.36236602,0.29031044
437a7a5d57cd88d0c1b2c18174247670afa5cd4cf7d22b2d094e3e35e7068171,Win64,0.6101362,0.63671064,0.5280645
471db563571ff8e0c2bfc2ca5c6e25724682541522eeee7fbd6bbf13c85a0305,Dot_Net,0.11395956,0.11694924,0.047196776
4964223d345ba252c1a98eff7d023940e943f86a894ba90751e54975c608bed5,Win32,0.005026588,0.042315055,0.2980252
4aeb934f0b139aaaae36e51bd8362192d710e5ba83a8d2ac3c578512643c68ad,Win32,0.48942176,0.31828183,0.43926635
4bca48e35020d765a97afed6acb586bd786ebae37db34e403343d96f9ad43082,Win32,0.9960268,0.92744946,0.8409508
51f656123b6f7f59562a5cf2d1aa818e128fa475a0f4bd36891f34cddf269300,Win32,0.9980257,0.92744946,0.8409652
57306d2d521e49bf8c0c412708cec16cc1d3ba262b01808a09ec2967eeb35723,Win32,0.31377357,0.31828183,0.43921766
5a0df9a9651c6b7db86c2f7c20fe556720456465403bc9218eb131544444f40f,Win32,0.9980257,0.92744946,0.8410431
5aef3461ac6a3d11e9c3a289a52e7c7899b4dbd145c287135ebdb0a3e5f5a4ac,Win32,0.9980257,0.92744946,0.8409647
5b873bae639867548b393c891057bd5b965e84d1dfb7ff42b5838659c796f848,Dot_Net,0.11395956,0.11694924,0.047196776
5de55a2ce0728af71df1bfa30efc431b29cf5af5e93aa30465ffd6ec0f04ec77,Win32,0.9980257,0.92744946,0.8409291
60a85225adce1ba980a469f85dd0f227ae0e536be5eca4703ccf2a83e45a0d1b,Win32,0.9980257,0.92744946,0.841001
64ac34e7e3cad190c8f47e301d8fab80f501ac9ae6c58361df8416c28d026e41,Win32,0.2489542,0.29404914,0.43964896
666eb6111a9e1be64db3ed4885d2f373bf291ae1431e2e7f601f2243e7e95f58,Win32,0.9980257,0.92744946,0.8409475
67754761e9a819347d2ea2daff3d6a9e2445d0243ae64ebe079b5458a3e4ccc1,Win32,0.7522397,0.36236602,0.2906133
6c64fbce2650568b778319a579c66611821eeb8f556ac226f2eb2a692026ce27,Win32,0.9980257,0.92744946,0.84095275
6ef9bbd8b537e10a1285e02f82d9114200b358632e0e99e0a04841349f6b04e1,Win32,0.9555807,0.9397476,0.8952351
70ed75a52407f37895a68a0c340cbf64b86399e43e2294853893b6e17eb631b3,Win32,0.9980257,0.92744946,0.8410093
74f50ce49abc60bde7a396f3ee4042b8c08e1641124e200d5bb8c5f6e5c56a4d,Win32,0.5202649,0.5050938,0.50104487
77a6f849ec0951fe0253fa1bda822a2d58b5a4f919e9a4b2522b014749392b27,Win32,0.9980257,0.92744946,0.8409813
7a9f387994369f01b3a71a858c18d231d642081d1cb2c4112ef9b5ab3e0b177b,Win32,0.7002334,0.36236602,0.29100582
7c53b9b3da7613c9eedbbb18a39fdebf21aa80b2d161e736b930439f5704d061,Win32,0.9980257,0.92744946,0.8409578
7d6bd7c12b00298387594e2f0d0b9a9fca19a28de7159a595d00fc74947baefa,Win32,0.9980257,0.92744946,0.8409448
7eeb46e548ce69f99bcfa68071bda6c9f0d4def9a7a599fe663042cd83d5a9a6,Dot_Net,0.11395956,0.11694924,0.047196776
813b4b3c444ca8ac3898f025fbac3879a48894f6e9cc21f9cdf01f1c60bf8c13,Win32,0.9980257,0.92744946,0.8409841
81e85f58175296399bb6c2f3ada8c71a742834ccf7c8ed1f3dc773c1e57db4d9,Win32,0.36219162,0.31828183,0.43936914
829b834020d3293fa5cac6f18461bd285f66ae25c2bb54fca8695327bb82c970,Win32,0.9980257,0.92744946,0.8409418
8ae9b0722d69371a20d38417245091ed9f24ce3b1f8d848ea4e81ba8f4e4edd3,Win32,0.4272602,0.4226821,0.43916532
8b3f456090174de7257d6986390f395e5137e2bc273ffc8231caac61cda213fd,Dot_Net,0.11395956,0.11694924,0.047196776
8b8892d6f0f0fcec18553491294a1ba72e60d601da59a53ed91154d30723d65b,Win32,0.9980257,0.92744946,0.84100616
8dc57b3c95ed8a85fdd5b7e28679734ce936f86f55540854f46097770b9bcabd,Win32,0.9940279,0.92744946,0.8409254
9007a02840830e3172b8345b40af50bfe9ce695232ccc77c039cee7d8f62e0c6,Win32,0.8271685,0.36236602,0.2902442
90858e3cdff07fadee9790b0811ff5c9d75bf819bd09355eaca73181c98b8a2f,Win32,0.9980257,0.92744946,0.84096175
94c1793653d2afe100a2458a41fb96b85a549118e53d1a9401ef86fa385b5a58,Win32,0.9940279,0.92744946,0.84090865
950b0f76bf16d5909f2b7edeef83aa662dcabdb0c49f877f974eebb6c85d1986,Win32,0.9970265,0.92744946,0.8410043
95a4f8d8f0163ebd05c313ab487cf6e8305d3103a5a5af905354a19e10a13ab5,Win32,0.9980257,0.92744946,0.84099656
985b9540c3ea145a4c5cc3d6952e5945fe62518b95764421a9167af59c24d8af,Win32,0.7582408,0.36236602,0.2906597
9c88f9866331939319c5950ae24e7eecee596e1f6fae74cd9656f5723e48c092,Win32,0.13295281,0.29404914,0.4395703
9e291289ba2582cf7b3f769a769d8cd7d745c96d8c18b027932bf1a88e7001ea,Win32,0.9980257,0.92744946,0.84093934
9e4b4ee3d94d36aa4ad5e6d1a17c3e8cfaabd0599df32b6f2f8b1c8c7c7b87d8,Win32,0.9960268,0.92744946,0.84090877
a0ffc42106cf4d37b527281b15e5c72e4bb0571e7e1c9e8d607b18c0bb735f73,Dot_Net,0.18070726,0.09805732,0.08268144
a122cf6d069de982a0a89e6c9e38cc160863662cee92577fb4b5c0bf8d0df49c,Win32,0.50517446,0.17432113,0.12833215
a35efc2b5066e73827453d2d52c2004bff1b70f2d4715b0659d8a2c043af759e,Win32,0.9980257,0.92744946,0.8410284
a473f1b26aa649f5e17e2ca3d68083a75b3fcac4186a114727bcefd518ea1c27,Win32,0.9980257,0.92744946,0.8409689
a4d2a0ff98b90c02b72e041b8f7ee072110e817930783c87b21ddaa590ea4173,Win32,0.2523601,0.39072913,0.61967355
a5210768850a56deeb3d327222cb7bb9c3b1ea64ad04b8e4ef399f3b00f3a1a4,Win32,0.9980257,0.92744946,0.84101677
a5d571778411113c0455459823b5dc4355aaf97133abb6b852a95c07e05d89a4,Win32,0.9980257,0.92744946,0.84094864
a600a0bde90f86756edae5aebb4e25d08da99be67fd752b0f5891431a1cf8d88,Win32,0.7347137,0.30589208,0.2899621
ad09c9ee22a4d25d6bf0ffd2a5007c3f7142e048cecf20eb6ec2768d8946065d,Win32,0.9980257,0.92744946,0.8409281
ad62047a9b32b2873ff2c510d9fbf6d9140a10d7a654d8b29cc14d77316c91d8,Win32,0.56916887,0.4226821,0.43902883
af04a0590c84b65d60f429403043f59b666cc222f2ac938ddb94badf13ded99a,Win32,0.9980257,0.92744946,0.84098804
b12491a551e3066212b19281709e00475fe9971294661840be14fbcb135b82c6,Win32,0.9980257,0.92744946,0.84105045
b357c0dbd220d35cef769f50e2a6e67b7c392aefffba93af3fa7d2a5deabd866,Win32,0.038753383,0.039596975,0.05522865
ba8a34a1720a567a38946d6cee5605ebe81f49aeae93e832559c228e57a371db,Win32,0.9980257,0.92744946,0.8410006
bb70a04972b37196308af4ff6e7db4d81584d1742f7d627078b3390be8080979,Win32,0.9980257,0.92744946,0.84092134
bc6a74af65d0a9bda0d476f875e329f793f17d45c4ae82bb01574bbd3d173ef0,Win32,0.14212316,0.39072913,0.6197071
be1fb5620728cb9281e7cd1b2c6bb2ae76e9dce4282c542867e80a83b8aeaada,Win32,0.7942886,0.64719194,0.5025904
c02c54bd27a65dfa80698bd4eb0b44ec7e78f889d3d5abb8b6bf3a82181192f9,Win32,0.9980257,0.92744946,0.8409652
c25524d7a01a0884b3bd00ec75575db4f27523dd8e3439877f08adeb1cfc4245,Win32,0.9980257,0.92744946,0.8409899
cae6fde0c1dcd0991422096796d3db52fb1b411388ba1bd4454515661715d7e6,Win32,0.9960268,0.92744946,0.8408966
cbe262446178a307427b66c37f3d8b5d00cc9a950eaf72541a66edd159f6edb9,Win32,0.43111774,0.4226821,0.43914267
cf2d08fffe349f2a00a55d472a982b823e3bfb86004b07da8a3ab756db167eff,Win32,0.9980257,0.92744946,0.84096754
cf9d490204fefc8978332a312bad6ffb1b6f6fadfdbc903ee48f4b8cc99b582a,Win32,0.44777024,0.29963347,0.43906114
d00563ba0814336f920a8947b26762a57ef539ad5d7e0e9e846692abec29fb8f,Win32,0.9940279,0.92744946,0.8409556
d2837923ff65efad9358be14e93ba402cc9187daa8463d2d1d6e56125e1b4e4f,Win32,0.9940279,0.9229311,0.84089714
d2eb60805d43ede9d5a4417ccde06952232be81d0435bb51a0ee1dbc34910607,Win32,0.33032933,0.29404914,0.43960524
d48c1ad34543b8183573aa0ff68963510911229caa4f7b79ac73ed161eb45da9,Win32,0.9980257,0.92744946,0.84114695
d4b66a609a8aaaf2b38fe73dc29c35f33ef10172bca71558a0196d9324a645ff,Win32,0.9940279,0.9229311,0.84090644
d4d0f5afdf024ce472e37170bf0030ae1cef001183cbbe6537752a56fa142c0e,Dot_Net,0.7373484,0.68448496,0.9796994
d5aaa83f4b4252dc66e9c8ec4e145dda7800a467a5346b44cf02245b815b53ed,Dot_Net,0.11395956,0.11694924,0.047196776
d5acf41b2896643c4a69f7252fbac37a11955492ea454695721dad4370ec8c57,Win32,0.9980257,0.92744946,0.8409382
d6bcadeee0ac7be6826821db93e8a9c308572e927fc6f4bbeba10742c0733723,Win64,0.517282,0.48195803,0.64101785
d778d5eec62877ce47c59414977979c01b701ea19acf01199659d499622ca949,Dot_Net,0.085442305,0.056805138,0.08116118
d856ef68d6f7b240497426bb309690ea155071e16ec4b18103357604b26b43da,Dot_Net,0.11395956,0.11694924,0.047196776
d85b9d628e14e0fe2ce69a7f5c1832e6e74fce7e35774dc118d00b1cbe748aef,Win32,0.9980257,0.92744946,0.8409536
e059989294c801732d41dbc955299fd17cb51a665299d910cf940834616ffc37,Win32,0.9980257,0.92744946,0.84099
e0cca84b85b10e52f0e7e5d3a877213ded81c43c701783b158770b7c4b7ecd69,Win32,0.33520803,0.4226821,0.4391883
e1820889523595e8006f9ade6a1f744da8b2af1e4abb8b1e07ed0904965e3842,Win32,0.1687123,0.31828183,0.43942797
e2933c9c166dd76f7bfdd199a8c1f67d29a699b724492811492271e9f91b6c06,Win32,0.011379055,0.042315055,0.297942
e3112cb7e7f3e6238db3696d9940f55c708e364db747d504f9274e670945a952,Win32,0.18728584,0.29404914,0.43969172
e3e65137d4091e9969e66d5df14197ebc9b1ec4380bc9f8a01cb188a1569148b,Win32,0.9970265,0.92744946,0.8410317
e489bafc83216ea136c8edf95f3d4186c2db4f060d4915644ef598523db996b2,Dot_Net,0.2922021,0.12101312,0.08942026
e4e52dd3286f2b40c0c0cd1faa5e0566031b619c74ceb6717673327f4b23e010,Win32,0.9980257,0.92744946,0.8409342
e62f3b2f8c795c1431ed25520b9ca6613ee8a43c4f11dd71cd3fdfa9853993e6,Win32,0.9980257,0.92744946,0.84093606
e6ec0bdd9174865defdb7c952e82b7f9e77dcb0481721ed5b269445464525cfe,Win32,0.80768496,0.36236602,0.29016858
e7cc9dc0c19b51e2f3ec3fb25be4ec66158535e4e8686b21db6bcee21388abe3,Win32,0.9970265,0.92744946,0.8409801
ea0419c3dd52531ae39159a5bebe9d2325ba420c5d27378d883e13033d2ff2d6,Win32,0.9980257,0.92744946,0.8409499
ee2f2d69f815eef64831208dd93c222ba9aa728fe9c5345a76cd8a1757818de3,Win32,0.9980257,0.92744946,0.84098476
ee5a46b9e4dbfaef7f740958180a92ddf710229712b3b46b42c7135cc892bcd0,Win32,0.9980257,0.92744946,0.84095
eed335486edd375406fbbdc18d40b350764cd905180ba9fc0e83a8d83d7a790c,Win32,0.9980257,0.92744946,0.8410165
f1422561d30d7634399683ffb07e6e7662e267c18f1b3770bf523173cdc2c368,Win32,0.9980257,0.92744946,0.8409156
f59e088ddcf9249abd23b581fc70b2f0ce3a12b0b6f2903e8baf4c56d39e3a49,Win32,0.30813232,0.4226821,0.43914115
f771717f3463e61b967246cb3ded4b94e82f17faae0b2b3f9f2740d770f5d3c6,Win32,0.16981494,0.29963347,0.43836448
f77893729224eb7d21dc482c6c5bd735e592d88d323ab70c476b1d4ea8606d88,Win32,0.39415914,0.31828183,0.43936595
f78f259f63a91597eb8694d8f28aa86f1c02a22164f3ee12a873912de4218b15,Win32,0.9980257,0.92744946,0.8410068
f7de24c324d2042fd85b82337f9ad4afeaba05bd39c72c908bf75022b49ec061,Win32,0.9980257,0.92744946,0.8410563
fd6f43d54883faa918495f074bd8e92111b9c850ef8d77feff2e0369d73b5072,Dot_Net,0.11395956,0.11694924,0.047196776
fef39ae71f972a631c2e4b80718997c8dbcce9d23ec42488a3c667a44ce61fb0,Dot_Net,0.11395956,0.11694924,0.047196776
02b880b3e92cae39db3a77e54f99381db1a3e34e9cd78c216b9a50aa5becbbfe,Win32,0.9980257,0.92744946,0.8409829
052f7adba0f68ee6881caf371517184f1b5d89372a21210c99144783924a94e5,Win32,0.9980257,0.92744946,0.8409797
072d7d7220736223427a1d476c1e7aea9b5ed44553c9fbfbdfa4ddb835916aaf,Win32,0.9980257,0.92744946,0.84099126
08bcbfa2acf13b26a465b413c48d4450514cb8078930a6184b706bce5aed6d48,Win32,0.88998383,0.36236602,0.29042763
0b27d11f5579eae896ce55ddaa55140b94a32371b553b374185405c090f88272,Win32,0.16095534,0.29404914,0.4396489
0d4a1ce60c882313882cad2cd60888017399aeba9ef00669d68e92220865fb48,Win32,0.36059436,0.31828183,0.43937102
1143a5a3f742d099ada90633183376de1f2a153dd01da670d4917c7b45362675,Win32,0.06401157,0.022506598,0.32151574
12a924806ba792b6e28c361d9b812c41227d809f6d5b0dda42fd57476288d200,Win32,0.9980257,0.92744946,0.84096545
12cef2c238bab946137a17ef233d7e89a1e89e8af1a8d11b1a8926d7b7371197,Win32,0.9980257,0.92744946,0.840958
13dba57d5c9d0d4b197ba80361657c96dd65cba3697604d492bd21493ca700a6,Win32,0.19547112,0.29404914,0.43970254
13eb06e7c6a26697a8c45816403ef3f14a5db3572a69ffb6dfb12cf665f11f7a,Win32,0.9980257,0.92744946,0.8410247
14d084d72f767f433084cefc1e3cc508885fccda094be3c8fb454056d307a9fd,Win32,0.60126185,0.4226821,0.4389945
17a2a2d931a0bced3f1dc3cc06026fd9604560802f40aae17c6fd136aa3b0695,Win32,0.9980257,0.92744946,0.8409568
18160bc600ec552f10525c2328c0bd9696c3d31365ce372b1ec218416a42481e,Win64,0.65093124,0.71411705,0.55410063
1b5cfbf3dbee85efb232098d822616f92b27cd5d77bd88dc69138ae23c9303be,Win32,0.9980257,0.92744946,0.84102464
20c5a3f1498c853150e2e89be4bb961707b23b2b3344e9e7686b02537ba28ce2,Win32,0.9980257,0.92744946,0.8409318
245b97de1f5b331492167edc81d67e2b6cc3f2c31e131cde3caa782e961bc386,Win32,0.9980257,0.92744946,0.84098595
26065628c620efdaa60ae5ca70f1782bcd5bc39fdee589640b1103a0a08f05df,Win32,0.9940279,0.92744946,0.8409168
2a812ee018a67c9d44b6b783d4694623eb8b82fd174cefbedbc97254394e91d5,Win32,0.41628468,0.31828183,0.4393085
2af60f3927de7373dc4c15bb686957f7d8e2bf9ea330e3e6bf7d88e4f2229b6a,Win32,0.5055945,0.31828183,0.4392623
2dc3980051023149e53403c52bb9d2d84ef72675dfb193165c58b3b84f5ded89,Win32,0.1888569,0.29404914,0.43954638
2edde921715ee580d1a6b4bb13e2239e22c98b1da4df46d32155f1495c1d31a0,Win32,0.17500637,0.29963347,0.43830854
2ff918299b9407c21483c78a5c023f5d4df43ad91073e5794c819b282372a649,Win32,0.9980257,0.92744946,0.8409938
308bbe50905b9fd292649f2ea6d2d0e022487d08fe5c1a285848ba18a2818c0f,Win32,0.9980257,0.92744946,0.8409603
36c5be5a2ab9f74f616d64cc3ceada7f968765dd85a3b7ea44580e0428ca5f46,Win32,0.6963662,0.36236602,0.29090843
39d3e09a7ab99a5f1a2cbc8980ffb1c762638276046bc17fe9acf1715631c52c,Win32,0.9980257,0.92744946,0.8409336
3e0da75ffa7ca2c1458b21bf49c58dfbe5ef11a489bfaf20e1a18fd980914e24,Win32,0.6044752,0.4226821,0.4390874
3ed147606e95dd5765cce57ee0dd9bba1e40875c9344d3330e9438457bdc7b42,Win32,0.2290437,0.31828183,0.4394161
40cc1ce2411f14ed3babbd9673410961e0c96f154b61c19b31feef12edc62c95,Win32,0.038753383,0.039596975,0.05522865
49f243abb0c2f8a4fbe8486acb4e02ac3235b1e2d05809cdcaefb47eabce92af,Win32,0.9980257,0.92744946,0.8409286
4a17e039141c18e2b1a1dcda4cabe7f0d5f1ab0d9837b8fdfe9e30e88c313dbf,Win32,0.9980257,0.92744946,0.84093803
4ae8b07c5bb84494c31f971db7349c915875e6a6eecd564eed5e2a9220fcbedc,Win32,0.9980257,0.92744946,0.8409401
4dc34015786ca0d6922324b8bbf5836f74fc1453b81e7ced4906edd87af8e930,Win32,0.87437177,0.36236602,0.2901959
53cf0bf3a627f40f91d180feae949e9bc895e0c08492e5d471864dabfc54a25e,Win32,0.50597554,0.31828183,0.43925795
5427ec254a21ee2cda64765e903d3866137a9586ef15e92231c3a9ff0a341c24,Win32,0.9980257,0.92744946,0.84096044
557e5c298e2dec9e3c220e060c6f65bc7cb0811071fb57e0d088e00c16231ab5,Win32,0.21406175,0.29404914,0.43962702
5bfdbc0429d474705a6a19fe319be9094f60d5845b81eb1da3735690e3b41791,Win32,0.9980257,0.92744946,0.84099513
5f70dded01d1ee0706547e84978113a84adafa5f15c20bad1106648be22a2400,Dot_Net,0.11395956,0.11694924,0.047196776
618f8a4cac55a1b239d1ef1fba1851c7c394622cca83952bb1dd2305ec399ac4,Win32,0.56722194,0.4226821,0.43897685
620b03ee1bc74d57d369584cbf9909189624461d4626d3e62194509389d372ba,Dot_Net,0.7404024,0.9102905,0.8422934
637cfd76b8a758dab471f2e9a176b53842a293efb3a82af27dc0f16da1a49a99,Win32,0.9980257,0.92744946,0.8409651
637d8b8db07f17c7822b5f08130884b85bcb91d942b299a440b12d3cfe0701bf,Win64,0.43538168,0.09488703,0.05561004
64947efa788529f563ace4b00bd2e03e4e38e391921a3b79b57594018077a3c4,Win32,0.9940279,0.92744946,0.8409188
6675b7a3a9bc02a48553f3da49571de4b2a7ebda6d541d4e7479df13cdd16001,Win32,0.9980257,0.92744946,0.84095937
689bb825f7ab876b33fc88dde1fb8c332ded147f81f2eaf5b717d96fb24d5c1b,Win32,0.9980257,0.92744946,0.8409628
6cad3fbc4e53f678f730d172231164eabc154c6cbc0a6ce3c5868df740db2cfd,Win32,0.357634,0.31828183,0.4392357
716ab335a45112bae1a9ed0fbc8433478b679398113612936605d041876316fa,Win32,0.9940279,0.92744946,0.84091115
7376491c08cabf2aa58896f9fd8e4e145e34dbd31cd573eb83afacd36f255b28,Win32,0.521028,0.4226821,0.43896306
73f31d44508ea257893f0b7570f37c5516df6861633d2458b17a39b38532597f,Win32,0.9980257,0.92744946,0.8409728
749e871826a89fc0c82350421190d76bf521698b34c741b62922b02aa46c12a4,Win32,0.47703925,0.31828183,0.43939105
76d1ee97c64995d3b42ed9a5a39eed5079b2fb64951c0b6bc5432264dbec2051,Win32,0.6044752,0.4226821,0.4390879
77023ace42fc7e63f7ac17271b4c2611c9eee9ca84e120c239c05c0c4fb2f1f0,Win32,0.9980257,0.92744946,0.84094274
77c12502e99415ba279d27e94b0d3d0c92dad6e02c110b25a006262d0cb2a58c,Win64,0.83143115,0.6047972,0.6162789
8084c247292723f20ee336cfb2ebbcff4e0ce07a46a689de7aeedb7eabab8c3b,Win32,0.30550817,0.4226821,0.43915844
859c4df5391f1dbf029cc278552cca307bcf070807fa22cf6e201b7e466b5516,Dot_Net,0.11395956,0.11694924,0.047196776
8716e8e1528eb825428a65fcd7fdd4dac0efc89a1e267d7d32221f16dd2a1e81,Win32,0.25515652,0.29404914,0.43966603
8753de3ba474f2967702535191ba4e0f1ef35e746d4a1d9018bddaf0e8182199,Win32,0.5906572,0.4226821,0.43902662
8ca87025fab07da4b55609c28746ae797665160c24c7403188b56d09a767a3f0,Win32,0.9980257,0.92744946,0.8409844
8f21ce85f4a2707b424b10f783e45757b8a7aea6f8da0f4215c2534c90322f9d,Win32,0.9940279,0.92744946,0.8409174
91062d6b692d59b658d319790c9a237aa15d9b24dc2a758f7ab03e631e02f202,Win32,0.9980257,0.92744946,0.84093934
954fe4397d52a68992970f33d6088146d7484f4c1d45da63c0201e05c69ffa6f,Win32,0.9980257,0.92744946,0.8409464
9a04e11a472bc79d510b51524233fd2ac6d8ed11d611971e5c6e3892cacef358,Win32,0.39341137,0.29963347,0.43884537
9ac31078b2834b9b0ae4bc62e1de029b8602823c35e8f23ef12e93e5db80dd53,Win32,0.6019775,0.4226821,0.43898153
9ebb84b222e8c7d3b5b9c53dc9044145163457f536465ddcd35ea2e2a0c78e14,Win32,0.16781385,0.29963347,0.4383418
9ec5f3563ca7fc6d6af50d312239e525d7e4b4af1356d44276829565ca13a11e,Win32,0.9980257,0.92744946,0.8409215
a02f0e9abae2f19164dc767e06f787abc385a677d4d95b11f842d7acec89b04f,Win32,0.21613385,0.29404914,0.43959633
a0a969f8646c33aea989f20d4025df1fd8a56fd88c64489327d8681ddcde5300,Dot_Net,0.35061774,0.17756642,0.50581837
a0f9366d07b51ac61f9e42c45866e70b2a0e1a0fd2b693a5f07587830acaeaf6,Win32,0.18728584,0.29404914,0.43969482
a1ea20a6fb514396b1834ba5d16012bc3e0bb91e5521f047efcede511623f786,Win32,0.9980257,0.92744946,0.8409797
a65a9addc99fbf985f630799371432a9a959797b767870dc9fda7f380117a955,Win32,0.9940279,0.9229311,0.8409006
a8bbba41dacf7776b64fe9f69e9cf91c64000726fcca8575581f0dc9bd991760,Win32,0.16777398,0.29404914,0.43974155
a9597ff6db99d1f207b3467b7e444b4f83f2360f856e5a1e755bc2317366f87b,Win32,0.9980257,0.92744946,0.8409518
aeda6a6c1eef82668b6316f4c0b705a397d6a7c85e306fea25c9aa7c65d714cc,Win32,0.09483693,0.29404914,0.43963206
b64c929234d6e10c31cac5646903c1baaff26618848dc2e9554b33f8e3e69037,Win32,0.9980257,0.92744946,0.84098345
b7f20784a730dfd5e830980c9486bbe21e0f22499cd6a192c0b3a727b176731a,Win32,0.097838834,0.29404914,0.43964368
bda8dd8f297e472ef359f45fd1a0bcdb98843e759a73c0a6a67f94c9ef3f3e32,Win32,0.9970265,0.92744946,0.84095794
bf2cbc35e7f50fd1661f0660f1790e0615f0e6d95ec7e6b07f92e3288f9b90fe,Win32,0.9970265,0.92744946,0.8409987
bf6322558e1d2d3916b9a4fadc136d348f92b0821321c5ba13c824e09fda61e7,Win32,0.9980257,0.92744946,0.84094244
c046c898990e7bd3a2e214a9fcefc37b3c03d9f3e78454b1fbad327a4a64ee99,Win32,0.9970265,0.92744946,0.84097725
c0edb3a53fddf4294c179f9a32746260707fb927e372ca7dfd920c189f3dac41,Win32,0.51144767,0.4226821,0.43918076
c1f05c773803cc3c4b329d5877f211443564daf755f7c8c9389744fbc0518983,Win32,0.9940279,0.92744946,0.84092325
c2a9890b7220d07e1fb5d59e3db10f4afb253da73ddc4dc6030fdba064e44e94,Win32,0.53855914,0.4226821,0.43894663
c6e376ee77b68cb7765ca50b12ce603c931384deffad31bc912bc65822e9359a,Win32,0.9980257,0.92744946,0.8409983
c9f7995a2aae69857f17e303ab58625e838dc5a218606652216133cf163d3391,Win32,0.9980257,0.92744946,0.84091794
ca4a51446f63fb9bc9abb1fa89585204ce7ad2b1deb46ab9bd59621f76dffb05,Win32,0.35084397,0.31828183,0.43930352
caafdeaa07020c9936ec598c122f6256b6d79bedd6a01ad83cd0033b31842118,Win32,0.9980257,0.92744946,0.84095246
cad8abe4b7bb5b79a19af0e55eb0092c04502756e8eb84a43a67776938001c2a,Win32,0.9980257,0.92744946,0.84097403
cb18a5d96337b271d4bef2145e045658ced9474682a9780e9e467ae998dc2293,Win32,0.9980257,0.92744946,0.84098965
cbc2afa0144bd16803c95883c259aa9eb13539c07ebc1705d6d4d5fcfe0f594f,Win32,0.07309874,0.09312618,0.084009044
cc84cffb61d0ee02a900131677ef615a016d86bcd6dfee28a57eb0d2f7e980d4,Win32,0.9980257,0.92744946,0.84103173
d1acad63f860f55f7476657d8406bf51e7906e76ad28b54db16473164eca7832,Win32,0.56882894,0.4226821,0.4389166
d2c8902bab48ffec3f866d7c8474fc9a4301fe0b568c23b73fbc309a37d40c71,Win32,0.9980257,0.92744946,0.84096974
d684766132ab5e688099a3cef7b86bb5284b026be99e2dc3cb66b364787fed57,Win32,0.038753383,0.039596975,0.05522865
da04699a5a83db0e079b6b3f4cd3438add773176c5dec13f02e4fdfd120c6ea1,Win32,0.9940279,0.92744946,0.8409289
db0fb3651e8e7b9e6975f486cc4c74731321d9e288d7ceb6ebfaccb77c8d54bc,Win32,0.9980257,0.92744946,0.840963
db14f6ab98a101ebb75cbdd953c0710a78184fcf6ee978c27502798b1056e0de,Win32,0.9980257,0.92744946,0.84086585
dc7c0b1180e947507aa2f8296f23033a3f89339379061bab7595870ba299c58a,Win32,0.9980257,0.92744946,0.8409819
e0cf46b53e8b1cce3a1b3f3877aa866cfa8dfd4e7b305d71410a99e627cfd28b,Win32,0.9980257,0.92744946,0.8409272
e3bf591fdb443829c418254e6f5ad30f77f39e26b0c636771e651f8418732679,Win32,0.40568948,0.31828183,0.43924427
e4f9d4c5bafd7a270f72b8bb52bd92a90eadddf84a6843ab574b4b41d5513b37,Win32,0.2070665,0.29963347,0.4383012
e6a666375bef527f8ea4f3c175c74fe05f2ce3f88dc1e4a7b183b38241034aae,Win32,0.9980257,0.92744946,0.84097725
e958e3ddd6b3d960330fed40f037bd95fd5c25c55c474335df164759ad3e8f17,Win32,0.16781385,0.29963347,0.43846086
eab1022501c1b9644083ba3db05ce01e4cf655eb939b3d56a100504a2518e1c9,Win32,0.32820854,0.31828183,0.43932807
f3b3a1bf4b848657c4320edf171e6f067ce21b653ef4e8f1846e7677a2d83009,Win32,0.9980257,0.92744946,0.8409775
f55b6c4be6b098e7a6f8f5f5c0bcdcced929d2eb61b010f971659317a4a494de,Win32,0.27343994,0.31828183,0.439412
f5d86d0c6201774aa10ea0e042f8b5197238f8aa16f13b5025d3e135dc85a7af,Win32,0.9980257,0.92744946,0.8409526
f816de21f4d6e0ce90739532eafcf547fe3153a9a3c357b2ff118852d6681b54,Win32,0.40427816,0.31828183,0.43933585
f8ba5e15b1d20a932a0fd684e95f4ef69c6b8969d0b40e77415fdbf8de0eb4ab,Win32,0.9960268,0.92744946,0.84092283
f8f0f6fa1ac01c84e3f33262b2e9163a0dd90ea0d2ce4936746851d85bfce7c6,Win32,0.32820854,0.31828183,0.43933377
fc1477321cad01fa69dee293f138be8a3537f2267ad16528f0b3143fc1653108,Win32,0.9980257,0.92744946,0.84097743
fc7ce68a742e93f405f075a1b9569c2f8e6e1bf8cebb05c4110c9074b8cf91df,Win32,0.29643977,0.29404914,0.4396168
fca3c6aa98d19724c95cec16fc7551d272d1d538f3a6adf356de534f5fce24ea,Win32,0.5037654,0.31828183,0.43926576
ffbe2410101d71c8dfb38b913c6ee7c36e9052a40d97584fe9ff9c145995a57f,Win32,0.9980257,0.92744946,0.84094334
08eecff3f286f0ddc061523c885040e82b5d0650277d6bc6f36aa3c99345ea78,Win32,0.7417036,0.36236602,0.29081115
09dcc801cd2fdd3d05f8f571c57f87d269dda6986d8718ceb6ae92a67ce3975a,Win32,0.03426854,0.020714374,0.025733618
0a95efa13c68c15dab0b5a9356bde28538a4f72fedc0e22efe3ea301c2709dad,Win32,0.9980257,0.92744946,0.84102565
0ae68145781fc481fdd3c56670e2c40b568afd4221ad7cde9b47bd3f0d64fed9,Win32,0.9980257,0.92744946,0.84125984
0afa0b95f9a0bdd89de904cf03019749d0888281702240f0f66300a525c09fb3,Win32,0.9980257,0.92744946,0.84125894
0e399b296f1c5ebd139e809c99018446a59ef8230415e10e17c9ac13805db9bf,Win32,0.9980257,0.92744946,0.84097314
0fbfc636ddbc54b161d67d31269c2cb5ef37c6d7046331b9e9990a458c6561c1,Win32,0.9940279,0.92744946,0.8408666
1219883ece28e1b304f0ec50e63efa85d77e75db4cbe645bc2b825ecd1aa2646,Win32,0.9960268,0.92744946,0.84126484
13ac96716418d7b4c6dfa9bc91e4d73d151e737ab2f2c27bbbf5253d3e61b0ae,Win32,0.4272602,0.4226821,0.43915465
156ae83c1c9b76bda600967e0a0993f4409709bbcef01aaf977a6cda421710e4,Win32,0.3937447,0.29963347,0.4390622
17cc6fd8b7849bfb4226a5dc80e1348e837f9dc64d85915fa378a9980b4621cd,Win32,0.9980257,0.92744946,0.8412726
18076a1b406eef9ac7eccde1422ec02a6dc5478455281c77eb0d6413e439cfb3,Win32,0.9980257,0.92744946,0.841216
182874ed50a14f293dfcca42d8a14c2e62a3c352ea1a42bb0b950c1147917496,Win32,0.9980257,0.92744946,0.8409579
183b3a79a68f68ba6f05895c1a097935dbe1a3595952c1b7324a37151193a2a7,Win32,0.9980257,0.92744946,0.84121686
1a274f42f420aa2b8365189e242b13be1103b60f3152420ab54675b02e109036,Win32,0.9980257,0.92744946,0.841
1b76f6ec53fc4d7997e39f473e51da9368b0cb4c5276acd6319c2e355e72b116,Dot_Net,0.11257578,0.07606251,0.024968827
1c88c1bcb6cf8d3582f3c384aacb17c6e25a2a40f5a5f38590e9399a6723d1ec,Win32,0.9940279,0.92744946,0.8409249
1dda9ba7fb6da351bf28db2de72ac1ede99f398576da062831e0f09529ef1582,Win32,0.43347946,0.29963347,0.43918437
1deaaaf39ad27e889b442891b09ae5fad3c0d916d3353f037ea4b576181e22c1,Win32,0.9930287,0.9288349,0.8412735
1f321a48cb639ed80635a0e1ad0321b772fe3212c4f97943b703d96ce8707523,Win32,0.9980257,0.92744946,0.8409492
1fe7dceb7cb61fa56b9e88ef3a9cc8f8063216d09604fbea00d14e3f441e7a0d,Dot_Net,0.16775909,0.14751431,0.08910837
21fe544e265e9c3bf439749504fba142305a8aafcbc5dbae13a39710f4b4be0f,Win32,0.9980257,0.92744946,0.84094
226edf7a0e29454cc1c89b89cbf9b6cb79ea1729e2d865e132001fb1c91d82ee,Win32,0.9930287,0.9288349,0.84130687
243196f62e8defb12519b6d85d616e02fe869c31c7b62baca7a8df5bc2ea1e23,Win32,0.31914634,0.31828183,0.43922493
24958d9b40f313bf0384d519fc94bd1183f0d8fb16537af96522c24576c5a54b,Win32,0.9980257,0.9229311,0.84121966
286dc00519f08f5918eb09177858c8b9b380d77fad5bec14123727c7757649d8,Win32,0.9980257,0.92744946,0.8409791
2a96d7698501bea157322bda524ace0313a7c0eb1de054fce32f75f373b61053,Win32,0.9980257,0.92744946,0.84121794
2b0f2d9a19a3113f90ebf452d43563cc516271201bfa3f5814a9be7b272cbf27,Win32,0.9980257,0.92744946,0.841018
2b8856baf3ce8827b63f490c402891771ee73e4a32ad5adb107bfbe52b22786f,Win32,0.9970265,0.92744946,0.84102327
2bd16bc9fc2964674ee8eb891c153a20ea8bfe51df63980ac06a9dfecba9ad08,Win32,0.7015658,0.36236602,0.29088235
2c7e5556a50af747f5cd69691662231fd74f9d320cadf390eecb5e5a960e9fdf,Win32,0.9980257,0.92744946,0.84103876
2cacf3b783ac93173ebfb9e2533b75f34926841939dc385ed53952ae2cffa311,Win32,0.9980257,0.92744946,0.84119874
2dd7ac13589c1e5e3f9394add7193e4ad6248cb3cbb1633ad2ab7c566060950a,Win64,0.8038771,0.5987389,0.4640503
2eb9e885dfb17b7e8a0443b7bfd3623402f5b1cbae83b3f7612528f2c0e1dbbc,Win32,0.27534407,0.31828183,0.43940005
3112930cd974662c837671b3bac4b1aea6ac3d7ad1ee52cf306cf39ddedd5b69,Win32,0.263869,0.2422865,0.19402237
31fb404af08a0f0aca3206461d6514d786ca920b5b4ab28c914c11519dcf5a24,Win32,0.9980257,0.92744946,0.8410038
325b926d6d13ef8d6b9cdef4f1826052868d7926f74d18e5300b3f0f1113c34f,Win32,0.39606252,0.31828183,0.4393026
3377fd2c2ef444b43e0b2778f73805223104533ff05d82bab004bb6c326bb01f,Win32,0.9980257,0.92744946,0.8409576
339b70a394e872f1234eac14aa4d371ab364da00fef39878bdc82b7721fbad41,Win32,0.9980257,0.92744946,0.8412768
344c91a6f53d4676f32e2a3c04459fd713942e67f2642e646b974c12a268c739,Win32,0.8255228,0.79083943,0.79889065
3513dc73742d40d281d1e34e372dd54d71396e7953a485d9431556b983bce7a2,Win32,0.9980257,0.92744946,0.8412808
351de233adb5614f2899fbd4109817e45e8fe20f7c90e21e7b0ccc1061de64c8,Win32,0.9980257,0.92744946,0.8412074
35dce3875c931bc277de4ec8fab8c1eaa264f6628e2c8379b72c29f142497b09,Win32,0.9980257,0.92744946,0.8412719
376ea471b0f17cd4faf38c9f13b7a21915dac65a0d31837697d551d3eccc5f05,Win32,0.3180392,0.31828183,0.4394206
402bf32dee377f9b24828cbdb00e9e8f46725420ccae972073c8ba3b21a3bf7e,Win32,0.31781203,0.31828183,0.43922994
44cfd728b567a9b9e1b2dc16cca7af40a1377bad2fd3aa9fc7d5b79e89d33401,Win32,0.9960268,0.92744946,0.8413033
477dbf8b9b2a68cf1c9317419f7a89a52cf95e3e788c1e4246287ff7de545ab4,Win32,0.9980257,0.92744946,0.8412684
47c97733998a3e31cac01407293c8c2d3431a3eec9bfde84e4d09f1ca25dd109,Win32,0.9980257,0.92744946,0.84123176
489c2d5a885747399a149b3bb74329e9c2d2624d4797456a57239308c8fedf1d,Win32,0.9980257,0.92744946,0.8412325
494369ac6edc3f3710f01d20037be912d2920360731dbd814d1b607a3db64cac,Win32,0.9940279,0.9288349,0.8412908
4add7ddfc7e9025e4ad00d70b199b03384ca91579df5990b10546a9d6878f648,Win32,0.48549908,0.29404914,0.4394588
4c43305490be5109aa4d07b82d26031f8b497f4e9281fd17f05a82d7b672b05f,Win32,0.47627577,0.29404914,0.43932006
4c6374d96e11eb6614b574e87b100441346d0d22f96564f0925586b4dbe40551,Win32,0.9980257,0.92744946,0.8409602
4d9e6ed00b1fcd60246598e8edb9fb63e1bb8012507d6f7b6802d267c9af548b,Win32,0.3854386,0.31828183,0.4393345
4e2c8d493b07e4b1e38edb55ee2b7d813bc9f97a3c316118024075aa3f3d94a5,Win32,0.9980257,0.92744946,0.8409689
4fdbaae643ff7e78558460e979bf486325624e3424af95a5a56e57f1091bb0e5,Win32,0.9940279,0.9288349,0.8412902
5021d0c20e9545036144ebe90954cf86bce7d64c36476d2abd7e5b7d76cffd32,Win32,0.9970265,0.92744946,0.8409989
503ab9cce121d0cf7e31576d5e7ac6c8b9b6a27dea7065e3408d387c400720d3,Win32,0.9980257,0.92744946,0.84104913
507878d5bb7750e18cc901993dc8d16711ff090d95065f35f5690d2696865ebf,Win64,0.8397213,0.6047972,0.6164521
51f58289a182b7669abfef1c7085aa982d1cb340ad82292569dac9cd66675985,Win32,0.9980257,0.92744946,0.8412563
52b330456fec1c0de9b8d4b1bb55e5da428fdafdcc2620899711e13361c61fa0,Win32,0.9980257,0.92744946,0.8412407
52bd314f085e25a79f4d1a3a3f8921edda2ed4a73370b9c255a892f7bce0e455,Win32,0.9980257,0.92744946,0.8409591
530c126b56833ca797a45a8cea2d4cbe2d38cf3cde0a440daf9457f6025427d8,Win32,0.9980257,0.92744946,0.84124947
534e69be1501208e0c29a6b55fd341de1a236720731027460e26e674a9415345,Win32,0.9980257,0.92744946,0.8412978
553570c8466e161e33e66f68c1ac846b40f1cd0281e3edefd49fc22910f3a4af,Win32,0.9980257,0.92744946,0.8412925
56a28fa227c800d24529fdfd0700331091d432eafde707bf25ecf34e60f236c0,Win32,0.9980257,0.9229311,0.8411832
586f0b2bd892a0f05d11cd2f0735e00f504410b13c634ab82d3e3af67222c606,Win32,0.29287413,0.31828183,0.43936712
5a5cf50892e94b6b7ec4e6f57748cd1c94ef6f739351611d2d093fe298b7152d,Win32,0.4443124,0.4226821,0.4391964
5b6e05d90678a7038683c3087002076d2310ada99b57ac991a6d573a1daff787,Win32,0.9980257,0.92744946,0.84094197
5c28ca4c2d1d16a48a10b382598000c091410bce2eeb906c38974a57bd76dff7,Win32,0.9980257,0.92744946,0.8409919
5cd261e4ee18ba3e85e350b059970c23e96458e0aec7a6cd6eaee73e838b1901,Win32,0.8398539,0.36236602,0.29054353
5e04ff01ea7bae20d75277cbbd391f27e5819a2a411e7316b273de2cadec858f,Win32,0.2255392,0.46338046,0.43665606
5e2a8e88cc479a433e73dfa7e8175bf9ed044d6c343f8a4571fd19843bfdcd31,Win32,0.37798083,0.29404914,0.4393693
5f342d5a2ff0820e5eeec57f2123d0a8f7d7983d36d7105d59debd3a7e6a5687,Win32,0.9980257,0.92744946,0.841235
61086ff9a654739865f4bb732a3afd189ded1154a5e48398dff7e2cf244329e6,Win32,0.9980257,0.92744946,0.8410093
61ecaad7936566a4c52b30215720e6b1b6907260713790782a2c555ff5640f5e,Win32,0.9980257,0.92744946,0.8412347
624b7d82c1424335833e3f152f6014e3765c8f3d21bbdac05c727ec4da0f4928,Win32,0.34068707,0.29963347,0.43890586
6287abc71305c5c89cee05c3d45bc4b627a79ffe2b7ae09b7da9c7015f627559,Win32,0.7535747,0.36236602,0.29061347
6418014ac8899135d783289c219ba3cfaabb553fdb72c2bcafbe8d9bf1efe030,Win32,0.9980257,0.92744946,0.8412352
6424ba1ecadbfc51836b862bc1e88eb2aca82dbdffb397b3ba79065968078c51,Win64,0.9988724,0.98555,0.9768676
665a9e68690e6b3e36ed03e728e6195c9614bb204508ceaffd9c98373d333d29,Win32,0.9940279,0.92744946,0.84131074
68a7554c72dc965063a64a75f94ffe50c1bcce049a152adf83dfded6c9fee9ef,Win32,0.9980257,0.92744946,0.8409595
68d688a6ca195b699f3f4a61e1f1de200d9e87f470501ce65bf94bb3f7c33842,Win32,0.9980257,0.92744946,0.84099776
6b9a8619a2488fcc003cb072c176cc74de6b9492cd573996bcc56ae11856badc,Win32,0.9940279,0.92744946,0.8412734
6baec17d8de43502c5a95931cbdf13ba8be6d83383755d4c63f6073e3807b8f7,Win32,0.9980257,0.92744946,0.84122676
6e22effa5b998aefb1412e982cb71e9b5350a2120d26bd76a4f496ce8685c0c7,Win32,0.43962428,0.31828183,0.43941072
6e46e5710448f4ffedca567e25a927516b2b5b4e72a5b4bd9f8b205044881549,Win32,0.9980257,0.92744946,0.8412543
6f91cd2d637f053a2010d723a3591edcc58774f557b9ccef3e30c66005e7cdcb,Win32,0.5175106,0.29404914,0.43924227
71945b1e9a162b533d15c4b45ed72c42ecb0789c1e30fca5dc7db3790370de9c,Win32,0.9980257,0.92744946,0.84126186
7306e01d5e2b7e78830cfdd1d1bade5a53bc76442378c8cf8952f06ab5e9e5e4,Win32,0.9960268,0.92744946,0.8412809
73213cb5ac77075307c354aee68fcbf8209d0608b54e66f31f33b6108c13145e,Win32,0.18297839,0.34100074,0.07988621
73a65ae5db6e3bcfec665905c97c09fc97054e4c9eaac1f70d9bee14359d77d7,Win32,0.9980257,0.92744946,0.8412626
741993591142c20588fa6d84fec1328ddec0c7e7ca52f1f8159d5b4d338df129,Win32,0.9980257,0.92744946,0.84123653
741c8fec833028807b843f0bb8ef73b33ea5b3915b7a6f8ea26c03ff45a39eaa,Win32,0.9980257,0.92744946,0.84128714
7483243186bf659fe8d96ed61bf318b297f069bc471a2dba313a7b3b518dbcc6,Win32,0.9980257,0.92744946,0.8412837
74e30ca8ab1b90d947cbc53a6b2b978d8540eb16c67fb36ca3cd4d2b963cdff4,Win32,0.53955203,0.29404914,0.4392623
75238811da91146e7508ad29befd2b6172575d4000b83743a513274ff911733f,Win32,0.9940279,0.9288349,0.841289
76689d8b2397107e7df09a265ad49385e7eb725e94ace8f10a4c008c26962190,Win32,0.9980257,0.92744946,0.84121186
774ec0fb7083497ea5dd499bd43c40b91dcedbfa612733263caf16f1bcf44478,Win32,0.9980257,0.92744946,0.8410539
788338379ffd19b59446c4cb47a85e45c945624ca791d1f27ddb7003c0a1ed32,Win32,0.9980257,0.92744946,0.84124434
7a8d6b322c32d670749ab9870f03089df13bcf8d5676499799d942e300571d56,Win32,0.7689065,0.36236602,0.29065144
7abe71b474cc1cdc6df463602cfe9beb81c9f886a12cf37c22c6989942a4da98,Win32,0.9960268,0.92744946,0.84126884
7acd83d7174d9160b451ac56a6213d04a2096d5aa04c7ab3591f1fef7e65c10e,Win32,0.9980257,0.92744946,0.8409686
7b76d9043f2a19911287af858770972e5d7e7c138f6a5d5a8d8d9bdf13e5c403,Win32,0.9980257,0.92744946,0.84120303
7c0b63a74110f2e36829cc699e9d5a599c7d43d6fb8e539079ad666b97c0f01d,Win32,0.9980257,0.92744946,0.8412726
7d3b6461eff5d462afb977be31e4163b0fee40dfb2444662e52897725304f3d5,Win32,0.7357047,0.36236602,0.2908333
7d5e5ba56b5c056b42fbc2aeb41b40fcf80f8a54bdb8f2dfcaad918ea9eea58a,Win32,0.9940279,0.9288349,0.84131056
7d60904d4ff5850cabf02052c0153796d880ccf0e1f30f7e1885a59a9c9633e0,Win32,0.9940279,0.9288349,0.841276
7ec78e4b2f64952cadc6b8915d1dbd98e240c15c59e5188cdad3b9ddf66a4868,Win32,0.4965137,0.29963347,0.43900907
7f0fc3a42216a1a87244b200df8545756bda85d96c1346547e061d276327c5cc,Win32,0.9980257,0.92744946,0.8410077
7f61c24e0dd5e65f3000692a7014b1f21dee0296740eeab45f30eae957ef8023,Win32,0.47973573,0.4226821,0.43917537
819c3298c5b2bea26c1b1bc4c391d5da1a11eb2f98727ebf9439968a5bff098a,Win32,0.9940279,0.9288349,0.8413219
81dc1be62c1278c957539d3020767e8de665f60eb10e1032cdf61f8153a8fa7d,Win32,0.9980257,0.92744946,0.8409784
8306a9bec5a89492f0336dd9ce12a2d5d1a3e99ed6a07acbee7eda96adf1b63c,Win32,0.9980257,0.92744946,0.84127194
84f7265649363b5c8fe32bf5902da95d3b5d88507925b104561a8e775bb1e754,Win32,0.9980257,0.92744946,0.8412227
8675683b20e14bcd11cc9e4ba44d49bd339539b2c96de08e543dac330a4f6db0,Win32,0.4054022,0.29404914,0.4394315
8845c09cba313035c68fabe8940bc44ea76ed4bc3acfab6ec51ea1e1c90ea262,Win32,0.9980257,0.92744946,0.84120995
8c869af0b054e36117cfaf6b1a1e981b04a59bf994ee91ad7afd322fa7129f61,Win32,0.9960268,0.92744946,0.84130156
8c8c41580432d128428516da19acbe5d1bf650b06903a0f4f1614ecda4495cfd,Win32,0.9980257,0.9229311,0.8411897
8cb9d4aecf2207318ba2e6de7d72ee5d44c90c912d19b30e4d94bad2efe163de,Win32,0.9980257,0.92744946,0.8412606
8eb47d549306b1b5b0959dc710bf12ea654ab5ea82e742ed35ac61aee7f45c68,Win32,0.9980257,0.92744946,0.8412552
8edbbd5b3be7ee04045195924b0e2132fad0d4f1adc991b54a487ccfe35ae4e1,Win32,0.9940279,0.9229311,0.84099203
90048848f714aecce6230aa1693e7744a6b9444387e151e5517254a2e52b6a33,Win32,0.9980257,0.92744946,0.84095377
905c52bcbae605fa177a9d6006f291db7c33ad1a2d1da4a215c9ea46558b0b32,Win32,0.9980257,0.92744946,0.8409762
905efcc38835264007dc9afa7589952e02cf7d2482e7b1062d792ec91971ba2b,Win32,0.44048402,0.29963347,0.4392004
91110653a60967b118b5a11e326ae6fb5ce56b7aa21cfb65a73729839d0937fe,Win32,0.9930287,0.9288349,0.8413025
94d00cc208f64930aa089513dda72e8baf8915af48d76ebcb06d4586ff86b77d,Win32,0.9980257,0.92744946,0.84125954
9766839303def80cd261c4bc203d9bb2124cfc828892cb0a2e04c7ab3b5663a9,Win32,0.9940279,0.92744946,0.8409206
97a25368d4638b6d8ec6f582af8bafc59b3340f95be8f6678af81c6ab3c697d3,Win32,0.9980257,0.92744946,0.8409948
997f913ce301beae735c627fbbf036ea8901eadb67db9599cfca2b913b5b5dde,Win32,0.9980257,0.92744946,0.8409425
99ad5b87970e43763719ec0bf489f9411d6643812ffc1e2a61cb68bbb8f67741,Win32,0.34840497,0.29963347,0.43914467
9bb4530c53137c5a0eac8c02dc8507555030404834ef23d302ad855c58229102,Win32,0.9940279,0.9288349,0.8413216
9dd054381c3310d5bfb7fb15c59989245b1f9b7295cae2b2878dd8ea1f10e950,Win32,0.9980257,0.92744946,0.84096
9f6e0dfa3e529f519cf3f56dd0b1523b149b8d1fa03ebb4e66e6df86ddc4316c,Win32,0.9980257,0.92744946,0.8410017
a0b6a20a7277d979c90c97aef6752f9ac332fe28d0473747894762f682ec06b4,Win32,0.9980257,0.92744946,0.8412578
a195c8c2c4a7a705874a170d6b91f8707b5f0d54c16cc5b8114f29829462bb64,Win32,0.9970265,0.92744946,0.84105164
a2a979f9437e3c06c772aa6147d060bb82ed325b16427b9bf07de10e872f0862,Win32,0.9980257,0.92744946,0.8412115
a2e8be964530f9ba43dbf8c819323ed8da775886c4279b37a2c5d8de5a31ea5a,Win32,0.9980257,0.92744946,0.84126127
a32370e666f1b45ebd7e7569e998558b0fb2dfd7e04920bc26d44dd302f12a8e,Win32,0.9980257,0.92744946,0.8412827
a39db0b4cc36e6603faa1634ba13894c0036556394486ea921fbd99a4a3713c1,Win32,0.9940279,0.9288349,0.8413235
a4159c5cd3a57aba4eea92658a8f58b184bd7a270ac33c7c259d8b72132b4cbd,Win32,0.9980257,0.9229311,0.84120256
a5cb23b954b2f169ec3de2f6d728a752759e168b4d28ef580b6cdba240695032,Win32,0.07309874,0.09312618,0.084009044
a66d8fd4e9120d490e56ba83e7a5d725335283835a5ae1704e89a806bfae615d,Win32,0.03366711,0.15722996,0.2008938
a6a9973daa0b35e19a2689f0979a00704bea6850121a474ef85d5213f44294be,Win32,0.9980257,0.92744946,0.84119344
a6d28b546cd37e70b92c84bdeedef0fd9983b80314fdcedb04152f2837b0d0f6,Win32,0.40935257,0.29404914,0.439236
a8925e0420beafc8d460b195024ffe34f949d57a491b51716afdc7591c0a623e,Win32,0.9980257,0.92744946,0.84126055
a8de1d144d5299b140447b7b799e4e81af57e59d77c511ecd6963cbaeb0dd85e,Win32,0.9980257,0.92744946,0.8412597
aa66d9e0673ce197f74cb670f2c86548742cdceb556cc9c4a84bea9105f592ae,Win32,0.9980257,0.92744946,0.8409695
ac8e22fa63306210a754ba62f7a38896da99bbee587f49f11b19e3a51dabd309,Win32,0.9980257,0.92744946,0.841254
ad79265890a3de8c2fb835a70bfb455b9eee6e4d6182350b89a1abc60d9db94b,Win32,0.9940279,0.92744946,0.8409506
ad87ca7ad7251895646423693672074f715c474cdd3431351c094318d5e2311c,Win32,0.9980257,0.92744946,0.8412652
b0620b05484ce3a92f99d278a7415bc688a62bdb0a4e1999583f625d25038ad2,Win32,0.9980257,0.92744946,0.8409875
b06c0e954f29011fd3a1ed15b8779e7ff95cc50717269da35fed644f69c41130,Win32,0.9980257,0.92744946,0.8409638
b0b430a9a01254814fee0c417b8aff200dcef8c93be7d15f71a6c6796f0bcfb7,Win32,0.9970265,0.92744946,0.84101397
b0bf46eed56fe79bd203da2bc6de1059e1a83b25bdd53daf48fc7e7cd022efea,Win32,0.9930287,0.9288349,0.84127444
b216ad8e242fb34d0f2281f75a7eed315b530ffc4b1e56ca93ed93355c2c6361,Win32,0.45397973,0.4226821,0.43919277
b3a8af54982ca9e61706d1595a04042ef8c6f14b956575a08bbd436190a15015,Win32,0.9980257,0.92744946,0.84099317
b6a4a3db224b1b1bd2cfd1e766a0038eeb83401302842668c376aa59eefff649,Win32,0.9980257,0.92744946,0.8412767
b8b6ee213553adecf4e0cc23e556b3bf3b7f82d11996cf144081a90f41a19f80,Win32,0.9930287,0.9288349,0.84130764
b8cca3a0a20665c304e165c50644efe074601864c949b9c19c0d750a6ba316cd,Win32,0.9980257,0.92744946,0.841212
b951cbbf311a3fa6636fc5ce1fdc343fd54338316e52b42a6a4dc3a62f117fbb,Win32,0.9980257,0.92744946,0.8412559
ba2e39deddec44730429b5e0933f524e5341ced744cd53babdb651d93fe08490,Win32,0.9980257,0.92744946,0.84125656
ba490885a310d628cd59f89df0c48d418beeb5a0871c9cfc84707fcf9b442dad,Win32,0.4272602,0.4226821,0.43915173
baf2fb749553a338849273ca265eade1f518b56b279983a169df073f3803cbe4,Win32,0.9980257,0.92744946,0.8412713
bb58f6e2a10081468a5434e5518da37f456327601df772ae24f286d51cb35b63,Win32,0.9980257,0.92744946,0.84093136
bca93edb43126a8453742c85a66c3d8c87f6d273208be6f660674c20e3e40d20,Win32,0.9980257,0.92744946,0.8412289
be4b8003a71eca6bd4153f27100b3cb7949deffbc5c2495082587fca250afc45,Win32,0.4270876,0.31828183,0.43924066
bfa10108b02b0a1714a86d39aa15ed7f50be31d352788e56224069e2be885926,Win32,0.99142975,0.9288349,0.8413149
c087129afa3b8e9dd1c11c7eb78c62fdfadb6e67f23f07056abf4bc571658351,Win32,0.9980257,0.92744946,0.8412691
c0d8e9d3dbc7e98b30ce77936fac4519116f9958c2d63b6cb072b3dfa08effca,Win32,0.9980257,0.92744946,0.8413029
c1dfff7910935064082b5c63dc94f98e1d8c34149507a137cdc05ce8b400aa4b,Win32,0.9980257,0.92744946,0.8412979
c234d50ec293a8e61c66828bc29a0a94714b19dff4e081df2f906abfa2848dbb,Win32,0.9980257,0.92744946,0.84095734
c3abb24363dee7f4087af0583b02a2a7eeb3f96303d83e8360ab24d4aa307bfb,Win32,0.9980257,0.92744946,0.8412095
c41bf1221a9f76979ff91195fbfe9018d54beaaa7798961fcf08d60f6a0ab5bf,Win32,0.9980257,0.92744946,0.8412032
c59339e4615bcbd2f1e1d0189cca32196970092e441f2cd2abd36ac8af3b0e6a,Win32,0.9980257,0.92744946,0.84125274
c5fcd9e83b10eaa687c94372e06267d38379e8fbb290feab21587755e9e193a8,Win32,0.9980257,0.92744946,0.8412418
c7e67d7f29439f77939c16f131290de8cf887907e2fa237d8da0ce8047fe6fbd,Win32,0.9980257,0.92744946,0.8409455
c84d7234b7a50a3b9202ff252db096d8da7569a4937145cdf53f664c279bbd63,Win32,0.9980257,0.92744946,0.84101206
c8a47a024a675fcb3cc5d7708d33dd609ffa0c72b544612b9b87226a4421a2bd,Win32,0.9980257,0.92744946,0.8412872
cda2d444971860bc71cbd883e7661241ccb8c72656adac29afeccc64943e660d,Win32,0.9980257,0.92744946,0.84125215
d01cd8ae6112562487e2d72eb166fa806f44b5ff51c5ef9f77bb1fd78090db9e,Win64,0.733517,0.7278332,0.5253379
d0ebfe238ed0388c9a9543bbfcc59c2b08639c391b3ad3a84731db4e543339f3,Win32,0.9980257,0.92744946,0.8412479
d181e6efcb8e366b07794cddfd454ffa83cf1b3320d701fb1a8da440b7cb1e19,Win32,0.99142975,0.9288349,0.8413328
d58fcdfd252c15aacb2e1a11ec5751bfac3e9770805a0c1d5f7a420a3e2f49a7,Win32,0.9980257,0.9229311,0.8412294
d849981a414f120ff40c7eceea297dd7251bab91ffc1a4343f5e3651e28f1cba,Win32,0.9980257,0.92744946,0.8412408
d89faaefb7b77e71e6b4f129673861801f2cc147dde59e68ce24dbc838099ef1,Win32,0.9980257,0.92744946,0.84098184
da5b7fcbf2937bdca0018e669bd914ad07bbbe68b50e59404ae6937fc41a6f05,Win32,0.9980257,0.92744946,0.84096164
dc654d28488010c44a5e09024dfc3deab6ba24d5fa3a7653355e38e6791a7f15,Win32,0.88398635,0.36236602,0.2903448
e0ac6de741f7e9bde7bc0d5ecc2e2045f0cc1ae7ebcabf28489b5a474b4cb20f,Win32,0.8507086,0.36236602,0.29014626
e2293186c2ddf0ff9b4e54d2c762e1f6b535bc11fd353abef7cbef7656261e6e,Win64,0.29742488,0.5673079,0.5035747
e41810321be5859c0ab40618817d1567e5f3b96eac6d62fed42b26b440fed920,Win32,0.36349663,0.4226821,0.43906346
e485fca3664e93845bde3deb28fb7d8a635e575f07bbe8247a6eefda69667455,Win32,0.9970265,0.92744946,0.84103966
e7b492ac3100a83eacb4c81da54f0c8e3c7c1397e23fb9fdc755f785c8e7a2f8,Win32,0.8330703,0.36236602,0.29039317
ebed4bef7ec5c0c92d8edcea37efa418a1bf934f1971b9ea2178f1c1b5fd0e07,Win32,0.9980257,0.92744946,0.84096843
f1f4b4b7c6910b6f2c24c469746802cc94d09fe79e2e4b680cc7992aea13f6f6,Win32,0.35434175,0.29404914,0.43935654
f3319aa16b318ac99bcb31729f071603eaf46e8d6364080efcaadbb702ddbee8,Win32,0.9980257,0.92744946,0.8412395
f38cbe9b15763c65e1b55dee61cd837cbf8f88f81c32d09844a6f29da45631bb,Win32,0.9970265,0.92744946,0.841028
f4e8d794c2b5528d55d6afaeb2fae4f7be27f2b1173e981a18ba68b99fcb2dab,Win32,0.9980257,0.92744946,0.84125274
f5c435a1e023a576aaa603b79742e55ae2a91d650754a6126ad5c771c1a1eed5,Dot_Net,0.9132795,0.9347529,0.9570973
f80a0244cb272bf924381e531dd4f5c752c933068e31b4d6f564606e0b811617,Win32,0.9980257,0.92744946,0.8412072
f990dfa7a86d45e0520c1cddce582a1268621afc935153baa55dd231e4107489,Win32,0.9960268,0.92744946,0.84129107
fae746da352ce35f2f072fd38e169e2d8880d6012d20a1d073b8f9cff84113aa,Win32,0.38238227,0.29404914,0.43923473
fe3be73f72ae558ddeedb32d348c92333137b897e919635b76257a448bdd96b8,Win32,0.86680037,0.78402823,0.78452384
013e52d5bc8a50f024faf375b11e9a61b766988ccb5499aa9f37602447fd4e0f,Win32,0.9980257,0.92744946,0.84121114
0330b1e4a11b5a08c403477d7fd982ac80c8455393f8733e15bed3ca256494f9,Win32,0.9940279,0.9288349,0.8413014
07d3dd467b42a563c85bce0f8d1cc5dce154b9a7aea71377db358a95edc19ad9,Win32,0.17951676,0.29963347,0.4384401
09107d045de061b1a7349122428db66a3dbe41669bee668b7778dc88fdc79b8e,Win32,0.9980257,0.92744946,0.8410254
0a283f9ab50c9d51119ddd5110eb651a6c9f42592df2b616c16cf09d5331fae9,Win32,0.15256622,0.31828183,0.43960786
0a38e1a3957139a198a2f868eab9b7c7497f06c4dd23c85be487a7e73c71bac5,Win32,0.9980257,0.92744946,0.84096247
0b1f36b96b802c5cacedb38715daf653ac3030c0bcfc55836199c063178ffec5,Win32,0.40388444,0.29963347,0.43907365
0c2e6f3dd39e62c21fde57b865eaebb3452d0b748a32e64f511473d3fba328e4,Win32,0.9980257,0.92744946,0.8412204
0d1df5699c6cfecbaa6c8b79830768b71f9e743fe8552d23e1fcea12fc8b5a0a,Win32,0.9980257,0.92744946,0.84121543
1314724c7a1321c6580ae2cf00eea9b4ddf11fbc66139ec982b22278041c2f12,Win32,0.9980257,0.92744946,0.8412368
148adfa95f04927bbb0a380a50f2abe88b7125a1b48915801980b8f458ba34d3,Win32,0.38361296,0.4226821,0.43881556
15a079ae6167f6bf8f6fbb6aae3cdcb174279f808741ab38995dda612b794688,Win32,0.9980257,0.92744946,0.8413059
16bcb54ceb4b640c1950548a6fda5dcba5179c2cd807757343d6819da0bb46a8,Win32,0.9980257,0.92744946,0.8412311
16ef528d23ad77e582043dc30b09b5020e45cd8fbf40a0f3009bd1a3d87bef50,Win32,0.39048728,0.29963347,0.43905765
1d2f6197cbc23e274e29073c06abc807d1a41fd18aa9af1f6c37ba4f6b82962b,Win32,0.9980257,0.92744946,0.84105146
1e57adca5c1a8905d27cee6bec8d3be9ed16d45853f8ab7bfb5c31c5981a1156,Win32,0.9980257,0.92744946,0.84127903
1eac3699175c7d9cccf49391de6eb6092e64becf9a3e8b36be02812ec933365f,Win32,0.9980257,0.92744946,0.8412459
1f8010e76ad4289c8cbba85283a4b50fd1e4f48cba895ad1633993763d529365,Win32,0.9980257,0.92744946,0.84097487
21143f7a7f496855b5af0cc73c7e47cc787b5d683e961edd8c9ca137d84353c5,Win32,0.9980257,0.92744946,0.8412424
2189e0c57d3c99e319d1445337e3786944a0bcd2649f6883be8fd60d71b18f6a,Win32,0.41818407,0.29404914,0.4392837
22109163d951b99d627b840e93d59ce06bafd6cf3820294a8baf66ef68ebf0a9,Win32,0.47165805,0.31828183,0.4392705
237add164aeb6af1fba84fa014b19f14d96f77ca90be89de6c201e164db948e3,Win32,0.37829432,0.4226821,0.4390879
241397991a586617b72dcb52fbbd5853c68989a6926116c96cc16124a5e45475,Win32,0.39482322,0.29963347,0.4391723
24655cda821abc511b4c381cbcc6259af356413bbb144957819ee6c008273d0c,Win32,0.9980257,0.92744946,0.84120065
25927ef6c3083dbc895a35262205d10de2e51e430fccb042f5a2709ea23962b6,Win32,0.4494079,0.31828183,0.4392718
266c1582b226ecdc80c698131c445a0b25243cb9fdbcae115baa2153210112fd,Win32,0.9940279,0.9288349,0.84130436
26808557486ab16e5780cf95f9bb3edcff40d555596ed5b207d489e4eeb531b3,Win32,0.9930287,0.9288349,0.841333
27422aea0009f0c5444a9ca699192171d813d06ad21c83eac9315944fd7e8985,Win32,0.9980257,0.92744946,0.8412652
2750b4310d1c2787f4f46441feb8336b9dcc5909d68462dd2f0128fbb66d89ac,Win32,0.9930287,0.9288349,0.8413121
27524ffc8b46e245be0d51f99a71de6ed4d9a9ffe2c746b7598aa707fb360e67,Win32,0.9960268,0.92744946,0.84126437
2c0ab74403829b45375458dd27d896c46671626daf2355eb4be06f58fd52a6db,Dot_Net,0.88991165,0.8569828,0.057069257
2cab2b834aeb65b8780e2f3e549ab4d39d0fa9a2c828c7002d27bebf8efb929b,Win32,0.9940279,0.9229311,0.8409787
2ee02ba3a3da94d7821d1003318832305725ee772de3311a18bdb95848a32d5c,Win32,0.9980257,0.92744946,0.8410286
2f9b66a330e4976e447407279178eb754ff8d1e2e01cb2e6be9476ff1be04522,Win32,0.17418343,0.29963347,0.43850297
3139c9bbffc16503a6b8d4192548936ade9027eb33ee90ca2459a758d701c33e,Win32,0.9980257,0.92744946,0.8412847
31a5a1ff7511266f91f17d085512055702ef515c9df650af200a3481afdf3124,Win32,0.9940279,0.92744946,0.8409301
329c07d19323da0273450ffde1e40be640148399799ccfe56712dce4d3bdef32,Win32,0.9980257,0.92744946,0.84100795
329efe0117017aab61143bd858a31c53ea5234b2aeb6578a1a7f778f71708723,Win32,0.9940279,0.9288349,0.8413114
32a4ee2fbefd3392c8c3b328ae9775796dcdb70ef413a3cf24d8d9937543fb0a,Win32,0.9980257,0.92744946,0.8409621
331bed3fcd5df168b1a0b2914a7c8696dd91b04dfa509e89340220a9f6f3fc4c,Win32,0.56269026,0.4226821,0.4391125
33ca73f42a567b58ad32b356549b4372241bc1e59f543bf8847a61ac3cbac140,Win32,0.9980257,0.92744946,0.8412258
34946721cfbbc443ed45485e0e4bfc258e21d4ef2f2210d5bfb86a8840c60874,Win32,0.9980257,0.92744946,0.8409695
35fb9fd00a20771fabbaadceaae5325431a650f4ca77082e7c50f1439a198733,Win32,0.9970265,0.92744946,0.841016
37f96176c4b8283c9bde8e6c2e9fce22b05f4b712d76677f5ce0932a4fb2f821,Win32,0.9980257,0.92744946,0.84130055
3a18550ac5f72ef17f38b272f410ab781f4614a43e2e3d8cb856878a5d8c95c9,Win32,0.9980257,0.92744946,0.84098405
3a87a1bbf77a5f21a46f0d7898368a6c41d5df0e4dfdcd921b1619352b08b878,Dot_Net,0.88991165,0.8569828,0.057069257
3aff32f51f496009da2a0886124b2366fb1d1016d7b5a2b89bf1ce05fae775ca,Win32,0.9980257,0.92744946,0.8409996
3c04906edd3d926886d09fe9855b01be875d6a8244c47eebfc9f015bb0434a3b,Win32,0.40499464,0.29963347,0.4391336
3de20f010c7044eba05fb6fe0ae4913b2636595f8faa3f04409436965b36cd84,Win32,0.9980257,0.92744946,0.84123313
4334c9b6f36aa7f9efc68ea5c7365ba1433030ba34ae5255db96261597285f8e,Win32,0.9980257,0.92744946,0.8412487
469352d00e283617128dfaa9237dc73d629fae02b0d96e2266009d4f8eadc84a,Win32,0.9980257,0.92744946,0.84103245
47002a9eb913178cdf761df0b5eaab14ab1d620a2bf7892e3c420ecffacd0d1b,Win32,0.9980257,0.92744946,0.84097946
47583c9a020794e27f482c0e537b3a07e6bbb96f2798eafd001062d64631fbb3,Win32,0.9980257,0.92744946,0.8412046
47f6598a24a3c7a237d9b92435ff019c050761dff269d81d2619e2dc0b4f427d,Win32,0.9930287,0.9288349,0.84130883
489cfd0e78efc4bb2461cf993ab2853cab6b80252db1c54cd8e020b726a70629,Win32,0.3239492,0.31828183,0.4392239
48c0c68596c1fee618fe4d424bb60f10565403af4e40f583ea500bfb986940a3,Win32,0.9980257,0.92744946,0.8409872
4a0d0eae2807f82de1b97000ee381af2b6885a94e8b875c00546c9ec978ef26e,Win32,0.9940279,0.9229311,0.8409199
4ced3dc382ad9a470c0d365fd4d869ec0d724efdaa44c3c1f86773398c5fada7,Dot_Net,0.11395956,0.11694924,0.047196776
5262627abc1cfda4e04fdd3b2235c24e8bde4f407d8b0e0d798affca932bf164,Win32,0.9980257,0.92744946,0.8412998
53c76c61fc26834e469973fa810d960505bc70da921d7c8ab6347aa7a1aa3067,Win32,0.9980257,0.92744946,0.8412661
53d116ab20b4f4acaa307153441e9d8bcad88c8f966d8a5d1e873fab73871a1a,Win32,0.9980257,0.92744946,0.84120595
5586ebf1cc6eaf9fab8a236d8126dc83d85ddf8c3a784d22836e8cfded867fcc,Win32,0.9980257,0.92744946,0.84126854
5710fed7eda7e9afa073d94ed7005c42849c5305116659d05ced5ba49d6d0697,Win32,0.9930287,0.9288349,0.8412657
58276fb9b037d735b9da5c1e9ca05b6e170b0b7803b52f213a5a7ba07587e2ad,Win32,0.9980257,0.92744946,0.8409529
58a20ce89d583ac3fddcea455af821ff0ba8ea2d67db095e82e25b9f1b7fe86b,Win32,0.9960268,0.92744946,0.8412793
5917bffa291633531fc0ab0fcd54067d0f914944d45a111815690465ef2f7f29,Win32,0.9980257,0.92744946,0.84095347
5bf9c676ef9ec95a10d61046c449b4578513e54f6560239089a091daa4dc48c0,Win32,0.39430952,0.31828183,0.43930614
5cff5c0d6d327cb55cddbf857bf9adf19090755f82458f4edcdba7069154fdf1,Win32,0.9980257,0.92744946,0.8410397
5da971626896682ed96439f20c977d56c9eeaf9b5cff2f18822f05e1ebff76f7,Win32,0.9940279,0.92744946,0.84131473
5f532c77fd3cc5e7f705953ef9763b9efc1d5e1c2e86ce33ce972661af967a14,Win32,0.9980257,0.92744946,0.8409889
60e1a1dc09899f8a7a2e24d0aeec1a13d8d2d17e3f12603697ea8175191b4b1f,Win32,0.9960268,0.92744946,0.8412886
6110fa6fdfdc8f14cd1c3df2310c8f57c29a09a065fec5f042ca360e35f353ef,Win32,0.9970265,0.92744946,0.8410072
614e4762f0857d5ea97a49d17a59b5d8a8fe8a7fc73800322eb2eec69b5aecdd,Win32,0.9980257,0.92744946,0.84126633
64bf79780d5b27122d83db6b4062bfd32d80a469e7fd9de0345b01460e8bcec8,Win32,0.9980257,0.92744946,0.8412318
65de965d28c927f69d5c756ff0a5b76e713c715db8d402ad1269cfa308717603,Win32,0.9960268,0.92744946,0.8412639
6796da8c58fffdb9f8c992688a2a905c86f9245c3c28084b98027b15a4eaaf0d,Win32,0.9980257,0.92744946,0.84123653
68048b74cdf0732eefb1f7d241bdec5d7497b395b490c2a6245b2ae986c57dee,Win32,0.9980257,0.92744946,0.84098786
695922431cb815e92ff5433d0ae748e43201102f88118675d30bf4f6cfd36106,Win32,0.65388143,0.29404914,0.43948182
6a896e4d6178429dc2c08d991af1462439bbc82657a13bda4233e6a3f01b8278,Win32,0.9980257,0.9229311,0.84119844
6ad93e540414ad998ac4e25cf1236710d63a8ff07acc9ab5b22bac6ca7f4e127,Win32,0.9980257,0.92744946,0.8412665
6c1372b5abc2a33e5cef81072bdb7389c0a0ef2d2c26a8422ac9a40137de7f93,Win32,0.9980257,0.92744946,0.8412917
6e2006a5908871e1f37e46ed345d1d38eae0c19698e809bba863d0301d04fb19,Win32,0.31176984,0.29404914,0.43936098
6f9b07f46ba9e9cdaffbc9d17760073c75f4871cfc7e19b3b73b066b6f4fbc52,Win32,0.9980257,0.92744946,0.84097
70fb6aae4d38d9ef92d77d982598ada41f65576eb9703be6e74f7afffea13f9c,Win32,0.9940279,0.9229311,0.8409476
7131363c90fb70e6de9fe4b342d3707ad6d346656538cf61a0e4b06563d55b02,Win32,0.9980257,0.92744946,0.84103775
717b732999ff3241bb2375fdf555f2f837f02ec402bfd201e413a5096dd0f97b,Win32,0.9980257,0.92744946,0.84094507
724f09b9df1249b8aecfe4455e4ecf8ed1d42b76191136aab1b1e730704bfe3d,Win32,0.43847874,0.31828183,0.43927905
725ab162db87829e341013f26dab4ccb9cb51843cd0814108eddaacda2dfca0f,Win32,0.9980257,0.92744946,0.8412115
72ba36ee6ecf4e66213c8139669ff765db10970aca87b0cde30a73346f30152a,Win32,0.9980257,0.92744946,0.84122175
7534bcdfa54bc100b5f87bbe4ebbf21a870592e94fbb34f8b905df877f75e420,Dot_Net,0.88991165,0.8569828,0.057069257
7a2cb695e063cf558d9b93456f4446f1c6f218d3bff477f7134b1ed813f70bdd,Win32,0.8394024,0.36236602,0.29030564
7b3d6cb6633c9089dd45a9aed0415c1f87f167d25c8725b87482b1330135b415,Win32,0.9980257,0.92744946,0.8409809
7c692fd978e091caed36761fd3e7671391831ba499e310da8d817f70eb9bc6da,Win32,0.9980257,0.92744946,0.8409622
7f734225f51610d7f432b76ec87af550a384dac514e57d4afd01ffe46af9bdf5,Win32,0.9980257,0.92744946,0.84096575
80ac53e1448802b3fc91b811b9b9a9691a4c4958343f342aa857f57396b6ef85,Win32,0.361634,0.31828183,0.4392333
8192c0edea483f7f5e0fea5a2356770da1d038c70d208f56737388727ad0a310,Win32,0.3401616,0.29963347,0.43918413
82bff50bfcb98b8e1ec2d9924ab6d8bb72f651e335394aa5ee4f9df385083276,Win32,0.45244446,0.4226821,0.4391452
83f6f42cece6d07ebf5b794121b3ed3b15dbe57957122d8701f6971b056dd328,Win64,0.34799695,0.8109094,0.19962305
84d68771b3a955479aa10d3b3af70853e85e48810edb44a132a779b467d81b7a,Win32,0.9960268,0.92744946,0.8412735
85c4f38853cef329cff36693a423a78f65f3257307742c3e36fd899c32541a07,Win32,0.9930287,0.9288349,0.84128773
873f8c3c3ab31d121667e60f938fe2775fd4fe9065c5cf1960690390f7490a41,Win32,0.9980257,0.92744946,0.8412597
8798628dba78fe479f16d23e0cd34cfcea7db7457ebd5226ceec3133be171e6b,Win32,0.9980257,0.92744946,0.84125227
87ec642394ac2c4204adff29ab4a64dc46fea92ca1162a83f5e7e555072e1386,Win32,0.9960268,0.92744946,0.8412941
89d74dcbbed2fa8b3f6f8b35ebc74061f4e7bf9780b0b88956636b9ac913aff6,Win32,0.9940279,0.9288349,0.841293
89fa1bb946e0da29c2df3ea1b59ff548b8f76c7363d6a83576b164c4e0bd1270,Win32,0.9980257,0.92744946,0.840995
8a2b50b93c69f21f82c26f74e18ecfb8f6322f2abcaab18d119a794b5f618c74,Win32,0.34422034,0.31828183,0.43945575
8a925f4fff4084800a742de45cd595e01292f19011871247ea0ee930111159f2,Win32,0.9980257,0.92744946,0.84120446
8b20656f0774047f225d646f50f2b3b904ed1393af43f82410acefbc66877f73,Win32,0.43777394,0.29963347,0.439002
8b509e4895afcba12326c5c226fe3439e6e7ee48bc4b1cde76c2e7ff084c7013,Win32,0.9980257,0.92744946,0.8412669
8ca515d5b07ad04641ef36daa121ae42f9bd8e0075fad6a8a1e9976a8a49c6cd,Win32,0.9940279,0.9288349,0.8412931
8db51abc74233cbfef67f8ecf0ad44ee31fa9f9a8d51e6e031f2fe4abbfe2514,Win32,0.9980257,0.9229311,0.84121156
8eba759ba48e314e122fde239835fce2b2b5a5c82bbadd51ad5f083a3a7e2842,Win32,0.9980257,0.9229311,0.8412017
9061d8492e9252af7d249e7718241cc2d4ef3f0a8352696b5ce6af674242291f,Win32,0.9980257,0.92744946,0.8412705
90b5479285e1bc404edd79fdba686621b3974edd7303a809080387ab4f59eb44,Win32,0.9930287,0.9288349,0.8413295
9126028cd1325e1296ac02f6267fb29ed978e219344682fa1c4d24fc2febdf04,Win32,0.9980257,0.92744946,0.84096384
91c6cce476b002c682a68bd1d934fafc36e55ec11cfc196190d93144b8e2e983,Win32,0.9980257,0.92744946,0.8410265
935d48e1bf79b14467aab11eb273bf0436dcec2aa3b7455fea8998a50bb568a4,Win32,0.9980257,0.92744946,0.8409621
937c70293f832e23ffcb4da36cc962d375fc41826376acf748c66419990e3506,Win32,0.9980257,0.92744946,0.8410021
93cf425494585bef5736ea77c245da077fd3e0c49d6c48e314b899157dcf4a23,Win32,0.9980257,0.92744946,0.84127367
94487866cfb68a37f4ada620d65132f1f4cf6b3255f0ea9dffbe4319feb83286,Win32,0.9940279,0.9229311,0.84088695
94a90f3e44992e9ba3116c4da6cc457a533d729cf599290d2d9e58d0ad9fad82,Win32,0.9980257,0.92744946,0.8411991
96bb5a1b9e20852e761a12d497f01a5853b97809355d473900249eb865f452a4,Win64,0.9980699,0.98270893,0.9469583
979184198bdeae32182d9a1259e3c1413d50716535c055b5bf76a044f186bb34,Win32,0.9980257,0.92744946,0.84128004
985343d51c4789980a29d0b12764c4554c976467f9bbcd12d92bf8edbfbb0260,Win32,0.99142975,0.9288349,0.8413208
9933fd994a29f2547f6b1b6bc3647f57632c01cf1d4a99992f6605bf0986551a,Win32,0.9980257,0.92744946,0.84119993
996e3d3a4c6bd5b047c06bc22d5502164f752e6a3d80b0f53b40e852ac793a70,Win32,0.9980257,0.92744946,0.84129095
99be54e683c7db9d5b8e1e31d1a1da655a4199661150318984d04c384321b9cd,Win32,0.9980257,0.92744946,0.8412201
9b8c57986c5a55f2115444a938dc8639f209a42fb0dfa878fbb655f87d2733fa,Win32,0.9980257,0.92744946,0.8412136
9d5ad4d180255e96455b53098722bdd61def9a0297198c809efc86d7033070e0,Win32,0.45906565,0.29404914,0.43933427
9db585a724927b49d1da85578f0158f075941dced7e287c2c2d103a8d36d4f45,Win32,0.9980257,0.92744946,0.84122014
9e074d97e20ff429674e9d1d10421bf6497ed4d1bf38e4a9602816052eb595e3,Dot_Net,0.86867815,0.8660256,0.9064099
9e52929e9a0e0ba893dc179023d8dc2eeb86f9c8db0605094e5f64ef90a93757,Win32,0.9980257,0.92744946,0.8412718
9e613bc149f17061df60b707999ab1b378e6bf2b29feeee2fe8073274d01a1d5,Win32,0.9980257,0.92744946,0.841261
9eafe5587945243d3a7eac22b0d775cc3faff9008e732a811bac5f57d4012643,Win32,0.45846727,0.33197618,0.4378248
a0a5beab1b5da1b6c419beebecc1da236ec1a092894d8deea7323fb50be92619,Win32,0.9980257,0.9229311,0.8411979
a0cdd1561a9617aaed7f03923b18e9fe77c0f50352127f8d168a4473ee3658b7,Win32,0.47051683,0.29404914,0.43932307
a111d5f9acffea08427874a7609eab2ccd08d6c3bc980bf41e3e735867ec042e,Win32,0.9970265,0.92744946,0.8410235
a19eac30e12a675079140df6ba72629f1a0e00dc3ae3e2fc35235a17d53ae6a5,Win32,0.9930287,0.9288349,0.8413083
a1d238b339265904bcc3304b3c9b2487ddd9e3cbff84fe4c1f2c1fbf4f8e734e,Win32,0.9980257,0.92744946,0.84117895
a48a23e93ba446cc54504e66d1db0daab66d129e963bf13e64b5e1f14ae635b1,Win32,0.9980257,0.92744946,0.84098285
a6bf710390c876bdd25127ae031ec31b3b192afed2f7e2b2b63c19dda259f861,Win32,0.9980257,0.92744946,0.84125215
a6c446f0604628f0cce10d971b492c653f85fea724ec9ffc68fc392be724059e,Win32,0.9980257,0.92744946,0.8409783
a978af3a3d139b9c9f3855baf62f815c554f1300cd6ef3190707af73250f57a3,Win32,0.9930287,0.9288349,0.8412831
a9a8454a9f18b81fd8d40f237b71258d0bb0271b277354f0319739767fab1bcd,Win32,0.9980257,0.92744946,0.84105176
a9bba1587f9373e1cb9b7442e66465f00964a39e4184d811cea616a46a3f0491,Win32,0.9980257,0.92744946,0.8412381
aaca8e88221941e91ae836ecbac6927457fa30edf0be7c6b2d61c5883212388f,Win32,0.9980257,0.92744946,0.84101033
abd264284d16cc07faf58940640324b0fad85a71bb8e535cc2a8598689f79c17,Win32,0.9980257,0.92744946,0.8412362
ac065c710182d6f30db96d66d218f32a7da5c02bc3f88c805c1674efa6568185,Dot_Net,0.88991165,0.8569828,0.057069257
ad5d66f255e1436030f180bff09328157042846398b9792bbfc86165f5dd8518,Win32,0.9980257,0.92744946,0.8412274
af479a61bc375707ae95a99a282308031e7062419c52648ff4010d672f88f73f,Win32,0.9980257,0.92744946,0.8412754
b0f85e82328f2bfbc286ac42ad2f913e6b412b6126c4e3fee785566146981932,Win32,0.3409087,0.31828183,0.43935412
b2d348d89ee840ba03c8724291cf4c11a8a7186cb43dcdfb3758b6fe1d59b99a,Win32,0.9980257,0.92744946,0.8409904
b39c4b23c575d32dfbe0de9a51a5f5a78e76b9dd389f81aff7162befa2fe78a4,Win32,0.9980257,0.92744946,0.8412353
b3b3d65607beff06bcc457cc25fd136c71d47f439b3ab34f7f50b7847a8b9128,Win32,0.99142975,0.9288349,0.84130394
b44d532968d5eb975061cc4a3848e1e80492ebb5d5c69ede82b35037bda3584d,Win32,0.9960268,0.92744946,0.84123564
b4789064d69c5199fa531f39e2022e643e9b199b3cbfded18009cde056d405c4,Win32,0.9980257,0.92744946,0.84125686
b59a4352fdb7f99b5a39b6e5c079bbeed0509725ad15bf01038c78f6694f3cd6,Win32,0.9980257,0.92744946,0.8412215
b655e74fa956247b293af3c0a691c922e2bcea81b554b90d7caa50b78af8bc0a,Win32,0.9940279,0.92744946,0.84092903
ba24847ebd6820fcc2e332b5725a61e689d98ae0734c7a570cea0c2667059b41,Win32,0.37414292,0.33197618,0.43759078
ba44e3a3274c39c9d5605e69b158d096908b6025cbcadab8d8c577735cf41255,Win32,0.9980257,0.92744946,0.84124535
ba77f2fc88e2d9de7a4d3798ad2960af1d845138ef35581f61bcfe7690913f8d,Dot_Net,0.88991165,0.8569828,0.057069257
bb5c9719ec2f888a6ee2da988c23186574abc8d0b9052cf601d09c6fd253de72,Win32,0.9930287,0.9288349,0.841304
bc1a7acf1299f586547f50f02b9022f48536189339bc67d6fa71531555dc092d,Win32,0.9980257,0.92744946,0.84129924
beff36ddeacef972e2ff3bfdce5614f746afb1cef6226f903123289ccd60f088,Win32,0.9940279,0.9288349,0.8413029
c09459404521083f83836d3c72a85da97ff391581e72f4961e4bc806ef054d77,Win32,0.7517047,0.36236602,0.2907357
c107742f708f6238348388d584f8892d1d900c709166c3bb253672f32683bad6,Win32,0.9930287,0.9288349,0.84131646
c1e1e0b15b609696c0d16123b96e94cb32971b8a59c853abc8dd06c9414b9687,Win32,0.9980257,0.92744946,0.84094906
c231e2ff6fcc5875bbcc18335af4a03d99a0dfe76572091f7b6943d7d801fce0,Win32,0.39174324,0.29963347,0.43913645
c399969faad02647c9557533af939660a9aa8fa6df5b1f2f6a8d4460ebafdcaf,Win32,0.9980257,0.92744946,0.8412169
c446bf62d15dab740ce07255bbda5f42290460a166f137cd7ada2c125aad0066,Win32,0.9980257,0.92744946,0.84127605
c4885c47b308f78b6fcbc475aed1293d561dec78bb67f752dce627937bc580b1,Win32,0.9980257,0.92744946,0.8409509
c573c87d217ebbdee4c255ec25c80a9c91fb134674d59bfd448ab57d64de7144,Win32,0.46511626,0.29404914,0.43932417
c675e87221505d607156f142507beb08459442957654b31a523618eeea785e0e,Win32,0.9980257,0.92744946,0.8412312
c74c650512177253644d3ffc33ec6d4f3bf40bbbb482083eb380bacb0311e666,Win32,0.9980257,0.92744946,0.84126395
c94684e20b650253f8c0094139a6a426a9465ed3295201b470170aca26f8782a,Win32,0.9970265,0.92744946,0.8410267
c9b23cfb56d44a77335c89acee6b37da9baacca1a5e21f7fdfb62743cb6eb4a6,Win32,0.9980257,0.92744946,0.8409733
c9cf6e0935b7f1c8a71f253d147bf6aeb60ba144c269f1a4c58d0a8847fbc9ad,Win32,0.9960268,0.92744946,0.84091586
cbaa192d45e70d03b6b0067a845e01fbcc8f0f22e09ddd1131d885513b8968ac,Win32,0.70903075,0.36236602,0.29087007
ce3fbb782e7602d98938e4ad187f92a0835068b3014b7974aa6c7debc5c9ef2d,Win32,0.5196216,0.29404914,0.4392433
d1403b45de0a3b8aaf4d534022d51ce42d96c9d67c154629a1c8aeb1c4220c73,Win32,0.4834305,0.4226821,0.438944
d166b9038a549be9c7b5ee2f8dbb0fea496e6ddb187d65222f43420c0e2b7632,Win32,0.9980257,0.92744946,0.84119874
d17b37df590470b75fee767d87e772f489cfd8f727513c308116818c1a4eba8b,Win32,0.9960268,0.92744946,0.84129447
d25116cb15214ec47e4ae6825a7f43041201b0a89d95017d7a026464c3cfba16,Win32,0.9940279,0.92744946,0.84091735
d2a27df34a72a717b0e193608f2e549124c92fb3cc17b82f19e42470c236f465,Win64,0.38169345,0.84626323,0.19781037
d33fe61225a0d27d0e9bbb5b4e361962ba91a298071a8b529d27ee413c1a6b72,Win32,0.9980257,0.92744946,0.84097165
d353bf7ed27fc7a6d76568ad432c7fb74f10a419bc433b7d7cfd10656337448d,Win32,0.9960268,0.92744946,0.8409318
d47e1edb5588c68738fc4fe71164c7f0f381e72e5ea6acb851759bde888c7dcf,Win32,0.9980257,0.92744946,0.8412487
d4e1b8d158d17c54252b08346d5938139a3add7685dbed5def11159a3e6055e1,Win32,0.9980257,0.92744946,0.84128463
d6558816ec1fc3d58171aa94b128b51a3d8c3c4c5a578a415ecfd8770f639402,Win64,0.2096091,0.22430123,0.16570537
d92bceccf55ce9d018ba5c9aa86b89755714c523330282dd61b3f0fd53a9a0da,Dot_Net,0.88991165,0.8569828,0.057069257
db16f2e9aed0d6a4605e62c7a8f8d65b4a70a3c60cb75f79a05fa261b88cf90d,Win32,0.9980257,0.92744946,0.8412696
db7acc20a382384cc308f83c254bfb88e4aafa93a4c70d219b323ae27798ec21,Win32,0.3863856,0.29963347,0.43891817
dbd4d15cb6e818403a0b9c6c1c2a58f2e436e844265bb2b6b52b4145e6f900f4,Dot_Net,0.88991165,0.8569828,0.057069257
dbda3c6637d38110bf65218eac2a4cf42535f11204ad0b735c39e4353b2d0464,Win32,0.4247239,0.29404914,0.43930447
ddc42fd0ebbe33d8e9a943b30345d09f8b8b570da7f17a7ba3756e039567120f,Win32,0.5891444,0.30589208,0.28981903
de485c0e724208ba7d422f0a52c4975bc62c794d15cc57429c5dd9e898f5f1f1,Win32,0.9980257,0.92744946,0.8412212
dfaab0e13eb7c6754484fc77d015a4d9f18a99fb0a6e7f6c382f7a446a501fd3,Win32,0.2767414,0.29404914,0.43922716
e07ab2572a9f120b3a76344841711d986e15aa80fdffaf316ecd2df9f99b7b26,Win32,0.9940279,0.9229311,0.8409402
e089ad918fdba52b802f338fc786a0ef582397ee2793e4aa28d7807ece9f5820,Win32,0.9970265,0.92744946,0.84102184
e12262306ef5b7266f2cfacb01005bede68070e21dc29a81d11d1c9307afeb79,Win32,0.9980257,0.92744946,0.8412355
e1d0419942a092efcbbae701fd3ae8ce612e238d266cad3b75647ece389f7bf5,Win32,0.9970265,0.92744946,0.84101933
e1f353c37c77206e1d85b7dc3760eebe4a45bda3830c9ae2ae153da79e50bd36,Win32,0.9960268,0.92744946,0.8409365
e2950ad9b8df848024fb1a62c9fa5a5c214e8a3d154505d4fb4502c40c093548,Win32,0.9980257,0.92744946,0.8410115
e3053a5faa06e0d5c9a91dcc71601bb758ae5fde77a05ec27856df2efda8485f,Win32,0.9940279,0.9229311,0.84089607
e32c70dc8c06f770b0d6f6cc49677eb3d2681186c724ad93aeb2cd9224e7cf37,Win32,0.43769327,0.29404914,0.4393278
e40d7dec645901240b4341640c466722c6716bf210269d59aea776e4a0bcbe41,Win32,0.41914198,0.29404914,0.4392372
e511833280633701a397161d54241a964ec2f2c4c110f70b5e55da37933ed707,Win32,0.9980257,0.92744946,0.84123766
e79e85fd880e725b37ccecb12a17c7dbc3172865f50c1412607b6a9fe0d60be4,Win32,0.9940279,0.9288349,0.8412852
e7fb26bd2894e7c508ff66b39afe597ea75dcbd696e53bf8d2763322511e53c7,Win32,0.9930287,0.9288349,0.8412768
e94d44d982d5298a230bcc519fe8e9284abd5a70ee681f5675832f82c059d8ea,Win32,0.7342386,0.36236602,0.29079825
eafc4a77d8b561ba900f3e80df94f5ea7df10918654da64c1eb2eec2d04fdb67,Dot_Net,0.88991165,0.8569828,0.057069257
eb8fdfc273e0de83f2e4e90b97930393f8d7bd31ec64560dd8c9192860a4db83,Win32,0.39442047,0.31828183,0.43936548
ebe4c315abff4a314e8644b541d3d2a2574adca597697683b07119dbc3294179,Win32,0.9980257,0.92744946,0.84127134
ec2a81a122597c15a5cbce9d4af6005862542b6848898089c479d299dacdb95f,Win32,0.9980257,0.92744946,0.84126055
ec7ea87c91b6421a5fda8628319b827bf53ef87544ef6b4d8b0007a47a5a3d24,Win32,0.9940279,0.9229311,0.84092677
eca3e016d307960c146a07e01662078afd80044ed680bd9ea6121e4ced07f6ef,Win32,0.9980257,0.92744946,0.8409578
ef14c7da6e79d61c51ef15851b958f86a07626e7e8c9fdac8172b7053ba10b6e,Win32,0.9980257,0.92744946,0.8412513
f26dacc3ceccdf9a994751b5d61167f41ac8022abf81a80723c2f3e9253befae,Win32,0.9980257,0.92744946,0.841265
f50f2aca737bf0770cfcf22501eb5c2bee9537dd8f52cebf152da99aa8ea1a9b,Win32,0.9960268,0.92744946,0.8409334
f55c62fcef74bf43945a31d7d0eeb70a46e2a3404ec7a1f444d8b03c4f85136d,Win32,0.9980257,0.92744946,0.841006
f5788111089ca720b9db7890f2852cd6ee5b0fe909b3df0c91596a53ac667e6a,Win32,0.9940279,0.92744946,0.84095556
f6c679637ceae85e9b1f02bd0e06e8c6815b03901119675a69798ad217e8eb2d,Win32,0.9980257,0.92744946,0.8412584
f96afdb452186e2040bea4d332dddbc2c8bc4568f46a0ee3d000400c0d335385,Win32,0.9980257,0.92744946,0.8412698
fad7284c1439e3af24fff84213aeebd8431aa992cc6a46e63fdeaf5006002b93,Win32,0.9980257,0.92744946,0.84130096
fd967dcfa76539ffcfcb3ad30e40d0150e39da986bee2f87e87a51602755e6e2,Win32,0.9940279,0.9288349,0.8413131
fef99f18e5fbec595cd4d65ef47605d7b62d4c0684d74eefb3a98e30bf642040,Win32,0.9980257,0.92744946,0.84127635
ff25901276dc7830c92e699a15976c30a4e78e3fcd6b8dd797f7471763f20221,Win64,0.9990958,0.9960514,0.937804
01297307ca4b0cc24ad031a98863d5ab889470fad2c736607e6daf03c354d81c,Win32,0.9980257,0.92744946,0.8410037
0179a2d04c23fa442ac86d8a96d04b9ef71f459a05cf942414a5e40f9a3ff3ee,Dot_Net,0.88991165,0.8569828,0.057069257
01cba9ce886b811e7b22801f82f0eaee33a3fdb978f3a4c65043633276586c0d,Dot_Net,0.88991165,0.8569828,0.057069257
020eb39033e6c2af2856c74006bb447b06760b12e257fb652d548a5e9d628444,Win32,0.9980257,0.9229311,0.8411913
024d588c41cc88df05b7b2398a4b868cdb049c24e9093513fa0eccde8686faae,Dot_Net,0.88991165,0.8569828,0.057069257
05fefd71c7df891fdef01b643ceed210d94d2ded02bd67d9ad002d3cb1947533,Dot_Net,0.88991165,0.8569828,0.057069257
06aa81d65353d4ace2374c22a93c8564f154beccb903cd3ed4ec0b5b1d311c28,Win32,0.9960268,0.92744946,0.8412692
0706a9691e878493bc98f39b31faeace945d05f0ae3d9b2bc9f96e72526fa9c0,Win32,0.9980257,0.92744946,0.8412835
0734b1c263092c441deabe05b59e6fa03a69f1310b292c66624c07599b4a9f1b,Win32,0.9980257,0.92744946,0.84126675
0746f55688424aa41ed93b5d2d76901b497bfe04aa6ee06470d04e96172692e7,Win32,0.9980257,0.92744946,0.84124386
07c5eaa540bcf6d7ae6b0b0f7f7dfe5c669b99c9d8dd1bf4b0f8d72c114ff747,Win32,0.9980257,0.92744946,0.84126306
080eecc908a940d9e11d39a010550863582fde20f0357e83ce4bc2fe236e06e5,Win32,0.41439816,0.29963347,0.43896145
0825fcf050be746543eb4a5056f5934904bd14b6516bf8df4d4301479ec0b8b8,Win32,0.46518868,0.33197618,0.43791324
0a471c078529dc7c5002c437aa2c37c04d703b2eaa48deaa155ed7d0302f0299,Win32,0.9980257,0.92744946,0.84125435
0ad80b5e7c90b3ce067841c5392eba34360db65be37958bc47ddd709e379612a,Dot_Net,0.88991165,0.8569828,0.057069257
0aef816745a529f862a75940e913b3bbb06c1d90366862aa04c08b585d66e462,Win32,0.9980257,0.92744946,0.8412414
0b8ecfc6c6e86b51613ef7bc2cba4b31f45fa3211021d8445f9429c8ff9151fd,Win32,0.9980257,0.92744946,0.8409809
0c0b6fb7b7973787e37674c0241c29249918ebfe37d58559b68328b1ea7467c9,Win32,0.9980257,0.92744946,0.8412524
0d3185de9191f415fe3f5bd05e180a8547835b1f586a677d9d7323ade8d3c7a8,Win32,0.9980257,0.92744946,0.8412182
0d981c04e5c41ae50b5c3eded60b2eb5be4fc040a845809d51a72544c907aa3f,Win32,0.9980257,0.9229311,0.8412374
0e46dc64abfb06b955e398925b106766550ac97055afde7cc0328beb93df4201,Win32,0.99142975,0.9288349,0.8413397
0e55de2877688de0715c3b726b7a2edb14da67bddbdad94bd1ab5a6bda438c70,Win32,0.9960268,0.92744946,0.8412776
0fda50c92f002c86bf5a71e0e2d434c3a65799e9f089ff7fb541a769bdfc62d0,Win32,0.9970265,0.92744946,0.8409973
100f3c911fa10ecb0f3852c79c2371cf6d96587a24a00a358f6fe6476e4b2fdf,Win32,0.9980257,0.92744946,0.8410028
101e5609725fff3e843a74c5208fd6dc1dd7c7cf1fa7f29553d0d174ea984fc9,Dot_Net,0.88991165,0.8569828,0.057069257
101f30e83785fc5d2df0858221be4b42ae3516244f7248cc7d3ae0c436d1a480,Dot_Net,0.88991165,0.8569828,0.057069257
1028d185d7408ec0fa360563003350234e9e329f54f325af60ff1e92e58b7a6d,Win32,0.43061233,0.29404914,0.43921676
10428f1dff9633c845d89cbd223e42b58d9d3dc46fd810452b2e163b8564a143,Dot_Net,0.88991165,0.8569828,0.057069257
10b9a754b480c61e72985d05a722378391544df4cb10a9354d50c5bbeff89c72,Dot_Net,0.88991165,0.8569828,0.057069257
119dee87c09194f51c2d2208477b45000ba6c52423a71cc6d3d5df74b864157c,Win32,0.9980257,0.92744946,0.8412749
11e12d5f007b385c047e05d977f71fc6568cea4bf9e57896324eaf1bf9e33c13,Dot_Net,0.88991165,0.8569828,0.057069257
129e4706e96eeb20b121ad309559ee58187c5eba990c1755d1e4877850c3b85c,Win32,0.9970265,0.92744946,0.84101856
13635614062fb73cc11d6bc53a545bcc2eb930dafd071ea82f2e102aaa1c51cd,Win32,0.40022382,0.31828183,0.4394711
143265935036087ffec432152e3c253cef1e3d87f70e154f551e763b6ef16667,Win32,0.9980257,0.92744946,0.8412269
14a82d450c50d3ccdc36aa9da785cf6f64f2a71c9c4b14ddabd6bbc8797b30c8,Win32,0.9980257,0.92744946,0.8412705
1526917abf1bf2f36960ffca60e4df84139597e0ad0e49421c55678d80cc40a3,Win32,0.9960268,0.92744946,0.84129393
152c20e8043fb94f10eb91d9e654e3abce5417afa46392cd1c80555c127d1e0b,Win32,0.21406175,0.29404914,0.43962672
16525f14b9b53d85693a55964b27d63fdc93bfeddbaabaea54dcf903ccb281bf,Win32,0.9940279,0.9288349,0.84128207
17f8e065c3998889bf6cec96c4bdbaa7efcfe2aed0bb5c46ca638ad1dabe6f22,Win32,0.9940279,0.9288349,0.8412844
185a11072e8b23404afb82af84f6b85f7d0ed5b449627ebef4a3275b6c74830b,Win32,0.9980257,0.92744946,0.8412186
195c91d87b38c02ce50c26380a7d8396ddcf436e63e6e77fa979b0352494b1b9,Win64,0.89811444,0.7362856,0.74448425
1bb3433d3cf5ec21e803575846cb5ff99f9c8467656ef9950590aedda22104df,Win32,0.9980257,0.92744946,0.84122026
1bfdde22dd1c31111cac49b6effd9208366fe8b2496e573a33823d292eaf4c69,Win32,0.9980257,0.9229311,0.84119976
1d7a6c7b79abbdb64418d85285436b49916c33b7b477891f78aa81f5006dd99e,Win32,0.1695452,0.29404914,0.4395405
1df3f984323243920c7b78aefcd60196b23a3bc1e0de7e334b624546bce4d580,Win32,0.9930287,0.9288349,0.8412996
1e891cafcd51915a1ba9214693d50a52a025f2b3f30b2fd7e2e30a6fb5c48776,Win32,0.9980257,0.92744946,0.8411835
1ee4dd907161ea345869415604f9031d587f76d657a591f5701b29cb41726e60,Dot_Net,0.88991165,0.8569828,0.057069257
1f7ccf657e99fc9bc320e9008dc9a16d5b80addfd55e415abc49dda253a64646,Win32,0.9980257,0.92744946,0.8412787
1f90b6d68685f720755b5d2d65fb27c936657739a04bbc960e2b8d5a8a866718,Win64,0.05176134,0.074673615,0.052886713
1fa2854b56b567f08a6a581e2b9c916c5b2f1e77aadc84886b7a43c8abc390e8,Win32,0.5055945,0.31828183,0.4392617
1fbdf9ea499b6d22dedd1dab597421ccfb97886dbe08536d8a8e343d56bf1c93,Dot_Net,0.88991165,0.8569828,0.057069257
20079381ea1bf37c65c5621a66dde23d7ee32fa5284124351528c885e51a1143,Win32,0.40861523,0.4226821,0.43918845
2114859f879d5f8d338409a9b2e67bfb2336f6745ac2907431204e883313dcfc,Dot_Net,0.88991165,0.8569828,0.057069257
2361e0f7ded5cef7e222ffbc1f83041df7a561838f1b4d5f3e7a1af8c9972803,Win32,0.45429766,0.29963347,0.43916366
264e771d464d25840cd1613909c2577e9a76ff783dcc470c82ce48351cbdeca1,Dot_Net,0.88991165,0.8569828,0.057069257
27325f847ac53f6f07754453e6a7962107b910ac06c4021bcf97709333ab9630,Win32,0.9960268,0.92744946,0.84128326
27758bf7759d22955188366a4bfde5b8ef1324d3aa30120b7fa02350c8e4ef99,Win32,0.9940279,0.9288349,0.84129596
279b2c3a7d83cbed4e1dbd5cf512a9c48e84f1511e940e3400389ef55c01e12c,Win32,0.9960268,0.92744946,0.84127593
27f954cac5615cc02c933d1fbc58c0680a1ebd4edaca8ea5c9b9a461d8d13697,Win32,0.9980257,0.92744946,0.8412627
2989ee5648428dfed9700eeda5a4b292f877b13edd5e8221f5fd69d3bd83680d,Win32,0.9980257,0.92744946,0.84127706
2be13ea2a7eb93eeae23e29b41798def1f436d6214a23d1ae1fd2adb351a8903,Win32,0.9980257,0.92744946,0.8412585
2c6dcc238031512e00e78cab744e047494cd4fc76c27f5bb847e58c0fa5f5894,Win32,0.9980257,0.92744946,0.84100264
2c973e0075d48d75275d5b3629a94220dcc02e7d3102d7f135c87339945bb18a,Win32,0.5005542,0.29963347,0.4390972
2d92339dc00641081c02456a87e8a7c663f9e5c388fc19c1be4b1a73d6adcae0,Win32,0.9980257,0.92744946,0.8409578
2d9369ba18e49e5e75f69176021d187be691f036e63d4935f0c3edcafcb79ddc,Dot_Net,0.88991165,0.8569828,0.057069257
2e06ae34367385660ec593c5b0a7d947534b088840aff3986961d6bd6311d525,Win32,0.9980257,0.92744946,0.8411996
2e33195bf84ae4369db19d756a0c337dc09b27e8b88ed7f2d4949a5612f586b6,Win32,0.33345655,0.29963347,0.43877926
2f738d6edb35a37d56a01c1ba42b3ce116df361b4be20eb82c55dd1c5361876c,Win32,0.4181185,0.29963347,0.4390922
319d3d003bb15cfaf35ce82cf88066a5b3c03a069fbf853d9cc24aa2daacb9d3,Win32,0.9980257,0.92744946,0.8412549
31dcc842ef50b392f5a476f424ef7fa109f4adf37e2f554610cf803f392b4c1a,Win32,0.9980257,0.92744946,0.8412466
322f07f9ac5853e3166cea57502c8d6f1e6fb7e83c93bc4871fcc0a143685642,Win32,0.9960268,0.92744946,0.8412976
3284293a53075421252cbb5396758765eef20afa6b8786afb59beecb57d89bcf,Win32,0.43922576,0.29404914,0.43933564
33f47699a6f25ffdf702ee781aa277a37bd4290049b4d704e1c5ff9006d69a0f,Win32,0.9940279,0.92744946,0.84090054
33f65e8409ee7a5d977615a6ee532470a1fe69eafef34f1830d2b0956d480b20,Dot_Net,0.88991165,0.8569828,0.057069257
351bc4a5eaa19e993e919a05c3c09ca143a9a4a5f5826a2c6021940ba8fc4f33,Win32,0.9940279,0.92744946,0.8409075
3550064a1625b94536a854b4105d1ee5b839dfc59fb281253d1175cccf7e6e81,Win32,0.17181726,0.33607644,0.38531575
359924c14c3f08b2d126caf75d28af421431235e5b4e0df96c345790d9de7b04,Win32,0.9980257,0.92744946,0.84123963
37207dadd8558a9002d4da045dbd2491749bdc02c312ec87d584d93815b8fcb1,Win32,0.9980257,0.92744946,0.8409449
376169682d14ae5edd6e24c4be4ed33d45cfbbb83be5149023ba6ab21a1d7b8f,Win32,0.3723554,0.31828183,0.43934703
382bb9014a1418ebb0256164c749263c1ceb3fa5cbef2f8eef19ad1ea7343327,Win32,0.9980257,0.92744946,0.84100413
38eb7becfaff00592ab77967c83c489966d70a06a15a90715558e8a95b1ad0c4,Win32,0.9960268,0.92744946,0.8409331
39066cb12c65c4c21902e6a2b1440aa0b7caacc6840d32dfdf2ee0dd565e8ef3,Win32,0.9980257,0.92744946,0.8412509
3a842088c3d8a2452810041f58c3769ccdda4f3a853fd2329f87f4c5fd89ee84,Win32,0.9980257,0.92744946,0.84125644
3af266e8443cba11ad4ed944ce9480d0109e2e6cbd32871f5acaa0d8356ee626,Win32,0.4673436,0.29963347,0.4391777
3cb7ee398e7716492889edf7686111cca60162f3355e015739c38af3b694e8c8,Dot_Net,0.88991165,0.8569828,0.057069257
3cdf144b1b575421302fb8ab702c2f57ed0cdfda0cfae0b19a0d2f757bfb1e64,Win32,0.9960268,0.92744946,0.84130895
3d189b3d767594e5f55a59a57b4f99aa1f1f703d68a9ab14303fedd6603daf29,Win32,0.2850223,0.29404914,0.4392229
3e6bedb18f3a628b55a857d8f712e563383fe7c3fa81dbec46b8c85762dff2b1,Win32,0.9980257,0.92744946,0.8409608
3f688a79f6e2fb2e29996c2540d20cac6854d964d6ed51bb183201812c917ddb,Win32,0.9980257,0.92744946,0.8412484
3fe31db8e0dddf8bca3a424fe25a6508c74c479e36df46c2a7b76a7c8531229c,Win32,0.9940279,0.9288349,0.8413081
3ff4417512ba8708640a3302678aa564223a42877c07c99be5dd0a832778e7a0,Dot_Net,0.88991165,0.8569828,0.057069257
407240eeb39ed9fd57906f840b13ee262f474938e0e7e43081b695ae4f98eddb,Win32,0.9980257,0.92744946,0.8412966
40a76c3b8881b7e9c3e6657c39fc55413215291a1bbe71d6d0e05b6f6d81c9bd,Win32,0.38233227,0.29404914,0.43938097
425002b2196522a432130a7a192880f2befac231b8fe6be84fffe259b2f5d7e5,Win32,0.39482322,0.29963347,0.43917277
4265b4004f334bf764fe1af32536d4b70c77330525b27177d88bf9f0094e4d02,Dot_Net,0.88991165,0.8569828,0.057069257
431af9a65ad02836b9391c4178acddbb4367da4d61e75401602abca328125892,Win32,0.9980257,0.92744946,0.8412575
4323f4cbcfc97bbea4c42f80fea03590a9ce5a01494bdd598353900e5d028ca6,Win32,0.4380042,0.31828183,0.43927485
44e0b3f6b45900aaa13c2177121667ebdc68bc8ba5c3053f2552ac9a16dcef30,Win32,0.9930287,0.9288349,0.84131616
45232e76e397943e30c7da43f15fde5ce271d88a2c6002c94d487fdd09c8a613,Dot_Net,0.88991165,0.8569828,0.057069257
46740069bf341602cf8cc94a0e2e488f48767164c6b517ece1004eba3a01ffbb,Win32,0.9980257,0.92744946,0.84123725
47540a4906982b25164605266f4fcf97ff6c3733849f52c2c0c49e4a386b75cf,Dot_Net,0.11395956,0.11694924,0.047196776
47b75b7c6fc1e49ed67b72854c837ad56b98e28b9903c600019e99c5ae9e7f23,Win32,0.28633782,0.29404914,0.4393969
492ebaf34035ff7ac22c9d2ac81ecd670630b60d196e18eb2877157d9fc8390d,Win32,0.9960268,0.92744946,0.84129584
49bb15f29af3ec36c5dc010e22758cdf2fd9b5dca6b41f167dfd41175d5bfc54,Win32,0.9980257,0.92744946,0.8412384
4a18d64b7eb6b24ba750094a8d98053599218d13d45c241dcb46817b850d2b98,Win32,0.23870213,0.061721176,0.23146892
4a567d57200f1f1cf529365286b38e914687d21d1d8a1963af54dbac86a237f3,Win32,0.9940279,0.92744946,0.8409341
4b3a4c9b02c1f4d9c0f280cbcdda8542250c0a4ce8a9805b8913994af724c427,Win32,0.9980257,0.92744946,0.84129834
4b8eba2892a4677e49e270e66b70c62c43376a5eeff8bb301f56b893cf4aa78c,Win32,0.9980257,0.92744946,0.84093624
4dbad1703e16bd12366bc8f0cf124303f920262e666d66e159a63999f0ab53f4,Win32,0.39454833,0.33197618,0.4380899
4ea53888343ace2640028a192654c41ce17809dc4f49f82a3365e7afa72f8fea,Win32,0.9980257,0.92744946,0.841195
4f497cb8d9624fa854f28433e395a7278b62bd006f4dbd28ae3bc1ffae105246,Win32,0.9980257,0.92744946,0.8412247
5015dd5fa8d422d4338f0ad3f468d5604058d3d39ef6d7e7fb0028cedce15d8e,Win32,0.9940279,0.9288349,0.84131914
50d1fe913602b31581d8b0a22c91750d7e70dad729f40f227ff43ccc04d0b67c,Win32,0.9980257,0.92744946,0.8409418
50da6443c6612da8449d594db072623c90053bd7a960b45e42fc84a37c7f53cf,Win32,0.9940279,0.9229311,0.8409331
5218882e58384f9e9edde8e189df0bd1f67b7c482cb8887fdf39e5ce689f0113,Win32,0.9980257,0.92744946,0.84128964
52eca2f26bfb4162a4b11cfb07bafbe6ffb688a2069b6137cb9547d349a036e9,Win32,0.9980257,0.92744946,0.84126717
53d39848f4db4a6ad93f8919a015589cf1ad60564448f3d7cdfb1396ed310bb0,Win32,0.9980257,0.92744946,0.84127957
55070fdb256ff3094e2d2484afc939b1d8414c9bcece282c1f17837ad5ba536f,Win32,0.9940279,0.9288349,0.84129024
55ff32b45886832c7e07dd4adb749876548829cfac68a488b8b600d77cd70ae2,Dot_Net,0.88991165,0.8569828,0.057069257
56126c03c8d3c69815ad426f86a1889c269e7c423b54302d601363e0c9764d98,Dot_Net,0.88991165,0.8569828,0.057069257
57541a11b0fd60071d6d641d80fb21cd058d1901349e6d7aa9f111bb95430b0e,Win32,0.9940279,0.9288349,0.84129804
58ba7454fbf95adfb89b790687572c0028f5132530bbf638d6b82bec8384c390,Win32,0.9980257,0.92744946,0.84124476
59e92a9ddb9a99a180876ee4c826fc50071cfeaa378526d8129a00a763f95c75,Win32,0.5318118,0.29963347,0.43896478
5ab7d115bd4de7caec001ddee12addac5efa6183054563a5055fd9a0c008b9cd,Win32,0.9980257,0.92744946,0.84101915
5b441676b1d35dd6153efbabc7368a0f0e9c9cca69f6ae604ff668b4f75a2494,Win32,0.19298019,0.29404914,0.43927643
5bccd1735376a1a2acec659d8b7957fa3e9a182cff765b1f46410ca462ba4173,Dot_Net,0.88991165,0.8569828,0.057069257
5c05741793366272b5d3d0068f04a4e67f7b94f0b8a1bfb554604b3349e983dd,Win32,0.9980257,0.92744946,0.8409446
5c1d506823f6f4c50c5a3bc12f55744a1dea759d78a508049646c53bdd0e22c6,Win32,0.52994186,0.29963347,0.43903166
5d71581bb508e824846de42d9247a5194169b50c61e222776233ec2098deb623,Dot_Net,0.88991165,0.8569828,0.057069257
5dfe5b62bb25349c69bd3ac15afd2d0fad3a9e4f335dadb0f9d93a5857d5e3b8,Win32,0.9940279,0.9288349,0.8413207
5f899c8752b09b8d33d4735abce7a36546820567b39cffbc88c1996ad8c8a9e6,Win32,0.39174324,0.29963347,0.4391366
6055fb4c79e7b525756bfa084f8ddd06ab6b312fcfdfcd06abbbeb84fd6e7a74,Win32,0.9980257,0.92744946,0.84123975
621f0e30eeff972c45df7fdd06db99ebe99f093a7e1ed874d0746b6581408347,Win32,0.3962827,0.29963347,0.43913302
63473d4d505934934c9b34130f66e2add53fcc01e1d71b63866a13b66ebe2b9c,Win32,0.34938484,0.31828183,0.43951067
64d18e6848c68887b9c50ae797e449f84ec8d1c2804b69104b42cfee53b08e7d,Win32,0.50933623,0.29963347,0.4391008
6603871f2221f824049eaa1ca65637bd052932ffdd61ce1d6777e983351b8183,Win32,0.9980257,0.92744946,0.8412661
660495eade57f1cbbebd6e78aae09fb2643bff72a331524307f203871affe3be,Win32,0.53025633,0.29404914,0.4393121
67126b85ff5416dc945ef082452f5bc82c6d0fd11f7d694ba942e3913da37cc5,Dot_Net,0.27757207,0.09772774,0.041360933
673f2572e0b407958993c6a4e8fbae461db49ef0533aa4d00077ad40614a3560,Win32,0.25945708,0.29404914,0.43925223
673f5b7a07a7c2507e0bfec08aa7264a7426c10f3a2c62ef61da59976b47ccbc,Win32,0.462386,0.33197618,0.4377907
676df64f56a5a39a5a51b26ac2f0b733876e8c5d75182dceda57a808100e53db,Dot_Net,0.88991165,0.8569828,0.057069257
6775a419535105bece63fb3f969981c51e07bebf5821ca0c047ab57837a8cb71,Win32,0.9980257,0.92744946,0.8409438
67beb56b659f3da87abed637bc3a81021e735b46172de82cf4330125be4cb87d,Win32,0.21299246,0.29404914,0.43926758
680a24d39008b51674dad5fe0d25d2b7814063c69ab3a17b6284af87a8571c84,Win32,0.9930287,0.9288349,0.8412817
6877a5d5b1246f9e5a232bade21e8f5be205f2d3e46f71e6df29ca16b27c6ae3,Win32,0.9930287,0.9288349,0.8413002
693e0c14d948c505be69ae8c1324a5035352836e4bc7125b7a85762917b657d7,Win32,0.9940279,0.92744946,0.84129095
6a96df2e9a31453fb1fb94152a44c307e42d1c1460f6be851e04dea5a06e2d12,Win32,0.9980257,0.92744946,0.8412861
6b2fa379a631f3c6268468fae7cc54db1a808f4ef6d8d92aa4ede0f35803c969,Win32,0.9970265,0.92744946,0.84100854
6badc5b44f1fa815ce8d3f0828b6ae3d12686c204682cfc58b03197385d4c602,Win32,0.9980257,0.92744946,0.8409447
6ca30f875e4c88a7e5fab78a65c7777f0528b84823a41df832e567356cfc8c71,Win32,0.9940279,0.9288349,0.8413196
6caff4a8fd3833e7a0090317e1cee8cbc26730365dcf70193d867346e73494ff,Win32,0.9980257,0.92744946,0.8412426
6db6be0ec3811665153ffd920eb084d408285eb46379ef5940f8686412739796,Win32,0.9980257,0.92744946,0.84128195
6f014b5c204e026795fe1f586909dd75839c80ce748d4234883901682d14ae22,Win32,0.9940279,0.92744946,0.84090954
6f2f513980fef19878ccc067d5b56ef6aabd81384decf8b8edda50d90df01f4b,Win32,0.34418136,0.29963347,0.43907
6f32ae18326909e63f7425291e85bb1577e21d03be5aeda3a4b1a753d3d2bc24,Win32,0.9980257,0.92744946,0.8412785
7030bfc42fa2bb48962559706a81313da02bab04db97e7be5216d517df64864d,Win32,0.9980257,0.92744946,0.84119046
706f6256fc2a5cb6ffa6cc399b7965b6e09dd77a81898e2b7682da07ea5c130f,Win32,0.3916948,0.31828183,0.43921068
70b3aa3e99b70067d7986a46431365491aef3a2043de1abec79231fb4caa0bab,Win32,0.3696538,0.29963347,0.43917564
70db0e7d4793df379c72d8cd01505b42204946e888a2c9e946dc36fed6654410,Win32,0.9940279,0.9229311,0.84094125
70eab994d485e7fc13c2438a1fe823a68ef482738f5b65121e9e5add589654ae,Win32,0.9980257,0.92744946,0.8412456
71b13419c4ea573d189f0579a3acdb0d47bc7edf9cc1576816203c36d506e47f,Win32,0.9940279,0.92744946,0.84093755
724750cf80a24dfe3f0ce93adb8cc1e1cc6afb3ce9bafbfdbae3d52372a394ca,Dot_Net,0.88991165,0.8569828,0.057069257
72da8678ff4e6fce35023743af015de07a06f86d432ffa3edbc44f088bb7683f,Win32,0.9940279,0.92744946,0.8413058
7319eaa9e2dcd88178d5484be2c56bb4d01af4a325c9199b3d0c803ed3bf13ac,Dot_Net,0.88991165,0.8569828,0.057069257
74283e7f7bf8ac0754fb04ac6e70e89ea5e71ff85182ec6c371f021fab9af25d,Win32,0.9980257,0.92744946,0.8409698
74590cc018ab8d7c81e45e12127d9ddf55c8685bf364b9329e519bec86ed46fb,Win32,0.9980257,0.92744946,0.8412777
74c5c0b67d9b074fa063d365e7c1efe0db08c3512638a6a5644fcb26c933f6d9,Win32,0.9980257,0.92744946,0.84121686
75bc1a311cbf71ac3a0c16a754780557a279323d8dd48b141d782041058afbe3,Win32,0.36369184,0.29963347,0.439118
76af0498c95baaaa4c971df76ec1d57b0c62ca6b161f60bc12e60c5845d5b97c,Win32,0.9980257,0.92744946,0.84096813
7718f49eaa37ea3b03627545b7f00ea1275fa9636ef9a166ddb2dc5916b6a450,Win32,0.9940279,0.92744946,0.84090436
7755d6df0bbdcf5f4e577834c48053b48c79f18c57627c7e72226db7d6e33fbb,Win32,0.19300453,0.29404914,0.4393004
7794f58eed16b3bd782b8e1c4300a2aeb817b9ef3f3709572c7f87eab92702df,Win32,0.9980257,0.92744946,0.84122044
77d84e04540de30b84a5e58fb2ae9183d2e6a081ffc3276fee0c44e1d9d93b2b,Win32,0.9980257,0.92744946,0.84124124
77f6f605c9e03873ab67a9912b45b7c922414d13fd1d78640e7ec22273e7b923,Win32,0.9940279,0.9288349,0.84129345
781f26ee1333ffc5cf781d961623c575ed7494627e68c33609b06541d56c8d23,Win32,0.9940279,0.9288349,0.84128433
783f26ba179ec60c2c1aa05f1aa6a7370f43e84ec807cbf147d092625b427cfd,Win32,0.9980257,0.92744946,0.8412425
784a5b776dcfe7fb720ae9cec536296957dbb155b3ef685b9d639212018cdd51,Dot_Net,0.88991165,0.8569828,0.057069257
78606b2faa4d029eb139ac61ce7416e79ab8a90dbd3e0278beaf64548a7178b2,Win32,0.9980257,0.92744946,0.8412833
78f07378163babf2eef6f2302f9d165718ff04e9f489de9c3a80abdaafac833a,Win64,0.9490203,0.8296163,0.73936605
7a988fc9eb81becaff200d3d6a47f7e4e794826b0c294193171c18b48b10207b,Win32,0.9980257,0.92744946,0.84118897
7b319b97883a04a9ecf22253ba9352b370b37dea41ffdb215c99718139b9776d,Win32,0.45171043,0.29963347,0.4391524
7b4557e3d0e9ef12b8084505ac3eab5fed0a83b1754bd2b096bb9e6d1a9a0b43,Win32,0.9980257,0.92744946,0.84128714
7b4a8f9d4cec8526e434ba54eaf1241287ba7737845aa4fe79ec90e523665427,Dot_Net,0.88991165,0.8569828,0.057069257
7bc39bf5ea97f1369c8f442173649eca36fb9bf9ee303a7ee08575e9056c26c7,Win32,0.9980257,0.92744946,0.84123814
7bde512258f983bef720bdcf91ccef465ae5d6ed6ae62e71af3e3a3bea86d686,Win32,0.9940279,0.9288349,0.84129936
7c1995e60dd585969c4649bbdc4dfc031419df3cd9d065475b09f93590c4e9fc,Win32,0.9980257,0.92744946,0.8412206
7c68f58ee16825092cc4f6fa39225835d29c85abc8b0b67f9d5e1fce12fb3e8c,Win32,0.9980257,0.92744946,0.8412395
7d4256f11b6d52a95dfb8fcb13303ed8056efad718a27c26bc6eb60bda9935e4,Win32,0.9960268,0.92744946,0.8412915
7e2d3f04be089599ea8ebd952b332b811e180292b0acd63a4a9d78ea3816481b,Win32,0.4794772,0.4226821,0.43912107
7e6bc5142ad53cf51b0c818ed5752ab001ceacca9a8f70d9901ed61916c5de79,Dot_Net,0.88991165,0.8569828,0.057069257
80c81bedbcef5d1e36dde0084c53b9aebfc3da0d04702496aa9875c1ba646ee8,Win32,0.9980257,0.92744946,0.8411796
834ee3c2df1d582c1bee50a7288846c355c352b5a55f0887a8e63a76039d5115,Win32,0.49027836,0.33197618,0.4379076
8398dcea57ca507a23105f5c59704a320c3a7d5174b31a5f4010bffe42d7ae22,Dot_Net,0.88991165,0.8569828,0.057069257
841059221dfe5cd26da1021062606c0003255ac5a00ad307ffcf78a8e37036cb,Win32,0.31684238,0.31828183,0.4395097
846c8a85db4f6360f38f4dd36fb87137a84a257723a3922081256215182d11fc,Win32,0.9930287,0.9288349,0.8412715
850f1ab295b0093de1b87c2af36cdb0a5ccc00efb20c74b4d200b88647ac352b,Win32,0.9940279,0.9288349,0.8413137
860899d59b367b25c91597b7a2bdffd0020e4423e8e68e3387bca9abef00c610,Win32,0.9980257,0.92744946,0.8411204
86b4e6c3516ac69e1be289fc7b2007bd311ba73fa551ec1241228a04c47ae1c2,Dot_Net,0.88991165,0.8569828,0.057069257
86d785243e73ba20c34b79f4251dc941b3c5583d952b269e4d38b670c2e95acf,Win32,0.9980257,0.9229311,0.84123653
876a716e94d42393e1fea5bf6474d2fe0fc90b29e2413269afe5f0f511ce382f,Win32,0.25945708,0.29404914,0.43925476
87cf986cda59780036fac5f6a0b5035c3b7eb3ebd9ae6fb300d0cea24316f116,Win32,0.9980257,0.92744946,0.840972
88069838a468ee378995d2e3d3c8e03affc121341f9d86d42938f3bc6249f107,Win32,0.9940279,0.9229311,0.84092325
8a9d94d60274bd284bb896db55c51673742c3110c3e0198325578bdaaee2bdae,Dot_Net,0.88991165,0.8569828,0.057069257
8a9e1644d6bf73ba7ee0250290ae8c3b86c8a5bb4073280c73e487c3b4c17838,Win32,0.99142975,0.9288349,0.84132755
8b16465a36d12aad5d5c599d32b1a2d44bee478b729ff696cb6369b2364d20af,Win64,0.89953643,0.8296163,0.7409257
8b2b6b5988293ab2121769da9219ea41bf780c9138107150b6206f80cce9b360,Win32,0.9980257,0.92744946,0.84123194
8e1048b350a48d0e605bd6fbff49372f6106b8f8dcf1baed045683ac9ef4b59d,Win32,0.4258862,0.31828183,0.439313
8e1c96a0ed77965071a19e2353e6f54cef1d4a9f92e46fd59dc7b978170c1d52,Win32,0.9970265,0.92744946,0.8409877
8ee201b3ab6a130f37f5940eef02db5a691b029b3c119805a0825007d5176734,Dot_Net,0.88991165,0.8569828,0.057069257
8f392dc01595d3c9f94b495b10d7c106db04a1e8a5d608fc16e2ebed65968f33,Win32,0.9940279,0.9288349,0.8413171
901982a7267a5a684542d84852da633dd552c69f0e1f9adb918698e4df75bb72,Win32,0.9980257,0.92744946,0.8409242
9023af0158bc642bbeb1790a08dbf63a5ed8efe0fe9a616d4d9325492c516048,Win32,0.9940279,0.9288349,0.8413418
903bdbfd1a3cef73d8cb4d76cf532c9ac2fa5309e5c1962dc69d581e221ff31d,Win32,0.9960268,0.92744946,0.841282
912c5231fdf8fa8fbc36f002dd5dcf1f595a2a32e67b8424eea2c14a8a6f3d94,Win32,0.9960268,0.92744946,0.84129006
91ed856d9d999e7b14383e5ba9468d82ce3cb3243377b030f0500c6246145790,Win32,0.9960268,0.92744946,0.84129846
9397fbacbe72de5869135aa3bc79de351c42b702fecf85c27f772b7784e05c1e,Dot_Net,0.88991165,0.8569828,0.057069257
94a62e7796b920e172bfd49764ab4230f758cd8afd4e7dd16e507af87508f041,Win32,0.30936572,0.29404914,0.4392447
94d5f1407becfaacfb82abdcd47f3ee688f1576f016ebbe08ed35c1bf4180474,Win32,0.9980257,0.92744946,0.84098
94e39a53f069cc1030d791830588689ee9587f269dd8e86b30deb0bdfcdf42ef,Dot_Net,0.88991165,0.8569828,0.057069257
95bf26c9238dd2f40a80313013865f20333e8db55f4a76649a398649907731d1,Win32,0.9980257,0.92744946,0.840992
9746f703a7ea5bf40474773168bc25dfbc4867f02867740d058f2d12a707892a,Win32,0.9980257,0.92744946,0.84123653
987be8e0fda3188c7d83b0ef97cd2734bda538d62f752d419acce8612c2aaab8,Win32,0.9940279,0.92744946,0.84091985
9a4b549b49f645925a357112b7e29ddbfe9d8b889025b3477e82f60a297d0d32,Win32,0.9980257,0.92744946,0.84124744
9a56ead7c2b4fcc2a3967fe83cb378ee0496d8dbc1642bd4f9dab0d5f3c603c9,Win32,0.4300829,0.29404914,0.439289
9b31fb595dec5ca5ef3d147ca09630f3e01c3a68925889f8dba5ba42428b60d1,Win32,0.9930287,0.9288349,0.84129333
9dbdf62ad957ee9ff7b5305af843c5489354ab8ea27eebdb6b8dc4783ef9edfe,Win32,0.9960268,0.92744946,0.840918
9f667823ccc0352671570c2de4050fe3d8e9d0f14f19a2b1eb4a5b920468669c,Dot_Net,0.88991165,0.8569828,0.057069257
a259935e501baddd14ebda9049521b60faeb9e5226f193530d069e6e1d6d27ee,Win32,0.9940279,0.92744946,0.84090924
a3319c0598dc1ba2f9b431069d7cc5d99339940f4e420006e14d74830ab98aeb,Win32,0.4289982,0.29963347,0.43901566
a3f64c14b08ac9f8823b07f383fd944297cffd0284bd3242ac11295664a29f62,Win32,0.9980257,0.92744946,0.84124017
a43ab458bb32595fe69bb06bee318b8620e7b363fa71d46759567cc39adf2177,Win32,0.24264869,0.35195577,0.101527676
a4ad2867276d854da043af9ec56bac459db8b45150cbcf2d5cdee38c51c4a005,Win32,0.9980257,0.92744946,0.8412375
a4c8ce72ecd99dfbd91a1a045e07a0a37516d5d223dc6ada1e1322557ea8e7cf,Win32,0.9940279,0.92744946,0.8409143
a6096ef2039227d6d59804f5758c729bd300e88e4d1b7155bd4052a0f13d4024,Dot_Net,0.88991165,0.8569828,0.057069257
a6b6f4115a2a11dd2a0eee4076e5c470c6a2a0fc52dd4e6f98309d06da8553e1,Win32,0.20599756,0.31828183,0.43952924
a6c45ded5d940299b3b83050f85947106da56c175164d5a89ea7ed46fb5134b5,Win32,0.49939153,0.29963347,0.4390527
a7c3c85c78721735dc099b16a25e4c8f30736196664f67daf0392d3e1c74e75e,Win32,0.24776404,0.29963347,0.4388308
a7ce4ae894c8d81d8b5fcb40af6d5195928773b9debeaa84fd921d953e2bf695,Win32,0.9980257,0.92744946,0.8412569
a7d112bb3792c606cb69c32709271110612021b405099ae3908456602bcfa98e,Win32,0.9980257,0.92744946,0.8411933
a7e96d34b98ae1393b7df0c51c3580d032e1793f7a352f8aaa377c3b0c821d6d,Win32,0.9980257,0.9229311,0.8412237
a8bdb31f069390fbf93f5c2eb492128e3ebbd5bfd176115de3022394d7275e3a,Dot_Net,0.88991165,0.8569828,0.057069257
a9ca52058f0f95a1fe621e1d2541c897528c8382a23a9909210bb488c2f307e6,Dot_Net,0.88991165,0.8569828,0.057069257
a9cf6749a6d026fa0299c051726b37688be077462c93fde76212c48de9256034,Win32,0.9980257,0.92744946,0.8410496
aa3af16df746c8674baa9231fd9828508a3d19451ed1d7958186a2a94009afe0,Win32,0.9980257,0.92744946,0.8409745
aa814b4e9fe7603916d6fd2ffeea3c6d69ccb5851d6a279d8839dc143b345583,Win64,0.89597404,0.6447429,0.61036634
aa9364cf4bc72ead0474138ef55c561be78cfbacbb114e2ee62c96152adf0a3d,Win32,0.3709881,0.29963347,0.43917832
ab3f6b03c33a4cf28a85f63b8a2b88f7e0749098d02ca2653eb46d923e220bbe,Win32,0.5981522,0.29404914,0.43946603
ab6de7bbad733f2b5e3de7796b7e0ef2de4080b356e294f3667ccc2154ed9355,Win32,0.9980257,0.92744946,0.8410204
abe474940ef0292454922160098402297979edaad71d9454511281c71e758af0,Win32,0.9980257,0.92744946,0.84098804
ac0b094e4ad354186fbd25119e49c8147fe94d976f6362f858a53933a7a16b0a,Win32,0.9980257,0.92744946,0.8412379
ad235056858ab9b5b2f36cb14468c2950b1bdf5c717881bb54101b23607fedb4,Win32,0.57319844,0.29404914,0.43924782
ae7dd18e08c41fc66376b1fb2f00cc54847636a073f2ff56ed1af237214c49a9,Dot_Net,0.88991165,0.8569828,0.057069257
ae95890fbb00f3819ac522983bf0050b7fa44064419c18c3ade61ab4440d0a0c,Win32,0.49726167,0.29963347,0.43918613
af074672ab864fa31d61935ce071c575e07f5bb8693381f5686a212a0645dbe1,Win32,0.9980257,0.92744946,0.8412354
af0a22817a139348b9252a77c09e44bab1966aaa63042848ddd7d9ae2e6d2a9f,Win32,0.2613308,0.31828183,0.4394898
af904e281db4cc555c5a0d3b2d59afa36208ed767a86fe8fd63f83be9ad73075,Win32,0.9940279,0.9288349,0.8412925
b174aaa10f2c9669ed5b18f289b9827b904606d320be394eda155047533ab513,Win32,0.9980257,0.92744946,0.8409524
b276e391603478102c7cdf9c091a96ac3b593e91cb969189c15e0f2772d25512,Win32,0.9940279,0.92744946,0.8412662
b27ccd0dbbcf0f040c179a6cedd0f1db359d3c2deecedaf224926a2299179147,Win32,0.9980257,0.92744946,0.8411977
b325c47a367a2925541fb980cf747733ec05a89f493123be1abbd62a1df7f001,Win32,0.9980257,0.92744946,0.84119326
b4490e240e09d23fa5cc6b462b6e77dd381861811a7b9c3ac6cde7966f745612,Win32,0.9980257,0.92744946,0.84128225
b4f55f9e87974d3060ae7c5c4ec427467c8031248f139dd52f1ee05bf57c6f9c,Win32,0.9930287,0.9288349,0.8412829
b571ba21413d99ac109443e22ecbde5180444addee1aa8e23e3038c5db829589,Win32,0.9980257,0.92744946,0.84125334
b7b36aeb8ce645642f7f5ed073b1e27e3a904f032e048d8fcbb9dd172fe1a144,Win32,0.9980257,0.92744946,0.8412162
b7b4fb88c9efe575d563b3fec9e4c55895d7c7bcc174f833baa9257722be7a67,Win32,0.41361862,0.31828183,0.43929958
b96c197ce243737290b312bd12d2c36177b05c5510a1ffc8ef8c5621eafd3003,Win32,0.71903867,0.36236602,0.2908636
ba874210191524f83f92a6f4a6ed21432fa90be0101a82895c11f4c9dd674609,Win32,0.3541178,0.31828183,0.439363
bc03d3b30e41014efee83e220ce9a74a51e4c2cb5bc5a98edb5d4514addcdcc4,Win32,0.9980257,0.92744946,0.8412423
bcca66fa6f469d999b1501d4628bc9e6486342b5fcce9db7b76b3fd88c96157c,Dot_Net,0.88991165,0.8569828,0.057069257
bcebda1df25cbf0ebd4fcf7f937e4e70e46d5154e6d362d6e4320a6e6f03d2d2,Win32,0.9980257,0.92744946,0.84094137
bd71b8c5a8c8c0e98aa940210dd75b23c473a6913f75f5f07d8561dbb84f8740,Win32,0.9980257,0.92744946,0.8412169
bdf92842831e6897ca52774c099355bcee51585abd406109b8d23054f2f1b9c5,Win32,0.9980257,0.92744946,0.84126014
be7b4fec926482e5ad17aca9411e2e2a6eeeab8705633e9b12e017462c089c75,Dot_Net,0.88991165,0.8569828,0.057069257
bf72ba914dba9fa2ff520c574464af1fccb7ebad6bd44cbf362de9a1e4f57c54,Win32,0.9940279,0.9288349,0.8413032
bf876cae50f0a743bfffb1e68a56dc78adabc0964b1a95d44367700ae894cd47,Win32,0.9980257,0.9229311,0.8412008
c07a2ec454d3fc100f3fd9661fb22bcffd7712904081509e9688615ae6c01d13,Win32,0.9980257,0.92744946,0.8412109
c1289690d238b5439aeb966bc3f4702c72fed681260784b9fcaed8c91693d561,Win32,0.9980257,0.92744946,0.84122515
c1642398c664174077a472cad2be5d6426acdf93774de791b65946907475fc9a,Win32,0.44972694,0.29404914,0.4394026
c24d18d2fe4616c89c4fe5b95fd312c3e3aa4b9e2d78391cc6db56a99033e11e,Win32,0.9980257,0.92744946,0.8409729
c38c419aabc70ff6ef24b59476bf9bcfea1e50438f2797f5f6a611b71c9b9ae5,Win32,0.50151724,0.29963347,0.43917087
c447ae453baf7a1793ab9430a96074ff900734d20135df426d593b59b88f3f95,Win32,0.9960268,0.92744946,0.84130204
c45c84b3cee123cb91c373f0ad64dc910cb0e4cfa449a017b6eebeed2aa48528,Win32,0.9960268,0.92744946,0.84128433
c46c0253cd633c8a6e9d0dc382e6a05df166eae80c4046d765649dde132f1037,Win32,0.9980257,0.92744946,0.84128225
c4a7516aad56138b927e703908ff1b93c32c26a344efc024c195e6494f352d67,Win32,0.9980257,0.92744946,0.8412652
c4d53c29a55bf47013bde64d8efcf12a03aba0ecfaebb1a60bb7461cd191bc12,Win32,0.9940279,0.9288349,0.84131086
c4e31712e7e098dfde49f3169766f4e51d37ad962772e2dc8c530a4f459fb7cb,Win32,0.9980257,0.92744946,0.84099895
c5a0c2ce2f72065043d52ee5d3a3beeafb50fcacef71e07f6930046f22a98762,Dot_Net,0.88991165,0.8569828,0.057069257
c5ea0ec22f02461cd049fc47848127507ab79d0036509b4c8c9e4e9b03cb5378,Win32,0.9980257,0.92744946,0.84098107
c652cacd36cebc35b87775611fd3e55b3a022fccf3185d47674fe29075e8fc78,Win32,0.9980257,0.92744946,0.84128225
c8127680697c923118218355818d24d358abcde7160a1ebd366cd549ae63bef7,Win32,0.9930287,0.9288349,0.8413001
c8d260bd1f976d2d83dac26d5b41d12c7a80e0f1503acfb4daa45a882cd3ba21,Win32,0.9980257,0.92744946,0.84122205
c922827c5f306d0ba51908bf92475f9aa46a29389fbc1a751b37d718ec187539,Win32,0.9960268,0.92744946,0.84129864
c93330a58d7dce8aad435a78ad00104a448516dca3499242008d69670193999a,Win32,0.30970085,0.29963347,0.43916586
cab716e5943ae07e8271eba57983367539963783c17d7dd559a21c331f301202,Dot_Net,0.88991165,0.8569828,0.057069257
cad216642463ef7ea9db2852b83035570073ddeab62052921798783cdc7cd386,Win32,0.9960268,0.92744946,0.8409395
cbea06ac85fbf13d02642b5ff91cd05cb7472972571b292e6e32910def0b2489,Win32,0.9980257,0.92744946,0.8412107
ccf5c156e2476e059da6704b3e90f1bbe5918646734bcbfb008213d213c34041,Win32,0.9980257,0.92744946,0.8412315
cd0c554177955a74c3210f7db770b8f35f499d2090487a0c1b5039284b6203a6,Win32,0.18264642,0.29404914,0.4395603
cd1a50bdd755d0b2d936cbbf243a251e2f69b18529c030f6aaffe2294d28ff8e,Win32,0.39870688,0.31828183,0.43929756
cda75552462a0177878860a53494d1cdd0d44c2e8567cd9135d0aae20b01404e,Win32,0.4059705,0.29963347,0.43892643
cde965ce0a35093781b95d375880969dd7251d3d365382dbdbaab55c397079e8,Win32,0.9980257,0.92744946,0.8409664
cdff7e30c10c7129517ebc474d8340690bd759c214d415748ccb820854bdf88b,Win32,0.9980257,0.92744946,0.8412271
ce22e75611a504c5c065c9f87ea1facf5db1c9973933378c33ffce8e2f2faa65,Win32,0.9980257,0.92744946,0.84099364
cec837d63c926dffe15699e7f6290e27078b7cdd5f92603fbaf78bfdf8506f75,Win32,0.9980257,0.92744946,0.8412367
cee539b58c31933bdd31e8f519803a226ee204e7791ed00298d15cb1f46fd2e6,Win32,0.31810513,0.29963347,0.4392062
cf6d46dc69e7f6bff491759a31f24cf43db85fe788a46822efee8baf778632e5,Win32,0.9980257,0.92744946,0.8409598
cf91a46c90fc32ea5b54ef189e3dd8235ee79addd1f41db70ec86b7cfdc200e8,Win32,0.9980257,0.92744946,0.8409881
cf9255ef6b0c686cda5367d8979746b93dadeb73b5cc4349312a093624522c33,Win32,0.9980257,0.92744946,0.8412667
cfbd59dde4efb7f374a2f09ad869bbbb00f84a6f4809025ca329fe85b76ff0b2,Win32,0.9980257,0.92744946,0.8412592
d029e2aa09793c984b767f0eebadde83c897250fd830f1e5f3e0f4b070e71e54,Win32,0.9980257,0.92744946,0.8409615
d1807519192f554abc4dc22770497ba3b8f9c097ec8de8c20bda3570d09a63af,Win32,0.9940279,0.9229311,0.8409427
d1894870e9e9ea01c1a06cbf04b163f8a4dfdb3e6d63d8468df1126938963faa,Win32,0.9980257,0.92744946,0.84128207
d21b32e689a48a0254af7feb5e94fb8878d742d0f6b560d450dcdbb411a10a87,Win32,0.9980257,0.92744946,0.84100205
d259d58a38969b79666443a8f05d32810535f27d4a1b0a23c4733d541638f083,Win32,0.9980257,0.92744946,0.8409756
d3b65a3af7554f53c9ec24c1b11b1cb779f2779f0255a674c6d2a97cd9653061,Win32,0.9960268,0.92744946,0.84128004
d41a337413383b96f9bbf67ecd16d67c0a1e7cce729cb86f85b25acea242cd5c,Win32,0.9980257,0.92744946,0.8412636
d41c414ea8b0fe88ea66406ca2f71c9d6df6058378bf835e16cbba4494543431,Win32,0.9980257,0.92744946,0.8412701
d4e2b3985a718e0eb79409eca74badb660695f6ee8bc6bba681a560ee73e9356,Win32,0.5825586,0.4226821,0.43902275
d55b2609d329695e4538434d0645f1d2e1c555410334bcb49a0de9a2980a3523,Win32,0.9940279,0.9288349,0.8413093
d62ae1b1fdb5dd8c7d27f0e024da3e4154d89702d2259fd5f360249f9c9f4571,Win32,0.9980257,0.92744946,0.84097475
d691fdd67492f941318cc638dbdf7351251ec7e6c6e96f4a8b46160f2071d63b,Win32,0.9980257,0.92744946,0.8412553
d76a4e846d67112bed79cdbfbe3672d2b600a6c27dc4aa67be73a70c4171e9ba,Win32,0.51746184,0.29963347,0.4390784
d8492173d7960d82d87ef395a0ac25984b6e5af3c9eee58131d1d6724206eb17,Win32,0.9960268,0.92744946,0.8412827
d8cba53f3a978a26f4b299c4c75b68d24b0e7c73ecbaaacc4a5146b809d7688d,Dot_Net,0.88991165,0.8569828,0.057069257
d8e63df5be3616dcddba65d10e2146b5f648420546572157885ddadb5623f06d,Win32,0.9980257,0.92744946,0.8412507
d943e48b8ff2c0f4496e827d8f71247e75739007594c75000a9e90108ebd368b,Win32,0.236277,0.4226821,0.43839663
d9452dfa4da4657d2e8ea9022ff7587bcafde2943af33d3d8725dcde673d3ccf,Win32,0.9980257,0.92744946,0.8409938
d9da69072617015bc392d970c25744c573e015f4720178e6c695b9f7936e0325,Win32,0.45372695,0.29404914,0.43940204
dad276aa126f9c766a4dd4dc6952a12e4ea2a75251c7f6510e0716be90a0d2d4,Win32,0.31600294,0.33197618,0.43820274
db113b20b86cc11b7a361ea8f080a339eeddc413247a3cf5efed1e0f15ffa500,Win32,0.9980257,0.92744946,0.8412566
db80b76512b8ccb86707388fa36ccb659525c9934de17e2b13dfcebb11eccfda,Win32,0.53893673,0.29963347,0.43900052
dbcd95330d12f58b5042f476ee6f78438ed3ff600c8cce9bcc4875f96f8655bc,Win32,0.9980257,0.92744946,0.8412245
dc35eec2cb0ae4df6b84dc1fc34b01a14326266c48dcc55cc18966c1dd46de1a,Win32,0.9980257,0.92744946,0.84119606
dc56890a7e081d83f8d7e9733d4234dfd42cfd86a56b170393c0021d50c9d1a3,Win32,0.9980257,0.92744946,0.84096354
dcf19e88112b97df090e9605ab655bb03503be1de9ac5976546aae255ae7aaa4,Win32,0.4300829,0.29404914,0.4392873
dd0447454634b8c13401a9472ad1204208938b01e2f50fcc66caec49017ad96e,Win32,0.9980257,0.92744946,0.8412523
dd194a69fc673f18000a728f38353732a498898446fdab58e6a419db1373639b,Win32,0.9980257,0.92744946,0.8412195
dd6234a4f1851562b487b89cd03b28d0cc05ccbc246ceaf4c9f9e3b48398ead5,Win32,0.9930287,0.9288349,0.8412874
ddf1407ba726e6cfa6c61cef8ae09f8244c9615dfa3f6dec1d9e80cca17007de,Win32,0.9940279,0.9229311,0.8409773
de0ed88e6457499d7010306b22375f4929366ceca879499278921aa7b163600d,Win32,0.9980257,0.92744946,0.8412297
dec5d32401d67333a2a2dba9ef1a5f740054b33102a7c37f6186cc4f034cf35e,Win32,0.9980257,0.92744946,0.8410017
df5c347f8595a6fde900d700c6070bfb4645ae8fcdc72b95f45a512bc6a9fee1,Win32,0.1806095,0.31828183,0.4395583
dfdcdc2f5f6bcb5a7ca45ab4062e184b112331f8eb3d30ff3470173be2fb6e6a,Win32,0.40750706,0.31828183,0.43934128
e0116fbbcb84989d84c413042ba2aab7411a377b8ac7e69adc4bf84a47a96609,Win32,0.14777462,0.29404914,0.4396243
e21db65e6cef48ccb687307836a6363a3d8ba65b75ec7434579fc7bbf651dcfc,Win32,0.47951096,0.29404914,0.43931842
e225f08f04598a04246f5d359c3b9601adb31b470523ace55cd4a76f3dd6639f,Win32,0.9980257,0.92744946,0.8412813
e4e633f79e391b40babd3c7ba3b543fc14cde3744e260b04af95b4be8dcb9720,Dot_Net,0.88991165,0.8569828,0.057069257
e52bdf4b177d158b55188bc2c6b3ed4dbd1112b6a5e13df18244493442d80345,Win32,0.9960268,0.92744946,0.84128255
e56cfa2e59eb9b9fcba30bc129b0797a5ba1f94f51c40f1fc55f1dbde3143bc9,Win32,0.9940279,0.9288349,0.8413249
e5c6c7eaa3fd961ecc7810eeb2cbd846275dd174daaae22fe048a82d790a084f,Win32,0.9980257,0.92744946,0.84119517
e5e76706af905c20979e9753d4cc85ab6ae0b010b80595b01e7b847e86fb4787,Win32,0.9980257,0.92744946,0.8410069
e74044f49446e037fe8eead75d364572933ea8a28e7ac281078fe4823580d869,Win32,0.9980257,0.92744946,0.841261
e8091fa3c8bf0ffd62b97b53b5da6085ecbede3707be21b9ffad384a8c1c654b,Win32,0.9980257,0.92744946,0.8412849
e8b9d5d3d45039687582559897f9a5013920278bb664092ee6d68f49dbc2b316,Win32,0.9930287,0.9288349,0.8412935
e8e68ff8d7725818463614f5f374590486d949d30d3fda4b3611481eae6b85fd,Win32,0.9980257,0.92744946,0.8410544
e9428ff7d2cf7924616e0db91ba194fb171e78f33f9860e942d618e02807c840,Win32,0.3718709,0.29404914,0.43937865
e953a4cd11cae1ee2e1a7479b0fdb9cbd6014296e35c160db683c645bfeae757,Win32,0.9940279,0.9288349,0.8412992
eb1f83e9fc24cfae73dfb9fe0039a39f8825f785aa04a76a591d0661d19f0a54,Win32,0.56883556,0.29963347,0.43903008
eb2d5581cb23ea4861b13c232ea7cb8d83b662ad85cbde29ee0862d407a9ffa3,Win32,0.9980257,0.92744946,0.8412898
eb4a35a5b69224edfb42761d827bae7bb7d3d311445cbbfdcf96fe14ce0c2c54,Win32,0.9980257,0.92744946,0.840967
eb698c16fb92312e604f1cb99d82a51b3a2a00dd4c2783252791076abb1f83d1,Win32,0.34068707,0.29963347,0.4389141
ebcbf3a5c24bee394a01091c485f5e3aaf66dd686b8ba054b387d0b573391e7e,Win32,0.4488971,0.31828183,0.439477
ec5a69032c11b3ff9fc1cc845d309c8badce45a365cc488c68bfc3a15be9d1f3,Win32,0.9980257,0.92744946,0.8412133
ece089ea502388b6b274bb0e2c97c9bba95f57c856d3f174230d9766e90c518f,Win32,0.99142975,0.9288349,0.84132034
ed036eb25e12c90300e0c93fa90277984f3efa72e7e9659981ea17ce83a9a58e,Win32,0.9980257,0.92744946,0.8412641
ed62f679414d08b47e6aa96fb478d9fba2f377789461eef5e01d4085b5d13625,Win32,0.9980257,0.92744946,0.8409797
ed8daa36772f69ac2ea73271deac1ce5676c03d4973a86b9fb7e26461db3072c,Win32,0.17863967,0.29963347,0.43827033
edfba85beef72c5f7b3b172fab2cc9a7caee836f42a7f4ce0b8493beec47cad9,Win32,0.9980257,0.92744946,0.84123105
ee1fa64e00a51cc00df34762918ad79b340207b6fd38f5e8d4043941faac9e70,Win32,0.9980257,0.92744946,0.8411878
eea84a8b2c067b86ae29c73f33b2e02169beeb217eef2c1cc5024d190e1b798a,Win32,0.9980257,0.92744946,0.84101605
eec98dcf4b1811a70ce36b89656de24f0576a7ad1007e836c54aeeb935810f56,Win32,0.9980257,0.92744946,0.84125143
ef2051d969054526fcac668c3bdc086ba6defe248be6ff7e355b323f28af10ad,Win32,0.19271128,0.29404914,0.43929
ef99dd53e6b545d851496481517115acf407bbd95043fc541a40e4e0f96611c2,Win32,0.9980257,0.92744946,0.841283
f0f7df584bc7e7cc69884e45b86522f3cc57da7c5e64ce54005bae6a5592cc96,Win32,0.5298551,0.29963347,0.4389786
f16b067e359e9ebda7ebf2d1f505f568cb15657ac130ea333162a3a0c428976a,Win32,0.9980257,0.92744946,0.84098804
f1be53dc3a7b6194c9bdc327257ff5cd202c1bd3a5f69c08a73a5e1a70e1799b,Win32,0.30162153,0.33197618,0.43768087
f267b06de2ab9fed195470d3c566cde4fe0a63caafcdd3b21d9c44ff87f396cf,Win32,0.50621164,0.33197618,0.43800753
f27742486cc0a4b7ba7d42e85281bd6e53e9f7ff2ae0262895dcfffb1c94d3e5,Dot_Net,0.88991165,0.8569828,0.057069257
f334c070a762cbf131edf86902e9d7d2825af0233276d5eac005249873a7a64e,Win64,0.7525276,0.8695536,0.85514206
f53492086d8e32bb3d5b242a7dbdffd318a270967e4fa63922e5572667a47546,Win32,0.9980257,0.92744946,0.84123915
f6b76c16e748db67d88f06e410e9b4e75c507c27558c3791b307f65f17cc1d3d,Win32,0.9980257,0.9229311,0.8411848
f7543df953bb4ed1e33904057d7afc9f4e3d1fe2fd5f224f64404e87cc4e377e,Win32,0.18151785,0.29963347,0.43840575
f962c52d2646c9e47acde019125a19f0c4d71b841df894319c1a3145c10c6fa7,Win32,0.9960268,0.92744946,0.84128076
fa0639c555da7ea5b7e71e6aae740b4fe6afd430e7b17b9c77a0e74d401add24,Win32,0.9980257,0.92744946,0.8409939
fa4602e10f8d004e380aff36ee5d2fef851223c3beddee7e85accc2184ebd39b,Win32,0.9980257,0.92744946,0.84125775
fab621cdc4dafe407c760c4f98ad4f58c28af828c33ec6151c81120de093ba3a,Win32,0.31229654,0.31828183,0.43942317
fb14ae0037641f7b97f84a67efd9ebfe84e8ed9758ce7c0b9f0462d6b92437f2,Win32,0.9980257,0.92744946,0.8412158
fb662f30624595db9b9784b05ab98b889ed79ef983dfa3e358159ebb241e6e6f,Win32,0.9940279,0.9288349,0.8412615
fc54d5da5cd65170f461e19dfa8f1ba71521de7518780d415e00d0f2b9c80834,Win32,0.9960268,0.92744946,0.8412772
fd2bab17a771ba0c516532893231f41bcf91665e845c8407344d6314cce254ae,Win32,0.9980257,0.92744946,0.84101444
fd4918a39c6524f8df9df5bfcb76ea4b58054dc8d8b2335e08db8fe7e4a158c8,Win32,0.9980257,0.9229311,0.8412053
fd4aa6295c7d692bbb2b22b1383e4b08cfba82e3dc7eb19567537a23e00abe1e,Win64,0.6319838,0.6397523,0.5304394
fed62f894b050ccf555c647de07666090ada577323249363d66add9d66ffbb46,Win32,0.9980257,0.92744946,0.84098625
ff55e969d15c07ebf318c0109b947455af84e88fb42fa6d3b314130eac9b1752,Win32,0.9980257,0.92744946,0.84130144
ffe6f04bc1f2ef339fd178404eac4073454602fb751afdccf3f63e4e23dc0dc4,Win32,0.9980257,0.92744946,0.84124917
010adb8ef7b84dfd8cd1eece040d39e5acf2c77bca546e7cf245a2b2c84d0fcc,Win32,0.9980257,0.92744946,0.8412475
012f295b551f3ffec28390ffffff7f789b892280ddbbde75ba0a894a2d8f6f9b,Win32,0.9940279,0.9288349,0.8412915
01400ceb560986860576820d6f4592f145f6df752bfa8b4ed04ed43a10794dcb,Win32,0.3184968,0.29963347,0.43918917
03846cb32cfbfb795fe3986816ebf91f0eec4da3d5545b3efc48f54e6fd12e1e,Dot_Net,0.88991165,0.8569828,0.057069257
0470d72b1eb4db59225cd3aa1d766420ecbc4dbf9aef3f6fcbc05049a8b129ef,Win32,0.9980257,0.92744946,0.8412367
06be855b0772d1e912c6c1d04e7016f50366634ed88526607161340bdf9fb62b,Win32,0.92997956,0.56748277,0.8279618
06d1fec0b85a8bd902e04d61ecd98bd5ce250bf6811466d425c09984db70c331,Win32,0.91431004,0.55138963,0.82824504
076056d9ffde027295c97c34710f2e413832c75d88c139fb2ef4bd91ebe692d4,Win32,0.30171758,0.29404914,0.43922982
07b3596f6c11d6f5b9864e16766399c248a5485074a841f568de4067d387ef27,Win32,0.9980257,0.92744946,0.8412281
088d13c2d7c897f2995912bafa3e50e70631ed96ec1c435b6fd230f06c677262,Dot_Net,0.88991165,0.8569828,0.057069257
09282aae39bf60878f10d7b7fe53b67296801817b435707a63e4eee2208af3e0,Win32,0.31600294,0.33197618,0.43820462
098451af0fc24006b7a47a1c06ab96076ec59cd56434e6d5046803af951a9545,Dot_Net,0.88991165,0.8569828,0.057069257
0a94b22e582bdee3434fc44e218d31e79ae426fb1c5aa699526e43bbdd351c3b,Win32,0.41133997,0.4226821,0.4385963
0abfb238cebdb850beaaf267d10237107b4c150322556ee43cf10218ea7864c8,Dot_Net,0.88991165,0.8569828,0.057069257
0c11bc03ca1f45ed105ca37cb306abdbc4abe3506c164b626fdfb0c09e388db6,Win32,0.9980257,0.92744946,0.84099406
0cf69a691843bf1c33be6f0de50310a21bd46bbaa544a98f10964369f613bf1a,Dot_Net,0.88991165,0.8569828,0.057069257
0d440f4c3fe8341a713bc1a0055781eb7e63fb68762ad6a8587df9a2c465f670,Win32,0.91431004,0.55138963,0.8282302
0ddb6ef1144aed484c872448d55b36d77f919285dfbd52c02f95421c014ca15b,Win32,0.91431004,0.55138963,0.8282365
0f990afe8d6e482d2bd7edebf3b5260eb09776054c5b3ee5cf0908c115733525,Win32,0.92704827,0.56748277,0.8284448
104265c5240db14f97394840526c96f046892e60b0263b70e53368f58049c56e,Win32,0.89350426,0.55138963,0.8280986
1051d827e35cdd33f1aa964633c96748aec6d964d9b114391f9d732213e678a9,Win32,0.58511984,0.4226821,0.43907785
10aa046f2758fb6dfe47fd4698ebf29c559b0f82935b40c86bb28a9e8542e601,Win32,0.5233244,0.29963347,0.4391764
10c6d8b453791e0f5b09cf77dc95783dee917a3c2e2205bc2055f2ec65024b0c,Win32,0.19754593,0.29404914,0.43928093
1119785afa329b775b405582496a62b157875e0b7a637bfca4785554a805b458,Win32,0.3293899,0.32108545,0.43692383
112a05da693e78675c03f0352476f740402081d4ca554ab3c9df2875deaca0a9,Win32,0.27474028,0.29404914,0.439225
115346bcc3777c748c1b3f588acecd16f79f079bc00fce51a5205b51aac55341,Win32,0.47933695,0.33197618,0.4379462
12dee551243a42b5a3718d0adc1a410cb8e807e06345d460035c59d836612b14,Win32,0.44777024,0.29963347,0.43906316
130f19043c34d49dedc9ecb7ddae22828590fef9d502fa10e2b17752865ef0b1,Dot_Net,0.88991165,0.8569828,0.057069257
1447c820c9d5596167dda7ce6a85d991cabc52c6511cc024580f69b457dca933,Win32,0.40955427,0.29963347,0.4388585
1693fdd15c9384621b4eec929fd4b9b60a5068937227ccae04969c1db115fc7e,Win32,0.9980257,0.92744946,0.841237
16efbd6cd0d97e9a1bc5882ae5836eb09393d171d20a03106df96bab1f290623,Win32,0.9339774,0.56748277,0.82821417
16fbc55c89db883f362194c87ab4a740cfd8bdff169415c13432426eab5c2928,Win32,0.92997956,0.56748277,0.8280678
18ab1d8dd4f22b0ac33050e29005d8a1ed53bafa9a38470b3eecfc34256d857e,Win32,0.28747,0.29963347,0.4388844
190a59c9f77a9f1f7e7f65034cce791989a282e016b3ee839252202d01c77894,Win32,0.9980257,0.9229311,0.8411911
1b3d462d2caad870b75ae4442428eeb25f55d79cb57e7d3b666afc81354251a9,Win32,0.93331087,0.55138963,0.82856363
1da9de8717fea402e6633057f57b9e34aeabb25ffe039cc02d88ab9f564dff7a,Win32,0.9980257,0.92744946,0.8412427
1fbb1396e2d438d0e8db058fbc3969581653a8e7464ef0e820e995e7c49a55f1,Win32,0.9980257,0.9229311,0.8412076
1ffa401bac38f56806142a5f3f09d535d2379f85866d10969b799963165543ec,Win32,0.16767259,0.29404914,0.43932748
20777720ca6c51e85d823b0faa2d6d3600df9c44521feb761d17bc2b5f7f8e4e,Win32,0.93130976,0.56748277,0.8282179
20b8ab9c4284e4ddd65c2933f2f3c1ff8e6c6b28a8f387480b5bf5e68a22372b,Dot_Net,0.88991165,0.8569828,0.057069257
211823c377a82e7dc7099ce6a1e031d45d3af24b8cae2ec16df1007fd9cb5409,Dot_Net,0.88991165,0.8569828,0.057069257
211b7e4a2e0da84cf4515a77b68d50b73f4453a0000b1650c541bf686d844d1f,Win32,0.17863967,0.29963347,0.43826488
21ef83227032d4803795a289e24ec5b77ec792c8f7a8d2d56412c837cbe3f6fd,Win32,0.93130976,0.56748277,0.828252
228d3ce28e6ef38e38f101ec67c5f56d9582322ecd584fd0e4055b99d3fbde69,Win32,0.9960268,0.92744946,0.8412753
24036c04127844831b56e251ec341ee436d1eafb7f5363aa353bffa8a18c1faa,Win32,0.9980257,0.92744946,0.8413085
2726ef4022f519d096055b709d47e083c74f64f679504875d69ac202c31b0e0a,Dot_Net,0.88991165,0.8569828,0.057069257
27f4642324863e5b3886228631508ee9ed95902a97ad6d9904912531a373629e,Win32,0.9960268,0.92744946,0.8409297
2843bff30fd223f0263a6fb29adf9feeacb7922f1f636e07ee2db89a320e7d3e,Dot_Net,0.88991165,0.8569828,0.057069257
2854ad16dd2d91fbbb6d2a467b66c1da6f972d932d5ff4f73e9e11a9a1e74594,Dot_Net,0.88991165,0.8569828,0.057069257
29fe34d2620db872c7c69c994704767a8ffdd6fe05fe3673d81bf7adc2ac029c,Win32,0.9980257,0.92744946,0.8412543
2a165f16210b79e074aee9cc3d930bdfc8b6dd1dfbc09da069ae643eb7b394ef,Win32,0.609681,0.4226821,0.43901983
2a1758e0f9f08ff7d745ed2b07477a42ff50ff5fdf417ca68fabf71357245a02,Win32,0.9339774,0.56748277,0.8281517
2b278ea216f67ba25691e57b4a60f10321d57c3a393febc0e89b98730db18ac4,Win32,0.3137727,0.29963347,0.43920156
2e0ff0976c4ac09d6a0a7f64ebd3425b5dde48127f747915b29ae89965a934cc,Win32,0.92704827,0.56748277,0.8284797
2e40909481cd9690511be92c68129e53227a6542bfc9776b0a37211bf097cd34,Win32,0.9339774,0.56748277,0.8281687
2eceb1b225943ce7dd893f49c4a151c41933623b54300214733647f9534f3f68,Win32,0.9980257,0.92744946,0.84126294
2f0d14ab902a5a632455af69f6ca6256c76e9ea2b6602ca6be62d5e37886fd0d,Win32,0.92997956,0.56748277,0.8281287
2f3c4d7e94d414751a7dd316cadbf309d89e87784c6ebe137b2c68caf4433041,Win32,0.9980257,0.92744946,0.84124154
2fcc5bf54611d2134788de67bb6f2b5dfe6d379c7ed488203b90c683d085f8b2,Dot_Net,0.88991165,0.8569828,0.057069257
311147eb936b288f441721ed419a8e6546e09a9285761e5e10fd0d2c0617600f,Win32,0.9299774,0.56748277,0.82817996
3168e4613f8e004eaab563c44c4bb1469bbeb8c373d636c3f225cb8cae9131a9,Win32,0.43310937,0.31828183,0.43931356
317d1b8189a57f1b42f4a0f1dd6a3d672571ac1c46f2e53ed1aefd2632b99c6a,Win32,0.53616804,0.29404914,0.43926314
3338559ab033ca78c4502b6b198b5130f5ac2c51363111ada893d2c802f65d9d,Win32,0.9980257,0.92744946,0.84122705
338d63da7df55210cde79cb97150537d9becb1cfdc1b8f05fa510490234468ea,Win32,0.9960268,0.92744946,0.84127325
33c90eac5a34fd7fff9c0a0942e9e04fadc36953470bedc98e19fbc76274caff,Win32,0.9980257,0.92744946,0.84126276
33ce0a804217011e840076670949b56f17f5d01b95871673994bbb1d17418227,Win32,0.9339774,0.56748277,0.82813394
343b9d9dab2a60d3e967f4b0bac313379994897610b90c7db8dae36b023468f7,Win32,0.9980257,0.92744946,0.84124315
3441a83b06fc05449f28e613353c0b69603ece886a80b614fe8b2deb1b1430e5,Win32,0.92997956,0.56748277,0.8280472
34c4d9b94612d891608524799766bb9ce8f292d6201c9a2196fecab5ee0627d5,Win32,0.9339774,0.56748277,0.8281612
35295d1740777d426111b3ccfec988da410b2b738e3becfb001d1a0ce5180ba8,Win32,0.9930287,0.9288349,0.84132284
35cea09a95be108523b691b21353dabfe281c2f6bf5dacb47f78285116684b7f,Dot_Net,0.88991165,0.8569828,0.057069257
365951ea7f61e9e78822a85c835599c06b0c0bc1c89f63702b2c8ed6327da536,Dot_Net,0.11395956,0.11694924,0.047196776
36fed5eaca154034b8c50d6c3bb2c45bebc24b7d2207a73b1f3ea8e5a0c39391,Win32,0.5264182,0.4226821,0.43893486
38dd4005e7404d45eeef156df80662e74eca6de72777e5618d501fbcf348bd0d,Dot_Net,0.88991165,0.8569828,0.057069257
390b0d1f151170d7889073d218fd7b787c30e4b01f91c7281bc978e2f258e2a8,Dot_Net,0.88991165,0.8569828,0.057069257
399a0b01ba9bc4efc39da0b763d4c600b1a73c41b017a971eff9b9a8d6b5ea91,Dot_Net,0.88991165,0.8569828,0.057069257
3a6b6e4023e5eeffbae89c5e5a2104121b4e0ea8439034c94659ea7c751b1049,Win32,0.92997956,0.56748277,0.828071
3b45a2f328d11629cb4fb90105fd3ee9decec219a235a438579d48100dee06c0,Win32,0.25465122,0.29404914,0.43921283
3cb903b320addf800dd84059f61a2533437c2eaecbde835185eaa52b10733914,Win32,0.47958642,0.31828183,0.43926796
3d4d3f80d376c52c26549c3f4fdb8d065e83265199d6e54169adf745e8062fa5,Dot_Net,0.88991165,0.8569828,0.057069257
3d4de4d6eb016b3b05e3a17de0df8aca2b5fb40e073bad26eef7ecba2eda9b9b,Win32,0.9980257,0.92744946,0.8412852
3e64704ca80611cd1bf90879a968b86dffec12b56c106be83da487d12273ee32,Win64,0.61345345,0.65799844,0.5254248
401508f504f98d37ee37d92721c11ca268b38fa2fc9e84e3f0329654f68da4aa,Win32,0.9980257,0.92744946,0.8410326
40fe1ed45575da2f39c65c6ef51b67319d82af23f0711f64516760af75f21777,Dot_Net,0.88991165,0.8569828,0.057069257
411b110f44d6a00b905a5cebba7b50a9506bcea2a79201724fb56e873379e322,Win32,0.9980257,0.92744946,0.8412176
41208d94d81c1a4a901cf41763b43733cae3081041ff6f810dd9664d028e46c1,Win32,0.9980257,0.92744946,0.8409805
42142fe48f703bff54e4da17243f1a7c2c82876da901171b8d17cf4794921ec5,Win32,0.9960268,0.92744946,0.8412862
422491edac8d44ac6cebf02d07117b1f6a1299c7cb721fa320c3051f472bfe44,Win32,0.9980257,0.92744946,0.84125865
432591f3f34ae52c30d49b52838090a087d209c5b8289c3e8938e1db761ba255,Win32,0.23805687,0.31828183,0.43945736
4339a805ea7f1ce056c6b1e789ed2ac1cfc68feb8aca581c19dbfae74fe72773,Win32,0.9980257,0.92744946,0.84123385
4344788542769f22d4a6ee08915142b80e7ffe90d51f3aec9e7afa28dd39481e,Win32,0.9940279,0.9288349,0.8413286
441c96cc2a04e7e23a48ab19f3f5783f525d61037a226c4a58315923d90fe7b8,Win32,0.9339774,0.56748277,0.8281611
44707d62dae564c57c5bdad5f82d67584269085d3d5660c2d8a66b2c3c5a586e,Win32,0.9980257,0.92744946,0.8412966
4529a464e708f056addddded7beba90fe0b20aa215276505b48d2c09a2ec6e18,Win32,0.9980257,0.92744946,0.841171
458568cfb95741e899a8003e699b5059d0db21108bd22f4b0df1b4e18d16f3d2,Win32,0.43044496,0.31828183,0.43928167
4626958fafc5f2a67aec5537e0f72fd470a11546ca9dddf954ba68b799f6ae4d,Dot_Net,0.88991165,0.8569828,0.057069257
47515b166e805a6383933c95fb4f9d15559655f6e87b5ebf9d453185c0edee9f,Win32,0.9980257,0.92744946,0.84125894
476ecacdd109f7ef3b614a5ff9647b4aca59af8866509565e15a0209513f8de1,Dot_Net,0.88991165,0.8569828,0.057069257
487d00ab9be331c7f77f50393fb35828b3eadb0c7a532586a19b37a6c4186f82,Win32,0.9980257,0.9229311,0.84122026
493195d8521ab6791126c9a28a87b73ae10af4c4f3424fa0220b0b69beff7194,Win32,0.9940279,0.92744946,0.84093946
49bd1d618f41b1078b3a4947aac41954d0feb54c3e7b4b97e92727cb45f930bd,Win32,0.9980257,0.92744946,0.84125257
49e718f99ac635c1cbceebfae0606d268c949eaf5ff1dfe62dfeac1945a73f45,Win32,0.9930287,0.9288349,0.84129995
4a8818ac7302fed33264de6f8a90c40b966dd6b0fe418c91f48ba375ead8ad0f,Win32,0.9299774,0.56748277,0.82815206
4b4d85fbfeecc084e942ee0b8a7a89109d24584cef65c993d95cb213d44a2586,Dot_Net,0.88991165,0.8569828,0.057069257
4c9c60756099f60de6c4ae256cff6184422bb703f4ebf5cbaf142232a4c20b7e,Win32,0.9980257,0.92744946,0.8412227
4f82a0d5f2313f377dfb36047a75eb994cda69a7f90845eb38a974b0098becd5,Dot_Net,0.88991165,0.8569828,0.057069257
4fa62cc2bb90b9fcc5ee50cf8339bfea2bf0f8cbc50a6bb12622ee9791d7ddb2,Win32,0.16059482,0.29404914,0.4393585
51404912867f2b4faaabfa8047338e320813eb2e0906fb449f9df5de1ece5464,Win32,0.9980257,0.92744946,0.84126115
51a78ac4253aa89d5ac36f3bf30cde4f59992522625df6a8deedea3168175cd4,Win32,0.9960268,0.92744946,0.84128606
52b96195b926e363e6a38102e0be8f9b075f8549ed4ee272d3356ae7d543f6de,Win32,0.9930287,0.9288349,0.8412994
54ab8f57e627675ba2f9742c29942c5c1b8a968e20e1ddc45a221c3c419cefe5,Win32,0.54564065,0.29404914,0.43925342
5672a816fb43a5437ce45cd44fc8dc70bc460fba15a0468fb17f9614d3ab5134,Dot_Net,0.88991165,0.8569828,0.057069257
56f71d1f2bc595eff4e0d13829df2630d90e6b32dd1be3d53a0aba04403d1f57,Win32,0.9940279,0.9229311,0.84092826
57748365d9e1eda2a7af00a8678b880d8cbb3acd67ed3ebfface95f546819f95,Win32,0.49002746,0.4226821,0.4391828
588617e6e321142299c1842a07fe6349325dff88af36a46573d7e652fe729730,Win32,0.18899877,0.29963347,0.43856174
58b6aee13deeabb870c34ab4eabfe4a6cec3d0080e2cadaeefdcbdeb93f98405,Win32,0.9980257,0.92744946,0.8412602
5a0efcf0b86d58635a808449580665fda81f68651a7eac338932072df988786d,Win32,0.9980257,0.9229311,0.8412083
5b5f07000fe5015f8822c47298d031ff5477869dec4da0319b0e3a4a694a1453,Win32,0.9980257,0.92744946,0.8409876
5bb4b667556264e0b3a04b459daf522af00bb9fc85f59e1afbdd58ec7e768837,Win32,0.9940279,0.92744946,0.8409165
5be36bd63387d60a58109381397fc390f6938d9f8b88e9583bc3e88c25f43443,Win32,0.44763806,0.29404914,0.43938768
5c3389b824963a498879df3710ebb1feadfb05b99757bd9eaa27880f2903b40a,Win32,0.44878808,0.29963347,0.43904477
5d9ad74fccb7bf083e5cb25f5e8fe9bb5adf1063330f7ed6d120910330e03ba3,Win32,0.9980257,0.92744946,0.84097123
5f096859467786e6ada5ebe4cb21079e5f82d7a14c3c72c5064eeedaf86566af,Win32,0.31299514,0.29963347,0.43873513
5f7572ad7987c0808ece47aed857f8a406e68033add637e25c6bde42e616eb15,Dot_Net,0.88991165,0.8569828,0.057069257
60b3bbc1f278387ae76db7ba40e8055d4f20bace04d550e60021aad469018b21,Win32,0.16767259,0.29404914,0.4393341
61663db77b088ac22d917f371c26d0220c5cbeee120d70318f67d2b1f274f2bb,Win32,0.9980257,0.92744946,0.84126455
61b095369bdc7eaa8751483a4439c162479d1f25f23911b347c57e7bf569abf3,Win32,0.9980257,0.92744946,0.840968
61e9d1ab375ea2325ab078d9769cb33ab3f9d60557dd98156227f4d141624d30,Win32,0.9980257,0.92744946,0.8409721
62e626998823ee70157d692ce4d00ec6f2a4451f8350f9b3cd1866e86a4b7d5b,Win32,0.9980257,0.92744946,0.8412294
634ee88f38bdc190ecdf3586d065c5f8bab831f7c6d2a62912a37d1e66338dba,Win32,0.9980257,0.92744946,0.841253
6392f020125bd039d7b4073eef7d5a80ec81a9d087da5c4b7d29b527f4bd2393,Win32,0.44305682,0.29404914,0.43934065
64500f91cae0fa2659bcc770893e3e93da51111a9bdaefa3b21a0c9acd500383,Win32,0.4380042,0.31828183,0.43927515
652ba847449ced59679ed214030fcfcc3e685f92bbbc2c425e08d72d8d4035ea,Dot_Net,0.88991165,0.8569828,0.057069257
656777910e234d3d41ec97a46a5254265dbf5fd9d52b7895ba480f47e8bcb4a5,Dot_Net,0.28156218,0.08066882,0.04200819
665cf545affd23d4ccfe70ed96716f817b1f8179a1dcb49545bcee8234e48cea,Win32,0.9940279,0.9288349,0.84130174
66d9b4c53caa18d5350b2d512f0e4bf5ee400a7cc207034649bbeb35c65ae6f1,Win32,0.92704827,0.56748277,0.828474
676831aae1daf0dcfca3975727ae052a04b2ca0206ebaaaea558fe4e62b61a4f,Win32,0.5093445,0.4226821,0.43886632
67f8c78a9597c63e920558028556d22417c447554294db7296c450017712c7ad,Win32,0.49427092,0.29963347,0.4391044
691566c99b1f1084f19273cd9aa92088a363150aa7969acf8274682e6617d36f,Win32,0.9339774,0.56748277,0.8281134
69593f73fdb77b3d387d36772187930e7a4e80a77929e554125070d0e1994c1b,Dot_Net,0.88991165,0.8569828,0.057069257
6976701d51233ced450b6991932245bf0ed4fbb1380f73aee77ee86b500b2d8b,Win32,0.9970265,0.92744946,0.8409922
699f0d1a7fe0f0025eb9533ccf4271eda3e18d7030561fce3ebeb43bd8a0e74d,Win32,0.9980257,0.92744946,0.84100276
6a745440c49c47539e5f5fe2a1a5b301c15974885973a7f58705156e102612c5,Win32,0.92997956,0.56748277,0.82816976
6ae148bead62ee7b54e673a7b430eea36371585db84cae98b40b8b306b36360a,Win32,0.9940279,0.92744946,0.840928
6bd891eb5d580f2140e57d3c15c3fe0d74845e2eeb06e1ee964c6958f17772ae,Win32,0.45429766,0.29963347,0.43915796
6be67fd501e4a87ecd60c0ff8646a89327cd70018879f3f2aa9bdb8a9c3bc923,Win32,0.9980257,0.92744946,0.8412418
6ca1ce0f68a96ba7ad4d2ce01f2c5cf03fdf277d197ed85fd410d4c86cb416aa,Win32,0.9970265,0.92744946,0.841005
6d66b9c2ae61f73c4e22f8966dc25a47dbcf21dbc03e45f16127a65216f89d0f,Win32,0.9980257,0.92744946,0.8412988
6dee8b934e71486d677e927cd9256cdc866b8c921f2d1a8cbd2029841066913c,Dot_Net,0.022365514,0.04764535,0.06956237
6e01e51982754bbde7ddbb2446cac09fd6bd303182c97dc318a465e336864814,Win32,0.93130976,0.56748277,0.8281865
6e36d8d1ca22a1dddb8b46caa1257ea90b91b6b6a16c2aaf26a5fb2144bd5e87,Dot_Net,0.88991165,0.8569828,0.057069257
6e49b5c9376f70dbd87b2fdefb4b4f1ebc18437c55b3067aa3bce8b1fbcb2ee6,Win32,0.9980257,0.92744946,0.8412638
6e695e2d42f3a2d48925524dc8cd2a658960fbeab5c125f3a8aff8ca161c8473,Dot_Net,0.88991165,0.8569828,0.057069257
70c41846064f99f908c20aba8f13bf69bfec3b205f50581237b879c1a590961b,Win32,0.9980257,0.92744946,0.84122735
710bc22b7ec3eca0a15733d0b52d2a90ba2f65df59ce941876d6880a00ddbb28,Win32,0.9980257,0.92744946,0.840981
71b1b2995e0100267c6dc45a50a07adf82ed419d877962246f1587b00327fdcd,Win32,0.9339774,0.56748277,0.828524
71e5b0f1f17f4f4c231ffe9f9d674e8d1ad70f1b3045c347acc8fae01f52aa12,Dot_Net,0.88991165,0.8569828,0.057069257
7539fd0664f4f3b377d4cd49add50166e547c4290eccbe1f9df795b10419070f,Win32,0.9960268,0.92744946,0.84128445
75aa357fde488140aef5faaf1c0aadfbe1c46543c9cfd08d74c2e0e420480155,Win32,0.9980257,0.92744946,0.8412269
75b836a18c58b0c3bc6cbfa1d0f5e9ca858d4289ad1345d539755f4d972ae2f1,Win32,0.92997956,0.56748277,0.82813305
7668bd8ac933fff56d4878a1bc2baeb3eb4f804944a2e29496ba1d920f63cacc,Win32,0.92997956,0.56748277,0.8281232
7672e80589da34231bd8e01ce45259cd7659efcb13f835ee8b3c3a70e1fe484d,Win32,0.9980257,0.92744946,0.8412561
774f0a111b0128d5697fc3f22b8cfcbcd3c72e458ecd4fbbe70762e8bd621720,Dot_Net,0.88991165,0.8569828,0.057069257
782001308da2893b9f2495875b3adb30c48de9fe4a1205cc80aa6e103ad0e919,Dot_Net,0.88991165,0.8569828,0.057069257
786b2e87487e3b17cc41cd8e73e403636421405b20002f99854b0eea19c3ce60,Win32,0.9980257,0.92744946,0.8412572
7870b57456252f830372b287c824923a27bef4bbe0180cd98abd27b5ac7a3ada,Win32,0.69152164,0.78447515,0.8128256
79ccf37fa8d3fc2cd1566b89086402f664c8f7ad583bc2f573c1f8aeca599b02,Win32,0.9980257,0.9229311,0.84119445
7a005d75e22c7f7ffe58babe4ccd1c539c897b4a7a67855841cf6df776d1b19c,Win32,0.91431004,0.55138963,0.82824403
7a2def61e86e2f8ffd03982a2cb60ba2bf7cca5de86889d3f01ae728c52acdc5,Win32,0.92997956,0.56748277,0.8281023
7aa857ed376ff1dc5d4b5f906c913dc13b0394486dae2304a126d5524783d82a,Win32,0.9980257,0.92744946,0.84100795
7ba718a006b6c5bc6de1cf7245d44ba4c1975ac11e5d8fc4109f5868139c9ce3,Win32,0.5737774,0.29963347,0.43902475
7c0710f6ffa7c4dd18bae25e63884499b78a1630e57608775cbc247c3f99d2e1,Win32,0.9930287,0.9288349,0.8413186
7c823e0fd05a685167d1b5f43b10634b33f427fc9e93f94ca0e2f538df862dd3,Win32,0.9980257,0.92744946,0.8409617
7f42b0c8be9410d07e5d479d531b1601c6736762878d2517ff7d2e1818359a8e,Dot_Net,0.88991165,0.8569828,0.057069257
817275d90e2e2eec8808e5fd06fca8a40725f834313ab63e8055d8a4f4e15717,Win32,0.93130976,0.56748277,0.8281985
819bc759f43c6baecb248880db2770791d53c61071470d669fa949b80e561d99,Win32,0.9980257,0.92744946,0.8412082
8208d25f2deef2d68b26f1ef2b4fb74466ac24ca0e15218c98f3f9adc208d09a,Win32,0.9339774,0.56748277,0.8281469
8246c4b4ec17f53a329dfea368002dba165f68316a244f21d0c51667868b4bac,Win32,0.9940279,0.9288349,0.841283
849c05deac12d76f257a64d43d9f2ffd584854cad616d3c3727cd33980781b16,Win32,0.9980257,0.92744946,0.8412316
8567bf9e22daedcab47d1eaf47a206959cf8918e6c84fb75335c30b280d44eb1,Win32,0.9980257,0.92744946,0.8412262
85bdd243ad07382a517424c51f96c15bdfecbe2be9be04917ef027ddb6b8754f,Win32,0.9960268,0.92744946,0.84128565
85f767cf2de99f879a5e6095d9e5bd1233be763174b5a385e75d39a7c370fb3c,Win32,0.9960268,0.92744946,0.8412654
872021d0c7c9d8d3ba8e0967e265871ca5288a01df32962823d79f14afea12b4,Win32,0.9980257,0.92744946,0.84122556
8739ac1479942dc5ccb5b282735e2335fbd6c64b2c1c512d60c0e8fd3d8fba87,Win32,0.91431004,0.55138963,0.8283144
879675c04fa045ef4fe3b04d80a3fe7dfc1e8eb2aadfa8d2aef9d74700e6c1ff,Win32,0.9980257,0.92744946,0.84128404
88c2e083dd0eeb2436214de70d9740ee83b26388526a88349562043a2e55d179,Win32,0.35634282,0.29404914,0.43935958
88c9a3603761743b32c70220b60569c8a5450473e72a66cfbe0a6e8ff040ab4c,Win32,0.9980257,0.92744946,0.84100926
890b9bf0e8eee4b631d77155d1f2893dd1fbeba161f23ca6d9058b2f13b8f838,Win32,0.9960268,0.92744946,0.8412823
8b1b6aaa53edd404cc81377d8a28ef876aae753819ee497fbc668b80898fc4b7,Win32,0.4001806,0.29963347,0.43901202
8b8c60f1c2a1d692dc932677953375b345d6614012edb1dd4f4dbe6c15bec4a4,Win32,0.37108478,0.29963347,0.43914998
8bc61a0e375fcb5e2fc4ce2dba3adf504f5834983bba1e58f3b5aca00cfb9e18,Win32,0.91630894,0.56748277,0.8281997
8bf05beae7629c1b737095ea5c97315abf2f1d5fead6404f1f35882dcf7cd5ff,Win32,0.408656,0.33197618,0.43774647
8d869f21cb7a016bdc23cb03c56a8a2f850b0bdeef245cc3235490b8406ec5dd,Win32,0.91630894,0.56748277,0.8282331
8db7766425fb01bad4dfac738e98390067486ca53259f5483f831e9c0269eddd,Win32,0.9980257,0.92744946,0.8409829
8f242d69e73eeba88934a71c70253c724df1a82ceff3981c4a1d2c1b267c2454,Win32,0.31166172,0.33197618,0.43819317
8f7a48c75cec996efcdff0ee31bdfbed9b7ae37a1c197dbc94dc8ca3611c0259,Win32,0.9980257,0.92744946,0.84095675
8ffca7e4270aff5d49da35323cba986534b3d61294ce1fbfeb28af82976ac6c4,Dot_Net,0.88991165,0.8569828,0.057069257
900f53010674d8bdcdf3521dbb93160b62b989903fcdf4d661e0578f7f12b401,Win32,0.92704827,0.56748277,0.8284356
909215ac0c93c3c18dd13bd335356b0b417cd69caf71b1909dca222551b8c988,Win32,0.9930287,0.9288349,0.8412829
90efb28cec41b29fa4baa64dd99b8aa3c6aab5b70e5ca40abeb6677f60d2e704,Dot_Net,0.88991165,0.8569828,0.057069257
928ece4235f2e8493adaaa1f834bd3de4225696d2c3f8c8f0f2f3541de1e4907,Dot_Net,0.88991165,0.8569828,0.057069257
929b424cd29f7fb51ba809cf31ece1913a5238a87c37f17fcd8f9efb3f696a93,Win32,0.9960268,0.92744946,0.8413248
92e3b3d2cc1f221f9a63f0bef3c5a2d89cc931ab67b9a8c9673762f511863f3f,Win32,0.9980257,0.92744946,0.84100926
93bfa5a78bd4f1ab72bad475b5016a00dfbd48b7a161b6902c7271a7bd7dbb70,Win32,0.9980257,0.92744946,0.8409808
93f37115747e287ca4e53eade0050194a5f839abaf0a981ac8cf24d3c1d42c05,Win32,0.9940279,0.9288349,0.8413222
95720211fbbb637cfccf83e63fb964f11c52959aae1490b147ad1380ada404dc,Win32,0.92704827,0.56748277,0.8284374
9a9f4d5b63df55102613fa3e0b29ea73a4d5b46dd64dd93155b6c798f5a68ab9,Win32,0.9980257,0.92744946,0.8409506
9c132a4249e0b1373702e56ec6f6ebfdd866644ece8635269fc0b86a3186236a,Win32,0.91630894,0.56748277,0.8281921
9c199ecb55459d57f8d5ad22e15b7f3995fa5fee7fa6b411e41e15123f356f5b,Win32,0.92997956,0.56748277,0.8280565
9d04b204b9ed44f5861a3fceba4deaf0188f2655be27748d81ebb281c4084b4c,Win32,0.9980257,0.92744946,0.8412577
9d6d2accd22c5c2203aef12669368227d15f150db213a07befec2797a2054f59,Win32,0.92997956,0.56748277,0.8281491
9d9538e5ef054aa3b1ee10efb8c302f5b74e794de9c55696fb9793f3ce1468a1,Win32,0.53055364,0.29963347,0.43908456
9ea1a56f17df97263ce15754681f44c8e8ebc7ddcaf812ef6352244161de8e69,Win32,0.86002266,0.36236602,0.29031846
9f3243c08510413b65225459371749212e9f8e289693a6ed384a3767e10ffddb,Win32,0.3540561,0.29963347,0.43907252
9facb2f731ea27e337993e6ba594f285ada0ab6518be02f8c9f0818306a17ed1,Dot_Net,0.88991165,0.8569828,0.057069257
a00c589c222bb8e1fd187898922f3c74bfae2ba978bfbd829686e757bff734fe,Dot_Net,0.88991165,0.8569828,0.057069257
a0252e663b802d8a644e6ccabf8a25baddffed518e1364be9ed09bef6856ed0f,Win32,0.92704827,0.56748277,0.828501
a0552bb7ba7a07edbaa574632e3927dbe01469908a5313a8722e325f00be5ece,Dot_Net,0.88991165,0.8569828,0.057069257
a21809d3a1eb5081f3a36a701ae0778c96ab03b73784c76e9f4de3038c26cd9d,Win32,0.9980257,0.92744946,0.8412207
a31d45eebdeefe4df8543267d16eff9b769cb8cdc041911a273bc4a3563c7e70,Win32,0.4804391,0.29963347,0.4390945
a425c8fe15e64d65276d754a628a24f353cf4deca113fa8c8f8f4676fcf2cf27,Win32,0.8841174,0.36236602,0.290416
a5357df66fc09df1c950d4488168867729e2542312e702fa2f9b3611fc103c4e,Win32,0.9980257,0.92744946,0.8412749
a676abb915dfd742ce67380f935e8df955730dfb25526e4282b4afae43556e2a,Dot_Net,0.88991165,0.8569828,0.057069257
a6cf32b4bf24e95049dd5863cd2b092d512042ae826d0abd0265596b4560ab4e,Dot_Net,0.88991165,0.8569828,0.057069257
a7a5fa8598d6df0f7ba998ee1a333fa871614dba97296bcb59dbd8bc4135110a,Win32,0.5397058,0.29963347,0.43899706
a81d88a1a37eaa0ce6a7a2958e25e3883012f465b7ff4fbfd897f53e3bcf45cd,Win32,0.9960268,0.92744946,0.84095114
a83e8aa2b465e6ad83112ab3dd5d4466da8ee5cf53bede0cc6dbf60c2b8bf32e,Win32,0.92997956,0.56748277,0.82815576
a9a6e9db1349616ecffe1a0b846543554ebbeb988b0a4827c6ab56b6f3e0b845,Win32,0.9980257,0.9229311,0.8411688
aa1a2c445f93b39e71cc00967a21ea87e0d2acd9c5b8022b127eec47fd8e949c,Win32,0.9339774,0.56748277,0.8281747
aaa52d33e94b052dc7a6cd2a63a7c850793e29d726600763000398ba6c188375,Win32,0.9980257,0.9229311,0.84120554
aaeec39db4a5fba4c531c65dac5f4991713d629493227927b2dc031b2a41008a,Win32,0.9980257,0.92744946,0.8412072
ab95c99cace7df40dd98ad5ff889194e0513e32541f86603c8d8f0734922ce78,Win32,0.9980257,0.92744946,0.8412435
abd174d36e25ff920331f300b69fb26c606add50dd9e9de7533833b679081d85,Win32,0.9960268,0.92744946,0.8412801
ac075092681855e226d2f4bdee7620fa11faf7368bdf30e90f0315c7a18674cc,Win32,0.89350426,0.55138963,0.82824033
ad2bf455a80e9c63051ba46134a2b6055f850ecaf91efbeba80baf569a07adb6,Win32,0.9980257,0.92744946,0.84125507
aeda01af00153d0ed0d36d39dfd336aa11b861f41158bec61a772f9a31472911,Win32,0.9980257,0.92744946,0.84124523
aee33b8e76656ab601c86a5c2254804751c3a3dd75619c58dcbd5b4f59c81fa4,Win32,0.9339774,0.56748277,0.82816297
b08a601d9a3a1638efbfe7ee931ce5467737d5d1e90007aef133786b5e57009c,Win32,0.9980257,0.92744946,0.8412062
b2b31b5edd8662fbd05c34e2050e1aa30efdda0c4e46d99bacfa2340205375f4,Win32,0.9980257,0.92744946,0.8410207
b2dfbaec72f419c348533021cddc7614694d2e76a2863bde51be13973022ab99,Win32,0.9980257,0.92744946,0.84127086
b34944f261fa8cb97093725674ac0913d81adb83eaef6d7f6a110b19b41f378d,Win32,0.9960268,0.92744946,0.84130126
b3d1274368b3b6a766b1cc22f27725f79723b1efbee4e7175112dbbd5efd9cd5,Dot_Net,0.88991165,0.8569828,0.057069257
b45865568c4ed69b4a22be901b2e42c274bda021855dd35c973f7e1416552911,Win32,0.9980257,0.92744946,0.84101635
b47eec5ce9b7aa5d84db88a2aced873a5dc6ded05a1438e8cf46bec2f49e3a1b,Win32,0.9980257,0.92744946,0.84120786
b49e34a17e727de431b30750eaa948b521a490fe7ee7e441e1aa0db093d15aab,Win32,0.92997956,0.56748277,0.82811314
b53dbd0dee0d0fb42f0fa1fe1d24f0f1ae5927ad1a6862663458bf9f61797b09,Win32,0.45610517,0.31828183,0.4392477
b61f710f20df1d187ca7fe167450a0516ed8656d36ea66903652aaeaa331e893,Win32,0.9980257,0.92744946,0.84121305
b7b0f0fa0f7044481f1f24b23ef045909159dd98718c1df3a7fab18fb95f647d,Win32,0.9930287,0.9288349,0.8412959
b7e254ee19c8b6b8d131485d75398cb270d4c188072b2e405adb82da4b0eef28,Win32,0.92997956,0.56748277,0.82811195
b8367490b4a7733d8dc2cc8309bf556dbce32ad0822c06cfb0c9055b0c14de74,Win32,0.9960268,0.92744946,0.84129447
b8915084ba6e3f9cb6d71091aedda7637ee8d86063b63c2017ed072961e7edcb,Win32,0.9980257,0.9229311,0.84124273
ba23fd6baa865bb5e41e53c7dcf67ac169296507ff919edec7d3e2ca0bc610b4,Win32,0.9980257,0.92744946,0.84107584
bac0f9f9880ea9762a769259124474603f9fe81a50ca5384b487b3dc33a3b67d,Win32,0.9299774,0.56748277,0.82816577
bd689559bd0b7e55b535b28e0cbde1d59457a55e952a79b85a2ad59ef067893d,Win32,0.31237602,0.32108545,0.43664727
be88bcc4d62ce7aa9f305c7a0e75cac4e4c71b1c222b5006ede72427072d4d4f,Win32,0.9980257,0.92744946,0.8412363
bf27a1070427fb792c33826d19e408348934ff5698e34a6b4a1d57ab79ebd836,Win32,0.9980257,0.92744946,0.841292
c0dbb3dc8dfbb718ba663fb77386818f6f4a0675ce2c46aac6204b835a7ef99b,Win32,0.9980257,0.92744946,0.8409598
c0eb566fa052f750e003d481a7c572103f9e6c736d86cc3e878b8aeeb733f1a0,Win32,0.30689844,0.29963347,0.43919706
c16443beece0eb18753c4a71b9357e130863e18a2e8b222e5c29621ddc938781,Win32,0.16059482,0.29404914,0.43935737
c337d6d843708cec75bfd54155dee07fdc56b5393995cd70a0ebf264b60b7747,Win32,0.9980257,0.92744946,0.8412326
c5febe6be9b89b7dc98d39c26d4458dd18ff290a8da2b5c7fde7095dcc86c1b3,Win32,0.9980257,0.92744946,0.8412722
c63273e5b2477c583a8d0559d8c34176c437e5315c39aff43e00ccf59667a0c4,Dot_Net,0.4014798,0.3437166,0.2752739
c69527c95dec78af687bc556893c802480a803f9e5eb83d47d28bc56fc25c3aa,Win32,0.9980257,0.92744946,0.84125346
c72c2e4e32cd6363614e6372d76e9cbdba5908aa91179bbc3fbcd8a876bfa6e4,Win32,0.9980257,0.92744946,0.8409859
c853743fadf008fb51d699b7ca73500aa00b27027139a68aac555e2426871a38,Win32,0.932645,0.56748277,0.82850766
c8f8a2ad573c5fcd2d08663ca939b1be33514c0db450fc5d6ffecbc9e9a4b64a,Win32,0.36743063,0.29963347,0.43908167
c90722ec567f09baedf8d604bd70f1a18e35d58608a35caac88b8220a6f1f431,Win32,0.9339774,0.56748277,0.8281675
c9e87ced6c226e9e500d9e12afd8ffeddcd844d331eef0d92dbb70391142377e,Win32,0.91904825,0.56748277,0.82843447
cb35cf1aa13585b2253723453144470c24a8bf2eb579d55141c9012106f42a86,Win32,0.9980257,0.9229311,0.84120697
cc7d3ec3bacd102344cecee5ef069bda5b9437d1031a6fc2ddadcffc0eddb55d,Win32,0.9980257,0.92744946,0.8410728
cfdad29089ff7cb1f93709eed98c0741e0cae6ed39a8997c560f5f2b1de73b5e,Dot_Net,0.88991165,0.8569828,0.057069257
d01075f2f76c793b2a8bf699825172e6a77769850fc65e00bf06909aa5d862b8,Dot_Net,0.88991165,0.8569828,0.057069257
d0233bc630aa6ba44d1378287623f8bc691a3944cba338a1e0b47d0fd86e97e2,Win32,0.9339774,0.56748277,0.82854176
d11acc434e621d449ce8c3e252a433999158f11fe6117734a5ebf2cca6e8480f,Win32,0.93530977,0.56748277,0.8285533
d139db7c175a46a24defb938bdcd959772eea25d17c859d9471bc65bc2666afb,Win32,0.8811215,0.36236602,0.29024452
d178cebd792ba9b89992276f7e2e23774e37b8a989485dd054950ddae52ff338,Win32,0.48602745,0.4226821,0.43918553
d1be70a59cd1f088915238e25db49a1f72d96a019315b0e5ff5e8497a4a2c7e5,Win32,0.9970265,0.92744946,0.84104645
d23b54367f3bc3bfe7c349cbb7e3437653cfbc78625c5e9e06b30e6de04a2ac3,Win32,0.9980257,0.92744946,0.84120333
d33560cab6619fd9f82950003d9f63744e71ad32e2390c52af24d544508ddecf,Dot_Net,0.88991165,0.8569828,0.057069257
d33b1d250d7f2f6fc4273243d44ee9eb6dd22f7497811381c9e8df7efb9809a8,Win32,0.9980257,0.92744946,0.84127617
d4aa7d67a898455991bfe153e5db838b676ca22dcda6caabfe36989452818cff,Dot_Net,0.88991165,0.8569828,0.057069257
d4bb7eec645094894412371f1b1963ee278695bef13e2baefc67e213689d0a10,Win32,0.9930287,0.9288349,0.84129596
d5a295af82714f39e798e26f733c91f2a490d70c81f3dcf57df3b1c2150e3deb,Win32,0.9940279,0.9288349,0.84132653
d688dc4f2ec9c833c0519804dbf5e4375b3a1bbde21df5d6204c147ea1d6f5ff,Win32,0.9960268,0.92744946,0.8412607
d6a3586582c1b8cc62f0df8c930f925f1e0dd3ca15464d32b78061294b0c9288,Win32,0.9299774,0.56748277,0.8281986
d78dce5879557c339c7a954357a0efc60b4001c26554941ae05bbacf723efee1,Dot_Net,0.88991165,0.8569828,0.057069257
d78dd8e4c3f6c48c4dfc9a49c87aa3a82a926c9423a29f183f051c839c3ce0a7,Win32,0.9960268,0.92744946,0.84129745
d7d27c2f2460bddbdf3792bb40a61cdbdabb109c4ad7b736a786de2acba4231d,Win32,0.16235171,0.3029189,0.35140124
d874854cc9053af100c9bf6d4fe23f08165607bfc01a3af08e34393c2025f64f,Win32,0.9980257,0.92744946,0.8409883
d91a29f3d2a0346ec750d050dfdac803e109046f3d443b87b0a0f7fdd1008080,Dot_Net,0.88991165,0.8569828,0.057069257
d99654e61e556e817d240c137a6fdca48f02d7253bccbb1d802de792807937e0,Win32,0.9980257,0.92744946,0.84125763
d9a968979810d15e2af97ac4cae3f0802d3d38355aca671644e2c00170817239,Win32,0.9980257,0.92744946,0.8409615
da621de7d9f3ba723c1c511088a1a5d4e4f84ffc7034375e944c59571c0519aa,Win32,0.4877075,0.29963347,0.43911445
daafa91cfcd54b1f4070bedb70d01ca5b1823920b101c9420c5e29d57d0bd1ad,Dot_Net,0.88991165,0.8569828,0.057069257
dc241f41430536cbf6ecfa224cc9b0fd315de037e036d3fbfdc566e9b0d8abca,Win32,0.41141498,0.29963347,0.43907824
deba9a194a7ddf545f483763169066db4f8ad3dec02617056d36e8a4e1d4d64f,Dot_Net,0.88991165,0.8569828,0.057069257
dfcaa58d5a8931cd9075eeae9e75c1ae5b9955b28d83f75bfe797020d62fe806,Win32,0.88545173,0.36236602,0.29038018
e0c062f46affc4808723bf444e0b724109bf1ccaf0da555138d0566c0ba77cd1,Win32,0.9930287,0.9288349,0.84127903
e1b3e27d3e4e1572cd5f78d1eb26882e8696ad12058312761386a93d889af535,Win32,0.2540721,0.29404914,0.43924862
e2b79a06ea8bcec50353abb61ac10912b5e15707c2992a170302be848eb5eb7c,Win32,0.9149766,0.56748277,0.8279074
e35d5e1583d001725533422600a2e5e5f274ebcce307b71b959b3c15d5568bfa,Win32,0.92997956,0.56748277,0.82808495
e37ba641552247a03d722657ffdc8d37bb5f727908513ca6d77bc68c01c300d8,Win32,0.9980257,0.92744946,0.8409994
e3d3cde6beabc0bb50dc78827bd24107c2416c188288d59ab29c5ffd5f1b48a7,Win32,0.932645,0.56748277,0.8284838
e4088b79b9b4688684e0d4b2e6bbe5c8ab7a584b3d8f271155197823476ca4fa,Win32,0.9980257,0.9229311,0.8412465
e42394072e22d0d43a87701fd7971250c2c339851363f8d1004d7e2e77b4d2bc,Win32,0.47101006,0.29404914,0.4393409
e4f51511d7753f6ef00948dbc600fcf0c50b14ec0f0245c1df7cdafbfc23b372,Win32,0.92997956,0.56748277,0.8279349
e7066c2f81be4f5b69619b9fa3d37dc5473a2e16358196dbb5020be503855fdd,Dot_Net,0.88991165,0.8569828,0.057069257
e7796de9373089cfd3da03cb7411be36e9ad9004dc88201e94e0bba900a67ab4,Win32,0.92704827,0.56748277,0.8284076
e7d4e626844dbce72012560c61a6cc1c0e14e9d03b81842a3842bfd23cef16ef,Win32,0.9940279,0.9229311,0.8409901
e83e03214eaf72da52d5a4646dde1a4096309957b2a83ce92c4d844575fba389,Win32,0.9149766,0.56748277,0.8280632
e8601a7fe5372533afe66d7398184178a0058cc4e7de2fb2c0d8c03dec5ca066,Win32,0.9960268,0.92744946,0.841296
e8ad80aec178ab875d4be38ec8d777289e876520709fb7b9f0151011eca51c9b,Win32,0.45738393,0.4226821,0.43916985
e8b458baac5312c9204c5b94d1d3a432d51f36eb55f70e62219d27d328df5727,Win32,0.93331087,0.55138963,0.8285925
e8b7361869eb321c9e574044f26f1cd6bb5bd3243490f002dc48e09f232d310a,Win32,0.92997956,0.56748277,0.8280914
ead40cb11ffa292c04ca68957f950db676ae99cad7c0e30f4640096c3da29248,Win32,0.7515758,0.36236602,0.2906815
eb11307e8948c9a67f2851150ba82c7ba7487ba6477b5510a82dae323407d33a,Win32,0.9980257,0.92744946,0.8412721
ec1ba071cf35c47a02e8dc714fefe485d258e6dac55ec8bf722ba4fdd128a021,Win32,0.9980257,0.92744946,0.840954
ec31449fca05667c08626b3b3d4db6ee177ece35baa143cdf203191f6066ac56,Win32,0.9339774,0.56748277,0.82816577
ec31907e2640fbdd0a02365d55930ccaf27ee8e2365a6ad9f364da4d8ed30799,Dot_Net,0.88991165,0.8569828,0.057069257
ecc7fa32530dbdec5e38a26a33fb1c22b05c44cd2587dbfef7ac971a82496f57,Win32,0.9940279,0.92744946,0.84095776
ed757f2aa679524456e96a2fc416d3a7eb33b925bff1ae3ffd2e6147a2ee0f57,Win32,0.4887273,0.29404914,0.4394514
ee93d6baa7236e5ad8e37ba822868db24017ac2537d9bac4bd2cb2da3ad4020f,Win32,0.9980257,0.92744946,0.8412139
f04da3419e70d7dbc9acb86fdfa3de482f11dde2c8f695467b1666c1bc2a322c,Win32,0.9980257,0.92744946,0.84118533
f0fd74ebec5194db67b464ed282266c2b8fd29e0ab909e70b1821daef87eae7d,Win32,0.9980257,0.92744946,0.8410022
f114e02636ed2a52bdeb3bb80f6cdd716aefe6326fc36d109a7b621ed43e44fb,Win32,0.92704827,0.56748277,0.8284674
f1ee08b43a6dda2268ec3e7b527418b86cc434dfd0321cd450098c3c47690b90,Win32,0.9980257,0.92744946,0.84094864
f2010e36a7fdf33c27d9c68c8a6df708dea45c0d710b4f2c1a75b2a36213e495,Win32,0.28441137,0.29404914,0.4392323
f251008f3f6f434ee299141595d1c2e1d5eb7167f0fab4c84cffe741f5572fd3,Win32,0.9339774,0.56748277,0.828151
f2a18e27b20fe6e98381996111b2f70f7429a8153510a8b4bd0bdc0db1990e46,Win32,0.9940279,0.9288349,0.8412873
f32d187f73773bb65215390210a190a9cc7216bf3d4a131ebeeb96fe1cbaa3af,Win32,0.16767259,0.29404914,0.43932703
f3dd206edb813f19b1f35d5d1d580f5a0323c6373daff9e0d46fae180168a2d4,Win32,0.9980257,0.92744946,0.8409841
f40abba504bdce3a7b72ea6c03481be8f75f676ef3455deac28b1f8372e319de,Win32,0.9980257,0.92744946,0.8409891
f477a46305ff9153b1213a0f1183d4bd35f86d2dd3984a1636a38d78d701e01a,Win32,0.93130976,0.56748277,0.8282021
f5fb222eb591d719e7b4a7d615f3d2f3be894e0a22421f2be4bd8c0c25fc9f30,Win32,0.9980257,0.92744946,0.8409908
f611d58bf3e296a7a2375e346e6b60bfaa9e741b69ae72bf2590739996fd6c72,Win32,0.9980257,0.92744946,0.8409757
f670fecff92356599d7efa82778cc01458ad8152f6af7aa273f5658b30d045a9,Win32,0.9980257,0.92744946,0.84123975
f7fc0feb5382e217b3f8e8d8cab3d8e2e0e26528fe48dd6eff36433aea1aa5fe,Win32,0.9980257,0.92744946,0.84119654
f858668b03d65ba0647b7e0e0369e05124430ba7dbd5e0628835cdc4fb0b8d84,Dot_Net,0.88991165,0.8569828,0.057069257
fa03d4f09bc37be416c5720c301011b164395183000cc158552c354285afd095,Dot_Net,0.88991165,0.8569828,0.057069257
fa05eb84784d857f3540980695e705bc013ff432e2e4343fbcf6da6d9e3082de,Win32,0.93530977,0.56748277,0.82856184
fa8802eb025ca601fd6c99ecbe91a847a95fff436e33ff89ff319e0180a99d88,Win32,0.4059705,0.29963347,0.43892488
faad6c148bb2136633c9665e38f2d6b50a3a74d68eda9856abc873fce2e74597,Win32,0.9940279,0.9288349,0.84131503
fb52d5e38892fed4f21cb8c14ca644e899e2d91123655cd05ae888a59777da7d,Win32,0.93530977,0.56748277,0.8285448
fc0f23e281f6b7409a9e14b8eb1c98465b35250d9a9bdabe5d3a8571fad1e881,Dot_Net,0.88991165,0.8569828,0.057069257
fd132de7b4b6f988ab046b00d97d7520a5a66ec78d98a7f0efc90e453a31d5ae,Win32,0.9980257,0.92744946,0.84100944
fd2a7ec97bd2e56380c5309ede032e98cf61913385f6f7a113db76c966c0d98b,Win32,0.9980257,0.92744946,0.84122014
ff5cad4c1daea9929efae39ada229d8e25aa28f93b4966c14fdcad2e461c377e,Win32,0.91630894,0.55138963,0.82822347
001f8268d251cbd409f83eb5d1eafff804ef330e54986f15c07b9c0650865ce3,Win32,0.92997956,0.56748277,0.82814556
02cca7f7ffd9c747d0079308b0a9ef8b06511e70c5d6a5112c0a45ced7ed33a8,Win32,0.92997956,0.56748277,0.828063
05dbe7c3258bef706850c6ff319ad6b4988eb6234cc8e9920bbc1946aa7120c3,Dot_Net,0.88991165,0.8569828,0.057069257
06f3dba3624a7ae8970dbeb739b83991a6738519a4414f9342eeae53a654a261,Win32,0.42344034,0.31506586,0.435495
09a5997ac77d42ecae9de8b5d1c26b131c562702116952267d0733983218ad9b,Win32,0.8941708,0.56748277,0.8279161
0b52bb1cd7f5c30194c5bec3e04775296b1559390ad19c923ce7061d97d8157c,Win32,0.4732695,0.31828183,0.43924353
0d9a6a07b7cee3ebd848fef7c2dcb1b6362f76a6ee58e1f4dafc0ac048c0830c,Win32,0.91904825,0.56748277,0.82841223
0dcafcef09a851f74e1db2e24991bab255e9032a4e980424afbc963d3d8c9f34,Win32,0.4272602,0.4226821,0.43916222
12d8e3a70cd132202193035786ec80990151aa0f684e66bbc522a49bb5f9c804,Dot_Net,0.11395956,0.11694924,0.047196776
148737f00b18fef781861caefa750bc65bf299848cd5aced63b18f4d2ac761ba,Win32,0.56883556,0.29963347,0.43903306
175e5657770840a830b57187f33c063a8247f92238aa35c99361c9a2ce1a49e9,Win32,0.92704827,0.56748277,0.8284268
1848038f9c0ba6f1226644720258cccb3804b5f02952c9e78001ec15a80e1593,Dot_Net,0.88991165,0.8569828,0.057069257
18d6692b2c7817ad4ba319697d1e5ecd62876097f7c232e05d18e07f2a7b7b89,Win32,0.93331087,0.55138963,0.8285861
18f62999596ca1c68addc0bc216e43442e23d2145469d0e73f24d9e529df5146,Win32,0.92704827,0.56748277,0.8284597
1a890415e00e826fb9dc24bc313752b36a94518adc351f92b1094c3a951ada73,Dot_Net,0.88991165,0.8569828,0.057069257
1bb9972cc53f5ab5367dc211f50f066c73ef3514ba5ef9623e3fa92de0399529,Win32,0.40915623,0.29404914,0.43943337
1c3679b458279b3cf5d40299e666ba0955e526ac6bbf868d20b3f40e6dde3ff3,Win32,0.93130976,0.56748277,0.8282314
1d9e2b759984da5450d9c3ae54e5c6452a0d4732c9fa5aca1d06aa2717f59cbb,Win32,0.9299774,0.56748277,0.82815367
22001b55c1b3e7dede5d8277003bfee4ef10cc9e9e105018b1db6b0c7d43a529,Dot_Net,0.11395956,0.11694924,0.047196776
22049c1f0752947313cddcc74250bcd6fa60345bcfc39882a4953b5afd758b16,Win32,0.9339774,0.56748277,0.8285159
2322cccba6ff15c00de777f1a52d81024f9cf62457095026a407a48022275f01,Dot_Net,0.88991165,0.8569828,0.057069257
23a707b1b4e01423aac479f06b31facd235b81e0c4f095a2e29e5c49666cbed5,Win32,0.9980257,0.92744946,0.8409372
23f4230e3707f41d37550ae5bebda7219d6c4e05b83f30b5d41e9c5ee9bb932f,Win32,0.7629054,0.36236602,0.29061612
2573e03be8300367789bde07b77f41012f199e04789cd8192d19fbac7d7ffe74,Win32,0.9299774,0.56748277,0.82818806
272b0013ebe28646a62b65246b61fa36f9d95295f4c6148b663a0d50a2235308,Win32,0.91630894,0.56748277,0.8281945
2873e6e2a93bcec712c963808461c742c644f1036a9aba2ff371598dc94d71de,Win32,0.93130976,0.56748277,0.8282034
29f37e9474f24667885180fe331490c66d51bd94af61bca2d1728fca9d9bf713,Win32,0.93130976,0.56748277,0.8282076
2cf9e6ae51122a9bf61c31ad09f47bdfb5b73b49cd3c2c31020366a419fa9375,Win32,0.9299774,0.56748277,0.82815444
2d0c805adccab810b03beecf086f44e40086318cf0d2a0bcb32c8700ecda677d,Dot_Net,0.88991165,0.8569828,0.057069257
2d29c6a65c212998218a0dc78a6f3488c182acc977b6d311423f401457827acd,Win32,0.9339774,0.56748277,0.82817215
2d3a331a98699a67cd900d40ec320e599ae58ce342239f4abaab08847f77161a,Win32,0.3306699,0.31828183,0.43948114
2dac7ddab08218764f590123f24467ac8c4ce3e0bdde979c6cd97d2d8a693383,Win32,0.93530977,0.55138963,0.8285478
2e9dfc048e3b1a2b18239fd8a87408f8f082b48c16204139095c40ad46588422,Win32,0.9339774,0.56748277,0.82818216
2f4059d2ace47fa0a29f327f882dac560167cd18adcd19217381991dec23be61,Dot_Net,0.88991165,0.8569828,0.057069257
2fd24e83874de44e158aa035822c6b812a38bf6a5c9d1bbdc04d41a6ed7572e8,Win32,0.9339774,0.56748277,0.828172
3094a5a08ab2a1ceb69b9c4371c2ddca79da9fb09314fac9dccacbfb6940ab94,Dot_Net,0.88991165,0.8569828,0.057069257
323042e125567d938ff1cd6ea883f4239646a23579afe3550ab4fb4fcf050ddd,Win32,0.17418343,0.29963347,0.43847907
324ffcbfc45cfe6503632e659dcd1072054f3e97dfa7c31530ddb1154be389d1,Dot_Net,0.88991165,0.8569828,0.057069257
3318762f9de8770f2b4973431b23865f23236b9d528154064796eea84e630b1f,Dot_Net,0.88991165,0.8569828,0.057069257
3646100ade88adfdda213c4362feb578425f3f726bdd1ff7a891a121d74d2d2a,Dot_Net,0.88991165,0.8569828,0.057069257
3c41936e265be6371822c62c9eb7ad2871afb2a7fbf9c9e741486fc820af53ba,Win32,0.92997956,0.56748277,0.82810575
3c610750a9f272374565976d8c8abd1b4e36f8558b199b727f05daadc9b4be79,Dot_Net,0.88991165,0.8569828,0.057069257
3f96c2982626649d822443fc7d026942b2e632b65189e3f9bafd8e5cf4c88c22,Win32,0.08859117,0.31828183,0.43962246
407455f7cd95c4d5334baba3ddb01964737ee272bc2d0e84f2120b5d4a4af648,Dot_Net,0.042421956,0.07201142,0.06957255
40ef9509080f890df5f075deee0e2263ee5ceba5b793457066de664a8c2ff2f7,Dot_Net,0.88991165,0.8569828,0.057069257
4203033452824eaa3d9a2ecddaf48dd145b18a799bdc1d031c74d68f2600228b,Dot_Net,0.88991165,0.8569828,0.057069257
42523cbdb16fa140bfb0ec6f8e294c3c4da5f4f27d4cc6756f4e446bd81a99d3,Dot_Net,0.88991165,0.8569828,0.057069257
43ca2703092c033c3d16a51e9ac64c6439189228038509ecf306e15890c88cfc,Win32,0.92997956,0.56748277,0.82810074
45cbf8a6798322b8e7a3282639324e78c403d9a5cc4428aa800cb967738ae55c,Win32,0.9339774,0.56748277,0.82816565
467c9bee0cb4c1ff993fe9fd5eab1e092dadb859691c073984d16c0424331307,Dot_Net,0.88991165,0.8569828,0.057069257
46cd14ea99fc1eb0d060bf25a46d8b8e507be5e20bd9bb0460d816ee51b6c430,Win32,0.9299774,0.56748277,0.82818943
4b5a3732de08788cdc74f6b1ca4612d95835101031c9684e1d455fdf578ea68c,Win32,0.5095422,0.5227694,0.43785593
4c2e48895f73e2fb9ac33df39c5f14deeca1840899d59085fdc843efd19659c9,Win32,0.29138106,0.29404914,0.43921757
4e5caca20d2f9c4a71eedd4fc0eaadf9c4e6708d4a75ead63962109af023f7ba,Win32,0.87952256,0.36236602,0.2902272
4e5ff2224bd4d9719a6af8168ee6363b40b814dcd27477b7b17c500aca7b4614,Win32,0.92997956,0.56748277,0.8281688
526b826fc439ff7af0041e499d309e3cff7ea9b09b6326ad5283d88b76d699c8,Win32,0.932645,0.56748277,0.8284939
581c2073821c3d06b0092aede8dfa940e98e3ef43652d494f6404e7558ca467f,Win32,0.91431004,0.55138963,0.82822263
5b5af34b6ae65a134218b3af83805ad4e4974691be507cb01697991729e8fe2a,Win32,0.43777394,0.29963347,0.43900073
5b90812856c147fdcfc25f7cbc2fbd965fb55153a064e34a1f4f017a4c3f4eac,Win32,0.40499464,0.29963347,0.43913388
5bc35c50ae1166daf842233b002c504e2976dbf618ccc714cedac7d83f324f64,Win32,0.92997956,0.56748277,0.82808954
5e16972d3e3d03c770f61eb69fed8e8880c9e0cade3c129238f3b8a40e3f862f,Win32,0.9339774,0.56748277,0.8281813
6177b9c3fafc493a44e31c764d05202038bb0fdc51e968f8d17c235c60d2c9a3,Win32,0.92704827,0.56748277,0.8284406
63b43df0d951d2fba06b672533558fcb926d01287592ae7989838834a1540ccc,Win32,0.92997956,0.56748277,0.8280786
63c985e127aa31c865cb04bb732a1f4f974ff03404ea978a4fcc756bfa956f68,Win32,0.7689065,0.36236602,0.29066008
64b1a034ebf28c4c1445c24a3c3e2c0429ae1572b1a995e79017db181ac91c6d,Win32,0.92997956,0.56748277,0.82807124
6545ec9f248a1e2dca5d5e197a62b8026795d651e757b8710656e8b8b3386be0,Win32,0.3201062,0.29963347,0.43920535
660ff488326acf14045d1cecfc14173a77cd1ae77a14b30edeb2a5897f42d948,Win32,0.2560023,0.31828183,0.43941566
67ac9e6f133acc3ebd7e85344de3dbf83c41a90d5ee22c5d05bf2061dab2608f,Win32,0.6973944,0.30589208,0.28999016
68960521a0ab971b63885daf462b7d91315c4469642de5f806b6c5acddd90ad0,Win32,0.932645,0.56748277,0.82851267
6abe873915db0f8843cc6d41c3340fee5468f7bf8f7c5c937dece77539147a6c,Win32,0.9339774,0.56748277,0.82851905
6bee90e325d55f7e8cc493f9aa98ad692b725c137daf6f57eb70466dddf02d02,Win32,0.92997956,0.56748277,0.82808965
6c7fbb89d1c11cbeda5bede3be9eceeddeb3d5bfaa01d75ffafb5037d5a45b63,Win32,0.87952256,0.36236602,0.2902369
6da8dd4f1aa0f68db17022ae2ad2544a21333f56c947f0707eed01a9e7802a54,Win32,0.52336645,0.29404914,0.43926817
6f111ae7f0d08e5b646ec90407b729b9657e47f19fbd76d6782fd68769b982b7,Win32,0.3632741,0.29963347,0.43913934
6f3dca23eafa20d48d731b063d56fe05d2e033a2f0021600700d7932f03fd922,Win32,0.9339774,0.56748277,0.82850814
701070b0f681c8b6dbc60c104ea033e774747e4d73f21f5fdaf83824920f0435,Win32,0.91431004,0.55138963,0.82822746
7119b9d445cb5f51c27d1c465f2aea7b9b38308aac1e80577e821dc491bbc72d,Dot_Net,0.88991165,0.8569828,0.057069257
711c0cf3a27752b99834e8f6666cf6b4a121cc085a72f465ee2af9e3b6af76a6,Dot_Net,0.88991165,0.8569828,0.057069257
7204fff5ec6f6a1e8ca6199c6d3a591a40fa130c1e9b99aa77603ffcf12a9723,Win32,0.54564065,0.29404914,0.43925384
73ddc3c0d91be2554d6215f68f765e8fe022da22e42abf5c7560f01a2c28c1a0,Win32,0.93130976,0.56748277,0.8281852
764907d887da6865a532e7e1feb8e351330bf34ff791e36db552fd3a9a8d3cde,Win32,0.9299774,0.56748277,0.82816356
775dfe576c84a03b9a560558b3e28c74e02ed0044aa2495da6dd05537ec94d88,Win32,0.92997956,0.56748277,0.8280452
780f150e6ddfcab1863e5e414aa462dc0a89b2c6ac01e3854d86b700ed8155d5,Win32,0.89631784,0.36236602,0.29028943
786b4f9ed2932e981415363681c16cda48d2968f1ba0780918e8266a87d6bcb4,Win32,0.85004395,0.36236602,0.29011264
7c42c8a33c1720b3db92c1215de45558730138ae984176024df05c4bdba252f8,Win32,0.92997956,0.56748277,0.828094
7ded34b9737047f09733dd657ee13fa60ac59e48eb45d7377f701f90ac9dcbc9,Win32,0.4059705,0.29963347,0.43892205
7eeeef28305600269164ade04dc49903bbad46716d665d7146b90630388b18e3,Dot_Net,0.88991165,0.8569828,0.057069257
7f3b71492f7014f65aa3d7be234edb92866b0e3fd327dbde6fe51161493a0081,Dot_Net,0.88991165,0.8569828,0.057069257
81d8a71c6c6ce6a7958c9f81f1b95f6ccaa54ba6ed7fe00e7a1dd98623f46069,Dot_Net,0.88991165,0.8569828,0.057069257
81f982749165c6dee73a58c25272536de7c03e40ac128b52cf5a64919e321254,Win32,0.35460094,0.31828183,0.4393468
8249dcc9079d6342bce81540bc20afcad0f97cc8cf39e862541ee37d45d89932,Win32,0.92997956,0.56748277,0.82820994
82c91ac506b2ce91afe3913c4fd39c1f9f7f6681345a94e02acdb3921e6eb076,Win32,0.379156,0.4226821,0.4388963
83579cdceb107e7e264e4baba0eedc4d198a9550699567fc291ddc57048945df,Win32,0.5045252,0.29963347,0.43907347
85d631bd901713206daa8bf6fcde6a8fe545f5bf7a8c4ad7f3e0ad71f88410b2,Win32,0.9339774,0.56748277,0.8281554
8c2e59b08adb08f5e6d5a4a8c85502b26d3c4f34d5aad18a47e48487eb7b9da6,Win32,0.91630894,0.56748277,0.8282129
8c4fabf43cf4904b71f81b8444e7dfb9f6049a21897eb0f60705e4486cec66a5,Win32,0.37958828,0.4226821,0.43920034
8c599ae9d3455e33b25adfd2d01574f90ff11ed9e022fb7d805cb9135c919b5f,Win32,0.92997956,0.56748277,0.82806563
8d5592442f4109fc2fa14190f189c24f24f7845db8f4a50aa360d939fde288b3,Win32,0.4119913,0.29404914,0.4393788
8d7c34dd909fa78ee0f8ac12b544ed5480f39f6a46d28360741788d0552d0ad5,Win32,0.3632741,0.29963347,0.43913957
8e56260ba5df676b767fc6862bee3404c99ee5eeabaf2a296db6996105848e7f,Dot_Net,0.88991165,0.8569828,0.057069257
8fef44e677be2233a6ff2693e1592c258c3bfbbfb21d314d183d199fc3962078,Win32,0.93530977,0.56748277,0.8285605
90cbd90928713124b417c6aec1f4d35ef880c4dc9795057f5ed955f4734c1f96,Dot_Net,0.88991165,0.8569828,0.057069257
935fcddce48a3ee9eaf4128e6c1a77618b42f9648f803dafea0bae059b52a678,Win32,0.9299774,0.56748277,0.8281758
953202aed7cc70af1f80b8144f0b90a9e94b2ece2295a041f1ecd3899b736e5f,Win32,0.93530977,0.56748277,0.82853115
98235a29781f7ba81f6a991ea09f5499a1ea3a023beae84f533be1d87ed18ec4,Win32,0.85168946,0.36236602,0.29043412
98f2bbd008c2ad82590cc4d8853cc5070fc7a3788a88f6bdcbc5e2eca30581c2,Dot_Net,0.88991165,0.8569828,0.057069257
99f6e92124faa695057a3087a1dd85cc322eac827f147ea4a978972b4a63eac6,Dot_Net,0.88991165,0.8569828,0.057069257
9a7a26f24da1f48ccdd8a83e31b421a2d7f65aed6539b045839769d0bf477968,Dot_Net,0.88991165,0.8569828,0.057069257
9a9c00a1ee64e86654711db5c2f257ecd617ea555d3e11f92b57ceee99211ab2,Win32,0.45757192,0.29963347,0.4392069
9ddd36fc93bd6246d29debd7868541ec0bab9cebcdf64e124776a3d7b8229ec2,Win32,0.41439816,0.29963347,0.43896088
9e9b73b88c4f499ddfacad44600ba7ab1a167d756c70355c1e48c4301ced19ae,Dot_Net,0.11395956,0.11694924,0.047196776
9ef33fa771d8eeb5deff63c1e72a3b8a0b5cf4e6420d1b465fa16f0956d72836,Win32,0.92997956,0.56748277,0.82808113
a0226764be9530a8cec148aba5e4f9e083e145de8b153a3e488ba2616b83f146,Dot_Net,0.88991165,0.8569828,0.057069257
a38a15adfa7edaba0f658da8aa23936739a35cf73cec2f9f05b36fea8056bd7f,Win32,0.2353804,0.29404914,0.43962097
a3ee21b69b1e5337d5d190090c27e3c6d55e9ab334b7b2eac085735e37861116,Win32,0.85270965,0.36236602,0.29013374
a4cc51b7553ced1545df64142480f48db59a835a1f9fbbe74f1164a6267e8603,Win32,0.37946188,0.31828183,0.4393525
a65c5d6294eef2d05c978651980a3bb5763477c9c0dc7e79a5994b8bdbbf7529,Win64,0.63859934,0.746716,0.71386087
a74c2ae5b42c26fd91bc3cb553b6f89c80d3d18b03f7cc8b4f72a91b07d94013,Dot_Net,0.88991165,0.8569828,0.057069257
ac8d025bc14c369ece44690a256dcd508480204c9aa56604c749b0d6cfea04cd,Win32,0.9259796,0.56748277,0.82784474
af6d83bd2150da1e73e74b31c150e7bcc46c5dcdbc71164a9c884d65658c1461,Win32,0.41361862,0.31828183,0.4393015
b291219056727637d9ce2c1e2fbb947d1aac537d8a7ac09db3caff1e3177f655,Win32,0.56269026,0.4226821,0.43911365
b55b0bac691faa5b07675e1e2d35ead87e628268c2cd103b5c42dd09d9d87801,Win32,0.9339774,0.56748277,0.8281435
bdae7b18c508439643ebfefae0890561aafcc500718bcd7e50db0bbe00d1ca0d,Dot_Net,0.88991165,0.8569828,0.057069257
c644b2b53629ea4f734e45793055677a20175ca7131a1c8a63f74fe2c5a85987,Win32,0.92997956,0.56748277,0.8282463
c81cce8d7eee7b30bf1fed8ff32e6278d91528e927c220f40b715f966cabdbbd,Win32,0.91431004,0.55138963,0.82824457
c8e5dbca6d683822f9c5b63ab8e4524a043d2d6b9371a0c817ba7e8c84f01d83,Win32,0.5129294,0.5907398,0.68261904
cabb931e9206d33f94433117793e658439dc306f0b527f4c288fb3499b13fad8,Win32,0.92997956,0.56748277,0.8280916
ce24d52e446102bdefee8e1ed366eda9fcc9477595ad9412603e86e04156ba08,Win32,0.91630894,0.56748277,0.82822835
d12c29635686d8a2315ddec3f7cad780e6719c15dd338ad75ca44b9b0a783d2c,Win32,0.93530977,0.56748277,0.8285468
d14229c9e477a92b3b81ab58bab5f42f56501ad9471edf1eddbe50b5162a675d,Dot_Net,0.88991165,0.8569828,0.057069257
d2badb0aafd4b17de3d51237935dc858c1274180d2c91c064cd7d39435e487d5,Win32,0.9259796,0.56748277,0.82797116
d2c44fb5848e6530a7a15bf68fc42085f0b99de85b029c62b91f00b57556289d,Win32,0.8394024,0.36236602,0.290287
d31df2333671b33b5b866d1a759b28aa5802e05b2368e9efcea93318f56e69b3,Win32,0.3186741,0.29963347,0.43914926
d8d388b57fb489780f8291b84280ff49ac0d7a6a1907ee3fedbd0502d60c3423,Win32,0.92997956,0.56748277,0.82808346
dbc24f7385df33ad6b884180612bb384e0e89ed7e8b67511a3cbc84ba3ff4e14,Win32,0.93530977,0.56748277,0.82856214
dc81ba5265f60853460fb42e4a568bc2998d64a1402c9af7d08dbbdab61f82fc,Win32,0.92997956,0.56748277,0.82812005
dcbb47655a25520c96062a02289d441ae3b719eb6547ad143575c09502a91807,Win32,0.93789196,0.7879617,0.8137492
ddc16263ea9da4a32f31ea08a325d412d9b1110e82cdc4b06681d04110956404,Win32,0.91630894,0.56748277,0.8281594
de9725654973a2f751be663b9bc38271e160ffed4b346ba1422a9c772c5e5573,Win32,0.93130976,0.56748277,0.8281947
debf85889d61ec501cb38085f12ff13c15190dbc70a3131277bfc8a3ae8891dd,Win32,0.5447403,0.33197618,0.43802214
def456512d7f6059a02568803c9f2015fea9b110e6626e003204ddce779df08a,Dot_Net,0.88991165,0.8569828,0.057069257
e26225c4929ae96aa74a8482849832e3a56be87cda61dec13bcb225c112347ec,Win32,0.44499674,0.29963347,0.43912593
e26595ed50e4e11babd1b8bd95743f52fd1b5654b61364354372986a3b2e4041,Win32,0.92704827,0.56748277,0.8284865
e4d00347f6f662343b3af015b9fd4bfa4c4fb4a87f1906dbc89e92025c17bea7,Win32,0.16110294,0.29404914,0.43951872
e5f507602a5f57d615f0c57ddafa2e5512f214f3237463cb85b12d2ac02ed696,Win32,0.91431004,0.55138963,0.8282237
e8ef5a717fe05e27b591631883d79ad178606201966e3557f33953e732688c6f,Win32,0.91431004,0.55138963,0.8282136
eb3b35aa261b93c32d1758bf2ad320e55b7c14c3f4407d7353f20389d44c62f4,Win32,0.41361862,0.31828183,0.4393024
ed3a356ce4ae3918f0a266c7c5a8d8b8d2d50be5a89947509e24e783b0188664,Win32,0.92997956,0.56748277,0.82814646
ee8ad5a083f9f460ce09f48c312cad3ef8e048b3762484e4e746338788e5d8a1,Win32,0.92997956,0.56748277,0.8281102
ef6dd3b2b78ca2bb435228fd1ce087d00c9c6cb68681b92e40fc8a56f31d0b9b,Win32,0.91630894,0.56748277,0.82820493
ef9360e55efb26e33dbb02ba240552c70fba17a4b05632ecb7e3e8ef0ac26503,Dot_Net,0.88991165,0.8569828,0.057069257
f0afc33dd4e1e7b1fed7245a67f9f799e9171707ceaf5e4a3ca55ccdd3e24645,Win32,0.4270601,0.31828183,0.43928957
f16246e638461c4b55da951405b61dcd7993451006fc3b2b57dc93537e15654d,Win32,0.531391,0.29963347,0.43904084
f1b83a1115c47546a3dc65026140457b5919bd663ddd2cdfa41c148addc80de6,Win32,0.88398635,0.36236602,0.29040614
f269de0de4860b1ee77ec3f20171e5090e72bbc59757346cb2de5ad885dcf0a3,Win32,0.44305682,0.29404914,0.43934098
f3f6fbc696b8f562360bd536f96a90c33b241f36adbecde57b5e39019769732d,Win32,0.92704827,0.56748277,0.82845217
f61d2816619264eab69cbd50da0ef6005d6f29a05505015a2160e38e21ba7101,Win32,0.9339774,0.56748277,0.82816106
f6b5cb288dd64b81a18becf5fed2d850d5f25073d148a8faf330405deab01c41,Win32,0.9339774,0.56748277,0.8281581
f81a6b4e66d03e15b0ca0855a4022ea08aadc8f7b72a9872542cd452be6d028c,Win32,0.41818407,0.29404914,0.4392838
fa2fdccf491459923cbb3e964d38b49dab078f3e01497601d04dbc9a3002e53c,Win32,0.93130976,0.56748277,0.82819486
fd608c29fc1672766b85d9dc56107f1bb1f7a0fa59f5d284f38abcf911bca6d6,Win32,0.93331087,0.55138963,0.8285683
fed4d881479e6161bdd055d0ce2791a86cf347afb9ab26059e27649b26803ab3,Dot_Net,0.88991165,0.8569828,0.057069257
0106201b17d3c2e0f84c351446f42d79a788a80bba13a23453a5fa47a99027dc,Win32,0.87885433,0.36236602,0.29021847
0303031b99440e87056df6cafcfa63adcf0ef48fb384b9af340373656514f7ab,Win32,0.1435582,0.10987989,0.24237236
13ead35604252806b57946db3fe6ce784ff44bad033e6aafd4e8aa66ec5baa9a,Win32,0.44331157,0.4226821,0.43919912
15b83aad55d00375c06681e8cd5871930388106a9550d6bb2665f2a1a4233e5f,Win32,0.30171758,0.29404914,0.43922883
186f14cd1495eaf93b230773958c3f3c2de591e14fc20326a40c529bc2170b73,Win32,0.35022414,0.4226821,0.43911013
1a3aa9181b86e278bf9bcb93a8a8315621a1323e964b8a2910cc9941122e6326,Win32,0.36736104,0.29963347,0.43913522
1a88a70dd7e929f2851d77dcc64bc7529b7454239cccce0acccf4f2e3f86f28c,Dot_Net,0.88991165,0.8569828,0.057069257
1ac1f75ca6adcfb83b0d1000f5e7b92bf0409e7c78fec7c4e2c8ad49cc07677c,Win32,0.5206332,0.29404914,0.4392699
1cfd46de6b8444f7bb54706ae029fd7d94e98c672b1df4b17ee81fcbaed7398a,Win32,0.3916948,0.4226821,0.43920913
1db0e5961a4a9a5646d701daee36627647cc6b4ffd8d4d23d095dade0b0c6533,Win32,0.6571378,0.36236602,0.29093456
21447f77dcc4ee597be9ff2fcf1ae1b43d4bcf4420c4d741038a9bfba7947bcf,Dot_Net,0.88991165,0.8569828,0.057069257
23a8d48d8aacf08eaaba3eb908dec27378ac782b2d8570b898e3aef6ea9ba14b,Win32,0.4269851,0.31828183,0.43934157
2acc8b946e2f2cea18c06b3ac60247f4f875cb80f48169dbb1eed30659bfa8b0,Win32,0.43777394,0.29963347,0.4389979
2ad5e8b5dd20a177996dc0048d6abad4ac2c89d8298d1e17e8da58b54159f5c5,Win32,0.73126,0.39207324,0.29087356
2b45836f1dfd5eec910f0808140e10b1461b2d7a891532041c262889b80b3d61,Dot_Net,0.88991165,0.8569828,0.057069257
2cfdc298ac16ee2be15c5e34046117262a2221ead25f1988157192465fadb73a,Dot_Net,0.88991165,0.8569828,0.057069257
2ef12ce0517b463746717178b40ea06508b05f3c2fe0f4cede88603758cd6a5c,Dot_Net,0.88991165,0.8569828,0.057069257
2f9d81738c8c8d561243437084c001a61ce279637e3127a314737ec169fc2793,Win32,0.5187771,0.4226821,0.43905252
3129416443dc23c40c5add8820bccc3bb51f915d0d3898627edc96c001444bb5,Dot_Net,0.88991165,0.8569828,0.057069257
31c6f478222a97760fb24377b8c4e3280079ac5b5abf3e9e8c4c998a8d9b06ea,Dot_Net,0.88991165,0.8569828,0.057069257
37db6fd697b59be1150621e90d83b8914a8cdb143d204caf8ee4dfcb50d4bfd3,Win32,0.3962827,0.29963347,0.4391322
3f8de6af50fcff8710b64a961a4c07fa210ecf05589d83e0e1006828d653c35a,Dot_Net,0.88991165,0.8569828,0.057069257
41d503a0293a0acbd390415895567066f389ead26cfd37444f740bf1d4551803,Dot_Net,0.88991165,0.8569828,0.057069257
471ed574dab294da37c482eb7d46d8f638447856943e15b8a264290217409ff5,Dot_Net,0.88991165,0.8569828,0.057069257
473f4313f087a89f494a482678b960cd3f94d23ca2f0e9d8e592cfd6fdee3bd2,Win32,0.42538995,0.29404914,0.4393064
47ab142e0a313dd1a4a4d840074f786c7211ae4d4288b41aa65f581755c934df,Win32,0.85302377,0.36236602,0.29038173
4c4e56854685ba9133c4b37e9492a23ef2c013c1e87d4fa9e20bcd5c2ba18f98,Win32,0.46401086,0.29963347,0.43917948
4e079db56c8da316eb22780b0485f349170e749dbd91432b956ed0f906b61a21,Win32,0.37125233,0.29404914,0.43935126
4f964fb49dd7772bcab593651959ee780bbe75b3c7c7114420d86b393c577bd5,Win32,0.54655,0.29404914,0.43925732
5263df70b9d5c2aa575bd9c32c390cdcbafe5ce309474d75be92d961df64c30e,Win32,0.20799914,0.31828183,0.43953395
591512db0298a866dfd43af1a4b469c1339a9dd41b4cbcc48b0abdf611da4d17,Win32,0.4180999,0.31828183,0.43932357
5973f23cd61d304ce4a35f019ca49e7ab5eabb5399856b2ee425c0c9fec0e582,Win32,0.31749597,0.29963347,0.43919066
6138de10a67ed5aa6c982912fda0e82433c4d3e5c11a71e529c8cd5cda198857,Dot_Net,0.88991165,0.8569828,0.057069257
62d0fce806186849c3a3f7496276933dfa3df47dad0d47fb927c92c24f81b9a8,Dot_Net,0.88991165,0.8569828,0.057069257
63783a2f9344d9b536a9f5a2721144e2203e5b57f340800661a36a9ddd6860e9,Dot_Net,0.88991165,0.8569828,0.057069257
63dd6afd8282c1569087ad162a6269e31af1985727c369183a3845c6ae10798f,Win32,0.4068651,0.29404914,0.4394389
63f4b6c2c9832be5bd500f1335be96df441caaca5a506eec5fe4326e34dd1710,Win32,0.531391,0.29963347,0.43904126
6ddaddda54957afc569b36748db659365e591ea5c83b31f74a1bf3e1740d7a9e,Win32,0.34489024,0.29963347,0.43884903
7525ba570bc83c8d0e74b9774867809e2a6370b56d985210b779fc2aa13b2b5f,Win32,0.5022537,0.29963347,0.43910646
75cfe81466007fdc54bd2aace5ce03a66380402f6e93fddbe0cdbf3b39823b1e,Win32,0.1695452,0.29404914,0.43953934
7ed6936979d4562cfc240b19b68c9bb9282bf56286fbba277409e61149ddaa2d,Dot_Net,0.88991165,0.8569828,0.057069257
82700650ea75874de8f9fab73ac9488533d78bc9e7c247b43bcdb11ae72f008b,Win32,0.5965589,0.4226821,0.43888772
848ffe880a653446e8e83bea8148b7424de3358459b37f561852ef572b588c75,Win32,0.16301896,0.29404914,0.43951613
84ed5d8d3c3ea2f2cb36aa856bc500d8f6fa6d3e6028c6c8416a665267090e05,Win32,0.48853958,0.29404914,0.43940735
9115caf98afe98f3c0d14b03131c236bf3c42ef185f1eccb4f91acab7042fe5e,Dot_Net,0.88991165,0.8569828,0.057069257
91e380dfa1b03abd464a2a4afe75ee835b83e130fc9bb55d0f67d5adfc4b9182,Win32,0.31918493,0.31828183,0.43922222
92264e6e234a888b18c19c55ecc42ebc8592665af62d764bcdee92f383359ad0,Win32,0.36127847,0.31828183,0.43923151
944c856ed9168d0e3d1eab9fc5c10e1f2a279e9364c00e19f2b0c531036c45a3,Win32,0.3748842,0.29963347,0.4391
96deb18efd57116cc718a886dc480d0570f5da490b8ea4bdf9249f4f67a38861,Dot_Net,0.88991165,0.8569828,0.057069257
9a69e2381cf1b549dfc33cb28bb3dd849badc96440555054584bee2b5a86a69d,Dot_Net,0.88991165,0.8569828,0.057069257
9f4c0841de25388012b160f3a5e6efbfa65925e2d3bf784133faf2480e69359a,Win32,0.59770817,0.29404914,0.43926114
a16d0d893dcef39ef2d87b15f944de1b37739cf66007a378a1db849821163bfd,Win32,0.4444894,0.29404914,0.43931168
a1d788cfbce912853a626d4de5991e6e9689e9c6934de9098386a73d5f13c3e7,Win32,0.32985497,0.31828183,0.43938446
a53daf60a510468ed82e3967006390ab6a6e5d0307240f7f15213e1e28bb9155,Dot_Net,0.88991165,0.8569828,0.057069257
a6964733ecbfdce31a132bc89b978b80be85a025e03007cf112f1b97a4d989f4,Win32,0.33773434,0.29404914,0.43937424
ad5b3ea0aa5fe07735ec17d1e9bf0d98bf8ec75d37f16a35822c49fb0e0f8fcb,Win32,0.41326034,0.29404914,0.43929544
ae1ef0ef62b106ce82ed87eef2885533746abaae258c903630ae796a98181bd0,Win32,0.79755956,0.36236602,0.29055414
b108e17d87031472ec43d0cd658c29842fb5e6d204a93d083f06cbf6b34b3b7c,Win32,0.35634282,0.29404914,0.43935895
b711b3a607224dd41c2fadedaafed07197dfb1c43df6efc3f4ac687001190ad2,Win32,0.36784312,0.29963347,0.43910828
bcf475715b04aea86ecc9a708073370e54c2bdd47a1e0484c8c9bf7ba93b1ee8,Dot_Net,0.88991165,0.8569828,0.057069257
bf396f1c1981f91935940f58e40f94fe416209ce441b4377d4a69f35ae27df68,Win64,0.11152627,0.072156504,0.18731274
c05710fab75e0ee98e0b520b4206fa2f2721cfaaf3d56fa287db65b3ad08e50d,Win32,0.4443972,0.29963347,0.43918145
c4ba2c0fc5d770a0021fdab55f7a160afb412e91204b9d0d6bb09f1b31742725,Dot_Net,0.88991165,0.8569828,0.057069257
c6e19812c394c14054a497b27113f7dd7f466e6cbd87aed72886ddc3cb30b905,Win32,0.4272602,0.4226821,0.4391552
ca5d25e8e3f9edc2b9552276b84877cadba5d94d110548adc98649e6c1428474,Win64,0.13535273,0.07363399,0.18650256
cd0f77b19e17a98204e03578cff4b97cd1f0bb3f006499b5ec56ed7ef84c99de,Win32,0.3205206,0.45438102,0.43693426
d5e5ec0273922db716ab3ac6e49ec6ccd1bbebea6d018d5d6d82d6e22033d7e4,Win32,0.81071365,0.36236602,0.2900356
dc5efdbb361cb92bff6f6f62cc78e5f6fedfb8ef5d3ae88b8a88e02bf64e4662,Win32,0.31781203,0.31828183,0.43922818
e10ed0bb39ec643e18923079888c0c3095623e227348855e266d497f92fc08ff,Dot_Net,0.88991165,0.8569828,0.057069257
e29c9d9915ded48a5d81112df04cd4cb6ca8518cd606c6d06101d945a5ef44e7,Win64,0.85256475,0.785981,0.7344295
e44d225a8d433b5e89d969b68a390afbaa3bf3f31f96e29e9bf9faac6b6e5925,Win32,0.37408084,0.29963347,0.4391206
e50a452bfe1178b95c436284bb166b3d9989d878e6f9479f21efae0826624580,Dot_Net,0.88991165,0.8569828,0.057069257
e58311cb96d0a792644cffbb62b82ce7eb77df7d9b51a4783d85d132ff610d75,Win32,0.40074638,0.31828183,0.43924007
e595582a0710d32f2dbcff82282e45edc5a6d3647aa6a8b772d60f63c3ef9ac7,Win32,0.4198738,0.4226821,0.43920642
e6b800ac696a42f7bfd3fbeae6f2e94b48d1fe7821e39b49ee359fcf54198887,Win32,0.0656104,0.31828183,0.43962702
ea2924cdbdaecd0bbfdd43fccea2a179a717b298248dcea7457efc605580384d,Dot_Net,0.88991165,0.8569828,0.057069257
ece23967e43b9290ee7a0cb57eabb98852bf3e124ae9c20df2586e03b4c72ca1,Win32,0.39933515,0.29404914,0.4393837
f091df24538503d5bd90b2069ec2fc2ce6543e86ab669fae4cc591c941d18274,Dot_Net,0.88991165,0.8569828,0.057069257
f249332f7b118979be3a8f339eedeaf35c84e6193590354a849ea746dd7b567e,Win32,0.19634633,0.29963347,0.438512
f57ac9d0b49ff4b118ca4d8f5ff5b282b415c2647cc16a885af5aeb1c7cd7369,Dot_Net,0.88991165,0.8569828,0.057069257
f63a91efd8f78aecacf1f4aeeefedc09b836c3860bd125fef5b376d9b3afd7ef,Win32,0.5151751,0.29404914,0.43931705
fb697232bdd210f1fb4cb04357f1acd38ea97ff379a143e9779259486a7b1ccb,Win32,0.3517245,0.31828183,0.43935925
ff78b48edc9e9df59fd0f79652acf7983c82c583895bce30eb4a91da37ffdac4,Dot_Net,0.88991165,0.8569828,0.057069257
0077041f0d1fbc2c9996ff7a8c1dec1bd2f721ad3afc721dfd13b2324408a979,Dot_Net,0.88991165,0.8569828,0.057069257
00d00d5180eab1bf04990cafaaac13c678aaa07280cfead48b622fa33bf54b47,Win32,0.4247239,0.29404914,0.43930313
021df2382186d87bb210c9d82238995ef4372570c3fbb59642b0d6c9ca59a69e,Dot_Net,0.88991165,0.8569828,0.057069257
038de5f546e69b302cc10e92336817a515f1d7e9fde6adc675d9c11ac1d922e6,Win32,0.5850905,0.4226821,0.43902296
06e2720752f6f0bf4eb5a2bd6cc00f9b7c78dcf911adc97f284e7c837e4a68b4,Dot_Net,0.733517,0.7278332,0.5253379
07bc31236f2bd389237304c88589106ec7381d99d526546864753d86e64a7155,Dot_Net,0.88991165,0.8569828,0.057069257
08eac76d4dba51900e69453c7c05fa4a119e0f30cd7d8a5cf7e48fae9dc5a409,Dot_Net,0.88991165,0.8569828,0.057069257
0a704c02fda78f097e95b1d2ffb674dcd469deca17e8664029fba4ddf38938f0,Win32,2.239904e-05,0.0019635137,0.019227674
0d360405462a3917c1b3558f62c2085fcef58b5570ee617dae94992a6dc93667,Win64,0.28794548,0.2491771,0.20723814
1060df0db3e0a10870f0c223bc81b33f332670b2e44dc0405720df36353bb77e,Dot_Net,0.88991165,0.8569828,0.057069257
12d7d8c30d9b12441fd501e4fab03de6c4b98757ee55a6392f480c45357a897f,Dot_Net,0.88991165,0.8569828,0.057069257
12ec8c0bd1624b5dbdb362a2f0fdb4446ccb2072614784605304ec59d140c834,Dot_Net,0.88991165,0.8569828,0.057069257
130a173d763572a83135689e7f9f53549c8d57fdea03029e9f01e9c0956df3bd,Dot_Net,0.88991165,0.8569828,0.057069257
143866036377fd52133087d7c7376e18806c5c0bf45f02660f0c59fc79ef0b15,Dot_Net,0.88991165,0.8569828,0.057069257
1558c1ae14de0a336788cd4773a693d659e13b0a9b177fec2f9d94d67d8d9efa,Win32,0.49399418,0.4226821,0.43906248
157cb2e81039966bb75c588933a4d9ada683175cebec6750308d0c3e6eabf401,Win32,0.53616804,0.29404914,0.43926397
174bb2f1763d6b0f92fdd21927bc6a6b3f1fb41877c335fe6d68a0efa6b3e887,Dot_Net,0.88991165,0.8569828,0.057069257
19346d8cbfec33027984dd6ecaca9fd12879c1b9a0f238bde14839bd6dae9c5f,Dot_Net,0.88991165,0.8569828,0.057069257
1a06ae9d8240a696752132f87ddcecc903aeced7c1ad718d10ddfa5d98d3c687,Win64,0.03712003,0.0414427,0.05154741
1b05f12a8e0e492572ed3c6e0f8c84c0561ea138d3733c56792ad25abf6d9a89,Win32,0.56883556,0.29963347,0.4390326
1fbe53863d1e7626f5be9a14655c3fd7e726feca909e6beb33a8107400a1ee27,Dot_Net,0.88991165,0.8569828,0.057069257
1fda0d1902bf36b83d5f5e52f6b2e431f4175bb3ec84043a23d40f169fdceaac,Dot_Net,0.88991165,0.8569828,0.057069257
205da41f7b8af4b4bb66e4700d31ed2268f8552137ffdb0ccb642693002f1452,Dot_Net,0.88991165,0.8569828,0.057069257
24221c134f19dc69eb507d948c15d35f62b72aa4df554e5c8a25b8ccd103a8fa,Win32,0.31781203,0.31828183,0.43922687
2486d27a4adbdf7da2f35435e2fb87d8e75f2de274ec6a01755f876816fbd410,Win32,0.42926407,0.29963347,0.4391308
24aea4426765cbc7440d135097ff6334c6c5f683ac527efdc448ad3dfcc3e94f,Win32,0.5000665,0.31828183,0.43925115
2532417df2f29082f973afd5bf397ecb27ec67836c1ba7c15d8e2b2fabfdb5ae,Dot_Net,0.88991165,0.8569828,0.057069257
25b0bb04eb2912154992b5bc843589111a7f549d7a04688c94bcbd907979dae2,Win32,0.53425634,0.29404914,0.43931338
266b5a259b1e54d0ababcf7181be567cb85784ce48947180cfb6a49fa995042f,Win32,0.39466247,0.5227694,0.43728068
2692fa76176cfb74fa7f7e52504de455a951b6b05437ed5452ded61934df44dc,Win32,0.330491,0.33197618,0.43753502
2a4e0f424501da8f0bcc927106b4e771bb3209bab23536457fb89e202e2ba83f,Win32,0.28358647,0.29404914,0.4395102
2d9315ade40b355cac87b19a52580e814cdf6a8cd4b44d97ac6c5a0f4fd3e549,Win32,0.4001806,0.29963347,0.4390107
2e89d3fe3ad6c1de7f6300f8d468773805865cb3e5d5a38a39c257a2ef9d7065,Win32,0.44731173,0.29963347,0.43912503
3497d1207e3035a1e19b531649a4c44834decf93840a849f99ac0216a373f1c9,Dot_Net,0.88991165,0.8569828,0.057069257
35f637f5c17295b41ac694bd8794597f2e205616b21878c41b484d177d88a20e,Win32,0.51183087,0.29963347,0.43901476
380181a44edb01d24da7fb9ab3236a6fbd22580e5db910819b5615f6cc61d46f,Dot_Net,0.88991165,0.8569828,0.057069257
413642321136d46bf3c3ffa0cb222a59809a86ad9350f6f3ea5631706b37d86e,Dot_Net,0.88991165,0.8569828,0.057069257
43298a0e83ccbf357ceb280ac800cc07ade080279ca239f5177651620e82853b,Dot_Net,0.88991165,0.8569828,0.057069257
48fc8e3dee715f2b97ca45771a9bcaa1b499eb9db1dfe71197dd40a31874db41,Win32,0.93911874,0.39207324,0.29043415
4a624ca4bc21d89b1077734465d6152572a49429e78f3ef9517ca85c3f0c6d61,Dot_Net,0.733517,0.7278332,0.5253379
4c091a6495afa43931976160e710ae30e7917132a1444116d025ee7fd28eab31,Dot_Net,0.88991165,0.8569828,0.057069257
4d2a2190ee99b1feac8543bcf1ac36667705f0e7ff94c9eba83a6eeb99011422,Win32,0.4443972,0.29963347,0.4391809
4f4f095a908dd0eb9ea575d88eeb48fe3e4665df14063a29d358168fbc9a6214,Win32,0.29501447,0.31828183,0.43950486
5304bec0ca7fbcbb4cf1de874d88d8930d43659de1004303b116ddfb3a2a96d7,Win32,0.904932,0.39207324,0.29044554
54a95cf4b1a784360091872916cdc8123e73a24fbd1e85431ea1ab9c34df9e64,Win32,0.71877116,0.39207324,0.2908709
54b3f12878a9ed3e2f21ef86864c6f9b69b319aaf3b74dc8191e39f422ad7b07,Win32,0.40140247,0.31828183,0.43925014
563d09b1da93ea16c06c3ae831f01c397c696747a9238b662a55047eb7c90131,Dot_Net,0.88991165,0.8569828,0.057069257
56f141439b4b4e5274ff3b4084428d9d274ea28e152f84a8ac36b11cedc0672a,Dot_Net,0.88991165,0.8569828,0.057069257
5789c9089a39a93a3c92bdcf866c7e1c8ff099e722897a75f54d99db289b0e64,Win32,0.108906336,0.15973678,0.17868088
57e0e0467eedc637d7dc9abef60494c2b8a89e8f082233a818a990afbc8bd3a5,Dot_Net,0.88991165,0.8569828,0.057069257
583ab133a100e1857f00421a0e7fd730ea7f7f23002540319bb5159074f8655f,Dot_Net,0.88991165,0.8569828,0.057069257
5d2d017eca5f1b02d1fae3133de0833457774fab7f9df9b3a4db51fd03ddf073,Win32,0.92666304,0.90433025,0.79948896
5f77941780db750293235f8755bf7bd442cdf5be311437e8478ad2d7fc1fa7c2,Dot_Net,0.88991165,0.8569828,0.057069257
63fc3670b971f50edd27b2a08d5e6a7b59341ff20d1d5b5cd581e1bed9a2194b,Dot_Net,0.88991165,0.8569828,0.057069257
64e886c112c050099ddbfa577c64010555baa3056cfc26683bbbbbf4d4087ef3,Dot_Net,0.88991165,0.8569828,0.057069257
65e3fa319ccff127ac42a737f719288bce473a73f276ce0b1b7ba2e52ccecef4,Dot_Net,0.88991165,0.8569828,0.057069257
6715a4173e848e4f66dba3e4b7f0d02c85dea84b35fc5ecc15fd255a2f36701e,Dot_Net,0.88991165,0.8569828,0.057069257
689f0694ac590e211bac784a5dfe2cf1f46716bbbda1d9f03bdce561d07e2adc,Win32,0.97550756,0.7079754,0.29239455
68ff94535f2e6cff1fc4a7c9233dd3228a12ddf987782da2d25e820c22bda917,Dot_Net,0.88991165,0.8569828,0.057069257
6a6564838f0a338b0ab6a4d098f387ce9d5bddf0a3e5195d6705839a51d8abed,Dot_Net,0.88991165,0.8569828,0.057069257
6d745b00ac2ca91ee57c71e7e54d8ca083f5f168a8b61e386a14612066a2859d,Win32,0.4272602,0.4226821,0.43916216
6db7eece2f3eaade70409c9c72ed525007c6494a450e4ec79ceeccc8a4b6f954,Win32,0.30970085,0.29963347,0.43916622
6e26e6663112a86a685da36b4f98899b96db3462c550037c916dedf363513750,Dot_Net,0.88991165,0.8569828,0.057069257
70b83b45776d0ce6140998bf8e73c972f072262991b3f9b7eaad4304c97b0efa,Dot_Net,0.88991165,0.8569828,0.057069257
74e6fead949168550e6d7be67d5dce77ebdb360f71154f62accd38038d74c7a9,Dot_Net,0.88991165,0.8569828,0.057069257
767d20dc90f7467bf2913ca1222bc32fb7725d4893b1a6301cc5322e7c69155a,Win32,0.36219162,0.31828183,0.43936962
774e690a178728af67ae04a80a23998e87adf25f197f08a92457ec95583ce6b8,Dot_Net,0.88991165,0.8569828,0.057069257
77aac463a9b160521727da214c8e1d345fa8966d4745bdbd54a5adb3917c0d2b,Dot_Net,0.11395956,0.11694924,0.047196776
77b0d24b5467aadf847ec01133f0d26805471f4ec59af95a7fb7e5744614fa6c,Win32,0.5084023,0.29404914,0.43924585
77ba96e89fee28dd73f407be2fc9de613305c4ac2be889cc031ba8f7fa9d7ee4,Win32,0.24211524,0.31828183,0.43946296
7dddb6b03a3eb46b74baf2d7c8c509701cb06d8561633af82fad96f450b49e70,Win32,0.56993455,0.4226821,0.43898717
7ef7f14708a029d3110f8791ef9f9acca4c891422b779d35e717227cdffce8c2,Dot_Net,0.88991165,0.8569828,0.057069257
80953e248574298e5a571ff02051fd0795636b48e301185d785ddf762866aa16,Win64,0.99949926,0.9979572,0.9955635
84ffdf0860d103cfc4a579c339b397720209bd5f313aa094a5dd6b2e00fb9058,Dot_Net,0.88991165,0.8569828,0.057069257
8b26cf3ff301ab1294e1ee123787880b5723cec3e6c18f717b696051d134acec,Win32,0.28556287,0.31828183,0.43922043
8c62c241d5cccfdf606f10f568764fb9279295cd52ba2cbe9677c14c13d088bb,Dot_Net,0.733517,0.7278332,0.5253379
8d28452487afa092e4a902974b49e5449e8cab421ef0691a86f2cbea11caa99d,Dot_Net,0.88991165,0.8569828,0.057069257
90154c0f2ad453e2f06e7050353a4adb4215138f7b8cff8dfebfe942fc2b378c,Win32,0.37125233,0.29404914,0.43935037
912c25491c93f71ce14cf72fce838775106e49677caa9f8a75eabb1ad4bcdce2,Dot_Net,0.88991165,0.8569828,0.057069257
91c0e9b6de61ff5578f871352364c5cbb0ce2f56685588def3d90c7fe73c0f82,Dot_Net,0.88991165,0.8569828,0.057069257
9406ab9be342609cf5903e694d0ca073dc81090a7458e758c2cbe9b86089a2e4,Dot_Net,0.88991165,0.8569828,0.057069257
94f0f5067e2fef5f2d1466965c209d7d54aaad74e656ecc76a77abe22559aa17,Dot_Net,0.88991165,0.8569828,0.057069257
96fe9f14b51cae4c90b0cb333f3880f7580bfaefb8c5b70f9dea249c7d9b7498,Win32,0.54421616,0.4226821,0.43912113
9b639cfafb9e508824e6861ee65c4cee2baf6c2d5b41390ef61ba4d8489029a2,Win32,0.40423447,0.29963347,0.4388938
9be8d50a7c3333382031200405d8114ec05633f2e2815215e792e69deb3d150c,Dot_Net,0.88991165,0.8569828,0.057069257
9d743a05daa27ed9ceda5f74f3194910e0025c2a10c9b532919331dbeb4141b4,Win32,0.40935257,0.29404914,0.439236
a2304537f01c4e13b3921086aad55a9b89b3217a7936a5b2036fea3eaf1031ac,Win32,0.43986478,0.4226821,0.43914807
a56a92ec469c6d68a9ba2fc2afc0f40eccffc979419d8e2aab35460b6f4373b6,Win32,0.6949446,0.3333902,0.28994906
a68164f49c583c17f13a0adf18d9cfc6a87f2f1988e2faf7f83ea7dc5bc2d003,Win32,0.40217954,0.29963347,0.43901372
a8d8c91823b4f916bc3c22e3d6e7f15c4b6b1d70ddd835cec282cb2ff463711d,Win32,0.23579688,0.19682096,0.09230048
a8f8f6ced8efab4adccab8044133ef47b2fd74e2b0c100e23e86c79a4fcfc2d7,Win32,0.36157402,0.29963347,0.43913803
b289cfad5a623bef6e7c7ec872728466b416993fc4a517fb856ca74b19f65f01,Win32,0.39602566,0.29404914,0.43923151
b5284894eef536965eb8bbdc1e8c97652968eb8f4dfe14786369226bc697b678,Win32,0.30842453,0.29404914,0.4392232
b7a13f75c09b075572b71829e3db2aa50bb73415d828033050454ecb6ae57d1d,Dot_Net,0.88991165,0.8569828,0.057069257
b84af13c7cf7030d2d3d789f05888098b03d47db97680af6abf8c54f6dc16aa8,Dot_Net,0.88991165,0.8569828,0.057069257
ba0f6e9a7ffd4e0a3ee78c3c203f93cb5397f99bf58e744f59a0c92b331c43e2,Dot_Net,0.88991165,0.8569828,0.057069257
bced6bfc03463628a985fa315060d7e4adf3841b094c24cdf237953274505c0c,Win32,0.9239943,0.39207324,0.29025427
c1f3109b061b5af20d8e02723c505fec97514085c17d4eb07e38707c6a3ac6be,Dot_Net,0.88991165,0.8569828,0.057069257
c547af6d05b3340264437b1f8fccf2369593e1dc0be956aa272b0c90e7f0246f,Win32,0.57941806,0.4226821,0.4391056
c5ebcd8384fc98c90ec0ae5ca12038b14437606c06e053c5df25a637e7faa6f4,Dot_Net,0.88991165,0.8569828,0.057069257
c5fc92b4ae44405a27c44dfa33154f2dc1252f3a87e8a4071c7b305216115a4a,Win32,0.26373187,0.31828183,0.4394907
cb20c8c81b2ec5d5203e798ddf8fb3ed9921017bcb1894a1b34ddf9fa97af0f6,Win32,0.31784114,0.31828183,0.43921277
cc59e9521d807da1fefd92c58e5b4c268afb6bb1f2daa661ee555732e3442376,Dot_Net,0.88991165,0.8569828,0.057069257
cef2bdbbe9cc3d3a8d7d943a314e4c03f1beab388cc0a56273180a053fcfd469,Win32,0.28467223,0.29963347,0.43867445
d07f8cddd3a0336d3b7f3719bd243e19565b49745494a668ac6b4002c4fe5a43,Win32,0.14627221,0.13037431,0.09836805
d1ff52886a36a53d428b9f8c78e7c22592233020474616f5ca5e8375b45a4dc5,Win64,0.8765015,0.62016094,0.6223092
d42345850d79734ac94a6608e10735b59e148e4085443a5568ed640c46300778,Win32,0.54564065,0.29404914,0.43925413
d5aeb36b5a2cec76cb84a3244a082a580b9f7d259e80a75c0013e751a64f0516,Win32,0.62421083,0.75575876,0.9123965
d742d6a51aa4143335cdf314f7fe67893f7400fd75302650af13ed364874d2fa,Dot_Net,0.88991165,0.8569828,0.057069257
d760b24c05f4e0db6535128d6ebe5887be44e92c68ebf704a298b288be05ca86,Win32,0.36683533,0.31828183,0.4393528
d7c862de002bbe1756c35270b6890b415a8d2ab9df1bdceda8880aab7b230dab,Win32,0.45906565,0.29404914,0.43933198
da33227071f633eac51655c2b5c89f8f5a0c4fd799d475d88c9adcc3632b8e9c,Win32,0.4664189,0.4226821,0.43918872
dbe21942fde849a02b555fddaef72d72d2e7fddacf1c6d7b6454b380a39a4e05,Win32,0.4593383,0.29963347,0.4391804
e2af3cfa98a997474133d68563760e35209cb4a785cccfb89e7b5a0e72015571,Dot_Net,0.015174476,0.015118226,0.017213196
e4923609170477e962b13476c828797577473499ff56b1ea09ecad1c87183267,Dot_Net,0.88991165,0.8569828,0.057069257
e495daa5945f724b4bdde2b1c10d63a0a2651bdaf857056f7d99f8854a8f5733,Win32,0.33542314,0.29963347,0.43914634
e51a31281eb0c2c6522449be36934eeb7ff9895041f0d8e1dafdf5302bd59063,Dot_Net,0.88991165,0.8569828,0.057069257
e9f493b0f341c94adb15cbc073187ce3a4fbd78b0d7c5c06093204313feb172a,Win32,0.5390057,0.4226821,0.439124
ee22b5f5b6697e2d21ecbf84328694c43abdb9c9079f5f8a77ebb195dfe935a6,Win32,0.9542626,0.39207324,0.2904236
f6641d3c74e25712df14a67be43cf62294f408100563b8f66fe3df1ca2a7cfac,Dot_Net,0.88991165,0.8569828,0.057069257
f69d6af0844553a2c5ad461e7526bddba8ab1cdbb6d8ba80088a00c55ae4a6cf,Dot_Net,0.7280211,0.7345906,0.58219373
f71952e3d19afb37987c085e3a56ee9dc558a311bea461b1e8e682974d3e8ec8,Win32,0.40456086,0.4226821,0.43885604
fa0d5b7db111e3a92f82e45b76a9e113b8e6c81c618ebb3ad2a5de229556fa15,Win32,0.29138106,0.29404914,0.43921503
fc5ed97ef0a8d3793dda8705d9c1ce9ee72af0fbb6cd9187756bdd06e2a94e21,Win32,0.48145398,0.29404914,0.43924046
fcdb7b498496cdebe077f46e7b25d7fa621402bac3396eb4819cb8e523bda143,Dot_Net,0.88991165,0.8569828,0.057069257
fd24faf80105bb105e68db86b68bc361f78f08db2630a29de2b54a328d034b06,Win32,0.3632741,0.29963347,0.4391411
fd52358fa6c4ae526a52a2fde1d81a402580c3144f5bb8908439aa8f61ab31e8,Dot_Net,0.017555844,0.05077074,0.07191901
fe01fe6ab4b8886b795bcd2df500e536f69dbac43903d69911e2f50f22780c51,Win32,0.31628403,0.31828183,0.43939874
fef246c25a74fcd979757911e7120a7ff6d83480e8d19e60bbbeb076af168025,Win32,0.2249856,0.1812582,0.29227576
02262397405f0c4644bb6c569b6e22111e9d84c597a7932416891a34d41f94b2,Win32,0.41529158,0.64449495,0.67146194
031b97be06a6cd7401d4d73c180cd0b8453699612617abbeaf760b74df3d8d36,Win32,0.3852333,0.15853047,0.037766032
0547e1e6af463644210fa16851942342afae02e727af772091d7fbf2ac1771dc,Dot_Net,0.20092356,0.36826065,0.09766483
076b7df9721490525fd29ac75a35fa4742e71dfa5846423b078bb95980488963,Dot_Net,0.11395956,0.11694924,0.047196776
0bee40c5ec3a7fbe7ddd2087c0e4e44c3ee157dbec6dfec2033183ddaea069f4,Dot_Net,0.86867815,0.8660256,0.9064099
0e92ecd043e0339e69834ee91673b1977557fdca47246c7800bb552e60e3161a,Dot_Net,0.88991165,0.8569828,0.057069257
0ed9bef55b83e9bcc65a32d53291ef2139bbae4b487538d35fd4b1c78a66f0d8,Dot_Net,0.88991165,0.8569828,0.057069257
11fd1dbfbf37d5a5b126dff8dd0e3497935dc93b7d7ebd9e4a09b5f95c0428c3,Win32,0.49997595,0.7378148,0.6194594
1a0e29d1a871a35277f7f1efd6ca400070e22bd0ebe9cfbadf794cc1cb6a60c5,Dot_Net,0.88991165,0.8569828,0.057069257
1e4703c5b48ac6d411bcc34b8199aeb0bd8967191766ee6918b8db13be448293,Dot_Net,0.88991165,0.8569828,0.057069257
2064229d6be60e42558bb84174321a704cefc1740aa9fb42652ef5b334260fc9,Win64,0.0026782537,0.0059938547,0.03132045
210f9f24fc229512428cbdf763489cc14e51856be5dd74de21c00a2758fc6284,Win32,0.48787427,0.34047493,0.26815623
22148c3f9a8e19aed83a9e9c9aa786fe767997188fe765ea0a2a1a127d182cb2,Win32,0.6899153,0.7378148,0.6194443
23d997e65ef7dafe0d4b76e9238e8767800e6372e000601f4787c483bbd30ba5,Dot_Net,0.88991165,0.8569828,0.057069257
24751a8389de5286a2b96b55a7ea97d8561a7527dae2b191bd78bac89ead9930,Dot_Net,0.88991165,0.8569828,0.057069257
24fc8908d8dd89ca327a07ff26c66f40b0e206b1a62d6259ab73d1ff4eda0d05,Dot_Net,0.88991165,0.8569828,0.057069257
253aafb7e12988ba625a87aaa4cacebcb5b613e37c5a5b07a416e19dd004392a,Dot_Net,0.88991165,0.8569828,0.057069257
25c92973b60d2c93c84ff6da9da5fedb265845221d5fa264448a7a45e494fc85,Dot_Net,0.88991165,0.8569828,0.057069257
25f27360ec6586f336168086aa35b0d65b98e879735c3de3094f7e1fb5761a8e,Win32,0.436693,0.29404914,0.4393305
29392face31891510b21453d32588ed05172bca4e95131cbca402446eb6cd17e,Dot_Net,0.88991165,0.8569828,0.057069257
2994c19b90afb15211bb64946c0e9004232af82b62e7234927695d9475450206,Dot_Net,0.88991165,0.8569828,0.057069257
29a317c3afe1490beaa2b50baa8eae4ba3633f3b1483feeff6512eabaa3c887d,Dot_Net,0.88991165,0.8569828,0.057069257
2a718787e5e658ff8fd17586fca559d24af3929d73610d41f71637ed7197ee5f,Win64,0.2253086,0.21992001,0.059640937
2b4fdc315d0510b460711cf77e2560a278c803d5257f4832b3b2269a8d7289a0,Dot_Net,0.88991165,0.8569828,0.057069257
2c765694df5f6996335d5fb16535b3953b544800501144eeac5404a989d5676c,Win64,0.18781531,0.06907404,0.025777813
30f7e9552e61ce10eb1e1b3b50bfa1fa8e8580e8c8c32ad558c4dfa3dbb49ae3,Win32,0.6040688,0.80002683,0.61954993
31c9d650f82dffabd4a2e1760dbc67bf7c681a243b444994133039f7b2702dc0,Dot_Net,0.88991165,0.8569828,0.057069257
34251b37cd40f6ebdf87c84acfa241b48603efbbb86e708dfea031a502f6201d,Win64,0.03712003,0.0414427,0.05154741
34f2b65f12524945542161b91ae9b9f58d53e1a2f66cc7e8646932b17ea81690,Win64,0.733517,0.7278332,0.5253379
352186485df1cece1a2db3f75862bdad78552fdc04943594ee7658cc1953a696,Win32,0.5175106,0.29404914,0.439242
35f5e84eed5e26d62066242aa67be84728226d4caaa44058f0759d4eb6a8dcf9,Win32,0.5679977,0.4226821,0.43903795
362350aa9fdc811e2447979c4aecf92863844f9d8a054929c3d384cf854faac3,Dot_Net,0.88991165,0.8569828,0.057069257
3cca6f718142c24f4803236aaf7de23d376a745f752d6ee9d6076952bcde6308,Dot_Net,0.11395956,0.11694924,0.047196776
413cd9c1642e19a1e4248b49237875ea961eb6fa4b7a9f90ef6b3f4df7b1b044,Dot_Net,0.88991165,0.8569828,0.057069257
451bb8ce346072f7c17eb3576ad9e3dadfb6626f6879ad3afad137bf6606bd74,Dot_Net,0.88991165,0.8569828,0.057069257
45598f03de61713ed461e91ba0550b9f29ffb14448eb417f54a336bce39f5eb7,Dot_Net,0.88991165,0.8569828,0.057069257
464277552b94f11576fed3277b70a91a509dc7d59db7fa237ae85104f98643e0,Dot_Net,0.88991165,0.8569828,0.057069257
4815304a9c0b83db5c566ad4113363e894d2521dfc92b8f6d4c749d6e89b45b8,Dot_Net,0.88991165,0.8569828,0.057069257
4c6e6a628acbbbfcc4b10fc4524f76c33b2474066c91e12c7208f3c0dfae2cc2,Dot_Net,0.88991165,0.8569828,0.057069257
4c7844619f2455099d3a3e8b32b9a46e3814c6e9b24bacd152a50cfcd8da9f46,Win32,0.06995788,0.05236919,0.31948334
4e3071fce402028c5d5d80a384b432591fe3434167aa34fe2d418dce1142159f,Win32,0.39864242,0.29963347,0.439145
506b5d266c535187e0a432376c72a7dfff525ccdeebff9355ce730df523a1a7e,Dot_Net,0.88991165,0.8569828,0.057069257
51b6ebb421b8ec5a647df1a6aa044f06409831fde6914f0f3149496da6cfa194,Dot_Net,0.88991165,0.8569828,0.057069257
530a4e3ad9db4386277aaa939eef8d06563a62a5cce49802da9cbd00a26b1b7f,Win32,0.4272602,0.4226821,0.43915376
53d6bc7053171893be4b082467bd842ae9d2f8da1341b392dcef3cc1e11b5314,Dot_Net,0.88991165,0.8569828,0.057069257
547ce8bedaaf8eef77b0b63484f171145c9e535e8067aff23303215eed034946,Win32,0.56883556,0.29963347,0.43902963
5488b78b955c7acc99d11c0909cee7f5c194473c882912da7ab7129319ee916b,Dot_Net,0.88991165,0.8569828,0.057069257
560505b8b30e75d2ccb2a7e532f251ac5bf08262a02d069dd070ee1b24210ee0,Dot_Net,0.88991165,0.8569828,0.057069257
56e2644ce8df097487836c1bab0eb1472ce7d39c523097419b5a3406530f5c14,Dot_Net,0.88991165,0.8569828,0.057069257
58477d3179eebb15bd7918041ad4a6706db3fc3f6f955efc4b4d4231b7f3fe96,Win32,0.40675682,0.31828183,0.43938467
5ab29ee3c2e1c27009b44e50666d41c34298fa4bfa43ceb4a5b99b61dfb6e0a3,Win64,0.08644625,0.094774924,0.07289906
5cc121c8ab3b0ebd45f8a09f9ea26cb108603c2033ed3b13b5282ce05bd17758,Win32,0.869514,0.93255985,0.82611376
5d63037ecd619e550436c47f60cccd225d9291cd834cd03abb9af19ab9f00328,Win64,0.4277432,0.11421375,0.026614545
60119a3f79995a4b0ad66258f77d169b860b2b3f708f032f283436adf0e728a2,Dot_Net,0.88991165,0.8569828,0.057069257
61eba977f1854ea69bde6c61a3c825723bb966f2336ca7323c0b997c93260309,Dot_Net,0.88991165,0.8569828,0.057069257
61f35e32b2cf1c830ce83ad80aa2eac527ebc34ad38917f2b418a886716f5636,Dot_Net,0.88991165,0.8569828,0.057069257
63149a7fb5725283ae9c9e8335a95bcf08508a0f8eb6f889bdf4354c439cfcb3,Win32,0.1089118,0.14047363,0.29843497
640942324916e2bb47f6459c9b4678092e572dba38f8222a5d36783dd8d27c46,Win32,0.2588527,0.4530392,0.35243532
67cbc72eaf437faab40973d49595aed6e6faef999dfc1c1b66e89582f61eec88,Dot_Net,0.88991165,0.8569828,0.057069257
68116516694dd3449d6ab10e7ada47171d4b63c24bf6b8a2cd15c00972ffa91d,Dot_Net,0.88991165,0.8569828,0.057069257
68a15724c4e1eb83a6a429d8d5005aaa6608699494578b5f4282405b19b134aa,Win32,0.8154383,0.66783303,0.61942035
6a43b4e1d7734325f4967f8f303264e93fdf7937b91fca301a27760257132f0a,Dot_Net,0.88991165,0.8569828,0.057069257
6c15f48d63ced202a75c54b813c16e1674000b2d363f00dadb35a355773433a7,Win32,0.16946353,0.09360679,0.05638413
6d1d562d0608ccdb81ba695244f4e2a4803b35c9b1b0498e27004c1d55402fdd,Dot_Net,0.6774462,0.6833735,0.556271
6ea0699d819db514179518902817632fcb293404aa63d797694bab097eea710a,Win32,0.43278575,0.4226821,0.43899646
729a0d3235d08323fd5c284fafeb608f245a66f4df381cc45e4782571f48cd69,Win32,0.35930386,0.43667772,0.40237698
73f01a797c41c73f2f38a3d071e1eeb1b28a101d224cec03c35b3bdcfee94ef2,Win64,0.41722807,0.3631859,0.46329305
75f54191c4965e4b81bbcb365de1c3f05e86d453e99ee8c5996c943caa4cd172,Dot_Net,0.88991165,0.8569828,0.057069257
774ed7581ffd21390103db69f0d7bd2ca87253206eb715961fb2008768e6f061,Win32,0.6726188,0.7378148,0.6194785
7977b0bdb08eb7e9eff54e23ba61e01686fb91d455606bdc412d6c572772af4f,Win32,0.47973573,0.4226821,0.43917486
7cb61f9d9bdaddf63975f236cbe03820da63854fae15f368063f47a0a7e69f57,Win32,0.0917859,0.18088207,0.057568483
7d7822fbd20e79d2f140e68679de3c65183f27eeda76742164b67ef155c56eba,Win32,0.53521806,0.29963347,0.43908927
7eb5e917612d47ed0d84ed1e7d95377de571c04efc7e7c5cd9b72749343c9ff9,Dot_Net,0.88991165,0.8569828,0.057069257
8033b5ee58a5a154a8a661cb80d0ae4bd8e44bc09e530317299fa506a9d2a8ef,Win32,0.33909833,0.11818555,0.292758
807e5e037c83d735c628eda4e854e259817ab86031a5d100683705eb7005bc78,Dot_Net,0.88991165,0.8569828,0.057069257
86f318cd0061e87f47d0d40413b9dc75ea35695f75ef09a1207c59bf4332dc36,Win32,0.29310367,0.14047363,0.29837954
8922b7ee16c88d556b0cb8c9525e2c0c116ac59746376caf2df1ccf57a245453,Win32,0.42713344,0.29404914,0.4393422
89dd9d12dbd46a642612ce59a9196e3b10a2a9acc71697cd38352c767be3b822,Win64,0.08000975,0.05077906,0.06673583
8ba3484f0c38da2994111844515c9f6c721b00e024bc4d5bbd9379d722388fb7,Win32,0.5153346,0.29963347,0.4390965
8f2547afd2f349fa193dffe26003f1f7ca13ebf3fb41e54f025ae67f4b7a5944,Dot_Net,0.88991165,0.8569828,0.057069257
8f80e03b7ba8aaff4938b979d38117cc0a77682cec7201b498c504db8bd92bc3,Dot_Net,0.11395956,0.11694924,0.047196776
91035deaba71c7f25cf2683f71a631541ddfd81fe780c87b5514bf7cb7225182,Dot_Net,0.88991165,0.8569828,0.057069257
958bc0128ec6a57fad2bf60122f79a5fa512f0552597464c14e9a2ecb6405348,Win32,0.29695278,0.33197618,0.43767935
98175bb6afd9290835e2b9cf51632909821b57eec005bd3e296ca3b4d89c4f54,Win32,0.18896921,0.14047363,0.298631
9819b0166a64ab6cfb9ffd0703588de822826c10f74d2ed94ac1b018dd557c30,Win32,0.04631651,0.074673615,0.052815914
990552d38fe2f7a306ccda6b61239a036bcfbcfb67b1eb6f9d0edb73404a7cca,Win32,0.45244446,0.4226821,0.4391455
9b3017fdfdd39c8af60ba6dfd801ef08b24fabb1a53c050c98b9471897f49694,Dot_Net,0.88991165,0.8569828,0.057069257
9b459bbe3a098a5ecd4d6ae05fc4d23b96fb0936c25e21dd13cc8b1aead2c425,Dot_Net,0.88991165,0.8569828,0.057069257
9befd8ddc5c33671f44f38d3efab45ddddc2029ab0d42c364bcc535318cf2eb4,Dot_Net,0.88991165,0.8569828,0.057069257
9dab5e8b2d887dfa2875681f6e33d1df5eb565157e27aa36146a3f0a6c12fa33,Win32,0.32405278,0.29404914,0.4393517
9e15376aec8ca0a66353fc70c71bc064074fec92132f9bfdfdcc8a57f49b2415,Win32,0.39705884,0.29404914,0.439421
9eba7173f2b3502ff26275f87d80d61f64ec6f189e70a48a2bc1f9b5addfa1aa,Dot_Net,0.88991165,0.8569828,0.057069257
9f4a7cc80d0f7d0147f9c33b86d44c0e45ec6239595f7b854d5dc85717f61fa7,Dot_Net,0.88991165,0.8569828,0.057069257
a02e1ba333189fb1c9ce437cf9b0ea1014d42b3fad1d6f96d730b81293a89ef3,Win32,0.44878808,0.29963347,0.43904182
a1a2a0ecd6c9e31db7e47addf1eee3c82968f6d8a7ea49036ad89541a9d7430a,Dot_Net,0.88991165,0.8569828,0.057069257
a96e8f3aa391d4ea4895f1fbe97e09e88b54254dc3f3f9d36d076567a9b096da,Dot_Net,0.88991165,0.8569828,0.057069257
ab14b28e831904565cd328c47fa29d000c895f957a71cf0354e13c4381f7a886,Win32,0.12622221,0.101322785,0.2451846
ace56cfc31b37ec46263915d3adbf43716d803b5647f0930ddd66df3fa997fb3,Win32,0.03712003,0.0414427,0.05154741
afd24aeb58b74e97bdb691a6eb7fc3333b3d590a5602087793b8cd15d9f8bb2d,Dot_Net,0.88991165,0.8569828,0.057069257
b0b731f7e0204774a5af71121abbc26de9e84c11ee448f855f30def7e0df235e,Win32,0.2044164,0.31828183,0.43942457
b397a0569735a51c04118ac58edc720961de4147ed6f62c049ebf7f764f0ef52,Dot_Net,0.88991165,0.8569828,0.057069257
b3e148da9d33a38ae12f58c193aaa76eea7ae948848b686f29e8736450a765f7,Dot_Net,0.88991165,0.8569828,0.057069257
b6a5c2103d8029a220f424701e35c4eb93303b4c7bc23c8829720ed94838a272,Win32,0.50052524,0.29963347,0.43907198
b72496b4ccf52cf2374a236af41109794b56c52d6cb6db51660cac1b33258c06,Dot_Net,0.88991165,0.8569828,0.057069257
b865b55991ead09d48f659d1c1ae1eae0b923ff2e1d6028fa5f57a5ccb097885,Dot_Net,0.88991165,0.8569828,0.057069257
b99deb43992aa8d78a5ebec0acb32a689e65b0be3e9e5a4e29278aaf90026bd1,Win32,0.44364378,0.29963347,0.43895277
ba23560fce38e91c69591bbefb74be1eaecd0ee007a437c1596967f83cb291ed,Win32,0.09490101,0.13038358,0.29842773
ba65f89d6ef48701b89fa01e253c36059721a4fa166648c73bcc155f774872fa,Dot_Net,0.6408748,0.6360044,0.5277787
bafefb78fd824455d2f8ec27b016814efccf9f48bc32b079455dead03f03c142,Win64,0.8382202,0.7679916,0.57561696
bd656109d34729fc80768fe07d2a6b31dd5aa83603df446a60967bee2a19d327,Win32,0.52794296,0.29963347,0.43903342
becb030ca9b0b63edb977fc2a549c1427c79cc4846216675f8b2cd2ccaea58e2,Win32,0.31449342,0.29963347,0.43917018
c003763053a926a635df0a422175a9733160a3e6372c8c858cc43f0fb2bc2ee6,Win32,0.09518269,0.07503081,0.2983549
c44c906308717fc4cfceb1a34aaf52d1584c588e77e6d92ff1ee50f257583cdf,Dot_Net,0.88991165,0.8569828,0.057069257
ce2111506954c10442f5c5713cfeb3618fa131f427a0a2fbf9d1c536f2b85b49,Dot_Net,0.88991165,0.8569828,0.057069257
cf359ec66bd892da366a327a2e86831afc4ab22486c8ddacf70c3cdc09319a08,Dot_Net,0.88991165,0.8569828,0.057069257
cfc1d0d2eb062b0e0573972bb770dda6b2b7c1db1ad9dcfa83445babafd34011,Win32,0.45577103,0.29963347,0.43898326
d0414903815380e0b30e129f13ff8e954c3dee15b4c39f3709a074cda40e87a2,Win32,0.4272602,0.4226821,0.43915415
d1a254cea0ee6c9166453c7bf4acfd164977cd9ae22939418c4e2c1fda180de4,Win64,0.042231157,0.10020551,0.06879776
d880dce12d24ddd82c81433409d6a3fed550beafee2cf4f9a8be2c42f84e8679,Win32,0.59572965,0.60017544,0.59160537
dbe1aaa6de6d56d795e22f7fe7f2839d5f3980d8f04eb46552f97ceabc4d1ad9,Dot_Net,0.88991165,0.8569828,0.057069257
dc2f2b127d1535cea809309fa17b50971401ea838e1e57e72e02396c3607ae60,Win32,0.15259683,0.36134133,0.083105564
ddbc593793468b55fa85024d3b186eabc99ca365245b76f99b02969e78c7ca31,Win32,0.8380056,0.80002683,0.6195393
ddf86d2c4dcc8e7c8b5f3501515450e6038e79d4cc0dfd734a728393d7a351d7,Dot_Net,0.88991165,0.8569828,0.057069257
e0758f09f619f5f894eb68b7b1ad93bb99a65b72fa17058cb1f347d55efa5f63,Win32,0.387774,0.4226821,0.43905085
e21fa4e1799799470b228499dae021e69e234a8465ec3d5431179c6ceb576112,Dot_Net,0.88991165,0.8569828,0.057069257
e3e7db8ad6844acc8ddbb99aa8b7809a2f7934a67875de06b28d6cfeb5e3f9c6,Win32,0.04564732,0.2372019,0.22229502
e6a0327c0bf2ff21ad5f4e9f6f1a82defe3e5697aed91218a4423d8ef1fca910,Win64,0.831509,0.815036,0.6637068
e6a17c7d2478218976e3625b7f3c69c4311e123c2d351be63f014509b2c83f64,Win32,0.59572965,0.60017544,0.59160537
e7508f812daead68882b2094ff49a6d763e40c919feca959cd66f34d5992244d,Dot_Net,0.88991165,0.8569828,0.057069257
e9e6e5af01622c3a631d17d05d5ee1940b101def7301c204f95ac3b8995a4292,Dot_Net,0.88991165,0.8569828,0.057069257
ea291218f5e6fcd89707aaa37e2bb2faaa7af28096c1be7f201db27e2a8214ac,Dot_Net,0.88991165,0.8569828,0.057069257
eaa51d72d51c1ac1bd68b71cdde8af2c1ca6df594b32071416bd9a9c8584f396,Dot_Net,0.88991165,0.8569828,0.057069257
eaae1f334c4a17a4ddf168a0302ab78a34e2a3e73e50f2124352bedba68c9331,Dot_Net,0.88991165,0.8569828,0.057069257
eac6f1b862bde1453e6db99a9a2b04920365b9a00ceb4b2661c5b06994bcf7e2,Dot_Net,0.88991165,0.8569828,0.057069257
ec6abb09007af69f863f5f4fcd7186febe0394f69aa19e12b5f0ebbf56cb360c,Dot_Net,0.36056083,0.28583962,0.53298074
ed6dde71b67541e8f044c332fbe342a55603bdb4f0a7546fc4e23511258b6dca,Dot_Net,0.88991165,0.8569828,0.057069257
ee06dbf77e9a44aae541e28451340a1a727ebb344135b15e4c277763f6a42842,Dot_Net,0.88991165,0.8569828,0.057069257
efc01887d4bd9c15f386e097fdc3e5b20d83faa6db3fd82fdbdddd1bc1e0a820,Win32,0.14511088,0.29404914,0.4395687
f4f300ff789fc2809a8a489b86b38fb93c414728f86656146c301fccff1d0c48,Win32,0.034854546,0.060135666,0.059670106
f54c33bd01a1e7c27147c1bed53c3803f0ab19d3c715255738debbd24e04a7f6,Dot_Net,0.88991165,0.8569828,0.057069257
f74bbc650af5d04cc3be85a25c563f96f302d5007d460d0318d41ed189711847,Win32,0.36498693,0.29963347,0.43915656
f78d4ad64cda66c2f36a3612980ce22f42ff7d5260ac78e48409e48e7e5a3afe,Dot_Net,0.88991165,0.8569828,0.057069257
f8a6f3f41f8258fd8dd523c336623480e762927746ff902a60c23573438d6a10,Win32,0.38593695,0.4226821,0.43907908
fc69685bb661565ed4fcbdb16597a2458bffe8344e55df51fac308039c9839a0,Dot_Net,0.88991165,0.8569828,0.057069257
fdb6688587aa749c4a22fedd2a141107d02ff33608dc8c5450a47931efb91ea9,Win32,0.43769327,0.29404914,0.43932614
feda5a24df17723cab4f11cdb2563148f607d61500f177d7e622e0a5e6a3288c,Dot_Net,0.66479343,0.6861592,0.5620853
0cc830384f5d37c12d64fc53159987ae8eed503e94cf89d2768769d7e03fc0f5,Win32,0.39933515,0.29404914,0.43938386
10ad14b70e8dc1b0f8293dfed3f81cdc860d9687526aca0fcda69ef64bafac83,Win32,0.39958143,0.4226821,0.43901026
12d5db876897a5f8b0930ff3ba64e1763249d7ef58df22b7528564cf97e0e7a3,Dot_Net,0.88991165,0.8569828,0.057069257
1495bbea493aa6d0169c3d2fe9adb91d28c215570afb96e181d0a94b8f60558b,Win32,0.31377357,0.31828183,0.43922013
1952c6bf26cb4372a2e46db5eb277835b9cb73dbed382d6902c5f825584c4f4b,Win32,0.4202998,0.31828183,0.4393234
19a007800a896cf2526e4b718b696dbbd351bb2c64db26d3057f4b5004fc082d,Win32,0.46095222,0.29404914,0.43939897
1ab8155e8032bbdffc9c5976dc6511cf98be0686116d279f279b99184434c9a3,Dot_Net,0.88991165,0.8569828,0.057069257
1b018d5ae1cf3b2fe8ca73ca7278016d6b8133fcf42582887c320f0820fe18c8,Win32,0.17354591,0.31828183,0.43960434
23761d994f33e858b913e32939b992b8e3e617c597f201cc63f22048491b9cbb,Win32,0.056756597,0.06569021,0.027254166
24d9371c01c92b648d37585eb3f4ac976effd41cb2ef6265a72145aba023bfd1,Dot_Net,0.88991165,0.8569828,0.057069257
29a1713e4335784779edcd1c9d9732173e8be653ac049ed9b30c45dd76e9327e,Win32,0.16095534,0.29404914,0.43965435
323698168dec658802d3eea7f7da9a983d1c1e9e807a1b5e0cd65d97e376198d,Dot_Net,0.88991165,0.8569828,0.057069257
32e0a0a2920a5972529481ed4b2c840b8b8eb65636d08eb90ee5c7c644719f70,Win64,0.20227177,0.22430123,0.16569918
3325869ef8bd41251e0224300a48c6399469cf3ee98b9853939bc2439c3a6102,Win32,0.27507463,0.31828183,0.4394619
3581f1dad99673a76fcdf8fffd005aa7cac7dfe9876a6d1fb18ec2f573dbc515,Win32,0.522559,0.29404914,0.43924847
35e7471476852afae267fbd151b5ef6b881283116abfb4cc84d36a4f543e9294,Win32,0.30970085,0.29963347,0.43915218
38cf9de8378d65933bdccafd86c8ab03c666b286c348c118e342cda1eb3e17fe,Win32,0.49310657,0.4226821,0.43913606
3cb50c380e274f3877a78810899cc5afb040a9dc10b75e537628e05f9df7b1ef,Dot_Net,0.88991165,0.8569828,0.057069257
41d5b9b90c804477bbe38c995f5f63246ad467a6fc39b65d066ea1b474325e0d,Dot_Net,0.88991165,0.8569828,0.057069257
41e0b8c6ce30b19a47c4acefbac067a4fb8ea2cc30fbbd6898fc6e889e712d23,Win64,0.7826627,0.7281392,0.5438541
41f6949243c7e4360d02e413b87520a6017fe71848ddce8ccb3d8f70ae63226d,Dot_Net,0.88991165,0.8569828,0.057069257
42a6c270077b9eee23b7bdff0020945a07193fbc70f610fba600a8505a627fba,Dot_Net,0.88991165,0.8569828,0.057069257
456f30185bc4c577434fe89b7d968da212dda0aeacd86d7badb7aba2a2c694e2,Dot_Net,0.88991165,0.8569828,0.057069257
482fbdf16fe1de2b65fa58e77fa191a0820a08363f0ab60bfbefd5b1f6b0bff3,Dot_Net,0.88991165,0.8569828,0.057069257
4831472d02b3114c823af78c9ee81960a2c2321c4d442257c4610740e98e85f2,Win32,0.54297304,0.29404914,0.43925205
4b35ae980c74dbf0cbaa6c77b86efffb1f4134b13a6cb3dadbdc3e8466352801,Dot_Net,0.88991165,0.8569828,0.057069257
4ccb44a9393b1f5bc881dad8cd9639a0654b505386f4a3d2f419485182584331,Win32,0.13351932,0.34240615,0.1404072
4d8fb02fa429a191c8d46b5219c6c29574a75196e2cc61d73d8079aa14228eaa,Win32,0.45647866,0.29963347,0.4389668
4e939ec2ce5be4fc57c036b79b79fc8855664a97c43651c61debe678ac5e6c52,Win32,0.29724112,0.019018041,0.008330906
4e9c1eb37d86b13a6b26b831e35fd3734a028e4ab8f1aa4041f53df7e1ec46ca,Dot_Net,0.88991165,0.8569828,0.057069257
51437a5c56ea3bce04cebb6981c76f1afbfa71a36825201bc80444dc637434af,Dot_Net,0.88991165,0.8569828,0.057069257
55bf01e555e039bd162e751fb70a42afc4311bd89761a91683c4ddf30fee9eb5,Win32,0.41326034,0.29404914,0.43929622
570c091fb606107edb546f0b3f4152f438ed841d3268a660f23ee1f9e439e39b,Win32,0.49730006,0.5227694,0.4380063
5e48b7718d040305711d5bcfe094eaa59e154a423349ef859e62f598ba1c639e,Win32,0.36816323,0.29963347,0.43916264
5f4100c565f59c54c839c45f6649cc5956f81982d235789db57b4b01b04848f8,Win64,0.5803876,0.2794365,0.2767736
61b846dddcf9ac269e5b0aaffa0f3b75e8a2d0911d81ead4d7f389a25dd6eeab,Dot_Net,0.88991165,0.8569828,0.057069257
644a68db743291d8c0114dc5991350faa58dd75d50851ba5879e21f14e8a135c,Dot_Net,0.88991165,0.8569828,0.057069257
6d9f30f8c2021f7b79fd5f2d351a0e9f3d93205010b8a815ccf268bf10f2da2b,Win32,0.32260537,0.31828183,0.43922177
6dd54b3e8a27d2790bdaebbbc435a8f0d7d50524b4f3e133a9a8a38d8e8f1d40,Dot_Net,0.88991165,0.8569828,0.057069257
6ebd71250d996b612c87ca8b3e662074bc739ff5d6daf74afee239d183157491,Win32,0.4444894,0.29404914,0.4393116
72029ea72bef061a722559bd9f90d1240311fdc4930c2466d2e1848fb2f37df5,Dot_Net,0.88991165,0.8569828,0.057069257
72f755003672ce4884ef9c26142ccf381aa25259362c8d0de3a17664ffdf7764,Win32,0.56883556,0.29963347,0.43902755
7569a492d193424058603622c5799f668043148bf7cc7689639cf43e7db5da65,Win32,0.19112976,0.0769114,0.017550964
7db0449e51f3dd03f174ee77303b7e5a9d7d4b9d2863da4bc3b54f26ba2a6faf,Dot_Net,0.11395956,0.11694924,0.047196776
7f8f4a8beaa08c1806c3816d00f6ea0bd85da7a549db294ee021d7082b89aad7,Win32,0.44907382,0.29963347,0.4391231
7fbf72725d04b2bec0147daa3d2006f421edb08ebfb98bc578071a1e57cbff37,Dot_Net,0.88991165,0.8569828,0.057069257
81489b69ed0c8e3384587d37be9173b910c736ebc39c1c60a99242e32adccabd,Dot_Net,0.88991165,0.8569828,0.057069257
82d16631ba5114c3f76a1e9892d5a3f80de272b6eb8ac1369a592c07b983b474,Win32,0.03712003,0.0414427,0.05154741
83062ded8115b0d6a3c22fd8d5b6db7564c68ff09135058b9bcd8b9bde395562,Win32,0.43061233,0.29404914,0.4392157
83a5f2474c5ebee9d2be202641387746b583efc049c002e3c97f9b4214b82742,Win32,0.4272602,0.4226821,0.4391599
83da04a8cb5c920f18aa12f9dd7194ff1e336ca2890fa030b6d2b7ea91aabc8a,Win32,0.29894754,0.31828183,0.43987936
87e7c392ef78cf03cdb8ba4ab908a6c2133082b9461c492dabbf9249b67ec999,Dot_Net,0.88991165,0.8569828,0.057069257
89d3505b9708f5377b10b44ee0508f303d02ab76dee65594a3bc0cf05033e401,Win32,0.41059768,0.29963347,0.4388895
8c58edab931d74a9329eb11698e7e7c382330e50d24279407e88b318f915e229,Win32,0.34769738,0.31828183,0.43946713
8dabd5322ded6dce8a0da1e9f3bd853d9b502f31e391f86fc3cf3c997760529c,Win32,0.40224126,0.15853047,0.037634622
8e6a0a5363ce2b3eca24301304022007509b7a8d8768b6035bee2892a8e76d99,Win32,0.3709881,0.29963347,0.43917832
9103d4fac75f430c42a562213778907decc68d6c91a67137289bbdd5f392a99a,Win32,0.577069,0.31828183,0.43933308
99a9f3957218b179fb00ec7c12d6d405101752d0cf504fb515205b12212ec68d,Win32,0.46083274,0.4226821,0.4389287
a16cc5a075cfd97df825b010e32560b0f48ffb38bd030d65f9bf2463213298ec,Win32,0.44718334,0.29963347,0.4391755
a36868d162a87220c7c8a46c0a7542d887b301d16f456cdf375421a511bef37e,Dot_Net,0.88991165,0.8569828,0.057069257
a4f5cd07960b5560f294d5fbd37faa5dd5d58b2b77d66e2bc702080f9aa2ce21,Dot_Net,0.88991165,0.8569828,0.057069257
a535e778367437b489a343fe3da6187deebb84f8ce55507a7c2670e61dba67bf,Win32,0.98715585,0.94821995,0.87986386
a586637374be6b7d0e8f34cb849d3d5c3125b298b0044fa83fee23bfae7ecac4,Win64,0.08190124,0.083542354,0.05656622
a716b98847454cf63775d119ab122421d8e224cd1da93ee4dde1894a049da375,Win32,0.03712003,0.0414427,0.05154741
ad7ae99c98638d818ac18079b0ac48ceddc7dae533f6f071dac09bd2c1ce148a,Dot_Net,0.88991165,0.8569828,0.057069257
af1bb731e1d888f33c7e9aed665899c3cab1205bef33d2939139c7482637f3f8,Dot_Net,0.88991165,0.8569828,0.057069257
b01ebf1cdd097568aa77d56a0b5e776fd3535755557ee3a92f15ca8362bec4c8,Dot_Net,0.88991165,0.8569828,0.057069257
b28bbd1976d701dc23f403fe48b870bb67960e5987b3b3d282d90af92138c7f6,Win32,0.30970085,0.29963347,0.43915728
b66934c999c2a4920eb7eceef66ad5df1d7fa6891a3ba5ac105e3f5731ef3568,Win64,0.23291458,0.22907071,0.16608925
bae5af51084117c4f69891335da63fb90da7c9e8bcae09fb5ed293831df94f64,Win32,0.46740898,0.31828183,0.43924874
bb616113bea3d2fc33ab641ddc6af1a50546e84f772064c1aac6900ea0e57910,Dot_Net,0.88991165,0.8569828,0.057069257
bb963509fbdb10bcd36c4510075cf0f01f77ea6641f3524d70bae6f8878283b1,Win32,0.5153346,0.29963347,0.43909812
bc5b9d16bc058f61d92e24a286df910de44ba8d7ca92b435a331b8ef0dbab61c,Dot_Net,0.2865449,0.1323928,0.32059214
c055a036a03a6069447308eea1886a18fb2553f0357e6f1567b89539bc36428e,Dot_Net,0.88991165,0.8569828,0.057069257
c0aa01c6d9db5e86e7226e4d25be9a31645b1d49a6459b880f7dda8d88674c8f,Win32,0.3908595,0.31828183,0.43932447
c1a6f204d7f59e1e838677432ad17c8723601d96609845b7b4b920d7097af996,Win32,0.03625003,0.047365066,0.32186875
c23bd5c915138cb4e2021531ff51141a794adc6dfb7dabf18f2148f982caad68,Win32,0.2712764,0.32108545,0.43683076
c500752c847636d7baba48361d84ef48532e69741d27e5adca906fd0cf2141c7,Dot_Net,0.88991165,0.8569828,0.057069257
c540cf8d01eda16dc30d4ef6cb85b3774efb471f212f35f4f87f1a8748282588,Win32,0.29431498,0.29963347,0.4392082
c624a26aa2a94cf82c9a98999437047e79719104a6e8da369da249aab9778e83,Win32,0.4272602,0.4226821,0.43916246
c839c3a009f80c1649febb6724ee0fd9e1e6912341cf9589b456f1303038e1db,Dot_Net,0.88991165,0.8569828,0.057069257
c9f385664341d417ea76cf3ee5317892a16fb23f9d228b41df5a921719d98bef,Win64,0.733517,0.7278332,0.5253379
cceb14603f60845bf18c9c74870043b41fac0d2bcd6f89036c0e4f44109955bc,Win32,0.31781203,0.31828183,0.4392274
d0877a91cc8a87e38a2211252d3ca67fd02c3e99055d379ffac4c69da006fe0e,Dot_Net,0.88991165,0.8569828,0.057069257
d14f697d007580b695adaea7859cf164707c46df73c20ba7a98930cb42ac02b2,Win32,0.4272602,0.4226821,0.43916202
da983a8e8c17a77d6313ee4786450509b8799fa5b3e608682365fe208b0705fb,Win64,0.07400976,0.41189122,0.5882011
dadde6eff7d2e92d477cc0c2b3783ba43e18360fd6887026cd5e47fe857c5c6a,Dot_Net,0.88991165,0.8569828,0.057069257
de4c3038eb1bdd07d42755d681cc1dead95f53f3d445ccff5c7f5b847fc79ab5,Win32,0.50662947,0.12603511,0.3030399
df4291b89fbfdef59247fe9af7ab80d8c287426a157b5661d118c60894f02bbd,Win32,0.29358214,0.29404914,0.4392196
e47da4b2a1d774cb92179425807e5df0053b891050c1ea61a4fa2353e6e75dc8,Win32,0.46538037,0.29963347,0.43911302
e57128f62c7784397f311da2e7d42f076f921da6bd063a979d068bb8cb37343e,Win32,0.5210529,0.29404914,0.43928543
e622e37c7a49fda91ba57601db3b5cafc1c764ed3d0cb75b230c76b4edfac5ab,Dot_Net,0.88991165,0.8569828,0.057069257
e7dc270aa93f409b6e64c731b831de13577f181f48addfe02ac4553236668fa2,Dot_Net,0.88991165,0.8569828,0.057069257
ea834d450f2a891aa7cd479e9b4d7888ff1efcc41c66c106942ff15d9c8199d4,Win32,0.36256683,0.29404914,0.43950778
ef72da859c27792c1b94e8d9de4c0484205ebe1e378caa03c629ed1d1202ddc7,Win32,0.5298551,0.29963347,0.43898156
ef72f193dcd0892cc6db7bf3ca2aff7dfbb550f54ca9c6b3b56644af4d4824ae,Dot_Net,0.88991165,0.8569828,0.057069257
f17e3b80ef74bdca7e38525a8bc52979e1d355e730316ea6221a854dda880a76,Win32,0.53558993,0.4226821,0.43913043
f312feace6c6eb8fe8e55d280d9565604963dd1dd7663fa5aeaab497b555d528,Win32,0.43955335,0.55318713,0.5245002
f7ffee96d2c6f1cf3ed6ccbd0dca61621330ce904c4e5655f63611e4f9f279e6,Dot_Net,0.88991165,0.8569828,0.057069257
f92c54003264f88b5ef4c9c95c72cf886c7564026f46d66c1c880f5e7346b849,Win32,0.40990186,0.29404914,0.43922612
fb2e674403e84cf9aa1a1e614014f4faa5cc1148b3f69d541a3bb5e9b266f9c8,Win32,0.50858295,0.29404914,0.43931967
fe87ba39d84bec47b527192b0631a8374369611b4954009596f9ed62d849fe89,Dot_Net,0.88991165,0.8569828,0.057069257
03f958d8de89b35ae7fe428817e6d9e2c6f4e0a867a51e048c7862eb433d0273,Dot_Net,0.11395956,0.11694924,0.047196776
10bb3d7c9d87a232655991132ac164b90f4b30d31a6b6bcfddd97766cdade597,Win32,0.8105649,0.87919897,0.82105404
2363c607c6e037cf211a660cafe7f4e96646e77424dee3c7c68716a54e78c85d,Win32,0.39305884,0.29404914,0.43942463
2459ba9f19bc47d2864ca4cf920c131bf4df70df514e4c15bba5762c920dcef8,Win32,0.4001806,0.29963347,0.4390125
38f9569dcde92204931a0b4e83fc9bbe950e2ceb1209f9c390c34795ce539edc,Win32,0.5334847,0.29963347,0.4390916
433dea11d3e68fa96d5c3c949665acf9467630b15477d93b33a3216c607f7aa4,Win64,0.9980751,0.98270893,0.9486373
43586e26a19d2b5a58d83599780e51b51305e656fcfc42b65695f09eb4eaf081,Win32,0.46483323,0.29404914,0.43943748
4bf1f0e35035e3e5ba2926279f0534bdb9f4f9878e14bdbe763f7622827df75c,Win32,0.39512253,0.29963347,0.4391312
50909be4da07c6e0d2592569510d82da02c8d58a5bce14599221913fd58d9a91,Win32,0.12554722,0.13484068,0.44586405
5226471b54d0da96223ca44fbbb2ed8219ef9c13335fbe2689d41cf4fcd1267e,Dot_Net,0.88991165,0.8569828,0.057069257
5641b18f1677be29257e53a76fa3e21066e475c99ca073a00039d296dfa1222e,Win32,0.53616804,0.29404914,0.43926293
57de0bbca989ef51d84bf36ca431cd7272d1839ec1b4703d879dcc9f27c1dcc1,Win32,0.42608288,0.29404914,0.43928617
5b1b37c341e892a81cc0080c9d41e846858bd61452395626ce3e04560c8e196d,Win32,0.48549908,0.29404914,0.43945906
5e10c924e38999fb66961167ce0d2f5086dc86136270548207537385af673357,Win32,0.30970085,0.29963347,0.43915385
5e23878e1b92ae47ad8b81ce5c64e9fb54bd6791acb29848512475b767ce8926,Win32,0.50597554,0.31828183,0.4392571
663fd46a974a60216e36e9c5dfba078c4f264deeae6ed264b7fc250868a93ab9,Dot_Net,0.88991165,0.8569828,0.057069257
685af37d748fa5949d3f1d107135c232315079f94c4a73de6041d3da61905a2e,Win32,0.6066567,0.4226821,0.43908572
69eba56e4806c858273a48b8734c35f30d54752435062c0b6b5f715043dda02c,Win32,0.46966094,0.62039196,0.35709965
6af5d895eba797712b860688b57c7ead46df092673c61340b018e2b97b49589a,Win32,0.4263307,0.31828183,0.43928066
7313eea8c19ae650c7f3f44e7127db6f7fedd69845af4ea6e08c2e162ba583e2,Win32,0.47397882,0.4226821,0.438954
73a0fa8125e5f9340e9095404681f11ead3343e37655c805c4527a0513e33dda,Win32,0.36901224,0.29404914,0.43935168
757ea0211a88d736f2851cf4627a6bb5bdda875d0d4190a95a415c95d0af00a1,Dot_Net,0.88991165,0.8569828,0.057069257
7a48059e1b4c2c1b3ea5894ff8a0a838733ee51adf3696620c73f80e4732a819,Win32,0.4270601,0.31828183,0.43928966
7c0f02c576ee4cdfd9981b11727f2c20af07289058f39ff718de2c3ecb4e949a,Win32,0.32230544,0.29963347,0.43914723
7e9a765c22feee103a7d382215514fc47d6afefff40e996500bc5ab4f8d44bea,Win32,0.4682703,0.31828183,0.43924373
7eee4ecb7120d725b5d593f4bd3d38ca4568ed72b6a00472d60ca80d71425841,Win32,0.14600311,0.31828183,0.43976933
808e8ddcdd10502764c53fdd60878e5fcfa275fe5e3dbbb25246f49234843743,Win32,0.40499464,0.29963347,0.43913412
8c7a961fdd86aa2f02b9d7fba67b14a20015827cbf6d080202d81669bbcdea72,Win32,0.16254054,0.31828183,0.43955755
9515e6f09c400fa7fb7dd66b644b5034fcbca4706585205f3fd4ab6e14c6b2ac,Dot_Net,0.88991165,0.8569828,0.057069257
a034fcb38258787ba31937090bef04e5c56cd6a7c28cb89ef51073b99f535d41,Win64,0.99497646,0.9879241,0.98083514
a73e56b5cec9e676c47f7c027eb937d8404132c969754c17dba8ef2c7b123f28,Dot_Net,0.88991165,0.8569828,0.057069257
ab893aeabd8f7c79f7391758d225acd00d42f74bad128ad9850af5119938e92a,Win32,0.4539085,0.62039196,0.3577585
abc545012744aef1ee5fcd19b7f9cf3f43f80df0e1aa3d7c48e0e55f0fb5f4ed,Win32,0.48975372,0.29404914,0.43941244
abde4b84af2b5756ef460008e33a2da65ea342f586633d8f60e423b6e40df981,Dot_Net,0.88991165,0.8569828,0.057069257
b17be5e9b4701a0304e00945a1a68a3487d061fe874b51f528d76a214bc5feae,Win32,0.0786872,0.09201224,0.051840387
b42cdcccb051d01c545545fd81495973fdd758c7d5b7faa5d7dd3fa98f31c173,Win32,0.5634695,0.80385244,0.77124244
b47c24ef91a3f74b005d540880a0f1a0c9b1485edd288aacc9bea25ecef208a0,Dot_Net,0.63985115,0.6818357,0.5603769
c22b50a80b895524a116eefaa6f61e455220948bfdd438a98f0f614713aab016,Dot_Net,0.88991165,0.8569828,0.057069257
d04010e017555d49601f9c84d9f4b13ca0a1b4906e3339a4f22feba9d820a190,Win32,0.33540037,0.29404914,0.43937498
da477f99693087a00a981c98f26a38f664793bf544f33b9d706d332a264efe0c,Dot_Net,0.88991165,0.8569828,0.057069257
e8859195877075acef43dcdc9389ca47fc5cc681791097e8922565d5688122a1,Win32,0.41545087,0.29963347,0.43908903
eab59367803f3f67419b233dead27e265350ce9c91ba277edd1f5a0ab2a41919,Win32,0.016318804,0.01930736,0.06641015
ed186daaa63a22d42ace032e3c54601ab178aa1af648fc54f170a3e4b4448a46,Win32,0.527936,0.8370784,0.66650593
edc3b39727c6edc9a0fde484ddc2814f3329734d551d3ba6dc9cad87951b8156,Win64,0.733517,0.7278332,0.5253379
f0fe72d7d34b5cf7462ccd1622fa1af346f825500fe240d26c2db258155d3409,Win32,0.25945708,0.29404914,0.43925282
f801c30ab91dfb4e53cfe2ff858a48cf1697807cfaa5d2896664fe3c79884cf2,Win64,0.87843186,0.91189146,0.8273701
01be5de906f2bc9c4da08236c4389b41cf078baf62fbf0cbe8910b69c2b28019,Win32,0.118893705,0.11541616,0.297572
0a7fcdfa27a88d114f227c2450c6a80cfd096c4d77895c880f17de71415f049a,Win32,0.022999087,0.035717405,0.055588678
0b2eedea321503ea6f487ab9aef59b18f9afe86ac083ae52575475aa2b5e3efa,Win32,0.4839721,0.4226821,0.4389649
0f2cd9d8dde5f4858db2c2761a7764a1e182864371b92fe850fe6d644d5654b8,Win32,0.7884197,0.7378148,0.61948496
0f6c9ac8b9f5d93c90107d5ab8cec65c002b077e915f7241d9268d1cc13baf75,Win64,0.9600386,0.93472236,0.79612654
13d5cb1c928f94179fca5954ff4df982b29041254a03f587b75a4cfc2bb0dfcd,Dot_Net,0.88991165,0.8569828,0.057069257
1b3bd65834ccc5c14e16ad4e57afe2a483240707fdfabe4e5271a36d79dc33e9,Win32,0.9343117,0.80678433,0.61955065
26089aa5dda14ba05bc8c8007f944526211584827e0c514f55086a4b24354181,Dot_Net,0.733517,0.7278332,0.5253379
27f93016efbcaf073be4626b84bbcc163609d3dd7a32e250734bcb65a273b140,Dot_Net,0.88991165,0.8569828,0.057069257
3007b9ca5d766432ac14952bf36eca45d3374f3f2148f26a64ad9d9117ce7da5,Win64,0.7657686,0.7345906,0.57136184
33cb541e461b384481b944d59c56896a49d39dbabf64955f3a4e38a2b24106aa,Dot_Net,0.8247113,0.75036085,0.53753024
38883f5d6e4da9a576fdafee29c1625bd72658a987472cf5b32e209aa8f35dd3,Win64,0.96937585,0.93506163,0.77581173
3cc928537f624abf54a18140e54621fae59c50be83a3837e4d559a448e14e056,Win64,0.5881653,0.4239515,0.32039544
42f5716e3add695fa39f493e6101c80641a342f9e6780c840bc9d00b64bbcf20,Dot_Net,0.11395956,0.11694924,0.047196776
435bf5037222d589696eef30c3192ac17b1c9cf96afa3c675ea72ea2cf915e4d,Dot_Net,0.88991165,0.8569828,0.057069257
43b56dc6e1dfa95b741406b64bede4b6c9cda2c3175110e8ae3dc973695f0955,Dot_Net,0.88991165,0.8569828,0.057069257
46cc6287ccf5ab9226a148ec39ca72ef38c0be48a8289ce9b2f518273ab9ad7d,Dot_Net,0.11395956,0.11694924,0.047196776
470fc4f666ae118a31b3210672361fb3b4c8190ef72f204b5fc23eca5430b9b1,Win32,0.5004076,0.4226821,0.43866718
4805734153e5b0372bc02faa4e5f764b86957732389aaaecd7ad157a512e65bf,Dot_Net,0.88991165,0.8569828,0.057069257
4b636c20a537b27734796e2637e2070bc80072327971fa0228047d9e70612ca6,Win32,0.70921725,0.3674546,0.29099718
4e1aea3df8c464ad67deba1ee8267fd2eb0ef76b81e0d61ff77401eceb551800,Win64,0.733517,0.7278332,0.5253379
4f285445cbcf07683eac65a4ee606198160c2f66929e700972395a1ec7068d82,Win32,0.06953307,0.07978989,0.06533749
524975293ae5be813f992ea43a23419f4f348f94e332d661635b42a765e09267,Dot_Net,0.86867815,0.8660256,0.9064099
591d4825ef1bd0013bebb93704f47a115b750d8596395dc66c731b7835108a97,Dot_Net,0.88991165,0.8569828,0.057069257
5cff4135e8b4ed686b7c09f9e9988769d0e3695106e2e50425d709c7d65e9209,Dot_Net,0.88991165,0.8569828,0.057069257
62da2b934420e40860b6dc99c1976453856a60deff6d5931918dfe91995b2e81,Dot_Net,0.6357819,0.6861592,0.5619743
632a6f1e8aeac5cd1090ad4f8ac335898629ae63b7560df028bab400dcac3c35,Win32,0.40822744,0.29404914,0.439436
67ac22add0ccfd66a3234353a77adc7a656fe287fe981b5d70244cce05a41df7,Win32,0.53194296,0.29963347,0.4390321
6e7f843a9facecae542b4a199f2ae1444661df5132d940c55d65fe16fb61f0f6,Dot_Net,0.88991165,0.8569828,0.057069257
7096a5885d8ca68cc77834ac3306ef3907fe202642a7e45e2c44638207fcc66c,Win32,0.7103733,0.2953533,0.28992835
71d304157918aa878e67ed16128c562a9dca1e77f2bd892fe0be7d10b7c6ddc7,Win32,0.95229423,0.3674546,0.29043713
7294ea342cf73174aaa9cdc3bb0474ed1d94034c99516c1a2172f9232b512378,Win32,0.47627577,0.29404914,0.4393218
8b465cb92860b2a9b66d1839438c38f0cd67c5540d2edafb8046b8c377d1b80d,Win64,0.9191398,0.9363034,0.8968456
97d9820a5639d0d905f3c1f546b9647967abc511c583340601283e46abea49d4,Dot_Net,0.11395956,0.11694924,0.047196776
9929a47654157cdcd6d67653f5c5c0014e9570cbdaab9cdabd4f01923c440b48,Win32,0.37408084,0.29963347,0.43912113
9f62d11c5e8f3f136db91a4f1b84a5b4799a246a70607de6ae9e50bb4fa015d0,Win32,0.46667945,0.29963347,0.4390666
a03ccf85fd6007cb67877a30bc335a743c63be6198048d3e4e5fc088edf39341,Win32,0.1012228,0.06464076,0.25060233
a2908165710b2658c7f9f104849f59e556fcc78c0a9c1308ceed3719d1038398,Dot_Net,0.40173587,0.49711496,0.4628477
ac82a9b902b2d15df8fd70c7d2d19abcce5f0bb9b9e9f1dfcecb74eeb2249896,Win32,0.7905574,0.3674546,0.29086393
acf38294e0236ec31b323cdbdd6385830396879408ad18a6fe6a65b6949fbc7b,Win32,0.31911215,0.4226821,0.43916845
b0ec78ae7df04a0efff75cde32c2d78da2001e3440950f0b5c40f9a5062cf8e6,Win32,0.95413905,0.3674546,0.29036102
b2eb9dda1c8cf6585eefd6448303c0716353c9e482cbf6db4823ca0e325c0d28,Dot_Net,0.733517,0.7278332,0.5253379
b74af4de4c7b2cc7ef55871ac13a25ef7c94b447286daee760ec2456692a4829,Win32,0.018516984,0.20549531,0.0926888
b91ddc766931a910556a215d1df25b3feabdebd56ac26274c464b9e41e15ec89,Win32,0.42049572,0.29404914,0.43927568
b9337cc527b3661d014cbe6cd9c96b483a2fbd8de84bfd74c52198ae513ae32b,Dot_Net,0.88991165,0.8569828,0.057069257
be119b4cd07e93d7bd467748656dacaf93de43ed630730dbac59fbbd59317517,Win64,0.75675887,0.764777,0.7335966
c75f8dd8cdd51f2261d6ae51ffaa72620a097788bed413e7593094178000dca1,Win32,0.9397772,0.3674546,0.29059482
ccb8df5a611b8393d38bf4ca820dd787e1545e7d2a43c53b75eb96c767a416a9,Dot_Net,0.733517,0.7278332,0.5253379
d0c26fb99bf2ce666db533447a36a7f244e815f6459862613fc9f00565157295,Dot_Net,0.88991165,0.8569828,0.057069257
d2717be98635e492c1b25c65f1d42168421f73035752dfbb88f41d7a923a4eec,Win32,0.4059705,0.29963347,0.43892223
d42492a322702659f63ef06d3f9d9f58bc03ad6443259fa5ba063f185f242a36,Win32,0.4183719,0.4226821,0.43854818
d625c27d4bf775ba3a2d20d00759bcf72bf947c3579f16816901b399928fb512,Dot_Net,0.88991165,0.8569828,0.057069257
df8922bfe2219b1c83a820cf831852654a7fd77cd834be37e5591659364164aa,Win64,0.9190814,0.85242105,0.7997289
e07c706cf10515aee5e6a9219cbd32c978ec80bee2531877c60203e633079b17,Win32,0.36934072,0.31828183,0.43939102
e36017c9bab5b36ca0ea85afd35bc912ada77a3844be24eef9fb04aba94c7618,Win32,0.45098963,0.33091253,0.4430425
edc79bb0b1971ae4aafefe8eaf04f8c6de32e98bf30f07b67d97b0afd850cc58,Win32,0.43405166,0.4226821,0.4391681
efe4a1de0e58aeda00c01d06fcc277e928478bcb83501de5d6b7d3a6d5ed3f4b,Win32,0.531391,0.29963347,0.43904027
f8f667dfecd8972c1752cd45359b2acef00940400ba3401d8f709520f1899448,Dot_Net,0.88991165,0.8569828,0.057069257
fd8059b06f53e9ccac53b1252698b0c7f70f6818c087b984d4422ca1f6b94ea6,Win32,0.40750706,0.31828183,0.43934107
007a98a9dac8ccc34d6fb4ee6cf34188dc6c0bae0fc507115e64b19518b72e50,Win32,0.72659516,0.6351104,0.56085944
008609a1065fdbb57acecc353dbf2cebe42c6034aadb642f3d35c291c15035f7,Win32,0.6161169,0.41220316,0.40164313
02056fd916d3130a96ac54773781957ff765338053c6c0ff1d061d65c7d91d4c,Dot_Net,0.11395956,0.11694924,0.047196776
028e0690cd940c84c5035776dd69458ffcf99e072b1c86f4cdfb5b337c8bb722,Win32,0.4230601,0.31828183,0.43929067
06911696dd81274018a8ee730957accd088ef407053ae8b1444d5db8b4184bd5,Win32,0.95413905,0.3674546,0.2904206
0cbcb49387ead8039197cbf6cc8d065f8151bf3e2412bf1e8c5988532c0fe4c4,Dot_Net,0.2878169,0.114414394,0.34509864
0eac1043d9c82efca483cfb8d888fcb9faf95000010260fc5e617d462525b07b,Win32,0.3226397,0.29404914,0.43926188
14198fb1e0143f4a2724ac77ef50ba7ff2105e2ed53ecf3f610dc01fc943b806,Win64,0.009367096,0.005472824,0.0029188786
243213952f030995b1403e3e9233fef0caee44b132389da71f53bab3ac7a11b5,Dot_Net,0.88991165,0.8569828,0.057069257
2bb7239c87b8f7eb6ca576e199caa6429d24a4a17313567f3f346d04695ddaaf,Win32,0.5441828,0.29963347,0.4390072
2d653ad13e9a99bcb311c6d61d8ea7db8baf9bdb93be0fef41ee201b93f2eacf,Win32,0.30588025,0.4568449,0.08588745
30c7b091f1637021b435b6c099420e170bc2fa3bf37aba14b6ab4d8057e763da,Win32,0.33358878,0.035372768,0.1917943
3a2e0c73f1ff6d830bb2a8f6c1348b1ea3c1e8487bd0d41cb84eaf2733b3f899,Win32,0.1695452,0.29404914,0.43953878
3ba07dc72f5d724beb20afbc3f7e625b501904f460b66a8cf7fe09197301dc91,Win32,0.92128164,0.3674546,0.2902136
3bcd3bcad772a9dce4cae45add60d533ed49c2f49fa989c6553c1d33d5ab5de7,Win64,0.93451625,0.9493391,0.8235587
3e1f1ac3bf7cf3a50af219a56ab99c07550cf9507a75b0a5b359c28d74e41935,Win32,0.53721696,0.29963347,0.43908867
3ead8966067e7fc8150e4d0c57722529f0fa12625a1f38cbec71ea051e204bce,Win64,0.2125275,0.20162383,0.1644069
431522cbfac93d2982504ab8084f9e6b72bd9c26d686379e91478ced05bc3352,Dot_Net,0.88991165,0.8569828,0.057069257
4ea555b5806c359b1cc89fffcfe8aa23b41f94ea0662cff3626378589d93d73d,Win32,0.51392937,0.29963347,0.43907604
50606b38ed6452d7a22a857f30b4f05e0d4b24351b838e346f2e1b603f03004a,Win32,0.4204427,0.4226821,0.43899903
51477b0505f347baf8c2760e9cfeedf072ba97f410c71de730fa8719998de470,Win32,0.450672,0.29963347,0.43912143
54dd475806dff5562a21c6a1610cbc4e3e84abaa04721f07242151b8129f5003,Win64,0.28598708,0.20162383,0.16361986
5a9fca649166ff1882691ff58db97f4d52b129ae192d7beb06dd4bd6333c8457,Win32,0.38088745,0.29963347,0.43909934
5c23fe98d81c51285e074e96e80d21f9bd9205442ad86053c674da3820538a6f,Dot_Net,0.88991165,0.8569828,0.057069257
6036dcf2ed5eee35916028298c3293555756132f98f9be59f5afddea36c14581,Win32,0.39774853,0.29963347,0.4388766
627b8a3feb308b55dd2a45f2d573287313732e79623053337ccecce17b543da2,Win32,0.43932182,0.29404914,0.43939507
665826ee0930a657bdf56540db6d9ae8daac77172b6cc256ed73fd0465175cc8,Win64,0.57961404,0.3620321,0.43921676
675b5010b8f21e083e6460f40c84cea3e230d4a47ccb54a89e3e99b7e372d512,Win32,0.43777394,0.29963347,0.43899864
70f1d01494c3364e840e533b8e84721ca08918a77d0e1782db46270401d27318,Win32,0.18308754,0.13598305,0.2517414
83f7d96a0f58cbdb93a83357fc13eb6e9ad70f6b12fea88d8ba1847a7f94dfcb,Win32,0.8434412,0.36337784,0.39960396
8b6056fda38645ee9d9250908448661490b30210ddab8d76c5d877e610ce3f59,Dot_Net,0.11395956,0.11694924,0.047196776
98548588170499d6ac515a9a01081007c9778ce8a77a218f8098feec421baabb,Win32,0.43061233,0.29404914,0.4392199
9db1cab9b5d9367989743ea007c7dc57100d5715d4f7d7f794560c8ed9925423,Win32,0.43467358,0.31828183,0.43940338
9e45e254085f4556d59b2541e53aa556b73471a0112e024c0cdfc9f0e41db774,Win32,0.0005677422,0.0015258968,0.00587305
a4c773cafc69a318e66bd7b214f8ddd3237fe7b844b31e163ea64db33c289544,Win32,0.3137727,0.29963347,0.43920124
b57c6f1c43298998272779239172d5eca290585eb19c0ceb2237e7b4eed56e67,Win32,0.42711067,0.31828183,0.439283
bf0dd275121d02c812429ec2c41fbf9d0eaf39abbc78e4b3660edbca259f418a,Win32,0.3172066,0.29963347,0.43905815
d8cdf3b24fcf047f78c347ef6baabfa5952116b18a5cf6faa6cfc7007832532e,Win32,0.46074703,0.29963347,0.4391181
e507810f2d17fb49decb4ae54ecaceaff30353fec987df44815d35e7bd7bc1f4,Dot_Net,0.11395956,0.11694924,0.047196776
e8761cddc75f5bf427e403d635925cd1cf2f24accc320b779a23fd4e4de7cd4a,Win32,0.669641,0.65447146,0.5312675
ef52f919a585648ee1d639c285835b83a0539b6b6f30c7273a7f136998f217fc,Win32,0.35872367,0.4360403,0.3191299
fa3e1c518bdb698b450482d6ecd1a437c8021982f64c08ac89a6b9c499851af1,Win32,0.5845575,0.4226821,0.43902144
fea986f0e008d1a351f8277a6df2e8c75ff2266827bdb572eb08e1841b9022cf,Win32,0.44273278,0.29963347,0.43896088
0203b5dedae8940868a97678985fab144443ec9a366e5133e70ee4e7f02250ca,Win32,0.36298802,0.29963347,0.4391612
0253fd7690215dafad5b59cefe9f41744365c7748d53742f06323f306bc4a4ef,Dot_Net,0.88991165,0.8569828,0.057069257
04c0595be69da7fad2ba6badac3f329b06e1332ad375de2869eae9af1e1c8a7d,Win32,0.5334847,0.29963347,0.4390913
061115984cfda44d74d0658f0325f04136ec086215a6b8ec808a0eea5bbfc769,Dot_Net,0.2104214,0.08605677,0.07633612
070a7dbb5ce32dda515955937dbb6880c3c91a49ea3e1db8ab4bf70f7fd30d20,Win64,0.65241885,0.6979416,0.60831755
074dfce64c3226c8e2b0014de4d52da8e6f4fa34273bc67c2d0ad0aa93137a47,Win32,0.17209102,0.29404914,0.43982428
0818c6e211b616a01b9a7a84782a682d07da769a0c53bb13a486cf0c943db37a,Win32,0.32846174,0.29404914,0.4392555
08d4508689774d5aed06b531b3122b2128e81a348c82602ec017b584aaa60880,Win32,0.47289857,0.032562125,0.18168479
096f7c88034645a3b3a512e71b1f62c0e135f3698a8159dd74e7353b66fc31e7,Win32,0.47044158,0.36337784,0.3997057
097ef232bca4b369ff5ef5d390c5f24522cb3c02c63f491df8fcffa673059762,Win32,0.4289982,0.29963347,0.4390158
0a91cf132edfa2ee3bd3c44336588d2b8d7d2f77cc782efc9fceb15413ae570b,Win32,0.43915626,0.29963347,0.43894154
0b9c7aa4e8f71a96b6c78e7b8458be5adfe832a6f5ae2a0245eaa131c0843bee,Win32,0.021391144,0.03754465,0.07518556
0d2bd71d6e00bead8053baaf308abb92da6d3693ba8206daffc5ddb647abb498,Win64,0.9230567,0.7656515,0.60857326
0ff5d0ee972bc9ccd0bce34f3a002e271aa2a1797fbfdd082580c352900e041b,Win64,0.004099927,0.0050726193,0.012849652
10efa43bcdb2c99f6979412e2b355aa2db6faf0883a06f83e55b576db1aff25b,Dot_Net,0.88991165,0.8569828,0.057069257
13cd4e5db1d8e9aabc9001792a20fe371253edab1a59237fbec7c789aaa51002,Win32,0.5082033,0.4226821,0.43892547
15d104f39c6650217dfcc8c6d7f3360ccc8ac99b287f585042c15c6b1c814869,Dot_Net,0.58540106,0.5253034,0.09099922
1670ed907844be7875c2c0105860508cb46d07db56e23b5d5d953d2f88af10ba,Win32,0.3329084,0.60465497,0.17302273
175f17cfbdf025a28504f6f1f3f4b7da9075671865a8e97b38322f8a011548d4,Win32,0.44925055,0.27766356,0.39692324
17f25c4c56931b80a468833b4f522783d2017318431d9a5f52d19878e2a3c635,Win32,0.116410084,0.08325826,0.25348428
1b0ea4b6fa207acd2f0a0cd6a003f9efef21e199256b4c4ba77daa08e77a8a1d,Win32,0.9124434,0.84920436,0.8463036
2178ec232d1ca7756254cbde3eabe00e2e83e10ef10fa57e0bb21382e8e78347,Win32,0.36280993,0.29404914,0.43956444
258a344aa5c7d283b14f1100e57466adaece142039f8f9aeea12ad7b94313972,Win32,0.07895024,0.31828183,0.43967238
27cd137de39bc2673e7de042432964188f631932f70702fe810a2b160f5dcde4,Win32,0.8366482,0.3674546,0.29070434
28fe68585f29c7c33219db8057f4a5c3f64f6eac7ab1f6980eb34625affce189,Win32,0.036340244,0.0021454745,0.0048948373
2ab58dcf848f9c770fb929d9f56e5bd32f396657f735f54dca3306ef8ab09744,Win32,0.53955203,0.29404914,0.43926188
2b45c64b8fedac23a5d8ebbb873f9b3bbf562411de79a9171cee544df3bd010a,Win64,0.81306046,0.77710617,0.47096014
2c5343702ece932096bb048b1253efc6f8a06cbd2cbb086f75133d37a1d7d8f2,Win32,0.35434175,0.29404914,0.43935752
2da3238b194b586b470d3fba261f7bb177cd456e76feed8672fd97e3de28c0ae,Dot_Net,0.7440017,0.48149425,0.37675017
2e88afb908c793b6a84d3abfb6abad200aeeea8140fd0d3a1a69aed5260fd494,Win32,0.03712003,0.0414427,0.05154741
2f35c5934cce54b23e3815302f0f79ab1ea14aa834050345d85daa4e8ad835ae,Win32,0.32824743,0.29963347,0.43917385
310c723d12906648e09d0d452e023d343291f8bed4edadff1df7c6edd14f5525,Win32,0.5062537,0.29963347,0.4391028
330203b2fb546375ef8c0fd285d29070da9636494dd3a1e21fbd897c147a0cbc,Win32,0.29358214,0.29404914,0.43921846
36d31ed5b62c58eab1339c037269be27915f11cf3d34d8127a3d0a91494143f1,Win32,0.58945394,0.6042128,0.69166106
38487eea6b2e157b046c3eb697bb7acfffc60f3d5e03575b49b4ef08ca1834fa,Win32,0.7795077,0.24443232,0.29286778
3cfb6267deedc6d17fd074d589c0e1c3001f7bfbd8b46a46ecbf72affffbe1db,Win32,0.6850327,0.81006557,0.74642026
3e32653de9258bf36fbe4ea475ef61779eb12bc1d1e281fcf022373777c81abd,Win32,0.48269263,0.4226821,0.43891808
48c8044034b5a1cf769761a963143b09e659207b35b1cc794b92ec093cc8e947,Win32,0.5063889,0.29963347,0.43910703
498559b5a583d426cfb369f7b170267fe87f1486216521f6229364536e42411e,Win32,0.6541572,0.41539353,0.40069625
4a7be7868205e1714d8cb7e4fc55837203b68b0b67855a72accce4c3b5c88a47,Win32,0.6114314,0.5867875,0.6297371
51f68cfa5540e9796036525fc327a796f0e44b0ff9cbd8e4bdfc808b66d22086,Dot_Net,0.88991165,0.8569828,0.057069257
566d83d7136d88588c202c4018f3041395ce26cde3e46b9781d3d2f979283e66,Dot_Net,0.88991165,0.8569828,0.057069257
601a46ddc4a446414a69f062b5802e671908b15db1c02ea67d1ac7b14cbc814f,Win32,0.5028586,0.37593064,0.4004498
622dbe9238db8bc2b1e6724865dd48079e9767a713756e3222bc81c862dbe9d8,Dot_Net,0.8290027,0.6751299,0.36765656
6780c9c07832dedbeee44cf751c0d708b0d047d56bca334d6de73593b9065780,Win32,0.3859652,0.4226821,0.4390484
6a4469d41fb1302f1beaa352766e5b867c2da7c29d3aac80dd33919986b4e03c,Win32,0.8938958,0.5208138,0.29201713
6b8e2434690d92b3fff6baa9b8a0e480c27a73a3d44e7eaa397af81543bd4e1d,Win32,0.36847767,0.29404914,0.43934897
7afd3b3a6b3fdf4ed76bca3ea5907f95f7d6388532d12a070d454e48d2b2ecc4,Win32,0.5269168,0.5227694,0.43750083
7cf6c143d8dfccb0772d22a11e131e162e19dc24fd3e42ef6eefa28460c0c397,Win32,0.74540246,0.24443232,0.29332587
7eabd638119f77e0694541928a84b95da75bcafb8f423e100a70e0d1fa6c6e88,Win64,0.82104623,0.8666022,0.5385404
7faa550c18c7f45906a7aa8a8d5fabe0e87c176eebdcd3939063bcfd3a99e57d,Win64,0.6484527,0.6293916,0.5290907
80ae5174cb9278e4058e3a451229b413de6df2915d2e5d4027fa0ed44822c9e4,Win32,0.091821074,0.29404914,0.43965232
8111f4b7e2604044b9ffde1799ca2254b520a98d888abb65a5b7847fa69509d8,Win32,0.13008577,0.31828183,0.43961713
8d0a839b3ed559041d75db2de15a9ec32d9a91ae6734eee4fad04d9946cd403a,Win32,0.44812155,0.29963347,0.43904597
8d147fda2b0f85d03278d407314b472158ae70595ccf5ede87241891ac0f3e1e,Win64,0.030649032,0.043077067,0.053107183
8e93994e1332184c76de32d23dd342a0f15ca2589d3ed0e4fd381f0c49086fc2,Win32,0.7103269,0.66415864,0.5261134
93307d8cf2c79fa5140e1469eff52a65263d41d978293a935c05e534425b3536,Dot_Net,0.88991165,0.8569828,0.057069257
95f073355b2e661bd8659e88e6b0da30d86520819563cc7c853e9af027c408fd,Win32,0.4272602,0.4226821,0.43916407
980fd4506df186d90573003941c299f894decf9cd33867bc220f5881f52594ce,Win32,0.5150365,0.29404914,0.43949375
9ba09dac01af0a3284514cfb6378f4116dc379059df4768e4ebd4920f84b9461,Dot_Net,0.010826237,0.008877202,0.06439506
9e15fc8dede41d551d7db5f5e2efcbbfc3a9b3dabe02263f3d971e3d147285c5,Win32,0.3808339,0.29963347,0.43914968
a02ebf06c46b33d5af9495625e37b35dfc3e2ab3361ce42864083299839047b8,Dot_Net,0.2086284,0.21596222,0.35233632
a3372f5d79560baf1340de1ca65a39ff30712d3b5c9449b330e11dc493dc005c,Win32,0.9747079,0.7079754,0.2920921
a3a97e9e027f381b5e6a3bff26c1474217e1a58c231da83905a1e3f300f84077,Win32,0.43780056,0.29404914,0.43928137
a4c3cd3fd9cc7253f4a32be0271ea8e2da5dc9a6aa62e64e60eecbe2d2184e2a,Win32,0.53820634,0.4226821,0.43912748
a67a9cbf51460e9fabdf12f4761a11d9e82834b4131534351d0f47589b6d0b08,Win32,0.521028,0.4226821,0.43896216
a8b139356c341d036363914fb0a0c1d3e82fc873bd9f9957a70bccbbef8b22e9,Win32,0.30911666,0.4226821,0.43920073
b6b0a9a1a49b1356c65959f7211aeca900b15b2750b8e93781bfdf93f79fddb4,Win32,0.48156378,0.36337784,0.39976197
b6bf6f4ef8db8f3cb2da771697e6021eee4e1f8ca41a3adbe3dfc687973cc182,Dot_Net,0.44465852,0.35023457,0.5235788
c01911e3fb127ff880ca0eebb8f3a59184f6e6aa5a90b029925d27ff6648f72b,Win32,0.30577272,0.29963347,0.43919578
c4de3c9a4d1d285ae2fbcae1fd211eb3d4ff8efc7995abbfd0cb45a5ae7e7206,Win32,0.9434371,0.3674546,0.2904071
d525e88963cd5212273a65e48401272dc7b70f1703265ca9e4f8b510b2f1d879,Win32,0.4439376,0.29963347,0.43912768
d6e61181d0fe0c10b10e19d3871ce0ec74736236eecfab6091ba948e8b059e10,Win32,0.21645197,0.034030214,0.02214912
de09954b0f116c046c05005f525bc354e06bfcb775f7b9be47ac053f834a1ae1,Win32,0.38555023,0.4226821,0.4391593
dfb3cda09d7e5cabf3d59145e92eaeb181ee5551c445db8caf75affee169fe43,Dot_Net,0.733517,0.7278332,0.5253379
e760f784f12e88a6a6a387e900b69fa23e78f08ec8f177799b09bc72284df15c,Win32,0.16721123,0.29404914,0.43954083
e8b20daeaa2d4b19e6905fe32859db16d5018befb18a177388bfb5dd19523128,Win32,0.54564065,0.29404914,0.43925378
e9ab003025d227e5120f15d41eefb5be9610a22edb6ecf1b7f362e246483a6fc,Win32,0.3239492,0.31828183,0.43922365
ec282600a7452ba896e60f8792802aa4fb7be330edf3133b3896cc0371546dfb,Win32,0.25060388,0.4226821,0.4387635
f40ae6704c9b089e2bef77a39ffb156143a49460b85cc110ee717f25167ca9b2,Win32,0.02138459,0.08706337,0.030868897
f49d85f5c57ba748e57870a06bfa1e5f171547b428dd84d501cf08a5aec610a4,Win32,0.3007166,0.19023399,0.17303105
f6a6cfcb766212b794fc48085d55d90f3ece3dfa979c2d93265e8b054b94f36c,Win32,0.2353804,0.29404914,0.43962163
f9158b4d423f572cf208e535c512e2895192e873ac0df46125b1a30878c64faa,Win32,0.46674427,0.29963347,0.43911004
f99a7c25006e634cc54577dee781c5a3376b8d530769b14ce726048713fd354c,Win32,0.9112493,0.3674546,0.29052246
fa7a7f15bf6a7d6480ca8fc07c64423d6dd69a7fac45a5b373fbb04bbfbaaf75,Win32,0.8958947,0.5208138,0.29203323
fc000a126fe4d75e0e3abf49c9f1acd8d353e212206c581c082478f49d2cef3b,Win32,0.046716295,0.046159163,0.036129486
ff1fa49d6c9cb7e26d6e389a44c5d841e9926c549104e7f9d14ddf1fe5f04d62,Win32,0.43310937,0.31828183,0.43931454
00042982d11ad425927afcdf52ddc429e4fde3132ee37c151924ed830c360aed,Win64,0.009367096,0.005472824,0.0029168557
013bf6100e76639e330fff1e4a451df23d07a316fe89b632c67d3fb5be4ab8b6,Win64,0.7735973,0.65159786,0.73459965
02639e4920ef241e511c78ab3a02677cf8069a698d5b956d6f17cbcb8b08b6fb,Win32,0.64154625,0.64273936,0.5307928
02bedba778eb1ddb28bc6926962685664ad77a5c7194c025d61db3096614ce35,Win32,0.9344428,0.7079754,0.2920101
09b793efbab2b7cc6d6841905d83b7777d0bb57c4cc4b5e15ed428e14ead0b2b,Win32,0.31377357,0.31828183,0.43921766
151271f18b3797290ac9ad90f02b851b0924b4a59fab13d22eaa1cb567584c38,Win32,0.49310657,0.4226821,0.43913615
16f3280ad51780e0c122ddfd4f5a8f96cfdcc4552f4666c9730a9932fdc4cf84,Win32,0.3050508,0.29404914,0.43922463
17f917c0244bb0cb99c263ccb673ab30e9974713d6db59ecdaf8ac476cf261f8,Win32,0.5223641,0.5227694,0.43793088
19725df285803af2ef820eed7702ec44fa3aaadfafbf668565f84743a9830aee,Win32,0.906256,0.5208138,0.29218006
19d9dc295fda19b6c10fe6344357123104236eb8933d5ca148397cc1fa1e0ba3,Win32,0.99558365,0.8467474,0.94799316
1a57b5c2974d4b2c7d1c1ababc56644da6686683ebb9df33d2262d325171ca1e,Win32,0.78616947,0.24443232,0.29292694
1ec59ead01a816ed9fa80d6a7556159471297a1e8fee9972a3ba4b986fde59c2,Win32,0.0050362726,0.010227439,0.042082954
24f59a9462a852af42b924fccb569dcceed239de8f91b0d5dd1fb4d1cb2ddb99,Dot_Net,0.11395956,0.11694924,0.047196776
2674b70f34f703cfef1bdf4447b90d0a4898fa9561ae6cc32aec894762ef187a,Win64,0.81026083,0.77710617,0.47082543
2f50090e6e7622124740d2d7eeb308ca9dccdaaf62f2f80f28584f6b8c4402bc,Win64,0.13704087,0.17949077,0.19456704
363b86e465d0c17953cca03a574aeae7815b152d7c71e049b854b21b31c8edbe,Win32,0.67493916,0.656617,0.53153974
365f5129698b37da0b4e8d9453a28626bacd95be21e8030e0c982f1813352e8e,Win32,0.64218956,0.82181364,0.2904956
3734f0b4e515b86b5d5154adf946b8328c7a6c2d98a61523e3ba6134157e2f32,Win64,0.1249066,0.0026715116,0.034894194
37a11c2c549ddf39dce772fe8e2cec3b914d63666e82175f9b3c62c198b01f42,Dot_Net,0.88991165,0.8569828,0.057069257
37e58bb8136c2da4e7cd43afdc3dbac971925ad4742237777ead0f033a12cc2e,Win32,0.048961055,0.17426784,0.40904033
3842ba7c493d5b7f8d4e5298ca309d501e73110491e022e089bd4531b5940924,Win64,0.16320524,0.171226,0.1804265
3c276a2c114a3a4b886245dc7bf1020d2907e16f6843d64a74715fcb683e9ef0,Win32,0.14209403,0.040591136,0.024640743
3cbc9fe30fce85bb2d384684c47e4ffe48b5cbb2a0bf499f5dd0b5e576efffc7,Win32,0.45303386,0.7069105,0.10076014
42cb9cac7c81c940c543b15c98c11e3dd3e4e2c83b781653acabdd7225e1eeca,Win64,0.19718695,0.22583477,0.5688734
4679a73311e38e39ce23486128c02d62d68d57542b35cd93f6fcbdfd47d62df2,Win32,0.866635,0.5208138,0.29199618
4729b9e41db6bf4aeec33a5da55de5e2024b6768005db531ff44c28bb65b9258,Win32,0.90772283,0.5208138,0.29205933
4884717e3b489829fede470f528adc6cc74a387d950c498cabaa8fa788af3f5a,Win32,0.966276,0.7079754,0.29239875
48c5cc8f1d62724d9dcbec4fca01689d3bb38da8a00eadf024b7ffb68f658a7c,Win64,0.87334764,0.56406486,0.7044211
4a8807c034ea3db450c7df6f76a0f7b58930957b704a6c1d202069e2528eab5b,Win32,0.21252286,0.4530392,0.35217717
4b342be3534f0b5fb4ee7743c87d9bca73ee13627114de0039548e81a10dbc60,Win32,0.0050362726,0.008595151,0.04156741
4c15aac3f9812b2daeb3f0e8683608539b712f9f6db1919335de3ad14b86ad7a,Win32,0.895056,0.7992073,0.7808999
4df408dddb9297f191936b48225ffcd5ead59be1c5b6206220056171d3649db3,Win32,0.972709,0.7079754,0.29209942
4fa9f6feeea7256151bf456dfc4b0dee0b63aee0ab80e9073a8e5aab9acbf135,Win32,0.65307134,0.5208138,0.29186028
51fa56a358674741a562c6221873d03a5a47fe8b04aee8ddc62a9752ffaa5260,Win32,0.90937436,0.8266391,0.7876867
578cbb3569479fb9355d4ebe70d52c073cf80929f799ea178686d979f4599fb9,Win32,0.10650841,0.14173794,0.061823994
5a866bdc4ae9b8e7166dd159be8408819f4609ec760b472238b32723763cb2c0,Win32,0.047002167,0.030586751,0.08687934
5a914b4c9869518cc6f7c44866e2aad472dff90ea8cc6af29516943d67e5a959,Win32,0.5648758,0.60113025,0.42103407
5d721e7a02b1235e01a218a8c714b423760f636511cab5bee77c00780ab74174,Win32,0.8517339,0.5208138,0.2919963
5d81fb1510a7120e90c23ca3aaa0bc5626f62b19d6565ab1edd405dbd879e9af,Win64,0.9425572,0.8296163,0.73959035
5f6148e77b32102ded640851cc53f23b8d9359b15b036df26ee436192229f1d6,Win32,0.22049174,0.043496177,0.025529182
6341a77f684d29eff7e518f7b106b94448c47d6aaa883ac0232c9aa8bf881924,Win64,0.7404207,0.7679916,0.5753519
64767dcc97f891924bff3938ed6a813361c7539e2c77af22b8e0e0f68599c831,Win64,0.0052662417,0.02898779,0.029175032
66a4d7b1c0f3bc80308e5775ec32b01c9180e4297bd21300ee942dbec49af080,Win32,0.22287735,0.29404914,0.43951637
7305ca07331e4c42f4e85115ce1aa28228b4a3eaeadfca7940d1143e584571db,Win32,0.3568436,0.29404914,0.43935317
777cf595f3724873ebfe55ea03fd6a1ea386085ddd3334abcd536f0f8ccb55ab,Win32,0.33358878,0.035372768,0.1917943
7807f3749f0422160a06c1f09f2b5f603e1e4062d993e4fbf3641a4a443e0870,Win32,0.78616947,0.24443232,0.2929499
7936773ec9ce0cfbeb08b0f538f324c77848f5fb951dce9108b3d099bd50b0f9,Win32,0.99558365,0.8467474,0.94815874
80cc5e1cd0f4724f49445ad61cd75ddaae4ed18b77115f4991deed49195435ad,Win32,0.40069875,0.29404914,0.43942922
80ee3c24ca0836cad3bb2782f68a8aade7d566649a4522fe507c696d05801c26,Win32,0.5421398,0.33197618,0.4380089
824897755f753cbaa579505b8a03d81207cc181d45df93b9749fcd6bb80959b2,Win32,0.97584987,0.7079754,0.29207063
82d8558b51cdef027347f36cb3592ba366cd49626b84f359d1dd67868657a23e,Win32,0.49002746,0.4226821,0.43918177
859d0228a9494ecfe2f0715de752e4c49de2ed9032598b2f51de3711711ce054,Win64,0.94778943,0.8192293,0.7609174
8a2ab69a65b8100327cc01ee9984b79f0a361ebc1d1c426a2a29885a53bb6a32,Win32,0.9753747,0.7079754,0.29220995
8f2b6d7df5c3e44d3325acd5e334b646483324c8459dce96659cd9c0d14710e8,Win64,0.48442048,0.3713105,0.31075996
9046a90f33e5daf7e49517546781ff9ef42f4f894c9e2fb1f1409b9c0f90ad47,Win64,0.69495034,0.71411705,0.5537638
973cdcd3dded5e7c4b6466c860186cead036dd43258240a5c56c39008e0eca1d,Win32,0.9353489,0.7079754,0.29231426
975d9e4312a7c844b6d1a98f12334e8ed3fe047405d8440273941ede27afa0a0,Win32,0.20213945,0.23958099,0.19742368
a095d08b21b23497f027bc6d903ce1861880259d7c4855a69d965b693b64f307,Win32,0.28794828,0.13936263,0.304873
a4818827976ef2829903671875e2b1cad369ffad7335455da21f6348e7c31d79,Dot_Net,0.37452883,0.19129807,0.77175295
a8d2a9e655d242005354fa01ad141134c8aac00c24b44360dc78d268348ed39c,Win32,0.32230544,0.29963347,0.4391474
af2c2dbeff19a7fe52b892b886b5ad1bb4134c3acb15ca60aa4dcb9554b2593e,Win32,0.8968955,0.5208138,0.29204515
b1b104edf7475b5806b6a3079919fe64600c0f849cf9a3633fcde1674d3ea1a0,Dot_Net,0.40173587,0.49711496,0.4628477
b2200c23ae5c61dd320f8be92dcee6dc5872b4e78046b7f55440acee5a01bb9a,Win64,0.7431628,0.7179726,0.5490454
b589af19c04d5717f1afb8120e3c9cb7c69f101081c07bee4bbfd9dd07ac9ecf,Win32,0.097467616,0.05241362,0.03836958
b58f26e7dec2135dc60f2314061a8d702e83dd3738630c43b0f780431c9247ad,Win32,0.4436287,0.29404914,0.4394177
b8a4bfd397273669b6afc03d1583f7a82422c6d68ced5796d430f1c1edcfb90a,Win32,0.22621274,0.29404914,0.43951505
ba61877ce0001d81bbae25a41740344b483d6231e11f966dd1975244539f9d1a,Win64,0.2891157,0.1147625,0.04903494
c259a15b84a0e40f5b0924a8ca25368cf5d3b72ff6f474868e75e0e8c8bded26,Win32,0.2613308,0.31828183,0.43948683
c643cc5783e862ca3922addd99cf3181b9affc3890ec9ae3093483ef650d297b,Win32,0.47488967,0.05018717,0.27815017
c8809485863d29bc78da85431273d7cb172b095ef440f7403332f868b508c1a4,Dot_Net,0.733517,0.7278332,0.5253379
cc3edca865fb27172b91e26df2d757c1d8454f90e17a4de5133ad7d0770e2af6,Win64,0.93272525,0.8296163,0.74007505
cd93b7302c8e6cd5f35c7bbea1b86033118a5953649b87a517d9f51fd0ab47a1,Win32,0.45053825,0.6970081,0.10244206
d3e978d2c0434ae0e1f3a5bd9edf44a87aa449bf58af345efbbafb5d6daffd47,Win32,0.88199776,0.82152545,0.786637
e4bdc9f29f1525a9ab05515411a3727393baeaa8b6eee889788a8c101c148a0a,Win32,0.14575934,0.29404914,0.43956375
e672d3ee76c224659567d88eedb5a04efb26d3f66813e9823ffc2f454a0fb5dc,Win64,0.35378322,0.41345245,0.0485333
eae6865259f041388bf9c0c6dcd719a1a88228b5434095ec883d78f17da0aab7,Win32,0.34572995,0.29404914,0.43976495
f0e84529c2b0f10e892857fb90819cf04499bfe7a94c2b64abf7a3f25e7d2c75,Win32,0.30970085,0.29963347,0.43915153
f0edf9b65f5073813f725d2dbd3e8ff30608c4797c0ba691454e04844275cd16,Win32,0.970276,0.7079754,0.29241857
f8982791185427b54c5b8bd4601c1abd129dff5f4f3de6c85ac0c436c194d0da,Win32,0.28825453,0.29404914,0.44038585
fbee8b571c2413e48af5172ab86a244e76a217a4c2d374cb84e3e76b1e2c256b,Win32,0.1915339,0.29404914,0.43929058
018953aee6114bd479b29738a082602cf49d157e4baeb3f0d8afd725c11260f5,Win32,0.40069875,0.29404914,0.4394299
0223d85eaf5cd5b188e61e9c99b62a9b5cfba4c5d2ed13576858b40327451ae7,Win32,0.3390624,0.4226821,0.43912643
04d4d063b7e93cda56654a0930bac6abadf73f2ff30e2048a78fa9e3def7ef25,Win32,0.6634724,0.5208138,0.2919146
0f297c4a9e4e61f44ed487a77fe3ebdcde785ac1d43ac7f043c1fc9c1668ea00,Win64,0.13580203,0.119027555,0.11529897
10774806501711346064f551ace837619afa1fca6d20d49e0fde387397091056,Win32,0.2358185,0.24492258,0.29791334
10c777bc69b34cf1af6a4f758263bb8ac83cda25369e569e7be83ad34b359641,Win32,0.42741498,0.29404914,0.43929112
1130f061b08f6662931589bba7dd51432a1b11096fc4dba270ae16075f5b3a1c,Win64,0.78299046,0.86411136,0.75492406
1174b57803dc648eebdc2061bf637a3ce4d8d6e1375c470699b09d7f9d19ba6f,Win32,0.9082571,0.5208138,0.2923052
161d7061e2a62eb9ff7228322e728ddfbc5d14e15ba0e5bf2ca8c5e0d6be02c6,Win64,0.95180196,0.54232043,0.6975341
164263a87b7abed9848d7149c7cb0326fd482cc31ff18da876016c85be053af2,Win32,0.16071734,0.29404914,0.4395788
1a3462c508221ac2aeea97accfe15b155759e9672e3b450ee7015482a9414790,Win32,0.88656455,0.5208138,0.29201087
20022ec3027b71e784a2083fac26704ea8d07ddde60c78e61f14aaae42733a5d,Win64,0.23339796,0.004991178,0.0019510131
260e078308b47905a961fe8ac1b512e8b3ef915a8b92b1686205e6de280807b9,Win32,0.99558365,0.8467474,0.9481191
2f65113df2c5b1260a1d36b16099f2f6266b542559894fdbfc678e8b2c2ec5e6,Win32,0.20401742,0.29404914,0.43927354
36e635ee8c12929777ea6a5f26a791630b746adf7af0749037830050eb69c348,Win32,0.6958276,0.7079754,0.2918801
37b4d9e31aac5b4a249d4637557088a161da443a96630a67313b79d8b93fb775,Win32,0.22913346,0.0646145,0.015876282
38f511b66a851698824fd9eb422603cae980f206c476490c7ab5dd1c6e343e9b,Win32,0.90958923,0.5208138,0.2920854
4378af7ec2767e0361768f77da317492e76b95a4ac0ef0e60acb63710c541ebb,Dot_Net,0.11395956,0.11694924,0.047196776
43a8d54d9e4c9d69072cbcaaf7f1fb3611b8f3273906833424ab928b4bdae9eb,Win32,0.41351253,0.5227694,0.43757746
48935c995252bbd212fa2b1cf7452572bba3ac7ac9f88e5e830e0a9918f069c8,Win64,0.99902153,0.9918041,0.9431173
48b60c0313efd541ab158a1103959fc11be0f40011cbc8717fcf0d885a6132b3,Win32,0.33358878,0.035372768,0.1917943
4b379bac79c888fcec691ffe2aa60ad111760e2b6f645544f36a4a3b305d4fff,Win32,0.23205806,0.04416347,0.024431545
4dbf9e14aabee38e76960454375c03e4ba90689262e07d541ae0d024119b5233,Win64,0.17532966,0.171226,0.18092553
4fa38a5761a8ac3418772302241002ced75f97e51db379a5b1abccfd2dcddb03,Win32,0.31729844,0.29963347,0.4391941
52919c9a9d8f982043d2730b45b59cd6159efb0df5485f216b62f3b7d415b556,Win64,0.13708192,0.20433033,0.16360547
5ed1cc1e64247f8eca00c8e56774e2c64ae446a19353c50c5252a387aa92c1b0,Win32,0.43804932,0.32786444,0.3398396
634b332e448b7c3295edf9b52258c86849e6b942c6bff074e6df091005edbc0e,Win32,0.08077638,0.090689115,0.05668176
65310f565429d05cc5bfb67fae3eb97f8cd63fb98b35438c92b33b218aed3015,Win64,0.8135927,0.77710617,0.47076228
6866c122e215b96f31797e3b0ce74325e71fa076acb567905604dabd3a8b9455,Win32,0.99558365,0.8467474,0.94806015
6981c9005348e8fc4247e22da83841106c423450e523a452db488707728e1a35,Win32,0.6486298,0.5365339,0.30058816
6a6132f254b4a33470e1e495ebd56cf5ec1f8b564c47b6598f460bdc2f50ef1a,Win32,0.99558365,0.8467474,0.94810086
71dfca51543ff53303e9b4357f53235b3b352b840425f080c87f4f1792f18783,Win32,0.037132617,0.043491326,0.042510472
754245564f21b1e81e2a039faffcefa6d454a5e28e43b101c6d26c9045534345,Win64,0.049822677,0.26612544,0.14851624
7787314cb39a561606d47476b8ee50a11cc3fb367ce7bb8a8bbc8515386736e0,Win32,0.08979037,0.056571007,0.038458247
79d2fed5706071725fc16838a88fbb8d0693828049d0c195ece2d6a8b9ba86ba,Win64,0.2215919,0.090784654,0.07004689
82f2a691c7389bb31cce82e1b033e2dacbb2a8669ba2288eae786405d478508c,Win64,0.80036014,0.78442574,0.6353142
8410729682f1caf38e1ee41cb414345b689b82c9a8d67a48f3e606a1741c74a8,Win32,0.36498693,0.29963347,0.4391545
8d91cc4206b2c8abea3721640521390e2e8e26ba95ce4d63093718220b75ce41,Win64,0.9338538,0.76074266,0.60874045
8ea96ccf9f295878db205b3f8735034cc5e2172ea0d637d6e35c33d2d4374091,Win32,0.421411,0.29404914,0.43923062
90c97593a5c70763a7d36a71a7110fe3cbfdb346341ab78fe0e4b86cb831a7b7,Win32,0.28825453,0.29404914,0.44039154
9478a28ba1b8089749cde67190fdbb7a69f3ee03a6593df6a815ce97fcae0b5c,Win32,0.90958923,0.5208138,0.29207352
958fd3ec5b2503c98374c0930fbab92db4dc7217c0495459c2ba9d29c9948c8b,Win32,0.049485955,0.116488256,0.059430208
95b7c1c12854b784076eb839fd2ef03be217f0233a62404f68048d31a4ee79e7,Win32,0.18769574,0.29963347,0.4392001
9c6753684c6936d8c6665897c2a98a2539d724eee0884daa323694a078f725b2,Win64,0.88076854,0.56406486,0.70447516
a051385496af7649b8228d4edd94422b9f14004f846ff8c264286dd56a153f3f,Win32,0.99558365,0.8467474,0.9479945
af37a5b31c085af0469efdc14b45a7e6f91306e8a13199cd3c879573430c51ee,Win32,0.23128305,0.45438102,0.43654093
b6ef29c2a7431c71f8b93eee8954e01a02d0c9df34e2d3bb1a90ada0fd4e6e38,Win32,0.271023,0.24492258,0.29805756
b751984bc1715d136a7aad821d00643c9dd53596c8187cd79460d8d29667e3ab,Win32,0.5973825,0.634597,0.6031677
bcd3dec28334edac06e7facba199f2b4a43b299a2842b99f541240f612a9cbc6,Win64,0.9546126,0.67609066,0.6981062
bdd4d454c80a2e8534636f190251f8d2acaaa6d62ffc1f347550266927b601d2,Win32,0.48385194,0.461926,0.15231141
bf4ed2e0181ce615ac0ec7122653a0a976fc3eb717a880f6f9823c9d052371c4,Win32,0.999107,0.9960514,0.93073624
bfaf92a838156312ced9770a821078b654e37ba03581409badae66631cdb7e44,Win64,0.061848182,0.14673083,0.12317351
c8a8f31bc45a13e0194bab2f5ff2e6a1be740e2ec90c967a26b5baafd45526c2,Win32,0.97550756,0.7079754,0.29243118
c971b1a6c901c0526981eedcaa3cb5bec6f759be96648e2fffc31de4d9b8ed62,Win32,0.7364311,0.7079754,0.29193887
cd58abab53bcabbe4491b2458dd7c5441c91d6bd3d490b8cbe0529cb675ed2eb,Win64,0.4050638,0.5224437,0.26969197
d61a56527f680773ce9a083ac2594a85476eaaec8a5ed813fcef8befa0de9e81,Win64,0.8768123,0.8296163,0.74036545
d7a810e2b3df17b68e50c8218f77d9c88759f9b3fba771599f0150fcd059e1a8,Win32,0.47502127,0.6804747,0.5534649
dafecfef8bf30f1104c50909520e1e0089a2f8564c592cda5ad5c20292682b1f,Win64,0.12748027,0.4269095,0.56563646
dbf6795891484a3ec0917136ce9a22666a899b1897ff3e15b10558690d49acf8,Win32,0.41215593,0.31828183,0.4393441
df969362765066c1237bd28056614bafc2e71f5e82b1246d33c310f6e6d9b6e7,Win32,0.72230995,0.7079754,0.2919558
df9d92b1ab1a4bf6be144d5e52dd7aba043640d6ad3ff7a8c678adfa6e78b043,Win32,0.23521262,0.45438102,0.43660662
ea8014c77aa7852968ee43f2e322980f91e82c9c86dd2021cb0651d2b31d0489,Win32,0.5759911,0.29404914,0.4392696
f2346bd6923d3392c18ae1353bbf2350475140f9165c813b858efd2e8abe068f,Win32,0.5583231,0.35421634,0.28934115
f39a0efa04e1440916f30a5586a6b748df33ebf5606951033ab2d9df18901fec,Win64,0.056995336,0.0155577,0.023530623
f5079d54af0cf2407c8c36c9deed6dd91f76bcd6dfb2f504c0787c8e7cf4c9dc,Win32,0.3753076,0.14014888,0.4800697
f600dd4361476dd40954e4e5df3b69f14ea64eab5391b4ce7d97c0f838d5e0dc,Dot_Net,0.88991165,0.8569828,0.057069257
f99c251979bab7fe43a10d1cb361dd628d574ed524dc5439b547be05428926b4,Win32,0.43625218,0.29963347,0.43888748
faa65307fa2a316a89f0f6c22854709d76f2ad851efd848aa38ef25b4b2f5caa,Win64,0.9562601,0.7142043,0.6984013
002c9582888c8ef8a59586cf0621246f51c9d5f9ed83e50220c4b293419b7642,Win32,0.558432,0.18515627,0.29312274
04cdcbfa76f55ad74b6057a59f0fe3f60fb5a21847f534e25008288ef14078f9,Win32,0.028760228,0.021830847,0.20357677
074e66ea33aa75d02bd6a70f751f70f24d21097182092845a9818e22c62d621a,Dot_Net,0.88991165,0.8569828,0.057069257
0762ad30ed9908c20500e21b551962bf4a15f6fa09d2aa88f34b67494ecf9d46,Win32,0.25918517,0.2668448,0.30181372
07889aa1b50c39722869071e8c4c41d70071a1b1e3839852e280f1bc82d9e908,Win32,0.08926838,0.08848478,0.06372769
0c3467bd11c7e7645cf56dbf175bd035acd07ff6d151887c529b27b42e85e6c3,Dot_Net,0.88991165,0.8569828,0.057069257
0cdaaf065730f88b8b325d3e962dbc54f743f7836de2be04e736a87008553d8e,Win32,0.0019144941,0.019556722,0.036989618
0e7255f3d55eb43254ef1b43910c62f3756cfa28ab90e3bb177e14d03da5c2b6,Dot_Net,0.88991165,0.8569828,0.057069257
13044227afa2e800237038ad95d53c4e2a22f4aac1e2004c202663399faf9357,Win64,0.08991254,0.1355697,0.16080743
136aa36d01f76189144593eb89bafdad6d68d6ca2527517d9dbae79861b05000,Win32,0.012506496,0.06517152,0.06457157
184731f24edc076b9a74293b77358ab9b569f8379f6a4eb6cfe3477ed386aff9,Win32,0.30171758,0.29404914,0.43922812
18789781fc3b19c9627737aa0eef5320750473132be1878a2ffbc9c4f8aa237c,Win32,0.04486792,0.030315258,0.07535427
191377ff571ae684e98729d9f8205733debcf56ac3fccb475a2b2134663dea4c,Win32,0.37176234,0.040994942,0.010001264
1d705539ff009518bc1d1f2af8c61e3558e033d8188d2b2d742144e57880e13e,Dot_Net,0.14221418,0.06030354,0.04179838
1d8ff8e6dcab29ac8e3eb044e6b8b62388cda0ee6c3093207eaafda1ac369d2e,Dot_Net,0.88991165,0.8569828,0.057069257
1defcf3997bc4f9e9540e84d08dad4a966741f7cfb478267b1830ee29ba92295,Dot_Net,0.00035484886,0.0010123614,0.008660314
1fd1c156bae147142df661a7e77a25c78b2a97a9009463fb122b8d9f7dda02c1,Win32,0.7232442,0.7079754,0.29196307
2176e4362f347c882cf487d75565ed9a4db9c50518508c65b0b8dc773423ee0e,Win32,0.30970085,0.29963347,0.43916535
22618183db07a3bc054b2297bed59eee7ab4d72e2673d21b79e336889bb0ab3b,Dot_Net,0.007557988,0.0013966351,0.009816196
23282d4960dd0c14722dc6c0ca201e6c11fe0d1118458257bd2ef2d26e111158,Win32,0.66333145,0.65744287,0.59772986
23be23eed0a0391ab2c61a1ac69ce81230f92e1043879f593f4d936f32314448,Win32,0.5153346,0.29963347,0.43909904
248125019083a037c1052705125435a05ee23d6365810ccb060427508c661c2e,Dot_Net,0.6959,0.73265386,0.609972
2603aa4ca86397067ecf66210a5f71c1c8ab0a3c81b1d6820b0668a1c20e3095,Win32,0.5695705,0.18515627,0.2931821
2bcb9c8f35d6ba4466e2db36a67a6634acc556c5f6fcadc27ca0c61ef134c074,Win32,0.26682034,0.21499844,0.33465585
2bf138bdfb28b133c746ca9f25ac2a72d181c75cb4270dc69d3ba693055bf3c3,Win32,0.07309874,0.09312618,0.084009044
2f4ac7e1abbee3636837f314ae0ee7bbcf3e8e3ba7648be589ed8dbcff0d1da5,Win64,0.76420784,0.72528595,0.53879964
3058db9f713721c96ca4d2727e2c92fcfb208cde8358176addc9d6d51f35eaca,Win32,0.9035903,0.5208138,0.29213017
30991c9cac5f4c5c4f382f89055c3b5e9bb373c98ce6a5516d06db3f8a478554,Win64,0.60852456,0.49581215,0.1565624
349b78b17d731f767baa8d48f64258670fcad1e2e4e537ab8b2037672598aa86,Win32,0.28825453,0.29404914,0.44040376
353378b466ead48e855564270b7462710dd8d83d2d6ac1ae13732fd9b54fe2a9,Dot_Net,0.88991165,0.8569828,0.057069257
390d1f3d23dba7347a08910679908571d3f24f554a1f387d43d09d445a03593d,Dot_Net,0.8859773,0.7253423,0.9965949
3addb710a17a555565700f210f317298114707730423094d663a981a864766e9,Dot_Net,0.88991165,0.8569828,0.057069257
3b4866bd75296d1275bf58ca8f4cc11a343fe90764f14d1706c00cc59b00e2d7,Win32,0.5590985,0.18515627,0.29303947
3b9209d9cc6d33d26dbfe4d9a8cafd21dd4f9bb3aac0912955f56cc74493a378,Win32,0.30970085,0.29963347,0.43916667
44548ad88a9c835623f932492bf61065475d1db5fbbdbea7483bdcf66b227110,Win64,0.733517,0.7278332,0.5253379
4564c1489575a12935805e20b7579e37ea219a5a99b50a5d5886df46b1afe3e2,Win32,0.7527866,0.83785313,0.7723927
45985fffc0fbcfcace7a6ee41d72b4d2e4adf3573fdbb693d3a84be358ee4070,Win32,0.4049464,0.29963347,0.43906555
45aeb27bdcc842a2045bedbaa90e2a22837c067c37d82e7a73ce95957f1532cf,Win32,0.07309874,0.09312618,0.084009044
4657381c5d727329a466e8c99d1fd9fa8cdbc7c826cddb79c1ac0c6626019934,Win32,0.5695705,0.18515627,0.29325184
48c1535a20483e78ccf492bc2e1f04d2cf0a84f3a07e34f9c3555b4672a714e3,Win64,0.508415,0.45888114,0.36216977
50746f4edb993e5418d3af56ab98d67d085f330a4148a3549c4bd52dda7deb2b,Dot_Net,0.0077299746,0.0010325443,0.008909422
702bb152f5080b1aa50b726af19539a23e368c67eb1fedea1f717686abb4f887,Dot_Net,0.00026939026,0.0010368016,0.008311809
71a88acc9c43332fcb2fc1549364be1909907042c100bdc32af327a2b1de83a0,Dot_Net,0.88991165,0.8569828,0.057069257
7695c8d0ca453537af0a456a5cb204b4eea0c4442062955a94cd36f955a46cff,Dot_Net,0.88991165,0.8569828,0.057069257
7806472cc4880392486b2292b24d9945ac6fe3a0c2d6c9e6b7863fb92a4c74dc,Dot_Net,0.88991165,0.8569828,0.057069257
7cac82cf81676d7d89ed69a83e52b8f9e70986d5f0b5d6481d67a89893a73258,Dot_Net,0.88991165,0.8569828,0.057069257
7d7aa061bfdcd1c3859a5996ef35a5fb4e65c93d6581a3120767b468bd9dba1a,Dot_Net,0.9991686,0.99849296,0.99811804
845f7aac4c92621b7d5460f4778b95e46006a9f6c79ca02eb5862207a64753e0,Win32,0.28976098,0.29963347,0.43900853
8635844f297a6a2cb96d9bbf20264df5447b4899a1ec2551ac4c74b9eec98824,Dot_Net,0.88991165,0.8569828,0.057069257
8944e685369c7ae0a161f99c1ce5511958df335ac163b93ba743430378209e5e,Win32,0.1816006,0.29404914,0.43976167
8d4cc3b391f389afde9fc6813e495f2792b1b79e85430206c6c52b9662b08df2,Win64,0.67660004,0.7679916,0.57372975
930e58870cfafa153bec771f44d2111fa60464d171d73052b2edc9059a3e6481,Win32,0.5590985,0.18515627,0.29304913
950fe21a9aa2005ea9c3cd50b15ed127c42e86a8fe2c7e24b99d0eb29b1e1411,Win32,0.6797071,0.7079754,0.2918902
970818b05dc5b4f18885391d8a90e6f0f611efff981dd94f8a1de119ceab9d98,Win64,0.053716943,0.08717714,0.08843651
9bbfa1e1f3424ac7281f1994023a54d20a1c63d3fc9e05705cb5ccef5feedda6,Win32,0.02173401,0.049943566,0.022894206
ab536ba42f10bbc18308ccc510b0c12c2e2b8bcdf87f79b9d34d4f52c1923360,Win32,0.5695705,0.18515627,0.29317966
ab9873939dff99c4346902313c4a64cafa2af5fb562658d9131dff57cc58f930,Win32,0.43366796,0.29963347,0.43893814
af56d62d84ba22da99d0eb31b8dd9b8114acecb0b2d5e2204fbb87f1c942a633,Win32,0.66107136,0.5208138,0.2919083
b24575d89e5acc5f99b2c4447ba6bb023d24b25dc55c58bae164d13de6ceda83,Win32,0.5397683,0.18515627,0.29301488
b9229f93db2ee8987c43015c4e7ca67695cea9e4d29c267b44b8a558be1f8dc7,Dot_Net,0.88991165,0.8569828,0.057069257
bc904e8d1b9780a889f5adebe15ed0da80e0210c001efaabcdaff6d49cc2f14a,Win64,0.93592453,0.8296163,0.74001163
c2cbc90f572910d33e5738326a3028bf61bf5b99c1c587423f166f2ebb3e268e,Win32,0.7981564,0.9425416,0.85301316
c421d2dc0e0214caaa59340bfe272a92460627ba313302517ae65882ea39bee7,Win32,0.2026155,0.040887564,0.062391218
c4b3fc8a7c1e7dfe1f13f5c18a7d66c66b679544ac91b0372bf699bc50590d2f,Win32,0.46674427,0.29963347,0.43910876
c6faf30215523ddaea1b28fde4172126c5b958c747848ad63e02bb702edf3335,Win32,0.37989894,0.27424428,0.09372951
c82a57199bd1e70f33be9f5cb8ee304efb48d0a7d3945e41d3432e4996d5dc3e,Dot_Net,0.88991165,0.8569828,0.057069257
cb46889543c3811266cbe8e95c065a6bdd04e6c116165a3c3d6e59fb696b6369,Win32,0.6577051,0.7079754,0.2918104
ce172972416c023e59854024c5ac97784e441db47cf3d0bc1ff872a3267c8e4b,Dot_Net,0.88991165,0.8569828,0.057069257
cf5f744de5edf2cda4101c8c6d432bf0d42a9ed69fef0d269aef4fbe0a70678c,Dot_Net,0.88991165,0.8569828,0.057069257
d288f1d1abafe6853dec3edccdc342d47e009b6b9d5a6b29b122659095b3a8db,Dot_Net,0.88991165,0.8569828,0.057069257
d2d51dc934fc773de20823f435ddfda9ed4b9d1ab83ecc0240e7ef70a5f9c237,Win32,0.595188,0.18515627,0.2930074
d504edbff16b7c51a15e24ea9fa3187993ee4feb73193a84cf916af6c4c936b6,Win32,0.67223656,0.24443232,0.29345682
d8b164631209b707e25ff67ed512b7e81b6a6a1a92fd0e011d54146e1c3fece1,Win32,0.074841745,0.07895794,0.05432016
dd829a3f560858e140dddab409b4198e15258666b48d089a17c937c9faca404d,Win32,0.97584987,0.7079754,0.29207397
de0b6f85079dad53478b74d9c6f28dfb94c22bca89c87bcbd6da8c656cf9952d,Win32,0.9055892,0.5208138,0.29209602
e0013de9fe1db18afb4f596f2ad7c29dc2e7ab9ca6b73fbd497f29f5fa72c40a,Win32,0.30711213,0.29404914,0.43923968
e4604ac57823e2562d3166a4ebc5c33dc6d6eeb11421fc092cdd2b915fad1c7c,Win32,0.69034106,0.5208138,0.2919318
e860afcea1923bc851424c409139deae05472106d0c0e1182f3b976c34e3b35a,Win64,0.14627382,0.1690464,0.085628435
e925ab7a23a5568c068547077071a39dce86ce811fca9d0d4496244a7c15cf39,Win32,0.5583231,0.35421634,0.28925318
ea6e0bd8ab2347a1a6d40a9bfdbb7b6ac9b9902c7c262179dde5f5f3e298c5c4,Dot_Net,0.733517,0.7278332,0.5253379
ebe027f90d42b708e1bc3204180f688623704feb23fb4fec6fcb218f0afec420,Dot_Net,0.9995078,0.998139,0.9978572
ecce14ab3426c92cd66a4ce567c7d8d3ab654e0f4013ccd6f0f293893f423ef9,Win32,0.45062265,0.29404914,0.43940082
ece1b174467b6f7c0680790cf9057699363813b228d2ee12fb66fb0f884a7ce9,Win32,0.55976504,0.18515627,0.29302403
ee626758bdbc17653504fb3b7224f8fe994cc457fa3f596a214005e9035cfa8d,Win32,0.536234,0.18515627,0.29341388
ff1f59c725a05f8280330c96f67904b7a156121a27a808f48e1821dbe3bcc4eb,Win32,0.038753383,0.039596975,0.05522865
0185480ba93bd67291f744c22697afdc7c35b3aa3f386d7c569783a0e914e841,Win64,0.0149016725,0.112192184,0.0069992617
0222e35e6d9aec62d34c48ed34e20f03507637f0478d28e10ce0582c6c3fa8ac,Win64,0.8241525,0.77710617,0.47060034
08c5e371c33a598f8fa390d8983d80da925f0db7b3dfd5696c7f6c87ced7abb9,Win64,0.8906057,0.8296163,0.740327
091e7288f9c9692ed5e334b1967a36129c5c6724ac4f0bfb4c1584e3166d5347,Win64,0.34137556,0.15074506,0.15910152
0e15493881bd3c3c2bbd50d3cac6dbf0dfb9526724006571a06dafe577d15e5e,Win32,0.28150016,0.477777,0.40680394
0fa5b2582cd2ff1ff237a2241b68a1d71795bc67249413f4902084f6b75d0e38,Win32,0.55431116,0.40202776,0.17474426
18c57812fab87f4e6a7dbca4215d6a977565c0894c5ae027527bd38e442d4901,Dot_Net,0.27028912,0.39060128,0.06377223
1cfc1579b6471b4dff1304076de9d383e8c749cb71abf44d1814d71ab7f6df5d,Win32,0.65707135,0.5208138,0.29189062
24e4f1b0fd57d52921cc056ba45e3b905419fa81e712ca30fe47009fd48b608b,Win32,0.037132617,0.043491326,0.042510472
268bc3c978be2e899a80624c08e901a1f89b6ab528a906829324d17a21a75d79,Dot_Net,0.7178592,0.7225631,0.64797884
28544f06e30443e1bed58e47bf10967d9db6e9971b7c72e31106c45c0df47359,Win32,0.5520471,0.5376966,0.35893765
299f227155ec1a01e0fd0dee73d240f482370a4d94ed664d3f2cc52cc5ee901b,Win32,0.9055892,0.5208138,0.29208896
31da40b420d49b9abce61a9f4b783fbd0d948738d15652514ac9acfa7ff61521,Win32,0.018637707,0.024089422,0.029765463
3331ac707a2273c9f4e8adec78a19de3077ede2cdc833828269b0a1d832c05b6,Win64,0.44979388,0.13778955,0.15881526
34fcc9701ab7d71f78cef57dc394553d5e7d76ae450d33adbc48a223c1ccb61d,Win64,0.12306011,0.0592153,0.07752407
35a91ed84abc4853b846bc23638133102688014041f576b0f29649bdd4cfcdc5,Win32,0.8505782,0.5208138,0.2922152
37de766b30416b2f126bf1b491071bbad89ca0c1c09dd5eef2d70a3bb41f72a3,Win32,0.40510017,0.4226821,0.43902886
3c2c78fdebb33c9cbf6f9679d380091875b5bda7d8c8aecf09e5cbf3b82003b8,Win64,0.02309124,0.0019370615,0.0019509025
45021f27e9034a2f436362ab6b566386675a3b47fe9c38337b67089a946fbc4d,Win64,0.88227665,0.8296163,0.7403762
459d9a04c08bd5f807f3890af44a1661520a2146e51a5308d37c043c286773b6,Win32,0.5244914,0.45404035,0.4047388
48322f6b5e106cd1187d59a8b0c87daf70323918623c071b4504a8ceb8d15421,Win32,0.908526,0.733815,0.6083529
4dcecfe3305a28681e6bd9ad729b4a26e1d5a9a1d22c2b9ba46090b4b9f99eb9,Win32,0.15683104,0.68603057,0.14977746
595e449ffd636abd288c0070e16ac91fa97d51898a5768c7b74348c27f43ceae,Win32,0.038753383,0.039596975,0.05522865
5a6abdead1771314d267c5e04c61060eb2140375221f4f41199299e92bd54dc1,Win32,0.31749597,0.29963347,0.4391904
5c53976ee0bbd5ad6921dc2f3fa351cb530e3666ae52396b675258b355092480,Win32,0.45170054,0.4226821,0.4391758
5e05fca7dc7038bc9ef4374c6d540d74ea191d35a98abbd4d7cf57faa010e487,Win64,0.85172266,0.7508001,0.5628225
5e31733b1a18be96c83cd57e2686e9e2db644e8497bcf6e8fb3ba49154bd6624,Win32,0.7999674,0.89901817,0.6449264
5fa9559e86c1826c4b25b97eea8bd5580c657df23a41667cd9eeb4540f6aba47,Dot_Net,0.733517,0.7278332,0.5253379
657d12166bf18b11e4a6ae626c576454679d38f78579f2957e92f68d6812ab59,Win32,0.9035903,0.5208138,0.2921126
65ecfaf60c871bb09f0af4ab366041a0a991cc966d1700490b2a92c1524f32bf,Win64,0.07472775,0.22187607,0.18567358
66360dddbe3a9977a41fcdc4c94d080083323133a9ce6e73b7137c5da682f4e4,Win32,0.906256,0.5208138,0.29215696
684e07c2cca9deddb34b52e791aaa43a223d31b31a06489ab22cf79090504000,Dot_Net,0.11395956,0.11694924,0.047196776
6bdc96eb275cd2e5a440eb7bf80a664d0fbc45a8d53c8d488abfe5cfe223cabb,Win32,0.24159151,0.20409666,0.08940225
6e5fe9ebbdb529922cff4a4f41bca475c8e59c1b44414fe51862daca41fcb390,Win32,0.4006619,0.45438102,0.43640947
6f277cccaebb76127b4b7832007846182f7d133114c2bfe46e10744cc13dd452,Win32,0.026599592,0.011795616,0.018152233
74337c8b261dccc249203daba33f981ac3b5422398b151f1b00fc9417195916d,Win32,0.20213945,0.23958099,0.19742368
75ae5d0fb0147558e771a624566c3834d414342def824e92b70704e1622506bc,Win32,0.5093718,0.29963347,0.43902054
76ad95416d506dc408f77e8501db8df017bb4c6454c023c5324e0d228089913b,Win64,0.6874642,0.54981387,0.71978694
7716eb87ce8a7aabc26670bc106767f55b4a7811fe786009dfbd357c2a3f60a9,Dot_Net,0.88991165,0.8569828,0.057069257
77a9318b937fbc733f5a53c12ce1cbc57aa49504840da6e33f34a1750879a8f5,Dot_Net,0.11395956,0.11694924,0.047196776
7803bd8016b017f8ba33ae0e84ed66a3b080eb080fd4a51f4848fd58df7d3b16,Win32,0.9651909,0.7079754,0.2922855
792573cebba9df6ca9d98e278467437fe1575b637a8bac1992e8d9c2c04615c7,Win32,0.30844644,0.29404914,0.43924022
7ac27497a1099130f548c7bee7caea994a6feed763b4228066be8b6fe98879e6,Win32,0.9050568,0.5208138,0.2924878
8609492fafe7fa7d807c776de12e4122650bb1b9c3ba2e220b6fd55b9bde0c1b,Dot_Net,0.88991165,0.8569828,0.057069257
8bca46a92123f0435b98174d0d1182016811905c7cae6199176d1d3e94605e67,Dot_Net,0.11395956,0.11694924,0.047196776
8f6a60dbc178b95d6099fe381fa21e0f22f1ea4bb5ef77b2253848a2a191a44d,Win32,0.122571856,0.14893185,0.17731303
9350c8fc0638dc51ac1fab207756e8e64b04bb870ecc570bae423e53ba44c888,Win32,0.4443124,0.4226821,0.43919495
9805cc8b9623f3b6564619663976f702af3275b19420f03f71fd31757aaff633,Win32,0.26669466,0.18713313,0.3473152
9cdc194bec2d62d5caf8a4e8f7102c66820ffad924e8a539656bd36924925b96,Win32,0.65707135,0.5208138,0.2918812
a0637035493e27dcae33a68f3018bf57ff3c5bec86f8ac818d336500920195d3,Win32,0.0006669562,0.0045227734,0.013252724
a1e60f1f3f1ea67d4fe6853233bb7b8f7894eee5d0c317370b9b021ec7574855,Dot_Net,0.88991165,0.8569828,0.057069257
a306752281420e06679187847f26158caabac00935d366ff0ace84dfaa9b2502,Win64,0.72776407,0.6912365,0.641847
a712def06741f56dd966d75c88aab36c4e04c0d9fbd9010dda4bab3a9d12b432,Win32,0.18615822,0.125488,0.3486015
ab3690117f1985755ea0fe2aa659f6c41261717b3a8dcb345a5bc3cf7ac6ba6a,Win32,0.9035903,0.5208138,0.2921315
abd230e437b7b34ec2e505e03846c8c2ab79649b8b8e8f2ac6f475fe42117ff0,Win64,0.74493605,0.77710617,0.4702645
ac25b82b1bd2c45f97bfa934d75eb6b2f5551a775c223c328d2118c88a9d6ae6,Win64,0.78531355,0.69898593,0.48964927
af5340bbc0ffca73cbc0e68f5d80a72dbbf4e2907b5524fe8ec587235d1aba7c,Win32,0.97584987,0.7079754,0.2920809
b2d84f126d5448c939610fd524461d9a73cf200d2abd70f3d248dce3e753d573,Dot_Net,0.8576518,0.7237825,0.996704
b38b8ac51ff6f6b523588ab214855fa698a4eb9885f87b2244a56529715a5579,Dot_Net,0.733517,0.7278332,0.5253379
b585c4b015a5b143e6301e70cf983853e81d6aa0e6446c69dee798e59ac8afb7,Win32,0.6290743,0.047714602,0.020420117
b70d97330937fffc2bc51b09bb67072ae908813059a9dd8f25183eb77f15dd34,Win64,0.733517,0.7278332,0.5253379
bc3386ac00185f2b57940fbc1ae0cc88b04a1faee4f4b9fdd79383b3f8806805,Win32,0.41617355,0.45438102,0.43633258
bd164eafd9ff191ac440ac830523feebed0fae749c5edca3f9b387a2a9f61b9f,Win32,0.9753747,0.7079754,0.29230022
bda77d7bcc0ad0f06800777aa10b31161f06b4d31f7896ec1d702e02c0d9114b,Win32,0.43535876,0.39228424,0.22808559
c1b7f81f0d40e4ed6f31235f502792e1ae2c2866254bd492b302498377f0aac8,Dot_Net,0.11395956,0.11694924,0.047196776
c874e1894ddfab9796ad3b562bf305bda043675f9205649e87152f458a2c2af2,Win64,0.6489691,0.6912365,0.640783
cbf43a078e26e01184b89bb54f0469291946061426fbcf0ecaf6c205bd898812,Dot_Net,0.11395956,0.11694924,0.047196776
cde1e614aef8222d7b4fecc335dfbe27a234f90a00d8dbffd4831a504274efb1,Win64,0.71144235,0.3792762,0.31975397
cee564ea225941d9b9b1447da65a57afdc6acee99db34bfdc70a06a54b986e7b,Win32,0.45429766,0.29963347,0.43916148
d36686adbcf0b069736e884d8732c37bc0cab3cd452f5033ccf56226c9fe0754,Win64,0.28764224,0.1355697,0.16044001
daa10cb851a91899d1062c4e1cd15079f24a9ccbc70355f2577513f60d30ecea,Win64,0.07681813,0.2334589,0.4775892
db151a87889ae81a5d3b83308d6347b8fa1432947da3fe33585face37e44e16f,Dot_Net,0.8725924,0.8700705,0.78558064
ddece8c1fdc99afba4e7f5023d22edce547dfa8bc1ffd6b218be3a1b57e014ca,Win64,0.5980949,0.5474239,0.6478609
e05749d57155012b065779ccb4560d57f8e77acebf12ba29168e0acc30adf96d,Win32,0.397758,0.29404914,0.43958837
e08005b039d778c4aea86b225bd4e26151b87a7e3a9c241eb7607f52c7db38bd,Win64,0.5612349,0.68976665,0.56509465
e0a81462020b4d471cdb4faf70453a076b101393d8589e5a946f865e4f08254c,Win32,0.50326276,0.29963347,0.4391816
e15bce102893757c113efff9fbf47548879d21fa623c3928be13efa7c8cb8643,Win64,0.92195386,0.7679916,0.572915
e2109055f8684ff8d33718d55cb254b67167b1dbaad7f9d59c6c505d0dfe98d6,Win64,0.8996643,0.84528345,0.74268526
e2218a8de4c6300f8bf9ecb5d7b276181ebd6bd70e06897b02eda6aeaab42192,Win32,0.906256,0.5208138,0.2921557
f4199e6fe44a0ea17229dbebdc751474d815b44993b18aa1bb7c454f64dd6803,Dot_Net,0.88991165,0.8569828,0.057069257
f828ee367af852c7252e7c3236a6cf476fc5e95e8f86e3ae606b8525a2a84751,Dot_Net,0.88991165,0.8569828,0.057069257
fb95764d5c8889c461efb26bd6de3a02ebb596ab63ab1b2f4a97e0435326f86d,Win32,0.2044164,0.31828183,0.439426
0104ab14326af0e6424a514b08b58760bd4a5641ad024542d24a9dd06653dd76,Win32,0.9035903,0.5208138,0.29212153
031e34c1bcca02790a1424c327c4d45ff8f5db47f1a35115ee2b1ee4465ed29d,Win64,0.733517,0.7278332,0.5253379
043a8700d835c1018c47527f9bd4525eef0b41bc9a1592ac451c00306d2fb826,Win32,0.2897248,0.29404914,0.43928003
06e2651e428dd74900ad6b530168edc18eb2db349ed268998ad9d2daca6380b8,Win32,0.0465355,0.008104785,0.04129197
07ec786e9d278a2cb37afbd5b46cbd90da78dc2dcc0356c2ba917009b5046bca,Win64,0.009367096,0.005472824,0.0029158436
0ac22c606a22681e8a3da384445aba72d522f50b956657df347ddefb7132f244,Win32,0.6786375,0.6815672,0.5173286
0b82ef90735d8ead6d8e99320385542fde121433896dbfb39291bb97b4249193,Win32,0.906256,0.5208138,0.29217875
0c828a62319a88d588289c2db5d9d370dc5d6577db03794d8adf53dfe8e3de55,Win32,0.906256,0.5208138,0.2921652
0cd945dab802f3a1898b73de80ca348577b53210bf4cdab1ee665a2627929776,Win32,0.3937447,0.29963347,0.43906376
0e58e74e2d2782197ea880bcdf8fb9e3ef87087b28e79a42f5c73acf30a51228,Dot_Net,0.88991165,0.8569828,0.057069257
1090aa106e9bef7cedc2d13338e5c9f80cb6b59bc21b216fa04c2a6668d209e2,Win32,0.9872956,0.9482878,0.6483967
1a74f38bc64e9304614dfdf6c996a174d5f9a647e081ccdf133166de085025f1,Win32,0.43255523,0.29437223,0.39897126
1a7875cfa1c56cf0e2607c214065b274b85822fa40fcb9f3e934cf228f2ddc4a,Dot_Net,0.9737762,0.96725523,0.9551467
1c0025d8233fe2cee0abfb37b98e3c355e7d9946138b5b58e6b9ce8cb658d34f,Win32,4.180473e-05,0.0023138325,0.015881697
1ed37eb5930b0247dcba5042a6df427db2e1d49d96c3d37a26daf8917e967c3e,Win64,0.26952934,0.24249794,0.10054397
20c2cdae0bd6041a6cf3f618f932e07e732b4838484600f36d29205f14416350,Dot_Net,0.88991165,0.8569828,0.057069257
237507f5fab90ace6901d299f5cb943fb3825a018c6b88365b7cbad532e44124,Win64,0.01911719,0.1423784,0.16253704
255093ad86637cf715acc8c2a210c392f15542a4f7774a01004cfccace198ccd,Dot_Net,0.88991165,0.8569828,0.057069257
26337608a44be47e392c46e9874990f91aeca10fe1d3bcdaffbced9f16c938ec,Win32,0.906256,0.5208138,0.29215974
26fc4b3027a790000fbffd05c277fdaeb90200bb276e2b6fca428113db809ebd,Win32,0.4200833,0.4226821,0.4391053
2cd34a790dcb251074ac46d2bd4143364f92a3426a68c21baf9ff70f74c76b44,Win32,0.037259527,0.05270915,0.08005179
2dfd720e78da4533395dece213461b3008528339df69fa0d60fa0e9cdf154c45,Win64,0.13230243,0.34343964,0.73696417
2e5c22622fc3118eebe0695c6514ad85335698a86549ff3d4e340c8a8816bd91,Win32,0.9035903,0.5208138,0.2921464
2e7e40e5261bbfabd2cd0967914ddcd6a1e80477a3fd903bdfc4077e40bd14c4,Dot_Net,0.88991165,0.8569828,0.057069257
2fbc28c83f637e8e20a80b5495cf5bf80d6458c6541294950c4c53cc09145cd6,Win32,0.71332717,0.76915485,0.7656576
322f3c4f0a71ee941b9ee1e23a3670ffed1c64036acb169beb61893d18d99858,Win64,0.037132617,0.043491326,0.042510472
325394a8b1f68f1bbd887e2b4333f627fea9243359dfcd13e350e1828b04d173,Win64,0.20272194,0.27142248,0.30577573
3361dc83645bff8df3deea66904217f823040da375abdb5f64f379057cbf067f,Win32,0.057596263,0.10515226,0.05838987
36030416dd4fa8062711e733721b07b8ac333e3d8a81e4c68ead517e3c84e657,Dot_Net,0.10854358,0.03663246,0.0773507
367504600da99c06fcfa45ea5e4fe39988ce3b3b0a20ab0febc58ffbac5fc684,Dot_Net,0.88991165,0.8569828,0.057069257
375d72f838042d3d4d797f3eae443a3e26c23e860f44146d5c409b50e1c45969,Win32,0.7191783,0.7079754,0.29193002
38c4be056176f6509ee9901834bc41c974a5b878b84ef29d5116c20f43d7ab86,Dot_Net,0.88991165,0.8569828,0.057069257
3e44bea0a096d380efceaa9621f915f1e8f0ec0ebd892a952d76ebcaf5e0f99e,Dot_Net,0.88991165,0.8569828,0.057069257
3e58ed3b0e218092d7b550a906c186e2b8abb7f5e9b34d513688b1fc60f3541c,Win64,0.81061804,0.77710617,0.470536
3e9eebfa0e149b4d7dc913c3ec3a1ad3aa1a46630a0f79768cfc48fb6b89627f,Dot_Net,0.88991165,0.8569828,0.057069257
3f3ddc5af7e6cd8f1cda8e4ae30186d4d02bd444dae094496ad92d45d0ce9070,Win32,0.37176234,0.040994942,0.009996939
3fb33e0188ca29afa86bfa0590925e493ba8edfcc2dd4d0c50a11f3e18b90a12,Dot_Net,0.88991165,0.8569828,0.057069257
3fc6959d2147dd006f2d723da9f38a00999a50da825bc607985635c02ef295b5,Win32,0.37415078,0.31828183,0.43936825
440f8e3c59f3c26bc53999e37f84739167ed2b6ee7d7720495301be213e10f7d,Win32,0.6044752,0.4226821,0.4390879
44a7f8968ce80600447b1de5a22b276e829e4a89bfedfceb1e6a6e7c05d7c54f,Win32,0.64239264,0.7079754,0.29140025
44f37dda6bc4974985a2a92234c6f9f37746b7c66283befb5cb9eee5fbb5ea5b,Dot_Net,0.040480968,0.07755476,0.07551337
492ac950fc6635f4183c5a2f8af810a2b842af3cd03b6945c00670eb244c9a13,Win64,0.8798639,0.7508001,0.56213266
4c4e39a977981746fb9b8395dbb64a2f6782a7e39e4bef5b3e4848122caafdef,Win32,0.18204182,0.26954582,0.3109883
4c9c444fb880f2062b9adcdf19bc5fecc0ef0e4a4a1a7ee5a0e1b14c8e7a7afc,Dot_Net,0.88991165,0.8569828,0.057069257
4da2b43039ffabcdd09bd262a0f911dbb6594b9886daf7f79c419bb35d4525ed,Dot_Net,0.88991165,0.8569828,0.057069257
4f073fe2a580e95b519f7ffbcc96f4274cc351a7b22b0fb70dadb9356ea82a59,Win32,0.4172729,0.49538934,0.45273307
4f56f05e73d856e193ac099b7138dae78940aa7650f3125a324da35bb0579c40,Win64,0.34030923,0.19682096,0.115174875
4f9977d5b81e6d1554f1f905a6906bd69eb6e899d79994fb17fc22ca44a02a57,Win64,0.24433063,0.19682096,0.11092463
4fd5f826c8383629d190569d35f3c427438baae8dd9bf1e0dac2c68a63ed922b,Win32,0.906256,0.5208138,0.29219818
53c119e8042039774f14499d9594648062deb65fd3bc0e0495a96c612a1bd281,Win32,0.037132617,0.043491326,0.042510472
5b073199904e06e4761ac5f2484d332f080d869776b1bbb5730fadc3c92e9fa6,Dot_Net,0.88991165,0.8569828,0.057069257
5e6baa4f144f4b0f524cc6fb6bbe607f00c84776d14f59856c7e015b1a2f595d,Dot_Net,0.63687277,0.723603,0.6378567
5fdcb91047adbb7238e8d3baed3729c236d4075473db5a1f527875685452a74f,Win32,0.012365503,0.07151365,0.06092787
60ca06cf92d7dcf3aaf402b7d4b7833b05361e78fd83946ae7a264350159a04a,Dot_Net,0.88991165,0.8569828,0.057069257
623333cf57a30208583b8f2a28e66ca05a63c4a42361361b12afc9ca3d9b0994,Win64,0.8874258,0.9024648,0.80568165
63438dd1eb4109309e9cff8db77d8db645876f93593e66a9d9163de60b70086c,Win32,0.44407505,0.29963347,0.43900833
67053252ff87c140b8612b4dd8c1f10fdb954ad10457ab9f3fd126511200a651,Win32,0.24227695,0.29404914,0.43932304
6c46b1bfc3033457eee7ca62d489139a18a431e5d7fc46cb0c2c8b11fe03e27f,Dot_Net,0.88991165,0.8569828,0.057069257
735fc3de23834ad2f08bc0467c2420d5c1963ba0f90ca779a51d8ca5db95400a,Win32,0.07309874,0.09312618,0.084009044
740760fea85ad6a4143d9448af63ae716709ab7b8e88e9fa06052032500fb065,Dot_Net,0.88991165,0.8569828,0.057069257
742f87ed49cc2f505e42066477c64d7155471d5ac3141124586752bc08e14149,Win32,0.8958947,0.5208138,0.2920282
77835e0f57476930f42f0a539d1ede4562b834020df6935b92e5ee0d234f5496,Win64,0.62359875,0.5304408,0.382953
78f671d3ae955e20d6bab5b009a35ac47252ae013ea8cde48c0c6a7b8b6ccfb9,Win32,0.07985777,0.20575778,0.11159797
7b987c3e111e273ea8da7e33652c2c2463d5d3b05fe38d4f601b695996bb11f2,Win32,0.43061233,0.29404914,0.4392196
7c89000229a96315aa5144f188e3da5c0aa4153f5a236b902c6d7c2c183354dc,Dot_Net,0.88991165,0.8569828,0.057069257
7c9aa82f8f84d9456eb6e02e13654c0b4a3467fe8701d81b54037a5dcdaf702a,Dot_Net,0.88991165,0.8569828,0.057069257
80f467e6e84b68bff0181893d02c04fc0e198a3da9cdb57d0cf7508c03e61fc9,Dot_Net,0.88991165,0.8569828,0.057069257
833e0958891a2d2d9b9afdf3f123b67cfb6ead789f960ff191a521d6b2c56f67,Dot_Net,0.88991165,0.8569828,0.057069257
846d45d1c5c9aec93e0347250c5c20f1c976bc8edc6aaaf33e52a35470194fdc,Win64,0.20709106,0.1611481,0.069049135
883cd2a99ebfccaa4071f78b2e6071ba4933a5d472e93ac7506477f61b82f931,Win32,0.16359672,0.29404914,0.43935114
8baec563bb848befdc0abd6b4c19d7266d47db17ef88ec28c5b988e66720f1e2,Win32,0.33358878,0.035372768,0.1917943
8e0a6ec0547ea91b1a7f2b9ce146062010f2da26a88d70145367ae27cff28b89,Win64,0.4594729,0.35628125,0.44135708
91570b22849a8ae8a382b4b44e3c14c1d46dd97ed9f44cfb499d57f9564c9762,Win32,0.40031028,0.4226821,0.439053
91f83a1398132342435f207e9c519ba2226f12c0939255441a16fa05146ae881,Win32,0.28628388,0.29404914,0.43929595
974418a52204d47374cc13d85f89283f4dcbee5931cbf8b3aca85764306ded6b,Win32,0.23218605,0.4226821,0.4383466
97d18a63168a5182f3860eee736418737caf82c2be0d68ac3b7d49ab29895261,Win64,0.24932331,0.3833219,0.46883276
98566eadfde534c345986f586dae7365d539117f0ac986518e1521153becf0d0,Dot_Net,0.062413596,0.07983365,0.08005611
9d5c6b054d296c8855fa7671ac93b9298319008bf4141c45cb0a8ebcd760976e,Win32,0.4100826,0.29963347,0.43907642
a118f480b63d768955a4fa661da1b551ea10144ec757a8b1bb2ddbc469f02444,Win64,0.18549131,0.1685486,0.15941493
a1ac2becc4097561f1091ecf6fbfddf843af41f6fcc28213f837c93d7fc28090,Dot_Net,0.036306795,0.07208821,0.07597603
aa86192e1917a30a58d522255123b033bfb68e5146c676fe448a22ef86175fde,Win32,0.8968955,0.5208138,0.29204422
ad39009f450c7261943ff64ecb1c4e2f5b8595ccc109a758b6739b33c1b1e7fa,Dot_Net,0.88991165,0.8569828,0.057069257
ae42c2de92a08dccce4614e3549776d08d289823adb3115e8d822d86fcf4f4ff,Win64,0.99865186,0.993845,0.94588256
ae477b041e979c153e9f31743ebded8e62b289238320871c32f4b971262f14b7,Win32,0.05358244,0.053313144,0.079846375
af246b05a85631835ba0e090cea5be77e1729a6c208d7d6c49e25d591ae4b558,Dot_Net,0.045921285,0.059571486,0.06643632
af57908f86ce3d4b7e6c4f650ebd3dd5e12c364fe4980a98deb1d5831c85c65c,Win32,0.40409112,0.29437223,0.3988721
b381c5206bb9d580ec1c2e08b0badd5e4384313a5d42ca437affd16e33401a0a,Dot_Net,0.8012585,0.9929663,0.9971729
b8efd21d3b804c7767bc9b1f09085aec4dab606455fa70a2fabb23a46d25b6c0,Win32,0.50126165,0.29963347,0.4391847
bbedf5092dffb6eb07bd161cfc807d4c6cb5600ec08d5067eafdad8618c2f105,Win32,0.69034106,0.5208138,0.29194364
bc5316f1eb337f2f5adfcc8a1b2424e14595c54263477d77a372c6e428dd590b,Win32,0.09544748,0.08617192,0.055216756
c3702b6254da762782bafc8b519ff3d107dc6cca0272f7da14d857f631e79d8b,Dot_Net,0.88991165,0.8569828,0.057069257
c491709dfc8bef51f9f04ed0c67b9ae8f606a4a57ac882f78ec6bd6054a5c4d5,Win64,0.733517,0.7278332,0.5253379
c4a58e95e9533c060b902731f07ecec3d7bce5c0015ab0c473210f65be6a01bf,Dot_Net,0.88991165,0.8569828,0.057069257
ce9b64b5d0e0d12bad3d3298da77f291f65a8998d87c9fc170f25d2ff0223d06,Win32,0.0024148163,0.005902697,0.0077153095
d052a21f6cb148959639783b74af1a27aff9940cd3eccd89e8fe1ab14f7b876b,Dot_Net,0.11395956,0.11694924,0.047196776
d370bf9edaba0899723fe790f81393b9097b44d2017b73bde45fe4af55209fc3,Win64,0.03826824,0.102079414,0.087898776
d531ed1c48de1ab149d61a49854753f9de316ad824d17e9a85eee845eb618363,Win32,0.3330229,0.28206995,0.39662138
d9beb7e3939ef77a0e7a9a734d518bf2188e70ac6e45397bb8767dce0378f1b5,Dot_Net,0.88991165,0.8569828,0.057069257
dbbadb8a0a9694c5ca0e5355c0f5310301c41d729c0441bec21b6600c2cd7131,Dot_Net,0.88991165,0.8569828,0.057069257
dc60a64eae5329db7ff663462d7388bdd604bd5a101172fcf1726a21b7ac6415,Dot_Net,0.88991165,0.8569828,0.057069257
e091b3e35c5e9cc86f1762438f485891e82828c3676e4c9e12bcd69b4dc10eeb,Win32,0.03712003,0.0414427,0.05154741
e0bf74c89b56c56d4c48a4542e526399c23a6f0af947563f69d0a8d571e00d99,Dot_Net,0.88991165,0.8569828,0.057069257
e0e3c5086431d441b3f93874ad513357526ea256f7989ebe6eb14d4d93ea5093,Win64,0.18360673,0.2715574,0.34710604
e2c7c79fd90276c0c5c750678a96ee4b4a80024f2dbf5514dfbeea45b242f7eb,Dot_Net,0.88991165,0.8569828,0.057069257
e3cc498f62727debd5f930f538fe9c204f931da340870d1973c7c9d40799cf6a,Dot_Net,0.88991165,0.8569828,0.057069257
e536004bbff24cda77cec330eea958df111b6e8b61ceb050d2c5b9019f8e6056,Win32,0.3007394,0.29404914,0.4392693
e55f1f6838fd253cc20b4e4bfcf23b31505a72d69e840217f7bfcf2de2460ad3,Win32,0.747924,0.34888443,0.39952523
e78236922addf1dbacb369e35860e2743bc0dbe14e9c2067aad55670c1134fad,Win32,0.90958923,0.5208138,0.292068
e9217f5c571e3ae35543f9878f7f6fc526d3ec87b4a892b34a16993bf9beb625,Win64,0.70517856,0.65447146,0.5312819
eafba619face017785f17ae798ad73cfd27cb20dc40c2790cb81b07602696054,Win32,0.49363235,0.29404914,0.43924007
ed34ae2f1f9be4bb4814f1a6ba6089ef6fc2d15c8829f80a9e754f66a16412ca,Win32,0.07993175,0.07129876,0.065703526
eefd26dd9c18fae842123d2480d103d26fa9de8488781d21203bb8bf297e6a33,Win32,0.3356206,0.39232072,0.29003546
f49deb02c5e7817e08735a78dd97a57b441743691957ed2d32177d6d85b8ee12,Dot_Net,0.06792402,0.07265995,0.07577486
fe18e6ed0e840fc12769a1e82a1c3d2b3f83ab7526e11d2020ac586007bb2cb3,Win32,0.06860235,0.074673615,0.052700438
fec93cd21e1390cc2a469b7c42d1e5028c17d85e0df7af34f316f0d45779d324,Win32,0.987544,0.94821995,0.8839178
002b3f277097f333c087584a295043c92da38ee06c6ff1293664bb1e7fc1332e,Win64,0.733517,0.7278332,0.5253379
059f9b13fddd4a37b79a43db50fe558888f303432406c9499759c84878dffb7e,Dot_Net,0.88991165,0.8569828,0.057069257
063e3e1d3fa8e42770650a7b7af72a8e48b763cb5ac387e106ae309ad0ca3cfe,Win32,0.19419317,0.4107118,0.46545056
07177185830b2ac2fe6851d7bfda46ba8d1ad0526203fdfc2748dfd7feecf777,Win32,0.56290495,0.57367253,0.6794553
08bb3a8d50fbbc5ec371b5930edfb6cad7c05d61c7bfd9da22dd00bb233f3778,Win32,0.16677758,0.171226,0.17685117
08cd22c690457cdbb6725c0595fb6a650d2d5f454c708ab159a26121a62b746d,Win64,0.9685765,0.88380855,0.8502139
0b73b706c4524ebe3548029121d88d6f3c566a036a8c947713e6282e20a5d090,Dot_Net,0.88991165,0.8569828,0.057069257
0b826e15ff76d45674f556dfe25d0f6358feb37318464c81891d4fe9b8c709a9,Win32,0.8968955,0.5208138,0.29204303
0d9ac67c3157a425822c4cc989602a7790f19ea2d146f0336721d672935603c3,Win32,0.28064182,0.14037758,0.11728505
0e18f382133189d6fb01817f4d5ebc0280415bad9154f12b0a8651db227690bf,Dot_Net,0.2726543,0.49322194,0.94405055
1136302f0210bf641c1c2e637a97749a34134f80300612d6a65b6dacecffdba0,Dot_Net,0.88991165,0.8569828,0.057069257
11b6ad646dfafdf25b74ff7523438cd3023e206ce7c36477562fbe5f027ef2c3,Dot_Net,0.88991165,0.8569828,0.057069257
11bd6e433809f9355695f73662055ba91bf4a957d30f9ef0fc678a59c950226c,Dot_Net,0.5342861,0.7647299,0.9981724
1374004d8589c43008a4e492c6aca165a2171ec05e8881c1e18f8d693703d76c,Win32,0.85470456,0.60429955,0.42855725
14b4e7c910bd018368b6d7b013882d66e6707044de3b1ac6b560d3abce90e00c,Win32,0.0137809785,0.015787316,0.01784628
14e7adf56ce2da6faac335d580b5b55898d1ed85d0b3b1d3b23861718189580c,Win32,0.31827855,0.2575863,0.3976392
16e7669ad3b0331f0b08da104da65903254cf2e278097971239202d51d0fe970,Win32,0.7231354,0.8483359,0.8906629
1738a9368aa5255a3399ba7cc3f32af3a5ad5c5517f2e5eaddcd38b631189354,Win32,0.09198571,0.30282223,0.14344071
1d3391562c35f2839b3e9a3886231aae9cdecc45448abcb26082053b60f2b52a,Win32,0.037132617,0.043491326,0.042510472
217b28947491fbc73d3ee2ef4600fda9a42d0de40bb5125dd3d5387827dff753,Win32,1.0,0.9939349,0.9869988
23541ac0284e14e55c3fbb46a41f43b346535dac68b2bbaae653e207a0690c0c,Dot_Net,0.88991165,0.8569828,0.057069257
273b1e44fc7fcb02356d315423813c0766e9c6c83c999a4080b12efc53eb6d03,Win64,0.2560201,0.19682096,0.11730719
2881c3fb2bfccb50f5a3484effad156b50431eb5631bf1f37506e8ce12dd6f6f,Win64,0.36977252,0.5009123,0.4692277
2a0b843c6626fff2b34c9c65de8a09d8942747675298dc77028bddd029d5e3ed,Dot_Net,0.11395956,0.11694924,0.047196776
2d982f83b088fa47d51bc6c079d35e5247413a7e484095089eb6d44e18398be6,Dot_Net,0.88991165,0.8569828,0.057069257
2fa1aa08daefc095d7fe74b481baf1ee946968e088b500479fe332192dd63064,Win32,0.90958923,0.5208138,0.29206723
3191cdf061aaa88d7e594aab52d278997de75a7db8d950de19340a385eff1ef0,Win64,0.054098386,0.09209773,0.08896432
31e0712a060f3b38ced56e42f23cad44527cd4acc76f7a7d4e5b4306564f1d12,Win32,0.9753747,0.7079754,0.29215032
33a7c490d39445ee06abe546732bcd7df64d9d494897ad47771953bd1b54fe31,Dot_Net,0.88991165,0.8569828,0.057069257
37b5feb635ad20e57dc77484c0a48b9706e0735892ee89384e872d2b7cebd3de,Dot_Net,0.88991165,0.8569828,0.057069257
395afed49c4e1bd5d69bc3faf62a8d0d92854c34bfb8de37ca9e26eb5ce1e5be,Dot_Net,0.0081450995,0.027172508,0.013231776
3d508dd2cffba52dcb8d09a040ceac5c9f12745e735c80e7983c86d68e161bf1,Dot_Net,0.88991165,0.8569828,0.057069257
3e9275e4c6c6f9deabc06ab0505e29aa91560085cbf1f8cc262074faf3681dbf,Win64,0.24433063,0.19682096,0.11092463
3ed07d95a84f2308b2c4e65ee56353d842a3d452a778f98dc20d0474d310f4c0,Win32,0.20748681,0.28686762,0.14754866
4240980d9d4034d63f3f38ccf1d3406ee10fa0cc6003a7bf3893c4b1bdfa5d1d,Win64,0.733517,0.7278332,0.5253379
42f907a892b223952e885d4ab6e05769ced0ac9ac1ae073dbed75223099f40ed,Dot_Net,0.88991165,0.8569828,0.057069257
43c5205d7284e16cbe1b6c28a674613f94814c1ad590d179b9aa5e4cdb6afb20,Win32,0.14684764,0.22137539,0.13515702
43e7b3d3711ea6c1a4786d9d868da99e5e71eab80105ebf43b7fc9f3b52f76e5,Win32,0.0748927,0.10279482,0.055889815
45273082648c12d9504110f844d1e35639fd0af8707c2bb34e8535c627161cdc,Dot_Net,0.88991165,0.8569828,0.057069257
46cbe58084d12b53592121c0c79be81105a9664b92a3d02de49ca0cb62cab234,Win64,0.41722807,0.3631859,0.46329305
4a254557bee0bcb6f1c7c7694b96417eb3c72fb4b10a32ee153825c5b4acafdb,Dot_Net,0.88991165,0.8569828,0.057069257
4b05546ff15e56232913e35e7d644e81701ef8c71d07139a5497ab1c8516bc16,Win32,0.4804391,0.29963347,0.43909377
4df476c865dc2340dd56012421210714a1cb2a6a72f216c1f125eaddc9cb075e,Dot_Net,0.88991165,0.8569828,0.057069257
53567af3127ff248f9ea5954b21d9c00661ff332331e9b782ea53601bb97fcf8,Win32,0.48994628,0.33197618,0.43792996
54d890875919e168a68d49941ff7cc7b091a51eee82ec35f94153579bd55be9c,Dot_Net,0.11395956,0.11694924,0.047196776
566908c198afaabe628dd562793e08e92ff6de7b87ecfe42dfb3aa611a01430e,Win32,0.46470308,0.29963347,0.43914986
5896b3d189b9c998298af1f09fd2383f7cb23030dbd89a199e85f18bf46af27b,Dot_Net,0.88991165,0.8569828,0.057069257
59ee7bda562e7d0c529da054249d87dc8e8af7f4d799a243e15a96df5bb7463b,Win32,0.80144024,0.6478284,0.4365033
5b6460fcb1302e2cbdf21bb8196b194ffc40cc007c86787ed4046e15426c4795,Dot_Net,0.8974903,0.85928047,0.99862254
5b9101ad81629df2e91438d017b04d18f1b3fdb004a13f85ec5ae80e0d00f3f0,Dot_Net,0.88991165,0.8569828,0.057069257
5c671c00f2f76719e38e2e4411337c464e83bbcaf19384e4273fa1fe4df94a56,Win64,0.6270305,0.6668187,0.5283604
5db217e480e6776a94a4e37b185c3d3884241f0d3aac7c95dd393cbedd53053c,Win64,0.3078127,0.20162383,0.16390932
61465b90632da777bb706b680f5d469768b6571f038c28960fc91930f5567e07,Dot_Net,0.88991165,0.8569828,0.057069257
65b689594e0f843e6ab11483e6709e359c2a85fef9b99046d98b2ba7b54857b4,Win32,0.15920626,0.22867604,0.13947974
660d24c75e92a8ff43b03b4c4a38ff6757536b024094ed594d8dc8d4dfbaa439,Dot_Net,0.81423014,0.8265618,0.99830484
67ea25eeacccd61e5ab068f597fedbd48a030ceb773c30d0db92ab785ba3887c,Dot_Net,0.8039385,0.91411346,0.8316131
69837f9a01870886a8ab56b419e98b98ff7703c7908dee34df50dbed43e558f5,Dot_Net,0.0081450995,0.027172508,0.013235381
6a5c3fa6109def406981f42b1ebd4eb6246b6d6966c84b656a0795b1a2b3ded5,Win32,0.6192896,0.5304408,0.38452816
6aa6c6b8ba4245228cab4b785d63461d0e6ee3fddeb33961f952fb02fb03551a,Dot_Net,0.88991165,0.8569828,0.057069257
6b28aa42fe4578b393a571eb6943ab36034545668c3f6d51fb271df95dd14816,Win32,0.0137809785,0.015787316,0.01784628
6b2de77dbe030e09ad6b6197605e83d4966ffe746179587a2eb72c84332ad0a5,Win32,0.27238876,0.35111877,0.53115666
6c92091b1bc7779631fd1dd8926e8fac06241a3fb16d488bd6761c17d51aa3ed,Win32,0.6490714,0.5208138,0.2918381
6e7294240ecc6ca45e65a8f129e2b8d105294302d10251a09f9541a53ba4a25e,Dot_Net,0.11395956,0.11694924,0.047196776
6e783e4bc13d94a175fa6c769a3d4d3f4218b21e2e91a87a901121ba2d0f864e,Win64,0.92503595,0.45353708,0.5011513
70ba8e349d25ffd40e20e6e53a38228b09ee35fe6fd8764ad4b152c05c7d0f66,Dot_Net,0.88991165,0.8569828,0.057069257
729da3640e9670d57269e975d4824e3fdba977d81208cab8656ba0fe6032346c,Win32,0.19727151,0.29404914,0.43952513
74b4ef02ee0fbad0dbffab495759b790f155bb11cc15edf3a5824b066b1b6952,Win32,0.2560629,0.31288323,0.4288452
7679cafa55f6ef98d272f2fd0ed5b98cb80071c7de9e5f13ea7bef1f2a37a362,Dot_Net,0.88991165,0.8569828,0.057069257
78acb18f23ef5d278496be5764084c05d23ec94b919cf8dfe61ac71253759dba,Win64,0.15381306,0.24253151,0.17087027
7d4a93cf3aa509e2a8751cabf5c5af7c8f2c950b0527feaca4bcd40c0edf674c,Win64,0.11745639,0.17647569,0.11963332
7d4cd352c502db94150806c12da0855bc3787b36bb2b5dfd83dd611c9f6fc752,Win64,0.733517,0.7278332,0.5253379
7ef28ab370c861c438fbee27ac6baf787b01a5646a06bfcc71c63af4f8bd702c,Win32,0.010310289,0.013716113,0.014251489
7f23c1912de00168a320756c316f0a69a82d46502b0dc2ac36e7295e332b3fc9,Win64,0.38478896,0.2522598,0.24432355
7f34db4c7f7259aea19e8f6d6576d92b3ebdb5de7154762b7d7c6b49d1e0b3cd,Win32,0.00071476586,0.0023738355,0.0077101192
85e5038e43d27861b8f5106d6bacfcd0ef6506961ab1244445b368ca0d9efc66,Win32,0.09011824,0.27573678,0.14172585
86273952f035a0dc47844374ba45b7786d491bdd5640ad925a0c4edaccc47314,Win32,0.006665101,0.019487675,0.028275134
869714ce078528736a78abbdc2168eef52bb7c5e96ebea6107fbdf3a5592fd05,Win32,0.17428368,0.29963347,0.43842545
8ba0bd802be88d309311b9911050014fdb0f02c0b4dc07c8d296a5b321e45cf4,Win64,0.36867502,0.2522598,0.23900433
8bbe907059fd84493c5f4bb194fdc2ea736a368bf531f340c75cec95f31da19c,Dot_Net,0.88991165,0.8569828,0.057069257
8be10c3bba1f1ca1a30af5cff04090bb67447f51f782b1575ec388530bf5db6d,Dot_Net,0.88991165,0.8569828,0.057069257
8cc65aa56f655cef6dc4eb7980706210324fa83e349ad476e978d0c6f351b143,Win64,0.10941639,0.20039806,0.3038165
8e87065b85b34fd33ad519a3500881d3430522e5b742eab61bad83bb15ca4a54,Win64,0.16900186,0.045929532,0.07983049
8fd185a5499d728eef4cd181477b0720a60c8be143ff2628941bb2a5985b1f73,Win64,0.99865186,0.993845,0.94518495
91bbc90460b96291b53b68a34367cb554f026e219fb7e9d49302ecaef7e07d58,Win32,0.90772283,0.5208138,0.2920543
92cda90017ac85dd5a0fe5865deb5b2b13ef44cdb494b6ddde1e2c9839eee5e2,Win64,0.9532357,0.90001047,0.8843352
9439d6bfd18c678b4e9e54d44c64babe4e3c328245e2b9de72141b240d289a50,Win32,0.07476225,0.07540055,0.05217955
951da12a616a3334c48d7bab3bc4d1a151ac1363f0fb5bf139304595c4051ad8,Win64,0.38134003,0.14523056,0.12172655
96580b2a8664df1ed91148c369b4378d22d5af897a60dc1df7b6894e75d3a0b7,Dot_Net,0.88991165,0.8569828,0.057069257
9a98aaa4ea02c610f48806366d129e3d13a6ab42961364ff8cd1780c46d6a5b0,Win64,0.4229896,0.64283305,0.5255739
9af662388f6b471821fdfc97d171b74e862201015a178cd70d1760292fb90721,Dot_Net,0.4634957,0.5170421,0.9561366
9bf4c87bb095569f0a767f7588610f5b242db530cd6154034acf1e81aa027ecd,Win32,0.90958923,0.5208138,0.2920678
9c0b463da4c9cf345f691d7775930bc560448737a4ade81f3204201b1dc87ebb,Win32,0.1044778,0.25992018,0.13093583
a17c1f84de48c8a31f20f9130feeafdce5e1e13d64ac11cd394e0f9160357530,Dot_Net,0.88664407,0.7253423,0.9966565
a244b0ec3b078ad04639ee4bd8e3c6fdd06156ae7f44d04b89969adf1f857b0b,Win32,0.014731777,0.10620321,0.037243694
a4101e704f46ab38bfbebced279ff0ba5eebb085525dd08f7860ae5ad8ca25fe,Win64,0.19015081,0.171226,0.16792646
aa511e5541ac60dbd68a6c663247d09c8a1b0a05a07513223818bb26135001b1,Win64,0.601925,0.63671064,0.528054
acab377bc48480067e4dc744d975a6ac15831f9c75016b5e59abb4e3c2b7a24e,Dot_Net,0.88991165,0.8569828,0.057069257
add3e9503b8edd156366c7d8d8f7095243c87ed64ffb89061b19e78b227dbd79,Win64,0.6062372,0.59621084,0.5268968
ae898705f9a4e5e17337fe2c47962f8f561a1308767ba4a5cba12305eb566bd3,Win32,0.90958923,0.5208138,0.29208586
b04c7c556bd980949598b0735a5b990c374dd9b127abaff94973157692447a23,Win32,0.2295246,0.29404914,0.43933633
b591c598018c7460e5d968e525acca75b348513c82efb99087baad773bfdff81,Win32,0.42718565,0.29963347,0.43905252
b8976f46e9358857854f626d5c82a73050dd8f31504a896edc02633ba27c08ce,Dot_Net,0.72790426,0.8246223,0.9983983
b96f7ee40fa2e51b82691f15d9163a11f6850e92bf989140a0d456085ceed597,Win32,0.045802683,0.062198438,0.06020772
b9a97bb36c7dcc016cb1a18bf56dd0a2677a981f333b5eb32603314dfec33d0c,Dot_Net,0.73639303,0.57523733,0.06307693
b9da9a6af49b43b5193d9c04d80cb71f4f92dfd73f6b486184e9d2627ead027a,Win64,0.9205515,0.8704098,0.5726942
ba7ab5f87afab3f2dec394eb2da94782aed6d16b4c88720065ce180e25817244,Win32,0.15672201,0.24677922,0.46689168
bc5c2662291e7296947cae5792f80425ee29d94e124782c487ecdce5a510165f,Dot_Net,0.88991165,0.8569828,0.057069257
be0aef61e0f9d982960d48b68c69c5993409a281fdfb09df6449b4f30a31eaf8,Win64,0.5500305,0.59621084,0.5269759
bf9aa6a931ca278d47c3524bed4759f65726b6439960933e41b5593a5864f133,Win32,0.30647704,0.2575863,0.39763096
c1e2a16f9cbee2e06057766a36c1bf36e55dbf3e94b2c9a8cf838a61e939ce48,Dot_Net,0.88991165,0.8569828,0.057069257
c2a44e00fa5eafca70ad70a02a3512c029a7d6d91ab59df37a8e55fcce5f93c3,Dot_Net,0.88991165,0.8569828,0.057069257
c2ee5e7e5930b4b68ce10c80aa8c000e728e675bc42509eb16ea6aeb29b43a30,Win32,0.94209826,0.7079754,0.29200196
c3300befca26ba35893bac70fee74efecbe9c84f1d8da72a72a38ef386168d37,Win32,0.8926512,0.4424436,0.41382834
c715ac0a699b9d34675095e885126c010861216ca86b2ab829c6b04d65722c97,Dot_Net,0.8206797,0.91411346,0.8329395
c8ad85a9f8e576b9a43e826254e011051dda8d8df77f22e0f853c74462c4de25,Win32,0.39816305,0.4226821,0.4390108
c8bfd18a0621942a9016922a28610d717ac21f94804d8e03039439bdb26e3c59,Win64,0.19718695,0.22583477,0.5688734
c923a44b076283d214bf5adeb43635ddf5ca205e41e2565e25b80ef4435ef9f3,Dot_Net,0.88991165,0.8569828,0.057069257
d3ae0669ac24006e5748bbcbfdf0a88c01630075130c0d4a9df484f5be543418,Win64,0.733517,0.7278332,0.5253379
d4554fb4ba264a34b44541f95f5dad8d5dfc3f9b3525407dd3efc0a112344584,Win32,0.030250609,0.051178604,0.023047945
d466c84d891ac529f78aca43ad69703862487a923222a31267dd44d48b5e2488,Dot_Net,0.88991165,0.8569828,0.057069257
d495c2a4e04df19a964b917781d5bb3c2f90ca4d9de66a4b5f8d41b3a6fbb2de,Dot_Net,0.9175465,0.93600744,0.8895664
d70a790af51a0cf100b91892c49647cc4b89561d025bdc71c16bc0ef6faecd91,Win64,0.90721923,0.8704098,0.5724019
d7c69308aacf546b9322009944cfcddf5d4ee221d56ce137077b4a343289582f,Win32,0.03712003,0.0414427,0.05154741
d899c164d3ae1ff9b852aa23c392d68686e235eca49da0b82ebae2e2f351cdaa,Win32,0.733517,0.7278332,0.5253379
d8daddcb5b78c5310d08e04e9872683a419b93b646be2a6a0d6577f7c699388d,Win64,0.14416535,0.1355697,0.160383
dd367b86db941a4cbc874db189324d0c9be0aac85aec73459af3a31ac354c361,Win32,0.029189998,0.041399438,0.06803949
de88230124819795ec0bf1683809797d86783efbfa4b790223e6b255dd30b068,Win64,0.34767538,0.23537579,0.17232293
e0ee5f05c42dacfd7447623a47e96c9a81a44b58e0e1abafa65c6f9c80a33e4d,Win64,0.81106144,0.93489414,0.8645265
e352cc7ab895bc1e02102f57257bb9e2e6fc62cfebac01e4c675683cd7c0ba41,Win64,0.9586171,0.9195584,0.8626334
e62da43698efa65ac50155b86c4e02ebf67106b61f2434b783fbd0a44e965c46,Dot_Net,0.88991165,0.8569828,0.057069257
e8e7a69a8f3f2693a50e066e7763e8fe2a644ec322bce1772f8c6076caf2a3ef,Win32,0.21008787,0.33197618,0.43787098
ea608ee7aa480836f8b243d7d31f062b5cbba8f43391372b72fc57fe2faeff66,Dot_Net,0.88991165,0.8569828,0.057069257
ee95f923068651b525a9807f17c292faa9028ef145ac817fa97593afc47d54ff,Win64,0.9212679,0.7591761,0.5962189
ef31b0e8e15cafc83d76771fee7a2bb23c69ac553a8cf83ad28bbe64c392dcd9,Win64,0.65999925,0.7808392,0.47261542
f2a8088f1a634e62a2d0e5b2d6427d67fae640bf03dd04c8571006e1f31d7992,Win64,0.03712003,0.0414427,0.05154741
f843de2994b6de8c54a5b2e142eb6098885d4f97ebb8c8559898796e87adeef7,Win32,0.2874172,0.29963347,0.4390152
fc3ca67410fface64b67221df84b184c93e47fa0e4bd9ce46ce54c8d279bab17,Win64,0.29426447,0.4835607,0.46756586
00cd9121700fe8297694c812b2ea7aade2eed6c7fd20426c9a0ee8f034682314,Dot_Net,0.88991165,0.8569828,0.057069257
014e6bec0844b3f756f2a7e1355c351c54cd2ca917a37a458f14a587ed803a9b,Win64,0.05959911,0.064365454,0.06619253
01a4321b8b6fdaa302bcc89edcbb510047cd5674c9bf6cba154fa57e3c36d21b,Dot_Net,0.88991165,0.8569828,0.057069257
02293e1da0dec6cc86a2af6e59bdb755eb8e760637a2926b7c2b08c0948f9003,Dot_Net,0.88991165,0.8569828,0.057069257
03c7771985cdc049209cb36f3c473f16193139f4ee6b9eff88fdddfbb4074b0d,Dot_Net,0.88991165,0.8569828,0.057069257
040417e4a32b6b411f626c457a9e2e16c286393c386ca4894737bff69356ae56,Win64,0.20411715,0.20162383,0.16464387
05c0f10f0a4d69ee9b968905b37bc6aa6ddb627d526e7a7c5d063a472779e61e,Win32,0.060953893,0.31828183,0.43966305
07f3e84d6784425882bbcd9a960d4b479d4dcfd6fc2daa7eb97f759dc201f4dc,Dot_Net,0.733517,0.7278332,0.5253379
0de92ccd26540ed28f4d0aceb4174690363717f6d888fdb62fd55cfc898a6182,Win32,0.84444445,0.5208138,0.29198506
0e43152ecd6c56bafb72cea6eb335a0d63f1e1a7c7b55cab25ee236810f09aaa,Dot_Net,0.88991165,0.8569828,0.057069257
0e97b8af7e57c8552cfef2ad05c4c4846389a2c47f890e16c04735fab321f72f,Win64,0.7189963,0.3074763,0.08137386
0fededce470785b4a5a2b879ccd540cb1c293c557210f48fd7b6f1868fd5b1b5,Win64,0.90602213,0.8219287,0.77959085
0feecb2e3633190abbc2f22a82bf38fbdc419249a046c54196f5605446c8283b,Win64,0.920879,0.8704098,0.57243115
1054459ed74de95562bc9a6f9ca2aeae7eab48c10433a6aa1099ed71fc3b21f8,Win64,0.733517,0.7278332,0.5253379
10dd54a21f687e9c87f1d7a2927ebd2c5c4dfd843ebe219f6951b85d90d0d5d0,Win32,0.96035796,0.7079754,0.29201767
124b472417b6b3e8eefe77f4b290af8b23f84c2fe38c50170d2d4b007869639e,Dot_Net,0.88991165,0.8569828,0.057069257
12f6691143c59c172fa865cf5303813ca63fb4640eb0e10cb1e7120ac0c671a6,Dot_Net,0.88991165,0.8569828,0.057069257
1787099169cbc236496755ef5984959bb327ca0edf8f0b658f405560fdc49360,Dot_Net,0.88991165,0.8569828,0.057069257
1a8b35521beb7aebf872287fe7d29c292728c371ea8dde763de106979b8ab5c6,Win32,0.9082571,0.5208138,0.29220822
1afb17c6ac4f210ddf6974ed1a1fe21b012f952d6e2507af608fac34e28fa3c3,Win32,0.03712003,0.0414427,0.05154741
1c38ec10b329f4abed2cc625fe15d9ea51d0878ec0726ccefbe505ce4dcec3b6,Win32,0.24484752,0.23511308,0.16767918
1dc8c875d3f4d1f5e50793033db30ed4795f1cfba0e76696063becec2a437777,Win64,0.99865186,0.993845,0.94551855
1f01aa44e91ba99b210ce4d9c788bee49bd4ff12c189fd78febd00b0ec580532,Dot_Net,0.88991165,0.8569828,0.057069257
1fd580432e697f3b9826efe064cade8662b12c1f5883be395a836e4a71a4fa51,Dot_Net,0.88991165,0.8569828,0.057069257
1fed38e109db0a72fba7d5edb759ee9fd3de65c23052bc03db3c933a280ce5de,Win32,0.8388525,0.6507763,0.398303
2146239e26174b031f5ff588847df4189dd3b606d584607433b7aedd3573bb0c,Win64,0.009757901,0.012936343,0.0024115625
25a6e80b20e141b643e36d7298c4cb19df8334173ed97184fdf9e310c2bb74f9,Win32,0.012965813,0.0057849395,0.0024387583
26816f6538ed1be2d29dd4f8ae458e56fe28b46c9f5cc85342e8e65d55ae666e,Dot_Net,0.733517,0.7278332,0.5253379
29136c9e4b0c10a6660c249803e0aaf48d02c336c87918e2bb9df8e1bb25405b,Win32,0.21305689,0.23537579,0.17152439
2aa8d7a8397bf6141422ddd7ae5127646e32413cee039627fea3d2795a5828ea,Win64,0.5710998,0.6927257,0.5501883
2ab601aae8b8425233b8191064ac4b0faf49e0b973a8a6e854cbca4bac3d47b6,Dot_Net,0.88991165,0.8569828,0.057069257
2ae9e61e07f197520552c96c8a33d2f6af307965f629e1569078978feb51027f,Win32,0.50126165,0.29963347,0.43918437
2ca9812413bfd298433dcdf367faa402567ca949f835e5dc1987b97bec5bcb49,Win32,0.64661896,0.79657924,0.6168934
2cd3f3d6d613e63df341d38b082a781746dd2404ab150cc9a5ac9e3efabd3c09,Dot_Net,0.04132313,0.04830854,0.06816799
2db9d6a25536ee06972433b323a60667f09b22715348af3eb76e9242c247ff91,Win32,0.080404885,0.112886034,0.057439867
313d836c75f66db954a8efe4b9e52a5e14184480be9c4c794c03661348736eac,Dot_Net,0.11395956,0.11694924,0.047196776
327740353fef43faa17472a89354c77cb67eea46da570503d4e04fe77ad992cf,Win64,0.733517,0.7278332,0.5253379
336d3299d7e96877867199460d5bc6cb1a87f05e2e3b2b23de781966cea2be1b,Dot_Net,0.88991165,0.8569828,0.057069257
3406632753589f4b7c3e27e71be9be02db9f52f70b08cb34366389d06d37fa04,Win64,0.31263617,0.2522598,0.23861988
3492ea57e3b99170d42169eb933df7f3f730e625b01a76c81b735790b6e364ff,Win64,0.01525157,0.033013206,0.03816629
350c3d7aaea00cd96fcb1f3145e76f820b6311ab13cdbe182713048bbe171908,Dot_Net,0.88991165,0.8569828,0.057069257
369ad3e469588552b444122edc4146de689d56a01d6d806f075a45e2b8c2d4b4,Win64,0.79003376,0.8215834,0.72705173
376f995290a290ed6ab892429a099136e8a7a4c928d2c060f2251336f3b8faf7,Dot_Net,0.733517,0.7278332,0.5253379
39a7a25a8a3f04ce15b1cb92cbb7f6b220b20f9ea9bd278074405221eb15dcd1,Dot_Net,0.88991165,0.8569828,0.057069257
3b4d513e041f2d11a2a1a1ddff111f5dadba071876dc850fdc87c56086d29bf3,Win32,0.7430767,0.7289638,0.54211557
3c051827346f665615bb5d22316b63c08e8855bde28cc5e96e2a17ef52e00d4c,Dot_Net,0.88991165,0.8569828,0.057069257
3df8f0337ba6573b7bb93d10f3d6a47788fdec07d54dee31ac4997c953ac3587,Win64,0.9629443,0.9741814,0.9465723
3ea7a31f54953bf9f5b999fe57c11740d3b62bb6194c1925d967568d8414bc58,Win32,0.30415016,0.19488555,0.097117536
40050e663b432d62129ff8bc2fcce6b183bd00630d2c23c72b7b483943349275,Win32,0.03271275,0.051995832,0.0652669
417797aff721b9208cda5f20ccf995d76f152e9b60e2522660874eb7caa323d4,Win64,0.733517,0.7278332,0.5253379
42e35e59355e78dc581115d24babd4424422efacfdb6710395c27e84243959df,Win32,0.51315135,0.35399187,0.30229673
4302cf139ba5701081d2e47f8e7cb3ed0e7901b303f3756a64c2a3d84b1f04ca,Dot_Net,0.88991165,0.8569828,0.057069257
431a1ad9a4891b31e7adfeec8ae62ee521cec80c9b96b0ac6ffb7ac0d5843c1d,Win32,0.43236923,0.5227694,0.43788078
43c7fc3d0943e5321de9869ce8cfcd1d45e2f415ff2141241371fc1b7c3155f5,Dot_Net,0.88991165,0.8569828,0.057069257
4434028ce3eaf32267e6f385c09e4d7c4d761505b80091c217f0a9b6bf8c586a,Win64,0.733517,0.7278332,0.5253379
4469a6e7865654454266c328424878a457f601904b251dfc3649af7d565a2d2f,Win32,0.9753747,0.7079754,0.29215097
44d359eec6df4f340932ab4646fb2980a4a662f75440eb7de74d82b6e4ed3a4c,Win32,0.18115294,0.28937528,0.14778624
48a8c5d4a669470400d831d5ce6f1813a46db1cedc7cd91cb03d938f5dea47cb,Win64,0.733517,0.7278332,0.5253379
4cc813e3bcd548bb1fdd73c469f5b8c3e4d67398169c49401a7c142cc5778fb2,Win64,0.38134003,0.14523056,0.12172655
4e0236233325ceced05b4b6c1cc857f6aedef2272a80e5d07a349bfc88f2114d,Win32,0.8938958,0.5208138,0.29201674
4fc0cf061d8ba1892108177360ba38f8e785f96606d988208c270ad24f9462b4,Dot_Net,0.88991165,0.8569828,0.057069257
53997301e9248f087d39e193a1cc59ff92b0fcaaee07eec8cabcfca75b8cdfea,Win64,0.09572747,0.11459977,0.09487631
5485c5fe3e9a9e164376f557f75578e0b74c4257aae1431567588f30505514e7,Win64,0.687811,0.8026551,0.7400106
55e6871e8281bcdd4df898f1d508a36599c6ddf547770295a2530e549018265f,Dot_Net,0.88991165,0.8569828,0.057069257
574d7a8c157acfb121ad74e0ae2d3ffa07ced6da1e6af1558945776b0852e735,Win64,0.20683323,0.23537579,0.1714522
5869af9efafdc18046e0b83702aa0bd004a6944ab80b96455990abce393ac6c8,Win32,0.3283676,0.29963347,0.43902692
5b4c15e61aa524b3f9bd0243cd877dddd2df1ee10e2cf6839aa42f194a5361a6,Dot_Net,0.88991165,0.8569828,0.057069257
5b97552a90719c367447d006549ad3becdc8d2fc8199e76b88f3b3b3693b70cd,Win32,0.8796342,0.5208138,0.2920046
5d81a0c42ee2bf9bca6d9e6cff3111dc73976e122ac0bd5b7a043154d258635b,Win64,0.733517,0.7278332,0.5253379
6197114ab5dc50da9290de9bbd5f604162f1ea1cc77ee5594c419ce9afd3a508,Win64,0.42317012,0.6996401,0.5708703
63a3777d2339f29ef360f451e5cda751504a4daa69896b4bb5b60a3d3f2a4ab1,Win32,0.9035903,0.5208138,0.29211643
6604cda1fa16d9a4f88847bb5c87b61c8bffbdff83fc45eaa52eaf7a9e58eb73,Win32,0.54456073,0.5647753,0.49030927
668a38317d8dff5b88679abf0c4c61f8758c56aa0e421dab4eb0d948ed9b6ef4,Win32,0.23213132,0.29963347,0.43890426
67b92de2d72cddd7e7347378f7726434d2f604478e6e2e000b80419f0cc76790,Win64,0.74123925,0.72528595,0.538341
6b38133bb2e79a3ebecc883c9083bb4f5d03b2ea89c889a83150370a12c623bc,Dot_Net,0.88991165,0.8569828,0.057069257
7008c4933addb8ffa2d0c4f52ff7ad7e4e3acf69c1f26eae5e8ea4e95bcb5b9a,Dot_Net,0.9759296,0.93862134,0.99790114
71ac49f0a32c06b6f92a3d68a132fbd442fa474a4d7e231e25f80c9fce05fcee,Win32,0.43111268,0.4226821,0.43884608
722d13ff634ed8df1074cc0623962f539a51ab5c2d1e54df81b7d85d96324662,Dot_Net,0.88991165,0.8569828,0.057069257
728400c0a773f03df6049fe3f63e06ecc332971a1fb1cf31059df2d77dd5710e,Win32,0.33032933,0.29404914,0.43960637
739e033f355f0ee75c04eb9bc58bbc74988d69169524f85673030d0c7bda9dd0,Win64,0.733517,0.7278332,0.5253379
73f713714dba625533eb18afdb54be7582035677dcbcd47d04ba14e519d08a54,Dot_Net,0.88991165,0.8569828,0.057069257
75e5db23c0262835bb6a82448939d1063d262f6f1839f16de7daaf3c8aef669b,Dot_Net,0.88991165,0.8569828,0.057069257
7711a5dbcf5d420e03a695b5154f01995f6b20e0c554e055619391b10d5e7d8d,Win32,0.85444164,0.60201305,0.42115495
78cc48de70a8fdd8f63af0098b0d6b6127e09cdfe381a49cfbf6b9f3491e9ae8,Win32,0.0068854596,0.039122112,0.033627685
79b244cc69d8b26add830e7c8f5187c05e6de0619023bba814d83abd3a4289ca,Win32,0.7920633,0.67211837,0.4417511
7aba29321d5d74a133da61bc6519bde43f0ceac3c6d461ac3df48a7277bdd9d6,Win64,0.89964056,0.9164318,0.89505446
7b7c139d2729c29635957b65738f0f217dd0c5e2cf143f8ef909aeb55edcd21a,Win32,0.35624477,0.43486443,0.5640493
7d398e4611aa72fa833ae711070cf45b25027e8bc8bbb724d53429f431dcc28d,Dot_Net,0.88991165,0.8569828,0.057069257
8140191482cb60d5d4e2609917cb5543b5730932b2807c312619acf8402e19e8,Dot_Net,0.88991165,0.8569828,0.057069257
84510d7fd93945e2dac309a1c241c6e640a568c3c74af25980b24beffebb5dba,Win64,0.17151998,0.1685486,0.1594947
8778dcda8276be51128c20fe38126c1a2b9a936f3f62fe190a8a63ee7332b8b1,Win32,0.33375946,0.4226821,0.4387926
886ae53a1ddd64fba53cc648e41f366a3b1c8c98281be6513168a198ad14432a,Win32,0.96035796,0.7079754,0.29202023
88989822566ad1c80a3e485710caae3e798b20ebe88972deb1119c8ed2a923e6,Win32,0.43948328,0.448141,0.29087022
88b612f65855c20a89cbe95e56be352d297ed2df7264b3df38c6dbb18fc3f974,Win32,0.4308639,0.5227694,0.4379237
890821503b851bbbf3861eb2619b32c7c91b591c0d73e3ff73d32145d7b6ffe4,Win32,0.097075135,0.12666959,0.060884334
8d6bb897bbc8e0423ff6fde0fe9921d75ef51b18667c5fb0d220a03d1c1ea4c6,Win32,0.90958923,0.5208138,0.2920798
8f6df6ddd090763a5f5abf0313ed4963ab1af033e310c9bdfd76416bb8254298,Dot_Net,0.88991165,0.8569828,0.057069257
91e10fc360be840a7ac19de886953866dafe004e0f42a32902cdf8ed2272c395,Win32,0.38382924,0.15882146,0.16340208
91f507707edb034485b4bd501d60150e91ae279d0474190ed4c67f06fce005e9,Win32,0.18108132,0.29963347,0.4386254
93b6b3bdfdec992dab268e82459de84630f0008f07f41f37f2be02d67c6f21d1,Dot_Net,0.85633945,0.76104474,0.9982097
95a48161378e406ac635d45545eeab4017360ac06e2ed444a98e35637d1ca919,Dot_Net,0.88991165,0.8569828,0.057069257
96062ce1cf89750deffb9926d9382e7859405b1f100cb90b245a02027372619e,Win32,0.37569347,0.31019706,0.14201756
962af5bc0ae2e9346b4c716dd154aa4da5fb8f6858ffa50e73094f937b37530c,Win64,0.009367096,0.005472824,0.0029178672
9674cf3827d024b993295da104547fe3d757d23209ce3b15ce1e09edec3d3082,Win32,0.29435462,0.271289,0.39760563
9b508adde950df1b25b27035020e74e2def1277eda0cac77038d98d2b14e6edf,Win64,0.8569024,0.9149215,0.8677216
9b9ae6790bd14d2ef3645b76e2fb1256ff3078de84f510092aac8dfaf2a6511e,Win32,0.060946926,0.07895794,0.054170467
9bbfec808d7691185113fc4442868aaa36ba58f28741953b477f1631dc1b0136,Win32,0.072761156,0.07540055,0.052175507
9eed00bc2e3c9ac68a3eb7c95978f7b4d9db606af5635f9adf4610505ee230c5,Win32,0.05225737,0.03935853,0.086138785
9f172f491dc584ecddbe647d6717ac38c4d965fc09b9bef4dbd11f8475504709,Win32,0.9530267,0.7079754,0.29200864
a4468cf97ea62a5a74c79ae23eab580f717e70f8a6ad2857e31a1a8c9f0da19d,Win32,0.45083645,0.448141,0.29076394
a5e857d8ed8e4e58b5b455751ad55edfcc100347bcb67bcf1f96cb727ffaf414,Win32,0.19754593,0.29404914,0.43928155
a658202f9e9308c0af156b42f92fe930456a68f8fba5d6159ba7802ef56f4138,Win32,0.030165827,0.05403601,0.046824843
a69ac142477adef14d30bad884316632d9e6878087aefd3da601f9c34a83ebfb,Win32,0.519169,0.5522367,0.6802287
a9ea01437d2621405693bf37b93d8fe067954ee00171ccfb07e50b0e71e43b8f,Win32,0.84386224,0.448141,0.29037058
ab716e55c90bca615f57080662e27b210368208755bfa7fd715cd63e7ddb9c8e,Win32,0.9050568,0.44470277,0.29254615
ac264c1dfb6ca0d52da84aa80d2686ac19e14934a1c3c2d4c221d11c93f6c241,Win32,0.91274923,0.64509577,0.5986058
ad3ae8a967fabd92fe3c320551ba2595e987aab6b0e0c18055bd6f68e8480b78,Win64,0.28702974,0.045929532,0.080317415
ae26f2b5d7fb4e4b637afe8ec4f8c57f258bc15b125d8ad1a024f9d6eaa88872,Win32,0.97318417,0.7079754,0.29205778
b253b482a2986be657a884af79e0a7e0968b2ba58780e7634d245178d99d1d26,Win32,0.972709,0.7079754,0.29210162
b2949819e839b39bee345ecbe32b86027ccfa37b453e206273f2d864d44c6114,Dot_Net,0.053367633,0.10132179,0.05124047
b2a1a92bf046be53945e9e2900f4a4411d056aae199f69cd1bc0885e089de253,Win32,0.78354007,0.448141,0.29007503
b5b0ac4e53fcc55bcafedf8f7a04ec55b80851fc9d7ff95717967cabdda1a0cf,Win32,0.96235687,0.7079754,0.29203707
b8074d79389f1af91fe4b0264e6bf366b9d393e519bbc6090db07f7c88b528ad,Win32,0.999932,0.99801195,0.9986783
b960dacfecead37d9b21762f897503c629508507cdd98b118e42fb6fc4b1ff0f,Win64,0.21305689,0.23537579,0.17152455
b9db5c9424641eba9e0a3de9b5df41b31f6e101153886887ff4fe202b4264fbe,Win64,0.20184106,0.22024901,0.19139494
ba07ce1dfa0de41319354676975c3b05385b6e55330f9a7d5a2bb29b002fc988,Dot_Net,0.8964103,0.76104474,0.9982576
bc51beff6b74649513656d17b371b5b7d5a133ffc7cc5c26dc89f68f447a4525,Win32,0.12106686,0.103586815,0.29743186
bcc8c5c10abee69adf574e1881226c558c7f535e52b314b111481deaa83e73e9,Win32,0.24068129,0.29404914,0.43939027
bd5908ded189a3e7b226e8f55e030340dbc3985d88007c584ee8c13f19145015,Dot_Net,0.7720368,0.6778485,0.5329056
bde1bf1f00b41689494292741e6607acef3d8058fb7f03599a7a46aaa032dca2,Win64,0.007034079,0.03559143,0.027531315
c333b9d6401339c28066ad6fba0a74a862350dfb656e43c36e9c81d98773df73,Dot_Net,0.11395956,0.11694924,0.047196776
c37d61d0d7a39c7e0df682f4983b0343c3a1393df6a96d060189d165760b9805,Win32,0.19274715,0.24213658,0.5180247
c43038d30725f7d3c7a6f7a626f49c86a0e0194f0bb0fdefd557f70e19bc0fe1,Dot_Net,0.11395956,0.11694924,0.047196776
c4998a1c8ec68ec90301e6ed7981a5f0c1e62a7d8febe465f3bdfe7f11df6dbc,Win64,0.733517,0.7278332,0.5253379
c5d71d2545f5bc2267fcf8e8153cc7be9ae216a1e9d44d4eb6547f266720084d,Win64,0.62399924,0.6293916,0.52944356
ce6f563ede24c61424a7232f370df0f36d793912b291f10ee3f8f798b618ca61,Dot_Net,0.88991165,0.8569828,0.057069257
cf4e120560e988f6161d4718e718d638b38916a7592edccb132e9e209aa82636,Win64,0.043725997,0.1423784,0.16239977
d226355acfe60b7fca95755b3ab093cab589323de5fa6681ce03d9d9c8014085,Win32,0.8429921,0.448141,0.2901418
d7f99942289326effb9032a1ca1e8a23a7f0d5a5e5e805a79a20b53615a73b48,Win32,0.41914612,0.448141,0.2908782
da39aca69cf2ff7e16be433e893537808e2a457bfd8ebaa8cdad50abed7dd24a,Dot_Net,0.88991165,0.8569828,0.057069257
da56ff1a2312fff3efc45c9fa75bce7bbc5df492699e722841d4844445ae990f,Win32,0.33853364,0.4226821,0.43913397
dc5eb397242c505a5af8df41c2de6efbe3a3b4424d96ffe0a25ca7980046d538,Win64,0.11745639,0.17647569,0.11963332
dd93196b1297adb72172bd1f99df3ed3ce2091494e93af40b741a1a06863d7d7,Win32,0.5164625,0.48471412,0.27570778
ddad1649d171367b307aa77f14b10826d6a5ae1d1dc1656ef1a7ddbe6ca43af3,Win32,0.49427092,0.29963347,0.4391031
e2763569271129647924828e3fc5f1e02cdf469857690c7945a5a026ea077beb,Win32,0.53721696,0.29963347,0.43908867
e3f1da21c30cd86a70d48498fdcc15e04c9f033fb7c497ac128bc1ccee9bdd05,Win32,0.65307134,0.5208138,0.2918598
e9a96359f8fd2d453cb90327218ca3a7d8c86ceac0bcab72dfd48c34a0e51050,Win32,0.8889321,0.6771517,0.6197414
eacc7f8c130fdece28a7af1663efef1db11baf90c21639b3332f6970c877aa74,Win32,0.23634636,0.4226821,0.43856955
ebd75e0b6c3359fd189e169adbd33b5a1bee5d1797e90ea878e87d391d23d79f,Win64,0.733517,0.7278332,0.5253379
ecce739b556f26de07adbfc660a958ba2dca432f70a8c4dd01466141a6551146,Win64,0.01911719,0.1423784,0.16253404
ed398ac6a7beda44133c206aa32833dd6763479c3820904b79c3a56a33935672,Dot_Net,0.88991165,0.8569828,0.057069257
ef9b13e7cdfd6ee86ff578c2ba9253b83ca114dddec05337dee913ac0ecd1a58,Dot_Net,0.88991165,0.8569828,0.057069257
f1806193d712f2dce4c3899f7198a08cbc79953c94924cf83b65f803bc6faebb,Win32,0.88656455,0.5208138,0.2920062
f21618a8541490230f25a60e83c43a3e469118124d2fc3a4ccb7b1e7f7bd8d14,Win64,0.03712003,0.0414427,0.05154741
f263cbd36fdf367fc9ef32bd9f80f0f459a0a09a5aff4a8f387e771ae20d31b0,Win32,0.12008949,0.46606693,0.53275603
f2a5ecf9dc4d1fbdcc463333aaa631210d25801133eba72817940988c7a1657c,Win32,0.70515656,0.73265386,0.61006075
f2b99da16b08e6dc9f9a6cd544ba2a96020ea2d961e23dcd6633c6ff5651c3cb,Dot_Net,0.88991165,0.8569828,0.057069257
f3736c598388cb9074c439a9f885b4535a9625a7513ea2bdab6472c97a1de347,Win32,0.86550015,0.8068796,0.67491496
f620579589b249075ada5af21c8180d904f8a914092654bf6f097b6a3fea613a,Win32,0.963192,0.7079754,0.29225963
f8c004e8ca4a66826af61f474b36cea74dbfcbfa13da0dbcdf594fcce07caf35,Win32,0.17181386,0.29963347,0.43844056
fb46c99ba9f22c611f5e78e4a84f53eb4c4c8bf53b68a689723f4f268e427b4a,Win32,0.934101,0.7079754,0.29199636
ffcf76d0b78b2d2b8a501226fbbcffff191a7c61c3b20fb0a35213b71ed8204b,Win64,0.07634751,0.06378007,0.04119566
000b3d1b7d962c7b6188a8aa2c5a55c883f5b878a6fe5b1f9abf1e9d99a2418e,Win32,0.124147624,0.29187387,0.19418554
03a8506ad1c20c793a463700a001393f3e4cbed6bcdc4273531db9bbde14d3c5,Win64,0.022088429,0.03547677,0.069829
06bc54f9847a03880e3d9a538148f9bcc77820b342bea9f5d8b58c2c92e1491f,Dot_Net,0.88991165,0.8569828,0.057069257
07a8760c47b94efa7add7576a61f0fabdeddbdc7cfa9f69f08d63eea432e8529,Win64,0.07397753,0.1355697,0.16129747
098b1d3432a8abd0b44250a969be946c031a278e2e48637efb8b20d6c57dd91c,Win64,0.1479801,0.22939911,0.19423598
0a7acbd0721d58a911a0f16d7d34d741a4796532e97a77f68bb75c1da642a422,Dot_Net,0.88991165,0.8569828,0.057069257
0a8854bf8972441908b3fed9c16783ce1f642a53ecbfb4b84a6911a6bbf76e79,Win32,0.6025076,0.7923683,0.7510305
0ae59f9364d63e2bc2bd7a305babeb1593c17640c5a373d4468143c28289e729,Win32,0.2540721,0.29404914,0.43924883
0c40182a85ec858651b13778c779b7083645e3cb17cd38022a15e53442986288,Win64,0.11242399,0.006931078,0.017467769
0f014681dc9bc339c70a1b9a7354cceb044446dfe7ecb15cea61ceef2bdfb5e7,Win64,0.7129974,0.3074763,0.081398815
0f9eaf43e42ed81735057cd7b62d6c97def8174f1e9d6c4fe6d641ccc134524c,Win32,0.8493749,0.8215834,0.72409236
10193c0bb357fb3e5cfc169799b75cb719d8e29a016ef1bd3531c0f5d456b359,Dot_Net,0.88991165,0.8569828,0.057069257
10450ad1306613ab330d41fe84f93cea63a061946ec84180c848af5e21c49c3a,Dot_Net,0.88991165,0.8569828,0.057069257
1141765e93499031268bdb987b4ab2febb75ed8b95237bc7e314b21d88c84db2,Win64,0.7056659,0.6161654,0.5702681
1394f75cb368a7dde9fc361f1d04905fc863e50399deb6b0eae34d38f1a5447f,Win32,0.40955427,0.29963347,0.43885842
16bef7952c4b23329a3bd4a69109f7a4a8f6e3c484311f336eebb55584fb6566,Win32,0.96817434,0.7079754,0.29257992
181d1e95943bd4d8ff11628188ee39671578b041192beef8c34d96d54ee0d881,Win64,0.76426655,0.4612359,0.67647266
18a4f2c3429e7629ee1ff67f2576016e1490cd3a294da19831477adcea8ae303,Dot_Net,0.88991165,0.8569828,0.057069257
1951b85107aaa0c867f4abde18262c74fa92b67e3480c92aef84519629e5bdcc,Win32,0.04846789,0.040635716,0.08640242
1b31adbe9b9994f64e28e9c6e805868536df6c6dc1f2f9d8fe5b2b73c28887a5,Win64,0.12119882,0.1355697,0.16045931
1c9705697186c47ee8ea2671a902bd2ee01a30fed054936ac0717e95848be76e,Win64,0.89879555,0.98270893,0.94743645
1e595186690b092cb47eefaf94c6fa11790b4196d982a5f0c2443a88ab5475f6,Win32,0.33358878,0.035372768,0.1917943
1e63c1d51cbda3041738ac259eff585038567de45a46c31148894254d6df4998,Win32,0.6255558,0.7608401,0.29086763
1e70a1d998b8f5b242dd944c722b8228a3338dc793ac1820cb0f946e157663e3,Win32,0.85464454,0.7079754,0.29198176
1ea020a0759ffc5a8d6fbfd9b99bd300c938e7bffa872d48df858647b02810d5,Win64,0.67729497,0.6161654,0.57283694
1ee722cd009115957c109d6b8250387abd4589d66821f1ef5276c7439caa4e96,Win64,0.03712003,0.0414427,0.05154741
20e499385e40c8a637668f6858297802827617a894ed224f5bfda0f95a62a33f,Win32,0.03712003,0.0414427,0.05154741
259ad91c6d5a72e1272a43b0d954b59179b58542f805b04583806e4c71e4cdee,Dot_Net,0.88991165,0.8569828,0.057069257
268e43988a20945a0a35c9bba86c5b5fe4eb01dd1f5d5e220a79a3ec603bf9fc,Dot_Net,0.88991165,0.8569828,0.057069257
293407d8c7c5c3c760528a76066faa42f22aaeef4c5d8ab4fd239b52ff4f65a1,Dot_Net,0.88991165,0.8569828,0.057069257
2936236cf0ecc22eca4a79788d1d099138f4a17b9464eec70f8dd57275cd0d15,Dot_Net,0.88991165,0.8569828,0.057069257
299b94d887487efe498dcdc34eaa8c2b06e18223a393df5d4858d358d58d7449,Win32,0.26560688,0.4226821,0.4386228
2baabd3f6e0eb98ca58700d5657c9ee576e544aaebd6837cafae01488209a47e,Win32,0.66418535,0.77765423,0.7365825
2c928dd5da9b9344e5c2a9ea19fbe27dee3695c8c137cde97388a835066c7df0,Dot_Net,0.88991165,0.8569828,0.057069257
2dd155732c17015853cfdbac9793abb485920a37c8cbccdeed084d62ee2b6583,Dot_Net,0.88991165,0.8569828,0.057069257
2ea4265cd56e21cd8c4f09eb5bb8e3cd3238aa70793ddab58f7b31087b1dfcdb,Win32,0.035708074,0.048479624,0.06825528
2f23fdeaef514823854f18b06653688b6a490967238f0a0167037894cb20fc2f,Win32,0.9035903,0.5208138,0.29214647
2f6639211d32ff7cb1c352b0aa92efe9671e3cfca66d8efc3c14366f6d459ebd,Win32,0.82423973,0.835597,0.80903006
2f842dc9897b7d35f2f2f0e4add40e4efadf510ac8952cb1fccc961e238d468f,Win32,0.3152055,0.29963347,0.43906024
31ba85efffb7021c222a20693bdba0c4154c47063353f81a148d0b6a7ef5229d,Win32,0.9986334,0.9979018,0.993512
330d42eed8ed96c69fcd41c3ac922d09966cf2338498bb86affc29cd8edca2ab,Win64,0.83526164,0.8664291,0.6633363
359840096c25d24864ad8220adec380e619aea3e031b90bc3495cb5d49a9e73d,Win32,0.0068854596,0.039122112,0.033627685
35b8ddc1e1f632e70dc20387951f06e664d0969c3ede6eb21c353ac021981da0,Win64,0.33687,0.57716036,0.51881635
3620cb60b899044d87743a355654a983f3195d750659c44f881334f6bfb759ec,Dot_Net,0.88991165,0.8569828,0.057069257
378018d140a43e01075fec8e4d01b301b08a4374b5cdeabae6dd1e62c150399a,Win64,0.8412212,0.63269967,0.56539524
38ed969f44e83b64744286125a3237ee2e7559ff91134129e16ef87fb43118fa,Win64,0.0362212,0.048774023,0.07450223
3a8b29d0f9d76baa5386bc171b5b8afeeeeee90248c1c59e14f4b489cdf3cdf7,Win32,0.011248109,0.030763013,0.023279056
3c980eb48ce4b63ac95748bc909de80058fa01e2afd312e442490285de72f4fc,Win64,0.19406684,0.1871626,0.13783821
3d335c5680dc32888443e5c637016ad68bf582f051d58b5f6394f169204d3656,Win32,0.9552671,0.7079754,0.2920734
3f1ac57d4d7a8b3821153db78b3cef4de238fdbf55c5129f2ab611cfdc34ce6d,Win64,0.07029298,0.07540055,0.052316073
3f3978e5003e38954a62c0f623a34b21d8119f8a393bcdecd19f45fe60911d47,Win32,0.5587878,0.5227694,0.43802884
3f86eae2bd99f58d92b17576202b698e9f7a1b0c1e10ad043efb882f80f0a08e,Dot_Net,0.88991165,0.8569828,0.057069257
408093adb647d8dcc245187070daacd5c557bfbae887e66534a4fe42a8a6c899,Dot_Net,0.88991165,0.8569828,0.057069257
41050c74e072ed717ac97c3bb3fd00a660b9f68a6db9e507dfc8ae0523dea508,Win32,0.97723866,0.8991308,0.7973008
419b9cbb35f03eab636e3b0230637879d62cd858d4629c36a468ea67dcf3a463,Win32,0.8990706,0.6458628,0.4391777
421742ac49cce5877e42b274939260a6b4d56105cdb12b63f5285f0d0f4972e4,Win32,0.33064032,0.37067288,0.5174985
427e52644685c89c57fd9c4c16d46a38ec0ef50aa6fcc85640d0c4b901c47238,Dot_Net,0.88991165,0.8569828,0.057069257
42862e5e00a276368542c041f9e640c13a856f65e50290f2c21e74dc16658a66,Win64,0.62281823,0.729049,0.6768026
44e1bad8a9549e16b6b98fa970e6031878ce9b250b3e023a8c2769a944f78540,Dot_Net,0.88991165,0.8569828,0.057069257
4501cc873f4a9a720193a1e1152fd4c0783958b679d8343711c9ee1f04516362,Win32,0.17967258,0.29404914,0.43933916
46e5aaeb2f491169e9bdc5c3bea3b33a8eaad275a068d48c5183f201159e4ffd,Win64,0.42317012,0.6996401,0.5708701
480b92891e5c69905841025fce5462876393a1e6fdc8e06f588f9d9cf1996f4d,Win32,0.8316631,0.448141,0.29058075
49089ee6a816f60dd3ccde1516bf0ffd138d2fa426a34678d394659ab4e13720,Win32,0.37637347,0.30685592,0.080283456
49fdd905d48af93a8ba1edb27779aff1e2e5b2c752a72db90ddbc8c20c94e872,Win32,0.3092524,0.49137935,0.40874657
4a883699a9bae42eb8a8dbf7ee1fbc9e2748c093b630e2694b9289e4daefc462,Win32,0.2320033,0.5564603,0.61974293
4c3a8eb2709b72272491410bfc3812adb5837ec84d4b9f9a549b3d5916fbe665,Dot_Net,0.88991165,0.8569828,0.057069257
4c6a9e181df4cf2cf43a90013d8bd31d745230396b4a54b91aa14d5d12fa959a,Win32,0.849014,0.448141,0.29014653
4cc041c18520d3c168cea1a3d9c181de04777f02c446d0576c4ac76bd2148ae0,Win32,0.009564595,0.0017520279,0.001965789
4cfc34e75b8440b05129b4165d1dc77156537c9f51f36bf3cd3a1e6fda48b1a5,Win64,0.62563765,0.8435663,0.61121297
4f979e36edd675744451be5e794e483744f6777703240127a9a5309df228623c,Win32,0.6797071,0.7079754,0.29188964
5396b63dc57a6cff0039c7a14340c09ae7e05ac13c4d4cb8be859780267c26fc,Win32,0.30004826,0.14201194,0.06579054
5602ce961531407c8198bfdfe5c6fd08b45c95c0dfda3dc93ff894905d1b6050,Dot_Net,0.88991165,0.8569828,0.057069257
5644446b17b9ed1cb0d5db4c7b9909eec38dc6aa700d7dc1721006cd46e058d4,Win32,0.49029994,0.33197618,0.4378725
56b3837c4463c3005ff595a0ec0d5b41e8da51d42e03c46e812c017df93b0baa,Win32,0.86565876,0.6458628,0.4393471
573af6e45000d591ef7aaaa8b2f150dfdd2532bafb1e830c1a512d2f60a84fed,Win32,0.038753383,0.039596975,0.05522865
585008d8cb499397eef5785d146ba4459a58623d1c4faff1f742a3eeb806c6d0,Dot_Net,0.88991165,0.8569828,0.057069257
5902b73e5fe2d674688a511918af7bd1c2a9d44fab5fdab2b665a066e0126c1d,Win64,0.119254164,0.5562897,0.5961011
596cab0568e82bd07d1501760b4d4fbf91f487527d3f95e5df4df055a558331a,Dot_Net,0.88991165,0.8569828,0.057069257
5fc493c7373e365981bb815ac3aaeffba23da747bd77fc11fa3a5bfaefed2e55,Dot_Net,0.88991165,0.8569828,0.057069257
65132c9136ab8b2b2eb2941121c77bea6c48cf93863b8de487beb51eba505465,Dot_Net,0.88991165,0.8569828,0.057069257
65fdf6806a1fc87ae79522e3b363c53720f87e3b4e7866e3dad02752f9116aa3,Win32,0.8573466,0.448141,0.29023606
67550698cdfc3f2956fdf1009ed823e13e95aebe7d22bee32119bffb58c9fd77,Dot_Net,0.88991165,0.8569828,0.057069257
6b2793bc1b0763bc51f31a240b8fbab2067cbdb171f6921849c6807d6b2213a5,Win64,0.733517,0.7278332,0.5253379
6c924bca111f45d37e07a666914657b4f7572160d6ab42a74d1abb5fc087a55b,Win64,0.32245475,0.045929532,0.08047197
6ebc7347fdcb266a6ebf866b01e2a569a7d1e8b8300954d62ed8209785c29f28,Win32,0.26983526,0.4226821,0.43864486
6f0540a6afff651a20dd5a60c7e6cc44bb096a636cb2e4fa82b8c19709063719,Win32,0.6837071,0.7079754,0.2919117
6f9cb08a9689758c82af10a90710fe719fe0b28d5a898912c198a2d36b7b3c8c,Win32,0.047405478,0.074673615,0.05274698
72b96cbf0cfbc0c332a4766a583b9bce38cd6ea981837f68e6a56666a5ccc7d7,Win32,0.7364311,0.7079754,0.2919252
744e4bd97c45b88f80a8970228b39aa4cb6ccefa012761fd6abd5ddca573a25b,Win32,0.8958947,0.5208138,0.29203507
76583b3bd1c50e73a30c02733b95b53890964eb11e45166c35aaf904424361f0,Win64,0.82439166,0.42874426,0.0988997
780e5e4a3a72aaf9d8b642186c22eee105f9164b9d27b94f69c606106db71bf6,Win32,0.47679284,0.33197618,0.43799338
7c71464842a585779c3d2edca9bb20f5024c5fa1eed80df6bef59cd607d0323d,Dot_Net,0.88991165,0.8569828,0.057069257
7ccbeace06a97d3ff2d7252ad93df2818df85a792a044d026588f666fb8ce097,Dot_Net,2.2283566e-06,0.0033239503,0.0039675357
84a73dcf550db15915f528d2d62473826b95249f55f95c67088eb09cc4c6f5a9,Dot_Net,0.88991165,0.8569828,0.057069257
86fadf00eec943bec4e2198230c402ad31ab91dac4b01fe92b7580c3f6eace7f,Win64,0.38134003,0.14523056,0.12172655
875dda3b4348d4d1d98b48f59c59b9352763a4a70e09a7903ea15509265757c3,Dot_Net,0.88991165,0.8569828,0.057069257
8b27cac40018b6140bc1728551e4d9bc6916a5b7a672a4c6c1c3a77678c2a7c9,Win32,0.733517,0.7278332,0.5253379
8bc24567c9428377561ad0b42bb3a737d7ac71d1d525f201205cd19f16d1661c,Win64,0.53572136,0.5958775,0.41137916
8cedff1a98724bbeeb17a0502bd8bdb3e4fab1f2c889a4bfa91c17a3ca06a2c1,Win32,0.8938958,0.5208138,0.29202354
8eb6de32a60e50a4a481a053e8ae5d50362de58f80f246d4381d887864ba7c03,Win32,0.1434382,0.20670035,0.19515675
8f44e1a54e2f3220a4f2b49b46db929218782a701366e0ffebfba1fdc8599dee,Win64,0.01869794,0.023901343,0.058556017
9298f0f5772aacb61fd5424c632fcf53bf17db214b0d09de819852e2d4e5be69,Dot_Net,0.733517,0.7278332,0.5253379
95b212849dc4581989b16c40b48215b338edc7a085143685c62ff5532f7aad10,Win32,0.88909644,0.813527,0.58781326
98433d7646ebc32343fd563c27ecdeceb37bf44c498f23ec0c51c573ea56ce0a,Dot_Net,0.88991165,0.8569828,0.057069257
9d4f6edf3dc6553a1418fd1bdd7311fde5b5c7a62361cae6c432cc7fa020958f,Dot_Net,0.88991165,0.8569828,0.057069257
9ed01ea354f177d90e98bb9d9936697c2ddac404fbf4667da78c22bfb498dfa6,Win32,0.15829746,0.14201194,0.06573208
a15cd9a776f095de48516ad683bd72f58a4ec1716d4c37b1eacc045541a38307,Win64,0.602574,0.65074086,0.5262731
a1e79342bd14258c86182c3829353f539d37ba8ae106538f467e9e6d05d5570f,Dot_Net,0.88991165,0.8569828,0.057069257
a6973c66aedb1715c5c0d438cd7583d27aaee618bda20946f4bc75d3cf4238f4,Win32,0.8026374,0.448141,0.29017156
a6f134bd1fda36186cb32ee2bbc2c0bfa0f9e6f1b27031d34f8bbd120b5cd73a,Dot_Net,0.88991165,0.8569828,0.057069257
a7774aa700438ae8de41e39e6eae603887b16412f53efddbe6ad5220191ba930,Dot_Net,0.88991165,0.8569828,0.057069257
a78c19bf26b9b2f143f510ff47d3f86c7bb7fae18843f3f3a66959ecd2b9f6fe,Win32,0.8714879,0.448141,0.2903445
aa8bbeb4c11ee4b9fa50f18a8a36ced31789153aeb1c5381266e6a29fb112005,Win32,0.8938958,0.5208138,0.2920134
aaed327666c39795d041a645956c80fed074dc86f1c0a9076d79040968cad018,Win32,0.74251485,0.68275404,0.6219079
aca9fafa513d0c2d6c14025f5bd4575b55bdc144718529ed8477a7c6d2f061fc,Win32,0.3153466,0.31828183,0.43921584
ae524d0d632288aaaed3725e9a6b66d73010977c8c6c971157799dc4b0ef5ecd,Dot_Net,0.7081109,0.7619187,0.69444764
aee5b42cda800a4afd8f9e40874aa7838a50ec70f3e10b11ab9c305121e890a6,Win32,0.89972687,0.5208138,0.29204643
b0665ef7353da5881d89b8b902981939a14ff366202c742bdfdd68fc5d37cec3,Dot_Net,0.88991165,0.8569828,0.057069257
b16ac9d69f8f6e990bda6537788590cc3e4dbdc8a3272adc07a13552f93826bc,Win32,0.5791379,0.38639992,0.2897591
b1892175a4ce7e8b09db8732a919ac2f2e8953222a89c1476ada14c2ad323274,Win64,0.9320661,0.87267524,0.81121993
b38b10e792f1e047f560b3b2cac87f001679024a7f0f6690fcbb0fa2b9109a52,Win32,0.49427092,0.29963347,0.43910357
b8033a79e93d1ec76a291a8a0ac6197d8d2b61b41f3743bce4812111f795d0be,Win64,0.01911719,0.1423784,0.16253404
b81d2d60f0d2200a5154bdc6c2f147814a9f129b3650d7632d57322e63bc181f,Win32,0.76900154,0.81865644,0.6635181
b87452e4ce63a1631a5002f820d4cade3c8bf83d93a14bd60e9afc362f3a3409,Win32,0.21683627,0.5564603,0.6197463
b940c5b0e75047f7830a43cf4d59d421f40e5a97ba658b9c2ca25f51fa675fc9,Dot_Net,0.88991165,0.8569828,0.057069257
bbe01b4394ecf4758d2681d1dca83cc9e6493146a6dade43b39ea928ddf8ee8d,Win32,0.7313672,0.7655946,0.6866053
bc89524919ece3daf5d7c7378735a4ea714d7b381379631cf86f8c32c410da6b,Win32,0.996532,0.99756986,0.9984303
bdc4b4b5746c61e810cd0f91590d71bdd31abcdd523435e2a8dd05b9c0cf3e52,Win32,0.6757071,0.7079754,0.2918683
c030e5df16cc98d47ce67a336ad9452219b9c62da32c3217fd46eb4612fa5e3b,Win64,0.9497925,0.87289506,0.8836725
c1c8553f668f9287870b0101e8276f7e9bce5945370e84be7fe7ddfa6935a676,Win64,0.03712003,0.0414427,0.05154741
c2b275afe87a6a21007ec4fb5b96041b2ddb81b61f6a5c64cf9f4271e97d5585,Win32,0.33396545,0.39153334,0.52019763
c62fc4063774f9256c1a2cea14890be2cfb74013ba098a5dfbbaa0548b04efd4,Dot_Net,0.88991165,0.8569828,0.057069257
c8c6e3378832469a2b2f1fdabfbcc84a77bde71a321e9e2b9d0fef1a632dc290,Win32,0.36550397,0.33197618,0.4376497
c9c2a9ac2b54e48cb755040b4b8dc5e3e42138b990558060b829456df59b8a90,Win32,0.126523,0.29187387,0.19529656
cb3038300443c194888d59ecff619c71bf00a6406028d9b095853307c51d831f,Win32,0.4200833,0.4226821,0.43910673
cc8ea0ab2b2917deec579a936dab22ae9955dfaae8875ff409e3f7c4bb5878d7,Win64,0.72447604,0.6736644,0.52575725
cda4b4f651e9879c420aace85a85b3c39bc77ba054e8f62c13ddfb1026459245,Win32,0.07309874,0.09312618,0.084009044
ced7738c402895bbce2b100061c6f9c53c640caf902de4399729b8a0191ddbcb,Win32,0.4347493,0.33197618,0.43743685
cf1f83f5226812bff028d11e0247d119d867043c6060c64d70c13c46adf49bf6,Win64,0.07700461,0.1168906,0.03669527
d07bc15bcc5d95ab3e9ab9a07e50c648adc6f7a147367855decb70d16a23d3fe,Dot_Net,0.88991165,0.8569828,0.057069257
d48cf20130ef30a15130fb13cda35de47c6b41b627df488a481c6995af44b63f,Dot_Net,0.88991165,0.8569828,0.057069257
d4c2d1d281997d84e899a4fbec8043d9fc82ce648604d6b26801784c4b811baa,Win32,0.9526014,0.7079754,0.29206172
d58ebdd3c71e9236efafd190f6e46cc847b387357c3c349967068417867222ad,Dot_Net,0.8299136,0.87951887,0.9059709
dab38e6066c97ef6e54746e9a3c1dd21e24287c99d43105b22b1b8b09882f8e9,Dot_Net,0.7359018,0.7345906,0.57029325
dbbb938ecfa2f1ce85be8047897e787757ea2911ee9aedfcb6b9f410b629c672,Win32,0.07159476,0.21636416,0.11002559
dbbe59f590aa1b8a948284b6dcb376a6e934bc3f9c44a38bd3d5b9b87d53ef7e,Win32,0.83239025,0.6490098,0.44005075
dbc919456e4fe5a84e947c7e4e0729d980e7029b9f6bba6a13633fa3f33b278b,Win64,0.95935214,0.9753059,0.8943156
ddef59360b336e1af79b1de9f67d0259bc255dfc0631bd5e30ad941f038b3d7d,Win32,0.18594977,0.28686762,0.14720656
df46dbe66498cd0d9ea8cc62c693172943bc91ff200c06617aa1f5503dae7976,Win32,0.90958923,0.5208138,0.2920668
df766d85463f1b6418d048fa6a13250b4bf58be552657486537e49db5f4815aa,Win32,0.32846174,0.29404914,0.4392524
e1c48f5dcf99f84fdc389b6cb1eda35adb3d81226a12883651c87b8bd3964102,Win64,0.03712003,0.0414427,0.05154741
e3cc72b550b8694779c8e15ea2b0b3fd339732d374f19eb038d357a81df803d9,Win64,0.38123068,0.1685486,0.15955198
ea89be9d0b4369514aed71e3bf90c4da31425e34108f6baa645da2a2d8ab44b3,Win32,0.8958947,0.5208138,0.292028
ecda66b5f4200923f05bfcaf1656953a80cb2fff3c915385b48f3486b7ac3cde,Win32,0.35624477,0.43486443,0.5640335
ed029fa8889e7aa91f0196930c55b9a613f3ca8d6a65cd66ef5069353a20c182,Win64,0.066727586,0.1355697,0.16047683
ed0676e0801943aebc27f4e0a7a613e84953d8f4650643c9fa290abb9b212ae7,Dot_Net,0.88991165,0.8569828,0.057069257
ed4e2ef0a0a862ff73a6a02980ce75ad60a6e987418d1fe8f159b59e14712107,Win32,0.24140868,0.29963347,0.4390811
edd3dcb845629447335f49442252eee8aa441d34bc51d7ccfec748b71fd507c4,Dot_Net,0.88991165,0.8569828,0.057069257
ee8c0ea1651f65eda18f9c6700f933c454c5898bec966f706a76cefdd47c1483,Win32,0.84149146,0.448141,0.29018864
f1882fec0bddde796a3ff24ea7f7a7e2db9764cdfcf6c8ba723496d991e0afaf,Win64,0.733517,0.7278332,0.5253379
f2f7d31ebdaf3b9cea02464792a5008740c9b0e37a473b75acf9c4d6607e7ca4,Dot_Net,0.88991165,0.8569828,0.057069257
f4579d5f8eb1523788f682f805276dffa4138449ce76986b02c31025ecd4d0fe,Win32,0.081211306,0.014225561,0.042131465
f568c58766a7c9f4a32ab059586373659425282b47b01956a53903f9fb3aae55,Win32,0.78497696,0.67514944,0.44141242
f5f5aad1fb4290e171eda98957ecf4d0e6184ad6a2b5f6ad1cff6c54b7d2b7fa,Win32,0.05672146,0.039142113,0.066913985
f7b23ff53c594be16ea72310a0c95a1686c9dd9d429b74f7fa089b136eceda61,Win64,0.6176559,0.65074086,0.52623016
f8923e0f86019822a0d7a207d17c905050b8be0bceb350c6f9ae1d6f6f27a275,Win64,0.00031115412,0.0043940884,0.01757871
ff560dca89be9c3268c3cd8218b7e9c168f67cff10e9b36d4b01dbcbee00c90f,Dot_Net,0.88991165,0.8569828,0.057069257
000a446f80ae95f2f36fe7b0506a800ed9de78ca884fabb6e29fc8c41adde8e0,Win64,0.90151286,0.91411346,0.83969724
05ca8ffc15aad725df996fe62dbd7e6a27872a7ae8714ea6ad4fcfbf1c32e609,Win32,0.36258098,0.29963347,0.43918008
0b4224501a1e8dedac0f05c43fc67ae2fee1c08e358331844f5177ec9f978309,Win64,0.06900461,0.1168906,0.036695533
0e9906ec939e152b37d60495a85fdd5b6976da3c9f251445594645acdcb7d5fe,Dot_Net,0.07453086,0.070714496,0.04000353
0eecf45c439f176b8fee242eed077820cec560845a5099b75299ebd611452114,Win32,0.972709,0.7079754,0.29210833
1110523a4470cc3f37500f102511a2f75b4846608ced1fda57a041ffd4581b22,Win64,0.022088429,0.03547677,0.06982199
11b64c4d73a8e8a55ea35025e7a863d3ff2ed47858f51158bffd4c655b5b196e,Win64,0.8881936,0.6930186,0.6490061
12c3bd7619e7b7724867100af27683a7f7121915cfe327fe5c913ef62f19d51f,Win64,0.7836515,0.7346238,0.60817385
144479a8f874b0258625ec7277e7e38a3b3d06480896e39bf5e1e3e98105dcfb,Win32,0.8938958,0.5208138,0.29202035
171cb6a84cac04d65dc6f5de77636ef8cc8f5af5113e23c10dd8c77c2e8988d3,Win32,0.9753747,0.7079754,0.29215914
1785b2e1893807df0fc70cd3c01a58c502ef2ba6060e9e7ea0164d76c2d130fd,Win32,0.0137809785,0.015787316,0.01784628
1e58e0887ec8706786713a6aa754e1d0f98c35b8d051543ed5c5504383baf995,Win32,0.060946926,0.07895794,0.05418557
1ea7adf92dcbd6165bd4725c70020388315eebce2f9a168e15760fa78e85f74b,Win64,0.27519962,0.19682096,0.104922436
20a950faeba9f00b16cc3f365e352431e7493aca570c2c381be523a9cd7bfab2,Dot_Net,0.88991165,0.8569828,0.057069257
2164628a3a211d4f2d12ce97fcf79bb51dba06aee515021b1faa324d22b967e3,Win64,0.021073004,0.039438177,0.016843691
21824c8a54846ba5913d1be0e480f0bc95859af662fa80c7e1e1538abf7ddd2e,Win32,0.42926407,0.29963347,0.4391308
22d14bd86c8567cad42ae65a6402cd7a929654bc2b63dab19d0d065c4a968502,Dot_Net,0.88991165,0.8569828,0.057069257
263618720f45318c70f6174d4b75b6bf35ee3d6895037d5bd6e97e073299a500,Win32,0.8641382,0.6313128,0.6076281
265394f38d0fa77acb7be52af9b01cf224877a8f51487149ea7dc9f29a32cc1f,Win64,0.92587,0.87267524,0.8112556
29c7b5c19f8e107233b0cd2d25a4a98b548ce55f222d6698330ac00922eee3c7,Win32,0.733517,0.7278332,0.5253379
3195ff8919ca701455f01249033ab751dba54eb41b3ca4a27da970b57a20e21a,Win32,0.733517,0.7278332,0.5253379
356b681fc83e53cd877b0ca2f811cc73270ebbd0bbc3cb80d6a154ada98e9583,Win64,0.8412212,0.63269967,0.565395
3698c9ef9cbbf766ae9cbac56c75b053ba1a334c20436bf87ba17a76c9bc6ba0,Win64,0.23883273,0.045929532,0.079333775
37e3a57824d67ea900e13fc3667e9a1c5526df2ef2958873c55308fb42d8b9ee,Dot_Net,0.88991165,0.8569828,0.057069257
380f2cff82faa5af010b6f27887ffa5927dc858df699d7784c97e5b04e67fc59,Win32,0.733517,0.7278332,0.5253379
3877ada820090e71f598bf3e0b12df96d5f9c5708810e0665f60c5ac721cbe7d,Win32,0.6472899,0.8539335,0.87067544
3979a5ab4007da010eca2486f0383435931d551f308f88e31641e78bc1aab47b,Win32,0.4962487,0.33197618,0.43789518
3c6321fa21259e5c94a4cf1560a01581ef1528b23da00a1f937e0cfac2eeef92,Win32,0.016686354,0.016341906,0.025497817
3cff970399c439a805990aaa0618ecec8fc40dfe7464cafe31624c9816133ff5,Win32,0.972709,0.7079754,0.29213333
3f2cd4dcbaa62ec5b4b32ed4ec00d6fb8f4c04086e05eafd027b6fad7ab3662a,Win64,0.35930386,0.43667772,0.40237698
3f66c8752c86ef1a6bb600335468bd6b3063bfa0da78370d693a25c94f7815b8,Win32,0.90958923,0.5208138,0.2920794
40b9f4371d3ac691d9c55161ca63edf98629db8c931b6e226945336bb6bab162,Win32,0.024959212,0.043077067,0.05272708
42941f7483457726a4fa638da72d763f88858ca9f624d8f711e696218107fbd0,Win32,0.016686354,0.016341906,0.025497817
4b259752babb4aacc8b3d230b944e27d4e78749e9563aa446a3ac14ec60bf4f8,Dot_Net,0.86867815,0.8660256,0.9064099
4b4eb02e193c025b66dd7463eed8e636ded107935b88fc061b397a5041b40ac5,Win32,0.22106472,0.36115214,0.43396077
4bef5fa881779a834966b2d66f1de6696e05352e21ba97ba5370d4e04142447a,Win64,0.75438523,0.6161654,0.5689795
50126f03dd3d88cc86c35f43820c1d3d7819b055f5cd183c891074672a9570d5,Win64,0.020881806,0.02051598,0.0033166143
52f22ffba31a56a198b3cecc3581ead2426e1dba3b7649dec8d62f8e3d6e276c,Win32,0.862182,0.7146105,0.6869846
5431c759b7ad651a568bf21f5bda0acec22a5aac3880c94828cd6761b636466e,Win32,0.85464454,0.7079754,0.29198262
5555a385c154101e56aef14810f1eba8a197c42af8eae3335ae26a5ac3087cfc,Win64,0.5684132,0.29721168,0.08475475
589a5a6a758ef091d6afeb8df5ee77f49bf59e367608416961076d9f0c576127,Win32,0.45856908,0.29404914,0.43939963
59246b3a48af4141cae34481686a2fb09625711d9030aef141f5a68dc9bc774f,Win32,0.020567004,0.023956766,0.008844342
5af524067ba1416d3cb9de5631f807cdbfcf29cbeb38e30874bb2ba30bcb14be,Win64,0.06798366,0.038209543,0.064832225
5ba54a20f2571229198381cd263c303fea3ae01ad54dc0bc6a7f7cf3278896c7,Dot_Net,0.88991165,0.8569828,0.057069257
5da3969d16ae40ccef0f724af83c806870d007cf086cfa72b8b0361b1819398c,Win32,0.8634145,0.79503495,0.63228446
5e12274f07c93259bf613df772f64e9af1d8f69464f20d22eb36ce401bcd658d,Win64,0.76316947,0.6161654,0.5704494
5e4c4a54cc44247fa7d90779189b945882a937938ab8ada724a81fdc92afad25,Win32,0.733517,0.7278332,0.5253379
5e69bee0b8743e824b0f9642518ebc53482cfcc7dcbfa85225d272e36e9f889e,Dot_Net,0.88991165,0.8569828,0.057069257
5ec06f95b9aa5817096fd239b73568a6e6c165eb472a99105d5de6ae7e13e8c4,Win32,0.045802683,0.062198438,0.06020772
61ad00324d09166e451e3d466fb9f45d9602383479c209d4887608d64cf6532d,Win32,0.68373096,0.66802603,0.7924102
64d68eecba0a0fa56ec10294e551bdb488e353adfe6e98186296d0c1878b6459,Dot_Net,0.08675431,0.11678565,0.0941159
662e55255fe39ed33d29d4257780e4fab7dc5e43d0ed78b0f7ece73d237a559b,Win32,0.972709,0.7079754,0.29212418
6806b524240d18d2ef1d948276c0a421df73893b280950b6a02c8e6f02dbfe59,Win32,0.7232442,0.7079754,0.2919661
680e79a74414a36e70e66c179a52b899808e55fd0dabc3ed8332ac34ebf15965,Win64,0.50260884,0.14523056,0.12193531
68b8689db7616cddec4e0ddc84a984b5bda7d550b23722b102ddaaa97a5b9c0a,Win64,0.77462494,0.7384254,0.6509259
6a8227692d47698160b26b10ee5507be4d14504935dd6d5cb7bbd2a4a1b806a1,Win32,0.59081674,0.67434156,0.5300055
6abf58d6d74651e8f4bbca2b2e349ebb1171068d0ba8587063690e45e95ea352,Win64,0.77876025,0.6161654,0.57066107
6cc6ecdcb0d2f8ddf6b2126488a7eb8b25338e196746c0baf4b8822197386f64,Win32,0.99982035,0.9969036,0.99874175
6e5b23dd2ce416af5ebe720bc85c120170efc78ee28f7d297797c23fc1e3bdcd,Win32,0.905991,0.5208138,0.2923439
758fc0ebe8824fc7d73ee43e962758d7250891c424644e4f1db0ac0f52f58793,Win32,0.43481207,0.02407896,0.021288972
76c58d915255481b2e91764facb29fb8f5cd112aeaee43849a15cca585a590c8,Dot_Net,0.88991165,0.8569828,0.057069257
77613d37f3898b940b8e7224c8df6c9e09d20b1fc3bbdf5a6b9815628c9fda62,Win32,0.96235687,0.7079754,0.29203916
78112e88aa5816a6e0745139ea2b9de19fbf507a511714ea4fde66c208877177,Win64,0.7836515,0.7346238,0.60817385
783b337c269a4b99e9447bc626866080c9b18a8f862c8433add3172e1e60b9f7,Win32,0.733517,0.7278332,0.5253379
79151be23030e50a8f314d7d2780837ba0648322401ad2fa0da30edcefb1a6c4,Win32,0.934101,0.7079754,0.2919942
7b1b562c0b0c2215133d3a6f8f33f2c4b1d272fcfc934ac95b40faf3d556849b,Dot_Net,0.733517,0.7278332,0.5253379
7b6beb59bc4192e03fa2e3ef5d02b5b2fe84a507446bc194030c94e06cd077e8,Win32,0.50283486,0.4226821,0.43895945
7d1796a6ebfb7b837e0490420dbd82d8c153a4f4475ef9ccb3e7e421a053060a,Win64,0.49808362,0.35849997,0.62941676
7e6bda468829516c20be0264e8fbcf03534a2acf7f0e6811a5b4690fad3c4d9c,Dot_Net,0.88991165,0.8569828,0.057069257
8121782bbe9dd96bd792665bfb663d003b48eb45981293625488e8f3cf85ddf1,Dot_Net,0.88991165,0.8569828,0.057069257
865d5423ec49f96d005cb0b1561a966d8b66f3f2fec7f10a8738d97ffb711990,Win32,0.24161384,0.31828183,0.4394066
8ced0b356dbfc71507ad1ff5511f417a6236635c48e79918e94956a3012a35ca,Win32,0.16605036,0.18118845,0.15658472
8e46b7d4b6249505ee78c9950876d6f08e52200e00f80b3889173e84ccf6ba66,Win32,0.733517,0.7278332,0.5253379
90c9f8bedb61bac570cdcb88e0373772a7cd67005cb9224f556999f6abf1c0c5,Win32,0.16605036,0.18118845,0.15658472
94e614b9c6df30c7602f1d8263a8e0f0f652c1d4a7d132b2af2d351dedda0d66,Win32,0.021839248,0.023956766,0.008841969
9c4a96a30c5f9d31bb75f6010457847819e833988423f5a8c59ebbfc520c8c89,Win32,0.972709,0.7079754,0.29209992
9d070914f6341e5cf02a2e73f943e62898cf42947f1ba48cce95860eccf59242,Win32,0.016686354,0.016341906,0.025497817
9da36eac6ebc68be012f30caa23f1a957262f64bead806c3d3ea9b8794df7132,Win32,0.099469304,0.29437223,0.39873427
9fa252bbf8cbd8bd8c72e0b6622e26f4baa47b2e5bae668a3e8d6eac1d5a6e27,Win64,0.93545777,0.78982604,0.6180876
a19f07a1471b42b5139d73a984a0ffbf1a52bf8cdcaf9344a8632f760d583c59,Win32,0.34840497,0.29963347,0.4391453
a209abf51f22b40cfa5de3520fbd0d30e8e5747a72d0d56964adb1e3742926a8,Win64,0.95981705,0.9164318,0.89366865
a33912a17786c10689cdb6e17dfd4d36adcaababf11d9c5a1d30b27a52d44dc3,Win32,0.97584987,0.7079754,0.2920668
ac2eb0fe9d95aa82469c8d2298f8fff82f2bd4f45e5e6286e9176ef17769d37f,Win64,0.8961509,0.6930186,0.66556555
ad6f96f6a1271777c3e7133c9c6bfbec45459bf2e489132535f96b79f29757ab,Win64,0.733517,0.7278332,0.5253379
ae3302509e2246b009cd8bb03ea34e020f5b4033b7fbaaaa4e21643d9c200687,Win64,0.7836515,0.7346238,0.60817385
b0c2bf90e6a17b6dfece4378d5c8245bf1db9b85e4f0f668404688be8bbc7b19,Win32,0.33358878,0.035372768,0.1917943
b11be8bbb8f66eedfa0882c08412cb981fd9d6aef03beac0e5d068d2380b2a90,Win64,0.7236609,0.3074763,0.081354015
b2758aecc19fd55a13c86e9893c5184278c0394dcfaa1639d052d80e08ab5ceb,Win32,0.5917364,0.4226821,0.43909878
b4f04a85186005d83f9092cc600dc6e0d361470952db321d4277058786460736,Win32,0.16605036,0.18118845,0.15658472
b72e642d433cab92b1e0a7c785dbb91587165514b5e6e3e0cbe078c4ff10ab4a,Win32,0.9035903,0.5208138,0.29213592
b7f2cd1658c392f5c21f92cef42b2610abcb8c8ef619a6e70492dc3b0320068d,Win32,0.5354836,0.29963347,0.43909317
b883fd6d3e0424644fd4842e2e3f89e66ace8e2cf76280c1fb145b5ee202fb1d,Dot_Net,0.72923124,0.71411705,0.55386174
bcd14221181743d26e393b44d44a2b5621d585525f4438d7c95ea77f5a71ce21,Win32,0.97584987,0.7079754,0.29208726
c14c1f7c41d011d8ff87b5463d5b6aea1f37cd78aa9798f825b243bc4e76fda9,Win32,0.4291926,0.46655715,0.42916778
c2b1e58bd1b510f830b0031f4b29613d28a8f02425b4e51ca5622a1f10de3453,Win64,0.3867971,0.22399628,0.21431457
c7b717b358c5b4617fdd21d29ca739d147e4f4553b78dade44ccfa544572bc23,Win32,0.016686354,0.016341906,0.025497817
c90a2234cfc6c931d6626dbba4322e8ae9153f52d214675f110001ae10b972eb,Win64,0.60216516,0.59621084,0.5268641
ca0fd2c98aaebae0452710d64b2196063c19294aa3e95d790e7f91a839c86830,Win32,0.052629564,0.071608946,0.22904441
caf1947e540cb2f47f425e0bf5f2a721274c990979c5079d729258f3b05d89db,Win32,0.37109432,0.29963347,0.43913618
cc5220e04d1340241c3935427497fe65299b39fc0938255feea0428e4d276759,Win64,0.040125772,0.076886095,0.08557674
d41f48c97ef3d524c4ea80c982e8b794dbe4a8ab5983b57ff4db58ec8990abf5,Win64,0.16605036,0.18118845,0.15658472
d58c0040038e386d549804e86aa4039a72c317a4f0671d7e906ceda8925895c2,Dot_Net,0.3131694,0.49322194,0.9436336
d85a88b1403801f8f7cc4a86ec2b4b576b9064a19ea68d8117bd304cabb2820e,Win32,0.30730426,0.32199353,0.5182465
d8ad137f095b788b16f211aee1bd2c7df231ff46146185d8c415d9e10edeacf6,Win32,0.9035903,0.5208138,0.29211235
db105151021f40294c8fc56a32ad81b2c6d23553f5bfe44e8e4d98e8b6d9d226,Win64,0.23973757,0.37678295,0.46597135
e12d10c7f70f996f781e4dbba0abc37233f68ab787de9e8b0b82a777cecfeaad,Win64,0.2245912,0.20162383,0.16388977
e3b3ce66130ab5cb92935b3882014ef2f95b86e2c2f837c5f12a48e0cabb00a6,Win64,0.7036925,0.7408605,0.7217018
e82e8ae44b7dd6e356ecc6f8f7ba9fb4099572db8a3c63d9a32b97aad10cf277,Win32,0.733517,0.7278332,0.5253379
ef9cfa4df8215b397f0446c641feea1a133de5bfeb5815f543800b1831d32275,Win32,0.18729818,0.23023802,0.39744306
f5d56d7bff68140214e0cbd3a78ec648a0c86fca8a4f3df1a534b518704a6d82,Win32,0.9035903,0.5208138,0.29212186
f9de49fe131733e8620db3cea843f36476da62bb8c349031062c7aaff6533d8c,Win64,0.1005634,0.087595135,0.065176055
fe63376954eb0389525948f4ea2e812441bbd228afa8fa6aa9f9626e0a819b41,Dot_Net,0.88991165,0.8569828,0.057069257
ff04a9e8d4fdfd813ee60aca2826f0bfa0594edb23d4061a2d159c0a22d57f49,Win32,0.36550614,0.33197618,0.4376945
02212bdff304bac485e8fdfcec9acad8af8054237de1d9c235c0aae99f910eac,Win32,0.16914816,0.29963347,0.43848747
0577b7e8c6a4d394e8be1eff342905b2f2c08490835716bd44e8e5158a3d7149,Win32,0.5909428,0.18066996,0.18490788
11f4f1889b5c0e0906525c103cc335de0516cc546493b7334abfee2ec6dea2dc,Win32,0.94209826,0.7079754,0.292001
16fd09b966606fc96b4d27fd012c09ee3c323807ffd766dd4622d995a20415ce,Win32,0.97318417,0.7079754,0.29206425
1ae1c9be20f450a5e14dddcc281021635b8d5e0a6029c07656367ef23b82e323,Dot_Net,0.6539813,0.8058521,0.30908576
21365315eddbd4b4b8e0c8d7a8ee2b3d937ed6fa7dd76a34e9bd06eb1954dd3c,Win64,0.62281823,0.729049,0.67677474
217bfdc6c76b5be42135ced89c96123afba44c115ac985f4dbe1e1b2a53cf8b3,Win32,0.3200774,0.5965242,0.5172248
25d341da450f3497068511dc9d5da2930d7ddd4d53d3ad532e8b548bb3f7e72b,Win64,0.34065846,0.14568037,0.0743246
2c0dcf44280e388d260dcc5f641882092f41247c3f0dd0ea80c900c32a84b542,Win32,0.972709,0.7079754,0.29214495
2e54c4942dd876acfa49c8e30b0c5a606e5261df12a9e84e47e9e266fe7202a2,Dot_Net,0.88991165,0.8569828,0.057069257
31bb8e8bc9e4f463f4e034a9ae8a62426a4099475f2d3275cc5310606faa7191,Win32,0.44089425,0.29404914,0.43933642
31bf3ba3eeb1b10ba16c23fbe8ff21e99e512b41973f4689d7f842b4788f80b9,Win64,0.022686861,0.15000239,0.08418169
360924a371353fba8de2a22b0ad6e9cca6e86b1f008174242d7de9d5ef8d70ba,Win32,0.8968955,0.5208138,0.29204115
37a24c7bde5aa54f31aaf8b1a3c853628ef858ee72d8ac6fd243031d02c426bb,Win32,0.21386401,0.44750968,0.43415287
38047c3c7318ddc934e48d1437157c581e408a27619117cbec07eb96ba8d60b8,Win32,0.97584987,0.7079754,0.2920683
3a226f1d6b5b653b3165df900e728cecef00afb144e7687c23eb5a2325948054,Win32,0.90898126,0.7079754,0.29198417
3aff89b5128fcb0f124a48039d0c80983caec0909e539d76f4e8464ad5177869,Win32,0.24957083,0.13501759,0.15633227
452497e3b9267b1d248dfa27697f74d820c0d070f1ce5f178b3c1d455ae319e4,Win32,0.11684404,0.25002608,0.19899945
46c259e6b6e488c9136a5a8118d146dcf5b2a471abbfa133b65f258da4db32dd,Win32,0.6797071,0.7079754,0.29189202
4862000c7952eea6a49942e5cb261a61e5c75ba91323675dc59f9ffaef48abd6,Win32,0.9753747,0.7079754,0.292197
491894df2a3818b4fc6ce828ab10d514ebf212b6665d52f9d83201179f502704,Win32,0.9753747,0.7079754,0.29228467
4c7e24d984d8b20efc5d4c2b955dc92ccc99e4df00e64ad409838477301487c5,Win32,0.21601346,0.29963347,0.43884897
52aeccbd423cf08c0af540c45aff854bd39f5908b759517f89e4f48e8e9d1bac,Dot_Net,0.16207652,0.18895066,0.038279176
553458d1ed280662f9327701b8443f07993fb96f621875ee786e052c2a6f77b7,Win32,0.15116814,0.29963347,0.4384862
5bdf37bde4cef90ec06627e92defa5b97d975afc66d80d84635a0a83e13ebb6d,Win32,0.07149183,0.06569829,0.026729975
5c959ccf3b9340c6edf91f08029526bf3a8852010247f810159f348bad59f994,Win32,0.9753747,0.7079754,0.29217193
616887cd6525f62c5c7606d21ef14e874384c11f3ecfa2a25fec1a621b339af5,Win32,0.51392937,0.29963347,0.43907598
61eeb6ad23379db57ea196b30d93db386dc4b3700f369bf2f2b4fa1fa1113035,Win32,0.030192094,0.009878652,0.0032997183
63acb96e236b0b0ffea2048c74a0a6bcc3f7f23c39b080aeac14fc06c7d85c69,Win32,0.30935004,0.01467704,0.01848757
6a4145e9ebef5831a59426c8d4656099a2f69e506446c8602564216261c64c3d,Win32,0.3628968,0.29963347,0.43907434
6b11d5d7dd5f4a5e711b40b5a52b2be45acfe0507d61facef8454b09c516eee8,Win32,0.85197884,0.7079754,0.29196876
6c35f39e98844fe619ef32df5783f0d1772acd52ee6100c4da7e798935e38419,Win32,0.35748023,0.50586236,0.1715905
6d55e0f6276ec2f7dcf448ef288159570f0e80d7743864f7a634fdbffe9d7a30,Win32,0.46119535,0.55614376,0.44639885
6fab7cdf8c82e49d282b10de631107b3ab753be2d5fbfa887408f68a58f7f959,Win32,0.35551718,0.4226821,0.43905693
71c81668370e6a014b19d52d8126b1a3c6435bb78743c441a803b1e52ec5bb1b,Win32,0.5206611,0.29963347,0.43908086
7366acffe83403ecfd1ac50acea4b7397bd856032686e08bb9f57f48945b1061,Win32,0.03712003,0.0414427,0.05154741
7d647c74641a37655e5eac928f493d72f4e656b8924f187a68a8b12f1af513c2,Dot_Net,0.024019785,0.028317926,0.07069647
8176054d25c62d45e02376919452dc328eac0a9d9d46e4d8cb1de49ea0ca4511,Win32,0.17632142,0.29404914,0.4395281
8346827aeb513f7994063ccf70a27b11660a5d9f90042738f99f6c459cbab929,Win32,0.963192,0.7079754,0.29224902
8d366c6e787308547e8c6c097ecdfc221884996b85fdd84a30faac6d700c2ba5,Win32,0.41405916,0.29404914,0.43930003
97fda5add5e45d525cd9e7c5ee98124294d913fff62d66abbfcc0a244a3e4f1a,Win32,0.906256,0.5208138,0.29219902
9e240584cc61b4d2c2e198feb27bac86ce1cbc9adb43bfbee55567b0dc2c788a,Win64,0.733517,0.7278332,0.5253379
a5776e360b310355e2fcdb61db5139018631046900986c81f6b2ba8b3efc9c2f,Win32,0.39835054,0.29404914,0.43934584
a7830776afc78c1e463631fd0b4a85b59a8128a8b5426a37f1cc25fbf81e9ed3,Win32,0.5037654,0.31828183,0.4392668
a83bf2b995420ac2c75bd81a3a0d52089feb417320b7ade5a15efd8834b41ad4,Win32,0.9903575,0.97712266,0.94011176
a99527912831e81a2d3070bf4535ff6d9403ec722825b42580598f00bd8010ae,Win32,0.5604549,0.4226821,0.4390471
ad53a5aea059c5cca2891b487bc5bc88666565b51d5fd3dca8fabd5ad05fa0c8,Dot_Net,0.17465289,0.18239461,0.052797046
b4ff177032ef1b3ca84caa9be4f3c8796af651066d176498a24e7bdbea623221,Dot_Net,0.88991165,0.8569828,0.057069257
b83c6c522804eaa4cb2254afb4900af377c966d8076de8d207e71e38111a37da,Win32,0.90372497,0.5208138,0.2920526
bdf796e77ba360d4894431f1c249ee690e521ff1d6732ca1b3bafe53595cda8e,Dot_Net,0.88991165,0.8569828,0.057069257
bea611957b0d2803de7dd4c08132f6af798f84cbb028d21ccd0e5b05f2f4efa8,Win32,0.97584987,0.7079754,0.29206753
c8764808aa5f7d50722863819ef5858f093fdf2cbefa23a06ad25e897fb3031e,Win32,0.39341137,0.29963347,0.4388435
c9dde7b041ed5c2bf93a9ea6715e5cd4ea82be8a43cd4f20ab7c1691f3594ce6,Win32,0.041874554,0.005225194,0.006272366
cfaaa7b115e037d94dc8a44e4b1e38f47d8aa879c019ce14812d537f85c85277,Win32,0.9747079,0.7079754,0.29208755
de9c3c8afeeb55f2fb8acff2697d9b5931956b6dbf42c8bee36acfb6e137130d,Win64,0.5963044,0.59621084,0.52686864
deba1a0d48705b1f8d216de156c34c3b56757a172c19088aa621c26e35ed3f1b,Win32,0.8641382,0.6313128,0.6076283
e0009d47034bf7e791688abd95be3ee0704f9b945a977a65f9ba3e9d6d8203eb,Win32,0.9753747,0.7079754,0.29217193
e4df5de53e503c954c1522384b1b8dba7bdf34c91026d42f7e0937a2e060e9a6,Win32,0.32492328,0.019731626,0.020151604
e5e5de7e8444c76fd2a23fe9277638401d48390de1c2fdf190139c2d0775c72a,Win32,0.36913592,0.29963347,0.43910494
e61340129e56a41197aa8d94f32cc9c923576891597e300840f9f5de07dba0f9,Win64,0.7836515,0.7346238,0.60817385
eadcf660e731fd3de0a5a8bee2f2337e7d78438f4e9293d2c90d5e63a2d9368e,Win32,0.48221314,0.29404914,0.43945968
f16b7559a753759e2509c40782e1dfcae9e7392affeca5b614fb374371ef3965,Win64,0.6100308,0.59621084,0.5268531
f7727f3f6c46c2feac1da58aaeddf9be9cc0bdc2c4e7f21c4710f46dbde4fe80,Win32,0.90772283,0.5208138,0.29206392
f7838f4f77c688e0008e48efa7414ac7d633e1f577e47c1c745e3ccd4953dca6,Dot_Net,0.733517,0.7278332,0.5253379
f8c113f90291291cd494bb39c7cef02d9efbef3010bd032db6e58b049682f2e5,Win64,0.00024719213,0.010086425,0.04080294
f9a69253918d729a6290d513b11bb0e65724682cc4917124819bb58ed1495f9a,Win32,0.021891834,0.03439275,0.0671763
03996794ac5688b3653feab8567e85a57617b4f1907ed5a734cc684a2743e94d,Win32,0.37497315,0.29287663,0.5181021
045c8319e6e3e3e2db18d495ee65b284959026d736263f28a2b27cd88c246d73,Win32,0.4734004,0.29404914,0.43932557
04b9fe7a58a239d3bf2b99ad381a597305118e82f4bb1b0208acdf51037868ac,Win64,0.49283195,0.14568037,0.074122
08de28f9a8fd0bb3fd91436f285026169871c5648fb8799bb9d1a15da937da3e,Win32,0.6026279,0.85352755,0.8400761
0a16b9890aaf17f527d3a347564395cb0dc2cbe11870f6b1d0c900bc17941ba2,Dot_Net,0.36625212,0.34864563,0.07042592
0b86b20fc56e52fda6a3e1067c466d537e66c70661a8a0c4f2a791ab77829455,Win32,0.86852133,0.6947038,0.60874456
0ce1667b02ba8811b96c38ccfbd358505a7b1f0088fb4ca8d43c08b3a23aa39d,Dot_Net,0.11395956,0.11694924,0.047196776
0ea402dfb7653552566466842715a3d84b0e6efb67d23a909bd45a3d0220c6af,Dot_Net,0.88991165,0.8569828,0.057069257
0ec7274194535365f32dc4abef22665f9ef878048a4679a786b7bf5292fb4aec,Win64,0.56118834,0.59621084,0.5268805
10431d5e0ce5200fda953ded014382c465801316b9e9853ce3a27be5bbd2f03b,Win32,0.47149125,0.018766114,0.018847784
13cfea9be4b07122bfc37d35f2e0d97d26ad0f4f3a58fdf6f32b893e3a8ac350,Win32,0.9753747,0.7079754,0.29218224
1501900d425c967d8335c72ffbfd8f152b2c6a1390fcfef1fea743c5b4ff315b,Win64,0.28442115,0.07858094,0.053485528
16ca0bcb20146199f563dc3471fe65c28b589f85f2df90620355546c63c09e52,Win32,0.9753747,0.7079754,0.29221377
1f7faa530a2a808f66c24d19a6b1df1189d88f34ac8b3fe916b39031eaf0942d,Dot_Net,0.11395956,0.11694924,0.047196776
2306e52027f3de9b7a2a5386faa08022a816bc622cd79979373fc1196fdf3d0a,Win32,0.97318417,0.7079754,0.292061
232a2a09840c62e4bc9e2e55d87e671099fcbcad9b54f9ecd308a22c111ab337,Dot_Net,0.11395956,0.11694924,0.047196776
234b6b9065260a7cd395d9723747bd6f77a5d8c6ced0494e78813084d05c13cb,Win32,0.41364816,0.29963347,0.43917426
2b85de53ffdda9cee2c59e23d4385cb36cacbdef9f93c8fb2cd0d1de62948825,Win32,0.9753747,0.7079754,0.2922171
311f97e0b5e50b189a117b16a9ee0c53928cb677d45917aa6a2b8baa031826bc,Win32,0.12838557,0.22476579,0.30184835
36e2ce72b767defeba98ad9ac4762527ff17e32b0a5308a180caeff6dafd71f3,Win32,0.90958923,0.5208138,0.2920814
39aa179c027a3b3707aafe466b5faa89ae6040c3d5a9689ac066370584ac7e3b,Win32,0.10553474,0.21074641,0.35417467
3a1b089077cc134b26bfd8b0159d9effb2eb65b14be6ebd2d02f3fa44da8278f,Win64,0.57800263,0.7927258,0.5935067
47409ff0b0f562a299c303dc077a50fa41f0fcfce067099720f8df2214fd129e,Win32,0.883759,0.5208138,0.29212147
54e98c4ae40f841a9b72e99842f311c05aeba0a94186dd4c223a3077b5f2e2b7,Dot_Net,0.88991165,0.8569828,0.057069257
55135b204fd96d5fee76ce8ffc3256360d114749692d9835f38d28bc569a6cd9,Win32,0.90839,0.5208138,0.2924477
5901bc0c26253810968a511d1a1048a26686887d518b208309018f2d46337c82,Win32,0.5644065,0.6577762,0.6187668
5eb9ab550729cece3cad685b5593f9fc01be5e71871e97301e85ec2e191a3238,Win32,0.827194,0.71561193,0.61900127
5f88fe8a91ba7eba949db3499ebc65b89dbd3868b173a6e0bfad72caf9c1cdfc,Dot_Net,0.24833536,0.2825487,0.093870185
685f833cd32e036e527100ef8bc06d3806cff6b9c92c35d062df4fcbc8561745,Win64,0.9914971,0.993845,0.9445775
6ba23ffb36d222137b5e48d7d38149bb6dff99280491b831591a4b540f6f11c2,Win32,0.20213945,0.23958099,0.19742368
6cf8e2981df9dad1b742cb276fe54e14939f944295d7327fabe968dca62c8fa7,Win32,0.6468987,0.18066996,0.18505925
6e1bd5fd4810a24bdd1f9680c8ceac48f042e2d2c38cb585ecb14508078721dc,Win32,0.9035903,0.5208138,0.29210234
6f4a72d296f44c4d8eba801ea6463ce5978e3ab90b3aaeb0c5ff7c34d3613ffd,Win32,0.016919322,0.061724424,0.0741749
701cff0949ccde2e2d4a70a05befffde0739877be8f5c3b9cd5e542e9c58033b,Win32,0.36901224,0.29404914,0.4393516
76f594d9ffb132a2865acb28190b05ffd93931735b08a6764f08e0e3a9f367be,Win32,0.6148193,0.7608401,0.29112083
77a12c5937a5f9f43e3d100aa3dab271ffcab0e2eaf9ef275aa9343ce902d295,Dot_Net,0.09454702,0.12749802,0.049120285
7930bbcddfa7cd895218c5e7efa98d869078429315c6335b8d395e4b519f31ab,Win32,0.38219893,0.29404914,0.43938053
7ba4b22547e2670122dae416aab32f866fb390c34c2877e226b69d1a9658bbb1,Dot_Net,0.11395956,0.11694924,0.047196776
7bbf07ad2b6de21e93b356e828156e08168e86079b3e60419f35e8f9dc8c1616,Win32,0.87963206,0.7892141,0.64402306
84e0bbd3a8ca39e1bbd0f5f63ec22ee7d4b0fc70aeed585ddf98ed350591d4f1,Win32,0.59967625,0.18066996,0.18424064
8c850e55818ff76395082812d352303085f6e090408c2f31ab5be096b7b2eb4b,Win32,0.6757071,0.7079754,0.2918494
a3d6c6beac128661736d48a14f8535d1034b0554c5a9a9f17b153c86ff4c757a,Win64,0.5626687,0.59621084,0.52692556
b09cd87400f061a819c41719347318cd95ab91b2a81e4680f0eeb02b0044be03,Dot_Net,0.11395956,0.11694924,0.047196776
b7fc2f96182327844e5129883cf911ffebc65f7ce2bd1a499e21c31042eb0371,Win32,0.90958923,0.5208138,0.29207215
ba40b79f3a5dd191e7b6880cd8c2380ecdd32fe518ca64473fe6547979ee00af,Win64,0.0744273,0.026171364,0.020233812
bdd6cbc145864268b1dca1a6588f25186efa4c0aeed1e63d32e3f058d07aefd5,Win32,0.16671121,0.31828183,0.43942544
bed809de32f8f89252702c341b265d44407a15a4a6ae3d1c1868b4c5c71ddee0,Win32,0.5809905,0.29404914,0.4394484
c2c8d54b7a34d788f1ce55f39c234194c446e8d8a5d8082b93a5d913d94f1627,Dot_Net,0.11395956,0.11694924,0.047196776
c841aeb911d45fca3305621148bb86cd598b570c3d729bf19cd4d3cd1c4eb07a,Dot_Net,0.27634153,0.45721462,0.035467606
d19dfbc9111f9fb17180f4b952ee2ae1326794e2f3872e11bcc22e20844daf6f,Win32,0.1543969,0.33197618,0.43756434
e2ebc5629c79cecfe6b0ab6ec2c25494c5ffb5bdb8f5d8966c6d83ded90877a9,Dot_Net,0.11395956,0.11694924,0.047196776
e316c21c7fa028f4290a3a30c97f736fcd961126cac9597f13de89a617c3c791,Win32,0.41761702,0.29404914,0.43939215
f4ca477b169e75becc8ee0b701cbee25bf07fa6c58ff3a043ca1af00ecff0874,Win64,0.13183492,0.081436165,0.05353769
f6bcc5a545a56d7ff98e6c0ea5b904869fefbf9e908c76027903b729720184eb,Win32,0.7191783,0.7079754,0.29193357
f894ffc29d8ab4ce073bdfdcb98c509ad06bab3501dff4b5078dec91e7d1849e,Win64,0.733517,0.7278332,0.5253379
1712f4ce8a3e4e9468fd4c0dd1e06407b74804c6a0b94aee346995e662ba4709,Win32,0.17307237,0.2266693,0.072024144
174695f43ea21a7d1809ad1e9218fd629df480f4d97a6f1d39035a27a98244b4,Win32,0.7909495,0.5208138,0.29197133
1b2585e72405423f58320bc20d1f6b41d48cc8ae89579c1df2b2af007b36baca,Win64,0.49283195,0.14568037,0.07412738
20121002924637aa902624e077788e06c3d422be06e12f46241b1234322ad812,Win32,0.6598399,0.65137523,0.42748463
447308741d44c40dd9fa941f38b5f44909dfc63138493c407e30684dfee6c9ee,Win32,0.8958947,0.5208138,0.29203898
83986e726b4115e2e335611aa9d5aa46f7f3f5cb7513a3ad6601a0e9f287a338,Win64,0.01923531,0.05430464,0.07482004
8681456f3f5829f67a2d429b7095715b1b65a7be1aa5e90b9ec5945aa22a099b,Win32,0.50283486,0.4226821,0.43895885
b289f4df3702dfc48e4089a8b8bbbedfe05d5917d834b081a54ee199c51d2e3b,Dot_Net,0.88991165,0.8569828,0.057069257
efafd4b117c273e25cf7613d25524b49d401a3ce20d0dd570ea839f70b0b5864,Dot_Net,0.88991165,0.8569828,0.057069257
0558307002697c9abfddaeb7766f0292ba0cd639baae53a5f719a5e72d7062e0,Win64,0.6131433,0.6543809,0.5318808
09ab86a7d2b846c8fde8fe6fcc73fa00dd8ed37712a254c8b2dad51c1f0c8605,Win64,0.733517,0.7278332,0.5253379
0f75d55178c853b968909b5a453a5b5a6d5e490d5a1e4d8ddc77be926338de3e,Win64,0.03712003,0.0414427,0.05154741
1c41dd0551a266471420ad926f0d7b09ab8b4643b3af65ac8e7d470373bd4877,Win64,0.9801563,0.9671409,0.94668174
2a3b878766ace0080ab125c7b162b598fa75008de31022bc4bf33e55f6e3c104,Dot_Net,0.88991165,0.8569828,0.057069257
596e045358e39b0e2f92f7264dad02bd99cb50f1424dbb34d5d8e3fd49cd8fec,Win32,0.29198807,0.65137523,0.4238408
656dc89c5c431884c51f0df8979da22c0c97778ae73daf973a692e18d5ff4fb1,Dot_Net,0.0013366571,0.003327279,0.0017301231
65f68cbf03c90ea3c81ccaec6b6c761642367abcfd5976b38916ab54dea90ad5,Win32,0.9994498,0.8698205,0.61620545
7b7878ef604b2b00d6b47bd2def455ed3ea08d50bed5ad20243527e65a0727ad,Win32,0.050837964,0.062160235,0.07138056
8a4d3f22bcbd6eae61c5c8f921c33d8d4bdd040bec22f264a86ba3a91810fb09,Win32,0.9994498,0.8698205,0.6162121
9a829b0a3265db56ed34c2884ab32389f7f9501b3fe84a0dc6b0778c5ff11bf3,Win64,0.9263926,0.6401191,0.6687908
a40923fd38cbaf706047694a6509243aa6fa69a1f06062a45773feccf0f1c609,Win64,0.9629443,0.9741814,0.9465723
a898d4296f3593cbb92523d3a25b9ac5ff7688cbdea38aa90c33850ead53a3a6,Win64,0.036709175,0.04295701,0.066283986
ccd9bdb6e80f5f21be15840265ed0306828565e2cb22c2bafff0d8d75024129a,Win32,0.058387417,0.13506204,0.23524149
cd62cd831c229fca3642d493bb42667ba388c8f401f07366f4fffa04e33471a3,Win32,0.78958195,0.6625051,0.61944336
df2d227e87ecfb7f91d024b3a3c66d6959ce9c943769c5eb028ace8a9101e919,Dot_Net,0.7137276,0.73134017,0.9928257
e257cf8c1fc5332bf81f85408123762457a698709f745da15607dc594742019f,Win32,0.100965984,0.29335123,0.24652243
f5327a4267ea1ea11f1419b98aee5cf4e25dbdd71d14e663cc2c01bd1cbf9663,Win32,0.078919105,0.07065492,0.25181824
fd7912de8df0ae262d77df294db71a5fcd7abeb2895214fa4f06edd6f54cce42,Dot_Net,0.04699905,0.051874414,0.024096513
ff9e7386145dda653e504ca966140d4c722532362cf4a1e365ba3b7b4f466ab1,Win32,0.30935004,0.01467704,0.01848757
040c0bf7d65b826c13f6882b04e66ef439480fa4fc5302b2bd35df5dd08dea3c,Win32,0.78145283,0.86909413,0.78896946
0aef0c9426c362ebecf2564826567ef9ca1e7956122c599c2b2fd49e3e6f21d7,Win64,0.0744273,0.026171364,0.020233812
12d52e0e2faafcfa0cdef24d5c9e25b23bb23c7e59d2c56ff9b5c57df4dbb3ac,Win64,0.015821863,0.022267813,0.008183617
19975a0e213aca567bd6c4b462007246d5c077b82f22c83b42057ab8a3eac77e,Win32,0.79042554,0.5551255,0.6194939
1fe1c5c8ffa8acbb3c376aeb50dfac0e09b073e43a198f00b8edd44038e4dcf4,Win64,0.06248527,0.05146224,0.069279455
2db3d2351b66c848462652701fd076ab1a66a89a7c56028dc68b8129b30e1328,Win64,0.9629443,0.9741814,0.9465723
394d5498aaca8b8b5ef96255d44c91815075afcf1e72d52ab5918e0a7022f690,Win32,0.097075135,0.12666959,0.06085703
3c6ae8b9972650c510837bb4290232108778942979b7e655859aaba3555ef43f,Win64,0.052563258,0.3147527,0.15913135
4016bd6d97977aa591d174c4d0fcdaec0e07f85d6cc6fe65d5414c2a8fe40ecb,Win32,0.95758367,0.8880377,0.96620566
4319da04f86cfb100d9ed255e4d969c9128c32c117db77c31128406aff8e2dd5,Dot_Net,0.8858612,0.9024648,0.8035372
594d3b896862c3ed1ef8a69326713e092835a3156c340f842b76a02df444e0b6,Win32,0.03712003,0.0414427,0.05154741
9b7e7874138814198f005a6b30930e4249b415e4b08a931c153cebb75144976b,Win32,0.012701293,0.036806226,0.14654528
9d686e5d8a1e5ac7cf261b903b722941d0d3417930b48f26a4ba86dfd070782b,Win64,0.2859161,0.44446734,0.5214806
ae43ef0bdcaeba8b32db4951e0e35dd4644fd76f565efaf0fd304e044ac0e43b,Win64,0.01218078,0.022267813,0.008097828
ba23ddf9534929cad5a8cb6efed930cc7b56e80144d91602fa29771036110663,Win64,0.733517,0.7278332,0.5253379
c0074ff74ecd1c8f5a99ddfa81ba7858daf31eedd46cd7030e7c2d1247aa0a6d,Win64,0.009789414,0.03479304,0.008846375
cc16615ff3ade7cf149bf81c6a30f058cf717198d3a26e94e5c5e69a9c9b6cff,Win64,0.41722807,0.3631859,0.46329305
d5ae4b47e86c5bd3e0e605db451e9ba05cb3bb055de111d95823f6431fa5b5c2,Win64,0.8521379,0.8694459,0.94306815
d93947164be694b51668a9e11b396f4fca78aeebf3cadd3d4d12aaa5fc35862e,Win64,0.3738963,0.85777,0.81786466
e0878e39a26496cdb7461a7b739302890d60c151cf2393ccbead231b6353e007,Win64,0.05608597,0.052887313,0.07014374
e3b365bd2465c1da7d91238a05d419ced0992952fa3e2305528134094a09d74c,Win32,0.733517,0.7278332,0.5253379
fa1cecb355f7c5346a3da6629362f2b27df3fe911933abcb71347f521632f8c4,Win64,0.007287292,0.008906899,0.010201949
fa4ef5dd536d891a2d9ada165e96527d8465fb1b1df55f8f81f55523b4980bc6,Win64,0.6795587,0.6818357,0.55766696
049f77b0b4c8d4fe9a77848e10f2c4dedea195f489372e4ede5048358338ae07,Win64,0.7836515,0.7346238,0.60817385
088d553215cae2f6cf9f08cfe75eb6be07a8d25fdbdb306673ca348b68f2f1b7,Win64,0.9098138,0.75071126,0.6453247
08d877f43c85dd5425028ea853a2b584428559b5f75801587fccc528cfd2273e,Win64,0.17465156,0.09308197,0.08860042
0cfffe8d290da25a3108d6457fac067f53a7220a4ac21d92dd8f0d4cb6e2f057,Win64,0.7836515,0.7346238,0.60817385
1868fc2052df69090cc03d533719ea4cfc578f83fb0079d132710c8a8c61fd8c,Win64,0.894357,0.76793003,0.63769853
2a48cd2965fa5a62b1feb436498365ae8bdb0d9294b496ff3c84aed9499e9f41,Win64,0.14445493,0.117576614,0.093924694
2b00b2609b49a41c2d97dba17df688c9f3648802cdfbad4a05b7f8940d2b5493,Win32,0.34984234,0.4298994,0.35470772
30aeaec198bd2576bcf1f466e32f1f7f08aaf53cf7c23ef56eddbd157a27f4c6,Win32,0.64861083,0.7754977,0.717821
32b385b60f6245073c0151f1684adbfed8054a835ff466f04d80685d66299ac9,Dot_Net,0.82187426,0.9873782,0.99344254
3dda499d638745eb9fbbf5033dcd0b67b18a262a1dbef34a27680225c1b3c9cb,Win64,0.7192069,0.7345906,0.5705857
480103ca708718b9186c87f36ac5936cebe901767bc2cd2812849c2a81d25502,Win64,1.0,0.99890673,0.99928045
4ac5b206521d23582592645903b3f2a3c77837bd4a26da12cfd19b5b4b209d68,Win32,0.47155228,0.5944337,0.49561042
4c084d6dcce5a3edc756be2c853651bbcfee385325e3da75910aa9be1f6ff26b,Win32,0.51815504,0.4226821,0.43888563
5749021d5bd863d9a923eba8a0201cdb40a9cc109b651f3de2f5b8c565a82521,Win32,0.41820195,0.324381,0.34542748
58264fec25ac3e9c00c128d186909e4f4eb6fcb1106d85cad26e04e9dad77b49,Win64,0.7886873,0.75443584,0.6577224
5a618cd6618fcfd16fee0075428b08cdd3c3ce3f1381e5b9fa1a5bacf1695be2,Win32,0.19718695,0.22583477,0.5688734
5e89e41be12718176621df9cfde9bfce14d6dd06ae5aeb710d29c4fdd8076fb5,Win64,0.121221036,0.17331757,0.68370926
63a99664aa471b86a30e5bd3e9ccb17fb924ca5b6113137fb9a1c534338f1cdf,Win64,0.43883327,0.50334996,0.56504226
6a8432c6da36365890bebadb7c771ce119ade3303835d8fe9a82803be389ed07,Dot_Net,0.733517,0.7278332,0.5253379
6c3d2fc92c490db6e5c2fa49ed123c396b26dab93a2495a992b24737fca596cf,Win32,0.15506431,0.20938377,0.20262732
74d2cb28c7822008d1b16ce755168ad6102518630db9d01166e842974f08dada,Win64,0.41722807,0.3631859,0.46329305
8de8201db6c0124a9eeaa21c683578615ab386313b0dfedbb10e70aedf3d7705,Win64,0.27996954,0.50334996,0.565276
91587210074fcb1de4ac81ab273896398c8d4d956bedf7862aef1e73cd32981f,Dot_Net,0.86867815,0.8660256,0.9064099
95fcc2b4231fec880753b7cc666f4aaa83e15a809e433dfc7bb189f91b80b7a3,Win32,0.09284474,0.07895794,0.054341078
9853701ff7f091371abb305671a15124e5bd96c9752b5b4752155b29bf07dbae,Win64,0.00980243,0.0353963,0.05177199
bac8ea97844ca41698be0d8a20eae7ab2d94229d878420ae9c3a929e1ade0213,Win64,0.033112843,0.041177724,0.06348604
ce0a37e749ff48f15e165915ea3139cd34854d3240a8b27db3807537057fa9d9,Win64,0.49578407,0.6212483,0.527588
e05bd6e6a8ccaf72132b85e9e616eb2ebb98c605437db502497a5b08c3bb8964,Win32,0.73680073,0.76579785,0.71550286
00078710a8da6af8040af4e26cfd612a34391d59a8c5ee876586679db18b9568,Win64,0.75079596,0.6736644,0.5259373
0489544711016fc7a7ad89d7a84e0c18934b44f9077e07011bdb44bb094ae0c2,Win32,0.8054403,0.41624776,0.6744161
1389b06ce4cc60b1ae4248cdd8a5f6e8c9621d70afbb7cfd27a16b671f31f3c0,Win32,0.075748585,0.07895794,0.054364167
24fa9e1b5acc1e67f202d5962dce0016b5a986b2138ba797059330dc04d86c15,Win32,0.45429766,0.29963347,0.43915752
27a2cbbfddcacfdd4748d6896a96373bd5f1e7ac8af0b67bc3efcf31b494c473,Dot_Net,0.91141826,0.91189146,0.8230415
327b252090fa1d03b9ed1b543be8de5396bf15fe27c741099eccb7a481cc6f33,Win32,0.009428038,0.045868598,0.017939374
33b3567658d4ef50395b40ea9147f9c466fef642168eae9d791ef64dde42174c,Win32,0.31011403,0.29404914,0.43923932
341395712ab2c9d3e8d70ff5d1c1b2b9032b54f7b5613d57f77cd4a3a8435901,Win32,0.2763398,0.27370733,0.44796365
436de08f4e19a3e43476fa05b0fdeaf6b1f9ea4fe61f5c5d24045479448906fc,Win32,0.16848797,0.11379215,0.08434193
541735584a1b2983e261e6a9c45f3955a6a3a9ee3f1746a53dd7a603a0474e92,Win64,0.03712003,0.0414427,0.05154741
6a8c77cb5857d3136c019affe9b710b05bac9be5da8d6bd5e9f3e0ee48347a8c,Win64,0.894357,0.76793003,0.63769853
6fee742a5a342507a6905cdf47a07b49b93d3e34e67ed5d5bd6e36a82426bcc5,Win32,0.7120356,0.67960745,0.5256929
a82821a4c18ef940354b84cd625ce0fd8ed5cfba5418014063f054071bd5fccd,Win32,0.15689427,0.14828458,0.10865881
b793dcee3d9c378290ca455c916533f68252c3ee0994c762b793ec225ea7f38b,Win32,0.20453835,0.11013412,0.05992502
bad7d7113fb0675585d838c1cd4f6dcc0ed84c799b1bd567fd6f2808a0af1136,Win32,0.59572965,0.60017544,0.59160537
baeaaddeb6e6a1dc45219c35acb488269d7b8a3130bdcd04dedc1f7b062377c7,Win32,0.84920007,0.8215834,0.72299063
c5cf3f30aa3eabc4a099ad0a55976a81a7c7ad49c766a3922c96b194ca302973,Dot_Net,0.8215001,0.9856032,0.99479395
cf7427b7d676637abd60bebd7bb3afe0dad1aecdf2dc2d8b38ea811258005bcb,Win32,0.03712003,0.0414427,0.05154741
d31619c4abc501532e5b569657d951825083b11e18cbd3dacc2b10beafd936a6,Win32,0.0064334963,0.03413855,0.0517507
d73741bd88c6b8f2af46fbbedd0f6ac033630a064af1dc096031688f5ab4f25b,Win64,0.640315,0.71447384,0.54767436
d8189c222837b6cae78600a92776322004cfe092f66088a052780d460c78b9bd,Win64,0.25130916,0.10374628,0.08438903
e6b99c7e0b9dc2c1155e3fa0d773ef6ecf6725f6e6a542a6d9e1c54400d62749,Dot_Net,0.90926135,0.8662193,0.99865836
e723f7442f48618c142d51bc21ce205cced141374df52281ca4cb9b9917707a3,Win32,0.22199786,0.06624547,0.24751793
0e7937246622e5d49a6bfc3923fd3d2996742bc74f92e5df9162b2d2adec62e1,Win64,0.733517,0.7278332,0.5253379
0f7336a00c2913e3f1ea32b51035a0aa57437bbef3d9fbeb85fb0651f82be2d0,Win32,0.4247379,0.29404914,0.43938172
1dc767cb592d8596a2e6d4a091b4ca8b5cce84e3e6d2078d5d51634506d01641,Win32,0.41752917,0.29404914,0.4394419
36058e4c99a8729c9cc20194843c929dc2a83b1791455cd0a6e3cd40d402d721,Win64,0.06865665,0.042123616,0.009364027
4cb35199173c9d74d8055c393e8b0494c2d6190e2a4554eb19fc1d1749cbc697,Win32,0.92949605,0.93472236,0.7947954
4ce6f5b8712a78bd9867cb63ce4377ec77c2300ebacd1b1c207614914e8c661f,Win64,0.65859926,0.7032778,0.55159104
5a924fcf48996eee59a433eb20bc8cc3c9732fc47f75c6fd39f079e73da3af5f,Win32,0.15640193,0.17747383,0.08398735
5bbf0dadd202b640c5cffd86ecb187b012b9d0d398cd042c7e03a1caba3c9d66,Win32,0.6650998,0.6613626,0.5256301
66726383442ed2ee3027e953d0cba197cffed520aef35f6fb2ddd397ad2543cb,Win32,0.21610767,0.22939911,0.19378398
7f61d34bc6e3bceb6b310b2246127999678e040e1384426d9103b803c14931d0,Win64,0.020063872,0.0037506947,0.0055537834
83be471f7cdb1303d9d82ae4ba6d1d25099337d8f4994bb36907b8f8676ab4b7,Win64,0.9629443,0.9741814,0.9465723
a30dd318bb608a1298198a7edf5878e7296ff996b169788f2464b7f23a74a1a5,Win64,0.71852076,0.7281392,0.545465
a7adea01e26370bdf5b8258ed7d9fbaf65ac3d9beaf0e578c672b575196d1629,Win32,0.78698164,0.41624776,0.67451787
aa0d224fd0d55f9c66e2d2bec3932c77fd07487433b5efca184486e35e47929f,Win64,0.2502654,0.2887144,0.04800785
ac84626521770bc3a085062884c7a8fde0a2869d80840b5344cc446886582eb5,Win64,0.84134805,0.80252445,0.68679136
b315739274ffcce852af6ec96197de9c49d5d9eacea09c42bf54a8fea1d839db,Win64,0.733517,0.7278332,0.5253379
b6671a2d12e5dc00b6b0d456044566bfe187b40ef1000253027e8d7a95ae13d7,Dot_Net,0.8744771,0.8700705,0.79444325
c691b737fcb874cede9755a6b08021816c6a6119eea657d748710c0b61433afd,Win64,0.8122779,0.73121786,0.54302895
c7319eb7b0f89e372c30a8c9865ac3a10bd7820b25fdafe59a84d37e6c5038ca,Win64,0.0046787187,0.013888207,0.03620026
d7e50fa8cd47ad9d26f5f193bff4fa78a940cb799f21e25d88c17ff51a403ee5,Win32,0.95142716,0.9133527,0.79269373
d8d6851679af9cb0aee74b65cef1379ff30f51c974569db31a86f94b87315eab,Dot_Net,0.046779964,0.009951633,0.16958624
e9d1c22e3616399e4ce428ab0c4bbc7d0519f9e3cd19ad91d33bcef5ce539f5c,Win32,0.1656182,0.29353917,0.31600064
fb11005da8d1867b5f9a88998fd30212a9494968c7624ec16a49c17fc922d202,Dot_Net,0.17671043,0.076964155,0.3723514
031ca0ac944d00a10eb3b514958e815b9ed47daaf2b786dc4aa3094f130c56a6,Win64,0.28379,0.2887144,0.048087247
052c0beecaed8dfe786195fab80bd65fef52c097e82e8b7c2aef63ae2466f7f4,Win32,0.018415172,0.028062489,0.0010915457
077575ecc212c57414af0802b0242b779b0940b64576cfaa7f0af43922198317,Win32,0.002209693,0.0082796635,0.032116376
08c9f847548cbd604664a6b771409e2e9bc7104e987ce59916200d6248b77aae,Win32,0.041178133,0.062258072,0.25379652
093c1c9f8a8e48dcfa25975a832683367c8d6b87483af55224a31d688ff3ff0a,Win32,0.03712003,0.0414427,0.05154741
12acf4a32a6f501f4a0e061adfe3f2dbe651d2c035c8c789a3deb2437985b41e,Win32,0.65689945,0.94038296,0.6343504
1d68798b4fb0b96a43e1416ab14e6f66ad62b3683bb375258241bcca3cb0e0ef,Win32,0.00035813468,0.020658266,0.010575081
22665a334cb2a2dbcb1ab09ad9dc92e198c3e396e0133935ac341c8941e6b1fd,Dot_Net,0.9200929,0.90185016,0.9984689
251fa40de94cc97de7f4c714b28f2df022a64f5d3443c9675337bdf52c003f3e,Win32,0.10165711,0.0683984,0.24563855
26ff324d29ab947c808cf0dbbc9785271edfc75a73b8889d3da5335e7d139ee3,Win64,0.65859926,0.7032778,0.55159104
302bd5f46db6c839978c8594c753b84ab576377a9557f387d39e2d9e4eea27a9,Win32,0.12952083,0.06893622,0.24730895
4019cb50c12a5e248c1061c168cfd12b7c505a817a3a6b4c620f2f5658b34cf4,Win64,0.12115413,0.12064959,0.094819576
40ac5afbd0aaa3273708688ddc77871b7a4bd8b47f43f7f3f2a0d6201378968a,Win64,0.7913191,0.7281392,0.5435626
43ae215e19ab7358ea9ac49b5b50e58770e26258b9d577a52ffcca4ada9a95a2,Win64,0.85655093,0.94086283,0.6972198
48320cb8fd5ed9a3ccbaf9fc03bd160c3694c79d0efc8a8cf899069fc1d8e677,Win32,0.33857352,0.14154482,0.34792042
4bd8a269430119d985bd8dbd99377b7dba0c556ba742af4583d9d300c7169d91,Win32,0.15856373,0.16514279,0.22917141
4d6101ad307002076f7020dfb1d8fb03b6cbd1ebfaaed152156e97ab6d2a9dfa,Win32,0.6344031,0.7378148,0.6194545
509aeefbdd291492919a77ac1740fd330a901b97894681a04d795dfd04d16158,Win32,0.12658279,0.34751308,0.10275848
5b276cb714d76a71a13a11eab09e664f6c25afd023473e7e4084ed15753e4283,Win32,0.1689418,0.40518844,0.19818641
66c2a3e7a9d86aaf9fd33fc36954f2892a43fc57db76841e50242e361c9cfeb0,Win32,0.03712003,0.0414427,0.05154741
687386b9fc99da1527ef18525d9d5f8856651a977befe47b6b4ff19ffb26186d,Dot_Net,0.86867815,0.8660256,0.9064099
6b241c74b5fe03d65bac9671bd090099158137518a87eeac89047147e9657f0f,Win64,0.0016598402,0.026567323,0.048156768
76a4b7e46d7788cbefb9cd1e8be53e831d7d670c7d6af8b749296de8bb654ef2,Win64,0.25845107,0.48732868,0.6678842
86351683a484b350974176b774004b49a5e07923435b0d1f478a80ea56d4ae23,Win32,0.3533419,0.14218716,0.09950741
8ec4d12deba98b45760577cc8562c34a8c9b82328cf5644775fd8fb4f27d72ab,Win64,0.84134805,0.80252445,0.6867796
98e6e1afd7ebad5863ed231cee3226ec363a2a39273a9a07291744b8979361d2,Win32,0.2677199,0.31828183,0.43943503
9ab3096e60dad163f201be0aefd3c91373251a6c69333e98576955c87a259e80,Win32,0.03712003,0.0414427,0.05154741
a0ccff3afaff6726718d06bd8edb05420d1fc0d3ef965a91df87a25531b1a390,Dot_Net,0.06950829,0.079203695,0.023214277
a288a8c8e254fe6cffbf8b77dd50e07936571376da7a9ef336278f4c87e60d61,Dot_Net,0.6703048,0.71144754,0.9949003
a4f17f15efc449078f75e6833d9adbde709357b543568b8af5bfa1858d4685df,Win64,0.5378819,0.6553725,0.5749527
b26ebbbb7996e38ff4cee591cb904c01aa74dff1cbc410873819eeb7c91ec4ae,Win32,0.03351712,0.15845136,0.42144725
bd4d07a97912ad96b07bcefe282563e04e1d187c9ca0053b28ee0b6a8de4da1a,Win32,0.03712003,0.0414427,0.05154741
be175f42807cc3b103918342aee05212fc8a8d743629f4ac91fd7682e5876073,Win64,0.7147051,0.7269557,0.5334079
d0ae9f5b60a135f9a48698b70162a0b0b9a9f800a6b559b672662ad66dcdaf20,Win64,0.7232932,0.7281392,0.5448265
d0b47f9f2d5c9e800266a3804f6f2295693adc66dcb861204bb7cfcd0c588dce,Win64,0.9098138,0.75071126,0.6453247
d19977c0b71aa895bd5de0171798ce806bd142dea448a38e35f3ec0964624aca,Dot_Net,0.84825945,0.71144754,0.9952172
d62370776ef03e301868906f32e334d300acd2341cfb6bfc6b63e60a03dc25d4,Win32,0.03712003,0.0414427,0.05154741
d7bc74ec76e662a9cef93ed528e245cec04a814a2cbbced32ed1dbdd25dd1b7f,Dot_Net,0.027270198,0.021132486,0.07964922
d8d2dc9a3463ce2f9a1fc282aec779256e208d7b506e27a70661ebe4400f90d7,Win64,0.22736868,0.23537579,0.1701051
e158548251b04fd0a6522aa73491c2c61d7908d3ec9240250cf46310b849397c,Win32,0.03712003,0.0414427,0.05154741
ebf790990c4e752c99ba1449468f94b354c33cef17dc05392da292f9efdbe51e,Win64,0.7025258,0.73942584,0.53708255
f9cc20cf55457580756199b850eb60ea967e77c393b280375c23b062eb5e8822,Win64,0.6199096,0.6293916,0.5296696
2256ff2ef8cd0cabb23d22565019bb7daa3b1abbfffdf630996f730f3b934f1e,Win64,0.21578063,0.37876984,0.15785636
2a646f6590ef12f1a24b55db778006fd567164d76b2e1f1b809e04ec9663f56f,Win64,0.019649154,0.0021565382,0.0067920582
347f1457b34ccda266907b80efbf027cde3a2993b065cb2c72db55f6f6eb0f68,Dot_Net,0.020769008,0.03526642,0.06960147
47ecddb73f0e9ebcdec9f9bd5dcee0919fd0a0030015bdc1a2755307050f039e,Win64,0.733517,0.7278332,0.5253379
68f4dd7bb0873e72ed1a8769bf43c226d04f65144695ca6d0439eec3cec6b2c3,Dot_Net,0.035506394,0.102953576,0.047703747
6fccb4a031f3261c79a05f1de5cd3dca367ed0da45220fd988444b2cd2b7e574,Win64,0.7881625,0.721789,0.57046247
724ac8773a6e73a417686ae7a6c0e701a625815b55b070d83409a234641c1445,Win64,0.23203692,0.23537579,0.17019573
748b07ee8e8f072c382c2a42c16efa8b2c640730a2efb97e8ba9149ad8eae2fc,Win64,0.03712003,0.0414427,0.05154741
8da29dd2e9b901d147be91b70b96e7876a66999eac6a7d3abda22114cf04f3f7,Win64,0.733517,0.7278332,0.5253379
9985e653d41d2f9d5b45038a907bd26bfc9320a6d9a391e42c0f6dcf0e15f038,Win32,0.017807612,0.017070524,0.0010915633
9b3fc6edd3292b28a8e7100c8d5cc1c151fd4a86dfe7b64a8a60d6b40439cf49,Win32,0.33545762,0.31648916,0.25010657
a0e5c8cd70b777e5eb408375e5e9fc2b415403f6b5afca59fd8ab1db7fb4c25a,Win64,0.9467638,0.93361396,0.8463071
a1d1c8f491e7695b9b549a7afb7bb654fc8473662fceb21ec3d505b13cd290e4,Win64,0.7836515,0.7346238,0.60817385
a37eea394fc57b31c164846f6a45d49917b124e342b6535078907cfe5ab2191e,Win32,0.043272194,0.07154834,0.03271209
a68f8362ba06856beadb0343849a3668e537e706142b169fa5627216ec2e6885,Dot_Net,0.11395956,0.11694924,0.047196776
a92296a3e96cd9bcc139642507e400a9690aa1121249e3ffcb6d785c4b566d9a,Win32,0.84515893,0.6007265,0.6193904
c6a338254a6b045b1052805b6bd4c895025dd16b7d5e892ed8a0816ab66acaf1,Win32,0.521401,0.562815,0.5240033
cbd4b2ebc05af15d708f28941fe0815a5c85bb00df7dfc094d1025fe9ae29343,Win64,0.7581505,0.73942584,0.53697133
eadda7c3f91f76ab5feef16fcc45155e1026eeadf370219df63c536f44231233,Win32,0.53686804,0.29963347,0.43903807
06dd5e823b8d30ed01fc37d6eb43f89002b24dfb7cd39e058f86002818064b33,Win32,0.049379658,0.0496072,0.063628644
08d828328d8f6672512d88c8b981e51b6b3bc645777ffb19fc83fa8d724b57ed,Win32,0.743149,0.71411705,0.5526287
1bcccfe3c383b84df9726c88e95802e520e8742439be022b11d612a9fa0ccd4a,Win32,0.1534338,0.15904938,0.07327704
20dca283317450cb0e4738facf1817dd2632772bba6311d60e5ee9da4a922fa4,Win32,0.033547435,0.037749738,0.13649072
20f3a418fa873701de213c9d34750c309ccd6928d40a2345f731e23e95fe9ba8,Win32,0.03468189,0.057055313,0.072210826
2f2420380fc18428507c2c16b1be2d10ca94db2acc948624cdf9a348a60b8da9,Win32,0.09405909,0.035607673,0.0010902454
33e076623001476bb6bec76db089b0d7b676068bfec376d80c12ae4d33fe9beb,Win32,0.963192,0.7079754,0.29224408
4391d0e52f22b1d45d7803b5676e803de3c0ab63347c6aa9a2cb3d17d4f338d8,Win64,0.6135972,0.6293916,0.5297251
49ec7b26a599f0ac07ad6ca1cf06bc65fd3c5d60094fe4c241ac4e8260d9da70,Win32,0.6520846,0.6928573,0.37451243
4e2ce2e209fedb4caf3acf3a0000b1387c5abd7ecaf4185f07eea35d54754e94,Win32,0.542869,0.5768783,0.69850576
5283b4d8be41091f72c8297664d8e3f07c90f1368305cc9fb3db4bc0c9267cfe,Win32,0.51998216,0.40177134,0.29867467
5886be38fab5394845b71080ba6b6814a811c9b45351e2cf6430843de07c75cc,Dot_Net,0.6657713,0.65074086,0.52631336
62f82a9a0e37dc6eb3c5c31d36ddfe4efbc6fc744b3ef73e57a966e6d5026f71,Win32,0.6134032,0.57890767,0.38079244
7a2939ea1f3b04ba6a726ad5c957cf0d82c757f870422b2ba3ec16f13914c8c0,Win32,0.97105104,0.7728592,0.32479477
7e0f0e7ecda4f9071abda2b934f40e4ec8f1fc3441de4ad1174519e196a65f79,Win32,0.015873779,0.051787995,0.055822186
80ab8cb34e502e46b268654a5ceca220b2da677ee642dcb68d79f6c87bc5c08a,Win64,0.06286782,0.112886034,0.05798758
8cf29b17a85f64aadec01170f8d5a7f5cd6695a4b60c0e64edf507cd1c7712a7,Win32,0.03950224,0.060908437,0.07408377
9422891f3d9ed1c19b11fd3988918c8a8e4fd33e268b928f18c0919cb8128f43,Dot_Net,0.3047455,0.5259335,0.49950266
9e61cd69b4d2042c14f38a6be29fe4a8b31717164cab87222b30b02a7531d2f6,Win32,0.10643542,0.09706457,0.28607473
a050660bcc56b80bd694c8fb8a2548253237342af06e65bfe363b15e0bd5cb47,Win32,0.09231962,0.19501925,0.2497955
b06362cc18c585a07bccdd87c1961d6b2d770a5e3e92afac269ee78d6ee201bf,Win64,0.733517,0.7278332,0.5253379
b2ec547f0e4d434dd6cfb0da8ca2de8cc063538a6e15964e3da5c770d0eb1efa,Win64,0.03712003,0.0414427,0.05154741
d657d2124809cd5438c6c204bb9d6c4765d12eea15664bd269385d33208f843e,Win64,0.43822712,0.6212483,0.5276024
ef3b25382f0ae3a9accb34013f748310b3cf676d2fd8d483f561ce2db8215fb3,Win32,0.027026929,0.054980483,0.06146068
f8391ef0ce1d825490346ee1b49e844b97d7ce65e29a66b267e91830696549b5,Win32,0.37126228,0.40177134,0.2986859
03fa6318daf7fd1232efb0d69420e1c1b55e07f01cafe391f3d1023f9ef2de9b,Win64,0.733517,0.7278332,0.5253379
0b5e72618e8a5e5634922e345f7b893c411f40aa0a6bfaae6e6015bc4c06cdbe,Dot_Net,0.5542059,0.65723133,0.6851511
0d56f3665a865bde64ab54d43c995b81341d7bcacbee8ad2901cfc1d2fd08ae3,Win32,0.06379954,0.058965623,0.070297845
0d8da1ad4508a7bac58e7b8f1c58231e1fb1868b581b5fc0f117991590969ec5,Win64,0.00018779111,0.0062941182,0.039954957
0f34ed7ae79f4eac109369e4e2875d5be8dfe220f910a3ea6d36b7cf38452017,Dot_Net,0.733517,0.7278332,0.5253379
103e3f708f358a534a779d389c66979c64318951e7bd6eb17b4d5d37bc306942,Win32,0.036233887,0.00996404,0.01599762
16169134c17bc57a2643f6ea02ac48f8faac299e9eff2b343772ebb1488e2514,Win64,0.41722807,0.3631859,0.46329305
1b07f11609a20e9baa97673d1244b64e6f232a3d4d577fbd89333e3b3115d049,Dot_Net,0.733517,0.7278332,0.5253379
22baee63a2123c6f03511c557252137ee1042c847c9fc239779c8d6850cfe611,Dot_Net,0.8708242,0.8334246,0.722013
2fc6e4ac64c77b63f789ab725163d60ee27e7ee5152de31c5f538729a3c1682e,Win32,0.29974982,0.29963347,0.43916985
3008cbb4617bc39894251017ad6e792173ac0880640699f12d4b8acef8cc1924,Win32,0.30308607,0.21891013,0.095949486
315e6d1736e2ec8465a172d289a6520ec127e1b02190716b383226275672170b,Win32,0.34494355,0.4623558,0.39844096
42098783152b43ec5ce3728d77930542f32296fdf10983d52f52991b99bfe349,Dot_Net,0.733517,0.7278332,0.5253379
4d4ea5141b5dd9cbae2cd0ecaaadc89f4579c405aa2f112b19fd07f534cc63f1,Win64,0.0007668308,0.011885944,0.012500583
502f2a2eae5a4a73f55ef77b93929b4669a7f9f16d8843e86eadb5cd399634aa,Dot_Net,0.90109277,0.8910766,0.9471537
8c4daf5e4ced10c3b7fd7c17c7c75a158f08867aeb6bccab6da116affa424a89,Win64,0.6302722,0.5163973,0.3295002
949faad2c2401eb854b9c32a6bb6e514ad075e5cbe96154c172f5f6628af43ed,Win64,0.11237105,0.1564238,0.013818763
9594fff2241f776eb19b6b8d591a006c02d04887f069393e07acbd8a748aeca1,Dot_Net,0.11395956,0.11694924,0.047196776
9e230a64715d3f9358cca50811d6f011b1ff5de0d421ddf1560b5659f2556eab,Win32,0.40632528,0.4422552,0.10441356
b578201084faf602315e0a32b9b16ad73b1a9ca19c9c435b81eb9c6537e3dcf4,Win64,0.733517,0.7278332,0.5253379
ba943453da76103533ea3144ca20c7a3a37c8c74b0eeb22d4dcff1cafbeb7f21,Win32,0.03065412,0.019574052,0.06708743
c14b63ea523cbfbcd7877acb7274f3589be09bc743e7ab5db1f2abcae28bc6a5,Win32,0.027301889,0.04145625,0.06512235
d2a74db6b9c900ad29a81432af72eee8ed4e22bf61055e7e8f7a5f1a33778277,Win64,0.03712003,0.0414427,0.05154741
de6960d51247844587a21cc0685276f966747e324eb444e6e975b0791556f34f,Win32,0.04512582,0.08146727,0.070903495
ded553e51d2ac97e96b067f86d0df10d40f8b13145434bfe7511b37c35a75958,Win32,0.49934062,0.29963347,0.43908912
e274b5b72f81466244d5ef6cdc3d91f13e253d980f838d5a30e036dd1f3bfaf9,Win32,0.6491101,0.4435303,0.4083328
f084f3e65f33d8fce5183f48ec1b3e6519612722bd74d2d06fa16fcac1e5ed1d,Win32,0.78668505,0.7445631,0.5354025
f921e35485229b364cf4d9a2d3322aa18550d7cc1bce612ed3951b6372808083,Win64,0.03712003,0.0414427,0.05154741
0b7be9694db62908291f148f7cc3c329a2cc320bea1354c129da54e06f0d77f1,Win64,0.14337176,0.2286028,0.12164589
0ba17161c28ef7bfb0c53aed6bbb4bb8bbcad92a9433df7c22e38bd1dcf868e8,Win32,0.30970085,0.29963347,0.43915436
1c8ceebcfb473006c2ef0918d9658ec7e84f1057574fba6051eaf5f9a2e81e57,Win32,0.6431359,0.62433904,0.25755295
3202a00d006dc83fe597b87c5636aed3672eede6a1084bb57d56e80d4b4de1e4,Win32,0.19906348,0.110636696,0.1444063
34183dda31ac21fd0b18ed7dd909ece53408cfb5eaa28e73c5db698162de8212,Win32,0.38315943,0.29963347,0.4391848
36e094b5b815cffdf2a2d11cb2ca8fed7e35adc6305b5726dc3f46b4817ba277,Dot_Net,0.733517,0.7278332,0.5253379
4625156be511f82ea7ea4c1024705a0559be5cb413358fc4473c5d434b36a46d,Win64,0.078474104,0.078564055,0.054451365
4d712120b5e81eb096dbf121c39232db2dc527513779c6a9727844886a910223,Win32,0.3055365,0.46749938,0.3793117
530228bb42caa25c46e34ed87b0733b16dec8f657b9b874fcc72d5e99b1c6576,Win32,0.11672769,0.1924528,0.024901386
649ec4858e572e0145e35a9faa712708949b7bb1bce1594154cda580d80a0ca9,Win32,0.39236242,0.48573306,0.38143197
877d0edaaf24abfa423e35678c8b882d575bf8391f402cfad91b02a8323a12dc,Win64,0.6295894,0.42708892,0.60107166
8c88166771d3ee85c99577ef9b9691fdc9c52d86315bea8a0bc9a7bcbb66b449,Win64,0.733517,0.7278332,0.5253379
9e35228ff3f81e142bef4150737c00697819f62ff0a1dd723999f3b2aec32f07,Dot_Net,0.25747475,0.5823672,0.689901
a3e7a16c6fa2ecd9dab042aec8e19b6c481d244a28dd2d8236c72122a3618486,Win64,0.885578,0.6298074,0.6246653
a9ed8a8a40546b71a591dd88d630cdd17ee29ee2e80ea96dd1b3781b0096996f,Win32,0.3174746,0.29404914,0.43922883
ac25373aeebea99fc183531dab7f9c6376af9ce07b985a25effb2b0fa5052a9a,Win64,0.930357,0.8733961,0.80156815
cab1b4c46186dc13a70aabafed61a8c76410a59fe9199435cf63501f8ad47285,Win32,0.25062096,0.21181762,0.4333339
d0d815c289bae525dcb3f8762f92e938117fabda8df31e221b34b9d267293e90,Dot_Net,0.733517,0.7278332,0.5253379
d8dc1568eea298c75e8ca3134588e50466867409c14ce20a4d41bf4c1742d83a,Win64,0.0137809785,0.015787316,0.01784628
0689b5d31c2bf7b05699252f7d72e69a83fa22ff70a84e7a7f25f9e8ce51e8b3,Win32,0.0047670407,0.012499219,0.036242895
07fc93757a9357127207ff924ee03f4b0285837a09f91038a58e6131bf80167d,Win64,0.62684155,0.6287558,0.62022734
09113fe48de6b5a7a957c09597bb6e58cfd012e929fc6f4a264cbe14975c11c8,Win64,0.03464437,0.016459366,0.06863979
1382f71f85ca5dfb33148a50549910c9b744007f866eefdc36bf4109623ff31a,Win32,0.59572965,0.60017544,0.59160537
154403d94c68c1e9d2f6999f9b72afe5f799b6e0364fea2596d98acebabd66bc,Dot_Net,0.9767989,0.93862134,0.99782443
175638789778622bc9c6e6a6b4068b778417bdb36b688058a36377a0380d3aec,Win32,0.06461448,0.052968863,0.024699483
1dcea3b66f3b75609adc39dfe035d31f1f9315bf5d2dff0723f0786b9b0f70ee,Win32,0.14658956,0.23590322,0.17967044
2d433bb0465a3fe516ffa08457d9457e3ae8bcf3236b200117a80267c4eefe6b,Win64,0.07812759,0.115749106,0.059613287
36665afe0d1a6188aab21377719b0d81f738e8e185287d5e5bbe70ee00d62db0,Dot_Net,0.5876784,0.5244167,0.9687916
39f9addafc42512de236fc167f3735e343212cb23fad54c51df58e2f8c7c77e2,Win32,0.2632715,0.29963347,0.43916303
3e42d3291d6ce85cd808c659d305d39edbe86a6e14e616855f4a2756fdc85b13,Win32,0.25328043,0.29963347,0.4391006
44a846057c8e592f7721875e597a349102dc624b43e25aaa1f3b0e9b093909ff,Win32,0.034099974,0.04748836,0.06428389
45d3c1a0f3f95606d96389f5e0a9ca7f4e9b306935cbc2cad25f15a17f8876d4,Win32,0.8144555,0.7497515,0.619362
4d28b38c41b22b06ad3d9e7aefd99af39b25641709f5b37f4c12f5c895a59c52,Dot_Net,0.77980065,0.8662193,0.9986584
58dd915046bbdac8339ddffe7a17a9acd8f1c0018508669b50e2aa05811d7176,Win32,0.35958418,0.38362616,0.27823877
5b44438b22f4a496ccbddef0da7ee84cfea81cd958e1bd96c40d87d97a026a02,Win32,0.28075263,0.21292068,0.29860732
6b99ddbf00b5dc01155e5af94ffd7192f15461c0e4306ce837776d60b0e04cbf,Win64,0.05127644,0.03140022,0.06457353
7a72cadb720939adf2742e583f634b8ed13ba75d23c5cb8eaa317c5d1d3db7b6,Dot_Net,0.025998136,0.101423666,0.048242237
7ce3f0e2ed7cbbddd1f54371c6863a370f6a256b743ffa233891b4d74205c7b4,Win64,0.733517,0.7278332,0.5253379
7d6c1029107dc81d9a96649908c546c55afb3c9324f93e4271924ff2f8b0db98,Win64,0.0137809785,0.015787316,0.01784628
8fbe6e4959e7f2a5e78c3525eeaa1a12293ff33a80f77ea8e8dbe52b2e11c55e,Win32,0.6773658,0.55908936,0.43064252
a573e58125988011cc2e34602b87516c5e591b4ff5897054286870bb572ac8da,Win64,0.32290623,0.1485441,0.15762167
b0e5c28af26db53c066a68787b96bc82e9252e75560081fe1ddc1be643f2a7cb,Win32,0.05091127,0.027151978,0.06501724
b9fd411e01b045aabeb45386f71d16d832039dda0b1999761235f549c8e331fe,Win32,0.053750657,0.050853264,0.024478644
bc27692cf4164774d1a9824de72de7ed0de3234d6d33220db1037aefd86c2e59,Win32,0.117826566,0.071261756,0.063316256
d28c3c7d2097bb3712c463c0f5f59ad77d4a5dc4c473c8ebde85fe41d45a7d57,Win64,0.99351174,0.9614901,0.96043366
d539f1015ecb3cb775cbcbb0c32fb4b5a6483bbfe8de8f78076024c6dc161f7d,Win32,0.00274622,0.019367266,0.035393327
de898b4c757be064be66e55808e8cb04e43e1319ad07b4d3d043453fef1bc57c,Dot_Net,0.07414244,0.075944304,0.090510465
e1d835e3af9f0cfcc79043be39b8451062c96b7d10e9c88158dc3e426f51264e,Win64,0.033112843,0.041177724,0.06351689
e4bc099e344f455936bf0f1b1b8b9ce7728d0e5e6d7fa1d69a9f612000eeba1a,Win32,0.062362894,0.17279544,0.52944297
e8a5d7436daa54a205d7c39df9e0746d29b3473a69ccbdd9c984f2d58511daf9,Win32,0.85662264,0.72050446,0.2930681
f4d06b8f0aaf8fe3c56d566055eaf35aea3614e72aaa1414e6aee04026482576,Dot_Net,0.0006515927,0.0021387048,0.013864046
0065514a055f04ff1e46de972bfd5d2b375d5df271182e31282b31ba21ef04b9,Win64,0.037132617,0.043491326,0.042510472
011cab11533267eb9ee69e179a01dff332c49ff7a9bbb902c94b70858e2acb33,Win32,0.31054223,0.32108545,0.43695793
015cadf310d20127d8ccf0252664053e6f1a3e8494a7762533a545ac75917605,Win32,0.043500055,0.125488,0.34814683
0b5cdced410cbb03a8dfde65ca5778833baf3623535c1367ff51f2640feb9f59,Dot_Net,0.103830256,0.101423666,0.048299875
0e4969609e8ab876b5e4990ea2b6720ad7a59947ea5078afc6aa931ea4b1246d,Win32,0.13320088,0.171226,0.15964934
141db09d7733eea09f7c5b713998fb663dd97ea97041ca926f753cd2983d0813,Win64,0.5016429,0.5772886,0.56612134
15fccfea854734e15ea60e8bd99d13946be6d1b2f7d68a654dfaef9bdac09b99,Win64,0.8787539,0.7892141,0.6360436
20781872ca5a75405fc808c1b92b165e2be09f97fa1df2de8790ca96519a9e17,Win64,0.0030730336,0.0041982015,0.0052730455
31c915d8361e03eea9256013c359636b78687af1a8d61fc4af02256a805bd11d,Win64,0.02082818,0.014076943,0.014711787
31d4fe6ea9b0847fab3ccf37a60521cee844c0d8d13c33961fdb06825626efc7,Win32,0.1699688,0.28005594,0.13322885
37293090f52fa7b1c9bcf800aed2ed92aea8fbcf3eeb0d845b3b6628269d2e86,Win32,0.0004157891,0.005454539,0.015133868
3784b5ed6cbddc7a18c08676fd5cb6eea42f59a5b6f299863220bb27bafaf67c,Win64,0.03712003,0.0414427,0.05154741
393d6c3872752973c2607a99ae594541231289b6e909138dde8435b24b11ead8,Win64,0.004698406,0.007260183,0.0053410963
3eb0d9e5de468b3c43ab3ba8b2f87e81f0ee0936efef27efc41a38f13e4d8f7d,Win64,0.017279226,0.020507066,0.005517245
542107dc6914a4e88de5e9057923fa2984c21aaafd05ded96b603b1c97e7a5b8,Win64,0.03538782,0.02411542,0.009215112
54386b2c3936f590377a9ef6b911c1b0695d3bfdf5e973c57cec288f99fe02b1,Win64,0.006384514,0.004256171,0.0054588798
59a2774aa19e47d5c042190b76509703aa4b6f44d79ad6186c80708a6ef17f70,Dot_Net,0.5490099,0.65723133,0.6845583
609129a9188ca3d16832594d44d746d7434e67a99c6dd20c1785aface9ed117d,Win32,0.13467619,0.093393505,0.18856558
65785794c4b1123c931bbd1fdfd7187aa66f054a4d4d4da3f37b778574e1665a,Win64,0.0022053593,0.007022348,0.006186963
74374e77fb04baf251f65a7e158130bd10c21e315290fce5aed9e0d57749c57f,Win32,0.04924572,0.045181174,0.047838006
750352a9f57e33cc8d3507be9fecbfeac45f53742b716d2d9821ff1105c8eb18,Win32,0.3410173,0.32108545,0.43694228
96250ff8d268ac456eb356359f87b0dc8816dfb1d0bcbf725e377208143bbe7f,Win64,0.6420389,0.6293916,0.52906555
9b6d0dec306d81ba56a18f98b88462f913c887e0ae4055452a1078bfabaa7ee4,Win32,0.3919831,0.39007986,0.27856806
a4deb605ec3740d974a8f157b1b981f56282e52c6554e88cc0fd76fa0d87837c,Win32,0.034012426,0.037466157,0.06429567
b13a313e612a38427a6be6d8bb1e153495be9d73359cb4e2a13929658e3789f1,Win32,0.4654404,0.4530392,0.35320434
cd24bac49d86c06c451277ebba6683363a3caad0e4dcda9b0aa6de1035af78ad,Win64,0.6397999,0.5258997,0.3322889
d6651c82218b0160c08504869a0d7504c1c47122556b8d4c74f90da2f7b2fa96,Win64,0.004205568,0.0041982015,0.005275112
ec06a10a16478d7ada977bf9fd83d3f0ae115f8968558ea16510f9b9b210f656,Win64,0.0042704176,0.0141931,0.009181379
f5a83c0418e1ab12464eb9cf84d0158b6a583ec54f76d6b07aa0b2efc89c2e0d,Dot_Net,0.89407617,0.9149215,0.87790924
fa69a3940271e9cefc64345c4ca716e549107a642ccb92f8065210bd84687a6d,Win32,0.42174035,0.6539638,0.61873883
fb7b0c4b0787bc039607cbaeb5775a4fc17f5159d728e50b88ecfc7370581737,Win32,0.11446915,0.08520831,0.065934256
0e0f079e1aae0c6c70811469a4e93bd444d580105fdc6679baacdc191d12564d,Win32,0.17581971,0.1685486,0.1594072
1426a1b88df6c3d5ecee8c709494d82f7123b6e3c6396b65f42855fcfc83182e,Win32,0.98116815,0.9519655,0.98436385
1a37289c70c78697b85937ae4e1e8a4cebb7972c731aceaef2813e241217f009,Win32,0.027026929,0.054980483,0.061575234
33599cd9962e025e66c1a76b7477f5015e77a5244872776ec6864343e9924a55,Win32,0.5233244,0.29963347,0.4391761
33c1dbb19ea3fd955d2b29c6a375bf7b100a3e69162cfc83d90a0eb57c37c1c8,Win32,0.6670642,0.6818357,0.5589155
3dfdd25bdda445d8a7096940a6ffc5abf5acacfdd8675d3f804953a8aec571d6,Win32,0.0839259,0.07656389,0.2533902
4c46eb492b720412ca8a35c44ddcceeb75a6e4586a80c065862bc495fa46fb19,Win64,0.33206916,0.514738,0.56582606
4fcc6f575587d0a49cc4c1ad4e9168a8d4b9d31c889910525bde673888dbfd39,Win64,0.20292588,0.19711338,0.051289234
75292b6a8197de5457a964c2120e1450509c8898459078c03a7d1655ea523865,Win64,0.68265426,0.6818357,0.5592695
83b60e3b946444df9c026e196ae53ee34d5d1528764a9861327f5c97e435d76d,Win64,0.037132617,0.043491326,0.042510472
8abdafc5fe8bfbe91a9390e901fd2f9a3e1f3f77cdf4c3ac32a9bf1631a17de3,Win64,0.22049439,0.087163165,0.08140126
a533b4b7d794ba575cf2701c79607e742983cd008b241e9454db294c9f753db5,Win64,0.35962266,0.48009622,0.19766043
c51ae10d67896c7289896c210733fa8852d26b26748e4b16829b93676721cd2c,Win32,0.41361523,0.55318713,0.5243855
d6e83ea4fe06b668ba96572ff1bce5da6241e1b4ec73823feab23b65a957a3b2,Win32,0.07116874,0.037466157,0.06419881
e654ddedce51cfdddb819dd81fd3d2e89a74086770c25298459944f2948e17ea,Win32,0.1206584,0.27617186,0.28244606
ec8f678c5ecded5ed435004dd10991c94565f55aaed83ff3e1b879781ced46f3,Win64,0.6849681,0.38487124,0.5954863
ff8831d2fa6707c0d7583f50eca7820c2296b122cb7d5fa6023a7c190ba41fd5,Win64,0.09166322,0.1485441,0.15750946
017c0f390dc00dbb4d2e07c1657f258a2b7c0ef715cde4dbd6fe2ced588b7e4b,Win32,0.0011794275,0.0030302815,0.007993768
02259012cd3ab374d60f9eaf1aac088b7ff07119574629b6a0ab11a850b99685,Win64,0.7466531,0.63711774,0.9957745
02461c0993f71cdc4b11dac38593bf14c7e7df9aa2333af5e10d8546a93207ff,Win64,0.0035177688,0.0024795106,0.007943888
055b81b2d02a3dcfca28d4d5635988633f7278297899aca64f9f1a98c51a4238,Win64,0.8728297,0.6298074,0.6325892
0e019b5b4cc697b6044c48f4fd3029a8d49eec4ebc092868069ecc7932981787,Win32,0.012019321,0.054161526,0.062272046
0fe3a216fcb429d4b8487ccfa2a333c364a2ad47a465e5bdd8e6c9d6c7f1820c,Win32,0.49215865,0.531563,0.37249002
103278a95ab2accf4a661b8e3e142b7a0cc5482bdd4d2cd0e815b5c737a4c255,Win32,0.072241105,0.087568834,0.10597718
3775124ad1797dafdee92c94d04541aa6e8a75bc5e245e36693c1af1678d7452,Win64,0.7244493,0.6161654,0.5695676
3c16e35e66c7513174e23e06f3237f5db8be1c063c708be4ebc30175d8c34ea3,Dot_Net,0.9900932,0.98317194,0.97607106
615513362a00acbf41ce71a3c3c7ddaa4df08b5f6c7d86627bae2c3963539508,Win64,0.103553385,0.13192067,0.06239998
73fd02a8b1bdc0b24969a8fbc40471e3cc531d77711cd74ec4358f86b1285c4a,Win64,0.13165976,0.22355443,0.12335784
74760b9a82f5e19df9e4e8a35d9ffe9c149f0869ec90f4207adaf946c1901d1b,Win32,0.033098567,0.028530497,0.06941496
7c8b78df95409cf245440c1f7eaf1a737ebca11cc7e223f4c883d8112a2abfd3,Win64,0.33206916,0.514738,0.56582963
80352953d8d132ee958074b676ce0788cc22db8bd7ba19e52696d15f15623c6e,Win64,0.060815662,0.055725303,0.0732406
98d988af1804d7c104d6258a69d75e352f5881370dc287ac6a6ce1ae5369a742,Dot_Net,0.16983953,0.072807774,0.05976717
99868dfe2031a6ecbb889632c09ee1c0312f4e7fc5ba5eb81b4c3658dec88576,Win64,0.0059577166,0.00448893,0.022708446
99f0735ebb733ffd386bff467dc8846cc9e7c72411edef0ec488f2656001093c,Win64,0.4302539,0.5005965,0.49766603
b10f0fe729a9caa05ff0bb2c75115c735a1c695ca0f8531eaf93e8d0cf2f104e,Win64,0.90414196,0.79252785,0.5445796
b202e8646d635a0e11d003781bffe3c5f49bcfd9ef0792bdbecf8d1c662969b3,Win32,0.03712003,0.0414427,0.05154741
da140348accf65528c049dffdb14ae2d7df6fcfdc461d207e243f9bb516e10cb,Win64,0.0660121,0.07542023,0.04447117
e94b4bd5352bb92587d7b87507d8c255e7c8789e7f63e6d1ae28a5ed7446f68d,Win64,0.8215381,0.656617,0.53166103
f540c0c23df6442058176fc6fd4ef7e66871b7a2777d080b55c3d917c0e19d4a,Win32,0.341332,0.29963347,0.43910423
0cb234273e12d38e35cff473f9e2a38e94bd6e901fbe9e951e7be398bfd39c58,Win32,0.06271444,0.080294944,0.05313756
0d46b436a7978e0b07f634dd9a33e4dea99b3aa7f78d1f5acc95b0f21bab67d1,Win32,0.3415167,0.4226821,0.4386485
0e78d9d7dc439bbe4ace00edbfab8cf38ec6235eab7174ea675a16ae880e3f4c,Win64,0.9655551,0.5852567,0.66676694
101aecf07bb2c61c1dcf593e3fc9d652b48e9dbbfebbf55287ec5d86117fd0c9,Win32,0.09204719,0.18191686,0.2148522
10c91979275078c324a5f2c1b027d51140160a892d986f25dd5ad6a6a93d53d1,Win32,0.01151397,0.0015525299,0.015354198
148655aaeceaa8a97329bc518d1699b2bec801d09ecd324a728b0d6056504ff3,Win32,0.29704216,0.4226821,0.4385988
1d1ab7c69866a1e2ddda7b96f5c03667823d80c4a85e7935398da001812fffac,Win32,0.12994331,0.08968287,0.06998617
1daff23dfa4fa124b24209baf86281e647f87200a2823a7c104d360c0f711eaf,Win64,0.6403917,0.47403485,0.6466105
26ea159523a4649d75a7c0e54e8e243d952fc0196fdf8a6b65c846d172f0a232,Win32,0.038436066,0.087541476,0.17825927
2831e777af7e7f726a109beab247a1bbe44facfd4723e1e8c34d25ef4f8c43e3,Win64,0.6793971,0.35113335,0.5322705
2e52e1f5a4b0825aaa48e24f0925b027629c8dfb383a9b5039beb7eef2af8613,Win64,0.0137809785,0.015787316,0.01784628
3055d21204d5dafeff567abf00d1d7b6b34bcec8e134a2ee9bd3f2819d5d2c5d,Win64,0.05629591,0.14830628,0.06336984
3294e8914e1d86546a228d6d620c4a70f823cfaf276857a3c487951f6d2a6fdd,Win64,0.28342533,0.1611481,0.06786315
37c882f53ce2226aa295ac9dd7394751b49e2b08f796c7d81f74864c25dd53e6,Win64,0.2908534,0.1611481,0.06789871
38077977975e86533cb6653334776cc05d2b642f5d0dbe3e1145069fa1c8c14a,Win64,0.6807648,0.68976665,0.5650529
3eceb1ce54f002d0c11c39dbffd3e6ad3fe438fa2aa291f1fa0125b9d7affc5b,Win64,0.4204417,0.48715004,0.6717493
43da8f7ae73c6d203cbe58d7af4cba76c5858ae52ad6980436592bd2bba36638,Win32,0.25703338,0.29404914,0.43943283
4554c727ea469454a52b79a969610cc1fc11c56ffccba3efc6cf5d1774c98675,Win64,0.6392638,0.6293916,0.5290045
4d11abf2f733b898c46910281650787561a3aac7c27577166e523e1081de06cd,Win32,0.09665882,0.08617192,0.0554859
4e85de9a6c19cfa977a501d93dec5c37ffd23e5b66bf747cab2dbc240b5b7280,Dot_Net,0.86932033,0.9325338,0.39964786
524d66761bbbb5aa907d40ed9381c5838a1fd02c8bf14c22e84131b24aad964b,Win32,0.26444784,0.4226821,0.43866742
53ad3a43cbf90e308bca275f27406cf8805e3aba197a6917bc14dad7584174fd,Win64,0.6771278,0.7265963,0.56789607
5557f2ae003fef72cfd26785a123e7b605fd5a3dae55562a42e56d7218f5f07b,Win32,0.07344814,0.21181762,0.43332604
57b8146d1e4fe071e69746eb0106a6bc8f3d351484f62458dae5c26bf2a64949,Win64,0.69939303,0.7171206,0.56764805
57d704ec409d00ebd01deb0369257ff0a0630285ae023720dcb1f08cf62ab292,Win64,0.733517,0.7278332,0.5253379
6180b8fb0bdbdfdfdd9a94ed0164b33e895f9b824c3caed29263faa03de1110d,Win32,0.027213382,0.043077067,0.05219173
66755b06da934e028332d89efbd7ccf720868d6a0d4e48422abdd0557f478c1a,Win64,0.9771965,0.99738127,0.9980997
671e608efde083b5d5f04f1cdf642e095ff2b2cd7204eafb1566bb7c9e34592d,Dot_Net,0.94417244,0.90185016,0.99842364
676b8f82cb574959519e89454e2f65024e426c2b0b6ee256e8f0eca13c93db1f,Win32,0.17184846,0.14277281,0.09580658
6b09f479fc66af5f0c08a5d42647c22a9c15c5cf49e3e20b27f7accb523c1500,Win64,0.3047175,0.19682096,0.11532602
6d786cb8256f79b8fc1af6db4b658978e6a3e2d5e4c76a3ca7ffd809d13018d7,Win64,0.004730488,0.01889947,0.02329798
6dcae436a8920603e517d3908bb546025effe585ea5927e943a689122359b3c2,Win64,0.090796,0.08446242,0.05592418
6f6da101c3299fc63bda60e0e252f8713355571788f35af9a15919cb4799ebe5,Win32,0.38088745,0.29963347,0.43909946
74b0c2e478b3314866538b46210c740cf4afb6056f4382b79508338239a32b4a,Win64,0.7836515,0.7346238,0.60817385
795532771d5fa1fd0138864b6f6eeeea589bd15e49cd8b6c1eb2056e419ecb1d,Win64,0.5987918,0.6861592,0.56396216
88a45c926edecd28b4a1633378eb80d20c3177f28d6c53d4f5ddcddc0cbfc58f,Win64,0.39749652,0.31517836,0.3622438
9b478e5171635fca108e7e9d11b32e2566ea7c10333b9d0aa5972daa8c71d3aa,Win32,0.3701356,0.4226821,0.43883267
9e7a1e48e11064dcb6d95785796ea79a91c34e8833003e2633b606666b9a60c2,Win32,0.0023459592,0.010420345,0.02174514
a2afcda79eb186c9fc089e6b05a14fb7169a959c69dd40664624bcd502147b66,Dot_Net,0.86867815,0.8660256,0.9064099
a71412519083d285089a4e6ced5bfe6f98bcfce808cee9966f564f269c78ad64,Dot_Net,0.6266389,0.5379239,0.061607644
a86a2528a861b0e538334919a19c31d7fff6ebe8368d0143fb00560c8eda7ecb,Win32,0.022583442,0.03791445,0.06694848
b55f70467f13fbad6dde354d8653d1d6180788569496a50b06f2ece1f57a5e91,Win32,0.1785541,0.30715075,0.0736591
c01d25291d64d8702404ffcef98bd2c896bbf55b5dad69cea211875a4964ebef,Win64,0.733517,0.7278332,0.5253379
ce6e528f60cd9f74be148609657f081928c5a045f18858453d274174b663e826,Dot_Net,0.15097865,0.1318937,0.08133326
d578c64ea539d05424e2137f979c0cb46d71c1ca1dc4a86a9178335bb3e94c78,Win32,0.046656404,0.054544024,0.07301513
da98dfeaf106da39408922b42a9de87906037a65e6df9c50b0e62104f7db7fd2,Win64,0.3438678,0.26603553,0.59481275
de8c896279d81a77afe1373167dfc7ade4b6b97c0d6559ac7882b8dd2886cd97,Win32,0.5741697,0.6105053,0.61942965
e97adee64e58d8c5ee2c64da59314218c33b0fce3e347babf3a89393dbeccbea,Win32,0.14762741,0.22292474,0.36971134
fc6b8532cfb606ff38d1706d58264247652fc2a9443bc4604cef7019d28ad7b2,Win64,0.7365544,0.6861592,0.5645034
0cbf9a5a7d13b9a6bc207729063a9cd7bf8078a0e4eadaa90f80b29f9c076d09,Win64,0.733517,0.7278332,0.5253379
0ebf6f5c731f07acab361edfc534a75690043bcd5582b66d7dc7ca6cb1bf0d09,Win64,0.10650841,0.14173794,0.061766528
1141c4c82c6f8ce4fe18aa54c78ade3da5ae9303727b5b75db66441a5a57f75f,Win64,0.67861056,0.70720494,0.73938686
1333cb99e610db7f25ebb65c43b4405454b70238a57a341c7bdc850a52c0d833,Win32,0.45740053,0.2859696,0.51693636
153ec9f087f10d24d440563ff9221ccbd003787c2cf71195ee3ebc768f426230,Win64,0.9197467,0.7376571,0.61551815
1966388e085e8f71185d62f2e780c59374330c982a955a62c84795fe3b735dfb,Dot_Net,0.025417784,0.101423666,0.04827043
1a0aa00e294638e276f0c115711465cef732d2e6dc4aec93c17c947ffd47418b,Win32,0.046547916,0.06643713,0.10000412
1d0051ec94df50085dea025d4153a9783364dc7a22e245d2602bdf98387c67b5,Win64,0.9629443,0.9741814,0.9465723
216858e80f9ca84fb0e70870a8b7723a49800b5d87170247358a72c78c7f12aa,Win64,0.48279828,0.56535524,0.5213823
21a979bd03bc1106de0eceedfd2fe3b461ff764c6388afb5ffb57eaacdff5e4b,Win64,0.03712003,0.0414427,0.05154741
24c0ae3e03261f24e59627f62b38cb26c634ec72b66cd69f94d7ae443fbe1f8d,Win64,0.7485038,0.7281392,0.54540086
39551715b734f4a331dd0b39a953a79567f642dc38bfa173f9849a4dbdd7d34e,Win32,0.95730704,0.9352327,0.37436178
3e2b68c7d2e514cf229a74c2b3595455955fb1ebc8f32d0cac2b5cd48e2e3bb5,Win64,0.733517,0.7278332,0.5253379
460da5b819e94d33e2ebcff0cf04f40679c85274bf67163c2c107f8127e707d5,Dot_Net,0.46474648,0.1660799,0.43001437
51403e689822b21db9c2e2c4f50ededdcbdb006d8ba14e9f22a253f86daf292f,Win64,0.047405478,0.074673615,0.052764244
51dc2a3c74c9e55b89f055a3bb1e3ce50a7c89433181fe515cf4bd4eec0f4fc0,Win32,0.44857758,0.11768519,0.060901694
54eebe58fd48093245a52917669c477a72eec3ca7fdb97d0c8316ec4c7135547,Win64,0.34306476,0.19682096,0.10603373
55938e0bdd117e6a28157796529343e5389bd71dcfd4817400f615b3bb0ac1ff,Win32,0.34852353,0.05948016,0.13077378
57b16d0aac79fd78fcc32e085a03273355521e534a935af90f561d0407bda5a9,Win32,0.18530568,0.06968937,0.13358378
582d90653277bf207ba5faede5570eccf56e7c2109b6e63644e540debe9c1423,Win32,0.0390773,0.045841064,0.10696408
5af1958dc4c5135cb776ebc8a707669b752d6e1a137396e73c7d30272aaf2dc8,Win64,0.733517,0.7278332,0.5253379
5af8ef607adab3222bd8764468116aa49014f2729d0ceccb3c5311ecb2d7537e,Win64,0.86014265,0.86764926,0.22571069
5d0c5cd81d2781e3538a5b6884fd43258b8ebbb3cabad29800beaf85f74c35cf,Win32,0.043277662,0.21181762,0.43329927
5d6b8d007df55d5483624f694f687ab20a4ec7343ef6f21565f58da71b6646d6,Win64,0.13509175,0.19682096,0.11863772
5d796aa2a9510e7dfc9afbd3b0fbdbac2e82363b76c8d72fa4a6163fa1dd7747,Win64,0.6774922,0.58294946,0.21877086
63da47925074082159dc28b56626954427ab24faee82f3e15d0152ddff33a782,Win64,0.733517,0.7278332,0.5253379
656199b61295b62b4131f597fdb39f5a8f22f4d26b911330640bd35cdad5a9b0,Win32,0.733517,0.7278332,0.5253379
6bd80084ed5450e8e7a7b77009a14eda02b96035264438ff6ea89d482e532d6e,Dot_Net,0.733517,0.7278332,0.5253379
7128327cd433020cb17ba5cff790e60c8596c002878c684b3cc1fc493787da6d,Win64,0.733517,0.7278332,0.5253379
73faaffe6698ac6854cd27b4a3e845a14f4e6a70f88b47b53af4e3ef7c4ead2d,Win32,0.66735405,0.9108405,0.40884793
7d1b257f6f99a8c67107a3c54acf0a519b09a8c594734e5a68edeb9a010731f2,Win64,0.5889959,0.6965613,0.6100518
830c95f13be1f61270a8d51d9464e901e597569eb35189c961dda635038811f6,Win64,0.75467134,0.6736644,0.5257996
835530244d550aa7f60a10214ee0ad4b2eae6f05af7f1f3bdcbdec9aa00e2141,Win32,0.32042396,0.4226821,0.4385321
83e87f0785fcff3c76b18178cb0dad18693e5de192eec095c3eeb15c97f9c0b4,Win64,0.0042856894,0.016821288,0.03651063
852258c3737ade53280bbca07454fee0c4a090ca117ae84a813c5b8d53c4c7a8,Win32,0.71995044,0.73942584,0.5360027
8b55c441ae7732c37b589f63b69c5330dca462497377f145db652acdcc86c04a,Win64,0.03695037,0.046365533,0.027467856
908c42221babbfd0708d726af24a388f16524d1948e7fe92070d9287014c0e3b,Win32,0.98316544,0.9445135,0.8668473
942cae28c7cca1f0ae02f5a2d7f964fc64722ec0f8e6c07f20a42805a2f6bdf7,Win64,0.8894096,0.6298074,0.63266766
947e6ff5b4b8400af97090e9c1f7bb927c73285d40fa3086b4beb2a955c2537a,Win64,0.9629443,0.9741814,0.9465723
9635079b9cbbc5555b4e09f53b91b557f2506b64d714d4244fbc7f29059de494,Win64,0.733517,0.7278332,0.5253379
a70af2ba0625e0a0ce6f0e9236ab09b06942e177a9facb286d6c1889745e500f,Win64,0.8780138,0.6402675,0.18500942
aad4eb79f7fb7ef14ca5546f3751da2e2f073bf6aea8d8829b91e431361053bb,Win32,0.3365554,0.54983187,0.2518038
acacad2cec4f7abe6f054e451bfe9d2b5e816d74c94f17b8cb38300a1f2851e8,Win64,0.9939121,0.98154837,0.9487925
b2859a6b6b14a8c4e4ced589eba7728ebb492c177a270630418a56b9b37644d9,Win32,0.20213945,0.23958099,0.19742368
b443fa6580b87a3c60a3834637adb4e7ef2ed863f293094abb79ff4edfbcbc35,Win64,0.003828546,0.006135042,0.022387559
b49f37b13468f150479a40b0106ac67657e76c2d79af1a7f3df0495daffc24f6,Win32,0.03712003,0.0414427,0.05154741
bdbd1df47b40bdd1d3cc5dc4cceeeb80ebb1a2e4cb0e50b5ff38f7490ef70be1,Win32,0.09753845,0.10480126,0.1921347
bec1843970ed0178f02992d0347a42933085f59cccf86fb849cd199447ca2b12,Win32,0.05259384,0.1174737,0.284552
c20bb4230404befbf5be7fc5bd04a3f9d0d46894792a0ae8b00870ca92307db6,Dot_Net,0.40082976,0.14182954,0.28603232
c322f70c832b780ee0b8a0392abdd1f5cfd53a0f2f8311eda39174951f005c84,Win64,0.3035967,0.5809965,0.2610364
cfa31f6b87a18eeea594c2fc2a88a06f22ee18a9a2bf874e622f73eeaf7039b9,Win64,0.6334271,0.65074086,0.52626705
d2536092cf1ec601ba49b0638199c315e8b9108eb4f647685788e9defb44605c,Win64,0.733517,0.7278332,0.5253379
dc66bb240afce379964ae6a6f470dfc67767f59b093417403ba88cf6b611248e,Win64,0.6403917,0.47403485,0.6466662
dc9a4358d02ee482d31ad0f278ed0dfec6316d6353f3ed23ecf9ec90cd98c48b,Dot_Net,0.8772022,0.7253423,0.9964308
e26cecc5af817afe785f211ad2eed9b20c68ce9a11967196601590b9c92b91c2,Win32,0.20637171,0.0038944858,0.024146408
e4e5deb0a546da65733731502b56a917b3f55ec07d2a92a35337dcf3144c2b8a,Win32,0.29704216,0.4226821,0.43859103
e60e5ece6d84200a72515a1239c43ba9e99d31d3b00c8dd1d406d3c83fda9403,Win32,0.5460091,0.6581872,0.37526858
f77b5f02462803b70f95741329c76c831bcfbf729cb12963069ffda87afca912,Win32,0.03712003,0.0414427,0.05154741
f9c5f378d9ebe1f57716c6672ae295ecf7009dba4092c4d8d92aec014e86a75d,Win64,0.44422913,0.19682096,0.10660699
fb3dc901cc42f6133e58aeb9b1ab34c1e8b5477e8f96060ee8e9600825ec1558,Win64,0.009082636,0.06769117,0.019080492
fbec0950cdb1fcd3193cfac31d48308fd91fb9d155ff628c2e589304df8b3222,Win32,0.52841413,0.27647173,0.28260663
0188281dbc69be9a60869914bb45df392806e7e9b63afd7429afefa7d8a5469f,Win64,0.59159297,0.3301777,0.4138419
09475b84735c9ff14650ebd071805de0f45e43554f58e6823219a2e2a93d0983,Win32,0.5470809,0.6946389,0.5332967
0a31a8fc41169381fee827c8898924b29d6534202624b25a5f3f8858fc1dfaaf,Win32,0.973811,0.7254788,0.82147264
0ab57519b4fcca46354340d14c06ca6b0e68c9a7dda482b3baebee7aeb5567da,Win32,0.15162103,0.23276845,0.18530047
0aec54b1d5811f494cc96da9de6328201d0a0ec5408aab41cd158cf337a46839,Win32,0.046100277,0.21181762,0.43324816
1249326a6fd5c5c0b86e2dcf6b56abf1e39b9856926bd4b59678e448d2f74850,Win64,0.11433365,0.083248466,0.087187864
158cc7b52b73e97191732e1e244e5b30a7afc1d53cc02248c6486606bbfb0769,Win64,0.16605036,0.18118845,0.15658472
1723b079702f2301ae79959c726c605099066f9deea3eac3c4a8caafb1e01216,Win32,0.68071276,0.6818357,0.56072026
19b3ed694f63ca9608e0c231003c604e18d09d2db8a33f54c7b1bc8884fea0b2,Win32,0.59572965,0.60017544,0.59160537
1c41b994b8b75acd4f3f3dba2559b27355313280f6e255081bce88f7826537ed,Win32,0.033448704,0.024168279,0.06265484
223d174695e73d150e5d58764f9d209ea30c910a81ff529b3de40d4b7c13a197,Win64,0.68236256,0.6912365,0.638819
2b12e3f7a14044b43e20e5ff0ed4fbe42491ce836c5ed6217764fbfd624533b0,Win64,0.61880547,0.71518713,0.81580937
2c33f32bd79c81b02d42ec2b53b3ecbbfcf4eedd96629c83297953a863219ffa,Dot_Net,0.025545409,0.101423666,0.048258282
3134351584c21127cf3a187f5bc8e0f9335689e730c0cc230e44c01362d5c5b1,Win32,0.21220472,0.23276845,0.18477637
326c21e845863ea6ebe7d09ec3915d99e18f95e575e97aac2f71ae41160327e1,Win32,0.50858295,0.29404914,0.43931994
40d626adefec554fef0d69b42f489ad30a53e006937554c37d6c7976a1c755ec,Win32,0.28470755,0.15965271,0.1591905
5675eefadcb17de5bf8eb890526febf7b17ee80b8f3c739c9714cb635a2ccd64,Win64,0.7836515,0.7346238,0.60817385
649edbb7e1715601a845c6ba0b885b88d9e1a9ac8aa04238bf3ec30feb8dfedf,Win64,0.8893868,0.74525195,0.5774628
68a9f2c60a459f5cf4e0bf34e96efee1d2d1e79ae2b61c4d0b013e43ed7686f9,Win64,0.8931379,0.6399002,0.6491717
690455edbb73b1800ea4ec0ae11687084a547ae136e031a4d4a1bf4b747ac688,Win32,0.027213382,0.043077067,0.05219173
690c3e91448657eb1e6c61a082918c2f7bab632156991e382a6e44d0120f5f72,Win64,0.0878522,0.08617192,0.05539243
696277de3202ef6305ad0de57c48c9118fe5758a0de92cc5340df25092ce3418,Win64,0.63223445,0.6397523,0.5299553
6c1adec3eadb3ae99a6d9d33dd08d3860b3aee29715f766c046bbe23568c1bbf,Win64,0.7836515,0.7346238,0.60817385
781734b0c896f14f80e9535a25d9b24bd88111d93cfe8a64a5fa9ccd0cc37e65,Dot_Net,0.16847506,0.25399703,0.23800902
7910045be6b1f045ba4d2ac1074dcdec99cf50d39000da1bb44c4552cdc76380,Win64,0.733517,0.7278332,0.5253379
83bd8423541ab8840a0a45bca20aa0247221b315a67c6feea281b97706fc99b1,Dot_Net,0.015174476,0.015118226,0.017213196
85d5855a20d55be18758b633f348ca269f16d19970e491e9970db8fdbd02fbf9,Win64,0.16605036,0.18118845,0.15658472
8964edf6e145a6be740f89cec4fa470b0d9dd1142eb9fa24866bf546ac7f9b71,Win32,0.45740053,0.2859696,0.51693636
8a8d86cb516bb0b2278431823ca28184c79474500354502113adc9eae0aff9cd,Dot_Net,0.47915807,0.7487219,0.2850651
8d80622d5c3f3e9638d932c94294aed44e47d3533bb96c2c08099f49463aab41,Win64,0.6946181,0.71447384,0.54818857
8fc75b3810d81dbc351d727d9df24130e71348817705ef69b1a0ac876933979e,Win32,0.18636648,0.23276845,0.18456942
91db57a2b77ac18b9605b08d7b926f9dc32c7e7d6f4047fba0270a4403c288bb,Win64,0.037132617,0.043491326,0.042510472
92bf004e95d8dce900b27e76cc3ec662dcdcf15f580aaaaf1a652b311f9932cb,Win32,0.01709673,0.019630803,0.025530428
95465ebec0a95493bcf3a5d8ac7c5fd14b5fc7f6ff9ff3e6036d7226e52a67fa,Win64,0.94891965,0.9274627,0.8620095
a2c14c030d25497039e3a27ca6b332323afb6522705c7a0485bb3bd8ecae2468,Win64,0.37578937,0.6971508,0.72269964
a6e1c0ea559c2c176e821161a5db0b3f98e0175e5b27fa3a6d4673821fab561b,Win64,0.733517,0.7278332,0.5253379
aa95b46c225fc26bd231b09f5181cc29087786a94a56adec51c4e3b54d2bf9ae,Win64,0.93831784,0.88111013,0.8398391
b495eff304326ac7a8e586e231328aad4d7e56fa0f0d7818584d31767c4181ed,Dot_Net,0.99843174,0.9816788,0.90345746
b8a18bc1b8510438fef05216742c31daf9ac5b6b590077cc1fd823c0a6afc121,Win64,0.17526495,0.3706334,0.20620932
c4d76b471c3dd861327ed4d9af391e848028d3d615f61790aadc01fee343374f,Win32,0.15933284,0.171226,0.17732544
c825700f2b1fbc9597b2c828ba6d3d0bb5b4950a46f8d2adc45ef6a297256ff3,Dot_Net,0.39681032,0.52643883,0.27381608
cbd96ba40e48b72a407a62e081ac4b83db4e1d0ff1fdc64ee587d4d9bc29643b,Win64,0.21296075,0.20165756,0.19463743
dd98133b825a1632879b689b864b15a66741208343bc8ba080354e0133181d69,Win32,0.33194283,0.8616035,0.57980835
dfad60bc534c4a8237a8234b5d2584a57239b4ca1bd6b91259367e16b1bc21e6,Win32,0.48792046,0.27737936,0.4426521
e2872c560e8ea1a5da8223cbc2610a3b45183e62ddbceabf42b9c38f2cb43194,Win32,0.034841634,0.02320603,0.062439047
ec4e4b8fd940891a8d9d72a249cce85b225d18b8d93d5b1846f99d7557ef743b,Dot_Net,0.733517,0.7278332,0.5253379
eeeb029104057d5834d9a9488822a456b527d4d64ec882e3492fd00c065f4690,Win64,0.6417241,0.47403485,0.6465625
f4928346ed85ea3f84ea064922747d5d88b7c3eba80f144e5d7554c5ae580ffb,Win32,0.67681587,0.6818357,0.5579227
f61c9b3c4d7cd758696654cc9d4de8f831a80a3c95ed8b9b4ebf8a72930e2267,Win64,0.89107877,0.9074944,0.791495
f85f8dae2e4a53766415839084afcae1d2beb06af411136558dccef8e57a698a,Win64,0.733517,0.7278332,0.5253379
fc8c29151598fd0da0c28f2b124ca124114a225b8169ca290513fbe70e5a6f2a,Win64,0.98180115,0.8713684,0.68719214
0088874156201dc6f6e84486f74b1a36d85eab22de989c715a27aab41f195c11,Win64,0.070920564,0.078564055,0.05465967
04ea99975704b058f18785e01d64d890f8f0f659da301b76963b6f36cb00b651,Win32,0.0777304,0.045172025,0.0789165
0b0a91fd07c69a2be873481a80685d051c799a95d88edec9b5d75398e0dea587,Win32,0.59572965,0.60017544,0.59160537
0c2868d879c4f2e71f05d89215bb4cff8db3e251abee87125617762e2122673b,Win32,0.65046686,0.54030544,0.6734759
10a86e1b08685b7840368a7b545b18db2127b8691def56afd39e052516fba2da,Win32,0.70540553,0.67366666,0.7253598
110e87aae10a76bd4998724509ed628608c5df296913e051ee7550ab3d4ee698,Win32,0.39341137,0.29963347,0.43884867
112217f96b44f0827e15b8c89bef20187e102841323ab4ba2a03853be10edfd6,Win32,0.030472437,0.059068237,0.13685367
1126c7e4af817e83b239117bd7e8c4ba923d8bef34e3196bdadc7f7502a9699d,Win64,0.8551233,0.8785068,0.6880838
142a6fb9ddebcde7553d8f2b23a67c61641f373bc855c7346ecf87f6855054fc,Dot_Net,0.86867815,0.8660256,0.9064099
146ec05a4308ab774ac8e3308a9e121a7943e3d7ce4da678d08286d349d61eb7,Dot_Net,0.21419807,0.33820713,0.07852706
15213fb2e252f7e64af052fbf5371fec6171636ad69349281d26412b3dd98515,Win32,0.02958663,0.050926242,0.09945248
193046801da4b782274b9a8c982e69f07e0e64b11bc90d0897bc47658f2d4dbc,Win64,0.112755,0.08617192,0.054968134
20737bc5cf1d9ef07997815954df2fa4f3574af9ea4f3af5caf65cce8e756005,Win64,0.05720821,0.009822308,0.018900322
221d874fd780f2890ce0b027da173c4bc52d8994f254a2aaf30d16768e04605f,Win64,0.8101325,0.8719424,0.68434316
256878a80234ab137487dce211172d3c794850e328fbf98d77144a0783371c73,Win64,0.733517,0.7278332,0.5253379
275e0edbef34e95e3681196f7f4784314b72c5cbeab8e6e910f52df86b61aff1,Win32,0.03712003,0.0414427,0.05154741
2f5dc02d9bcdadc9f7b294208a00c39b04fe11e71b14a3193052c77d7968592c,Win64,0.6403917,0.47403485,0.64668065
36d4117dc4673677b002f6ec4e8885497c2c74491a180244d1a4b86b183d79e2,Dot_Net,0.86867815,0.8660256,0.9064099
3784fc39dc5c0dec08ad0a49bbbb990359e313a9fa87e6842fd67ed7cc1c0baa,Dot_Net,0.587376,0.7321675,0.987574
3b7c9a5acebb6e9ae92dd7efdbca83547e3faebf2880c3859146e0a99e1f8f31,Win64,0.8983932,0.74525195,0.57706285
3b978de3faa73614512542de0a50dd3376ed81e559289ebf246956f726020672,Win32,0.09690113,0.028368063,0.10552338
41b0c22ea8515667e786ad7edb2faa73998711dfc2c449295b6244f9ce40300f,Win32,0.030307624,0.03735849,0.09737216
4600bbbe77a8a260cb14a2f39c51ba73258edb07b483d390e150b7c5dfe0a77d,Win64,0.8738177,0.8601955,0.7652621
47d88185ddf0709e8c77c439809cdc373998d953a5ca520fb3fa1b212fc268e8,Win64,0.110386916,0.14969663,0.06686659
4ea978dd28b09c1cdeda1744032854324e43c32dedb31075cdbaf105c421cde3,Win32,0.7256554,0.7345906,0.5704712
58ae1374052da13f2494367a22d34f3c70b81ae46f5254c3d5b460c9e0be8218,Win64,0.733517,0.7278332,0.5253379
58daff75c3afc02c806476c1509f673db5a7617f7c60e402474794a35c944f3f,Win64,0.733517,0.7278332,0.5253379
5c5db96bd329b011455cf3d9f1fde3515343573903de01fb27a19aa05c9c4aae,Win32,0.34068707,0.29963347,0.4389167
66db50cb39faba5f27e42e768e7a62be67be39c99609ee9a4a58a547121b5f4a,Win32,0.8357782,0.719703,0.67107254
6bc88b4d87bc813d549954f44e1aaa5d034da8217e4477446ec72afd03272d86,Dot_Net,0.3784633,0.54325724,0.24374644
7206b26e3286cca28c4d2f0ce1ecf11f207cd0ca9068ed5708981a101d558b3b,Win64,0.1385911,0.14173794,0.06228314
739628e02d2a6f8108f2eac8777910b478027be4964e88032dc0a07476f65aaa,Win64,0.8406999,0.7436471,0.5920688
7436bc9ad2eec08d26d79ba3ad6f7360c70450d08c5b376c65024ed014ea9681,Win64,0.733517,0.7278332,0.5253379
8a2a1983f868cbefa45c950ca2b6605e66891f1ff2555e378d7768fbeacc3816,Win32,0.64003795,0.6861592,0.5632081
8f058f784bf163702411758f06a27a40108d0f72f33a83f2306ac840255f5652,Dot_Net,0.11395956,0.11694924,0.047196776
9c68eedd0a73afecd24e0e7b04af9f151cb60ff54dd3133d3bb694d615d0b9e5,Win64,0.47886655,0.56535524,0.52008903
a213325e8596c3ad7c5ac5776cf4dd91ff48ae3e7497f16707319ecf7d09346d,Win32,0.45728204,0.29963347,0.43911776
a31cb0bd2a55ac997757216c41f26b6c3842fdc58ad6064d0b889f139ef244db,Win32,0.046100277,0.21181762,0.43332395
a732c19b59fbf6d5ae1d8eb18a37f2e6ed310e864e2e15e41a7e864a89c0e2b1,Win32,0.0137809785,0.015787316,0.01784628
a9a1b500eaabe97257ce281bb0acf6e290c7f19b96383c2a09b242daa950978a,Win32,0.19754593,0.29404914,0.43928212
aa4cbd4a4c36b1cadbea85c843edfbff85c21dd73a2f2401ed0e369cb5fc9984,Win64,0.733517,0.7278332,0.5253379
ae23a542410841fc617c196726d1720e537b154868099760bc53949db892ac39,Win32,0.45429766,0.29963347,0.43916366
ba60f612dcdb69b42c4d7d72b03eb85ce3d71e8254409353481779d85f1ef1f3,Win64,0.086304225,0.115749106,0.060053196
bb20733c8bd87bbca36caa84097d405761b8ce4e19eac85817c054ddece17fa5,Win64,0.051534068,0.12501432,0.06196347
c0f88d2ca17d241b89d9a1c23adfc93282bd62983a15b185931c4aad8e6d9e2e,Win32,0.06952289,0.07895794,0.05420793
cbf14a5e9d951fb09c38dc0a0c9eb68e389b7cb59f8868e103195e2cd1f3732b,Win32,0.05533019,0.07858094,0.05333307
d30a2521f570e0d9a2f8bd96d2c7af5f4067f3e1bc1b3ede646ef83693740216,Win64,0.63968813,0.5163973,0.33169723
e541f44992d96fc177f31290f4b87765e575e750b14b9d87f0f34f766ffd0c7f,Win32,0.87707,0.79118484,0.37469783
e5ae07f0231f38b198e6bdcfdd7d7e34a46e827fe0d96559142fad570f33819b,Win32,0.07072297,0.09134359,0.06770521
ffc4fa30e484c0c9276d9c238d73aaba1f54fe42fe9e14719f89fd51fd54c4f3,Dot_Net,0.18598332,0.19728185,0.03396302
01afc38416e509ee2383228abc5483225d9801e50000c90c69575bc76b7921ae,Win64,0.2942071,0.6299621,0.63463205
038d38843dbbd81f5c2fd6694147bd5e7d4d4d9aa7dbba969c1a705e7d9efeb9,Win64,0.92455065,0.6401191,0.66923845
068fd6246acb381a6aa1f481320deb94965e6be21bcd3a2b116757a5b64ba512,Win64,0.7836515,0.7346238,0.60817385
0e283d4d54265f87e3f308206ffc475396da981087fa708b4f914a66d350cbca,Win64,0.0774628,0.07858094,0.053491082
106c513f44d10e6540e61ab98891aee7ce1a9861f401eee2389894d5a9ca96ef,Dot_Net,0.11395956,0.11694924,0.047196776
1343afad7b0b92616a8024c462b1b38269fc4e946894cd44efe8de56074882a0,Win32,0.064402185,0.047279324,0.08597017
165b0b8a8d25d9cf40ef0a88336c39da9edb7dd2c9d2990fd5eae5f72117b44d,Win32,0.44763806,0.29404914,0.43938762
1b6661c348a7a102236a302cf6ef3baab4d8ec04fdc6fab599fd6d2fdfa5c565,Dot_Net,0.21250646,0.20935716,0.07987299
1cdb33bab26be340d7955868f3f805cabe40b62086257d89debbe23916514bd3,Win32,0.659635,0.6612386,0.61890554
2040b05f7d47b9a0963c5b9149415e781c91ab2699e92873ef0efb9b0492f14d,Win64,0.733517,0.7278332,0.5253379
20830629facb296d7e3a968cc3fd01acedbc70aecbb08fabce28b9879daaa13a,Win32,0.40380627,0.10572378,0.19413237
2b592eba4ee5592df14ba8bb1675b1a5a198581666f98dae5594b983639ec581,Win32,0.23008056,0.18225569,0.0833171
30c8b3241042ad4342701d38cf40297bf71e1a2b5eb8aaa66ec0eac8ee4bc25b,Win64,0.038753383,0.039596975,0.05522865
30f1a8717cf694cf8cdb689f318e4e28e6989ff91261cbe26af62e2eca33e565,Win32,0.8094498,0.8987638,0.87129664
374523bbd0f4e17af7ea2b198a301bac96dc6859565f77a027e4eb0ea83a4392,Win32,0.5432132,0.26030186,0.28384963
3cbf31ab5b877c857caa6ebb25201ed7bbf1231156e794274d5d6a66d37261a1,Win32,0.38551912,0.6645467,0.6256249
3fd02a8dbca259700e826f750126b75b65dbc5782bdf72f69a664eee7cf22e8e,Dot_Net,0.11395956,0.11694924,0.047196776
4b613ef127e84330ed1b83b7ae6f4dcaa1d084cfd5982339331f77d07c3a2fe6,Win32,0.054227155,0.023741852,0.06576293
4fcf77edd8f8689166246cff3d7d471fc2bf14aacdf8ec6894b90e76d5757c79,Win64,0.16418605,0.1685486,0.15948428
508b454d7c80718a5df3061e4ed8947b277a3646479f9d2bc46d35e059046095,Win32,0.096441194,0.29404914,0.43973485
529e47b92ff8b68edcb1d884d966b413216636426422e5b2ac1cae1cacfab57a,Dot_Net,0.29983315,0.10459931,0.04129384
53e9c6e6dd099a46d074abcfdc6f71d0b93e97769acdb8a35061cb225a467e44,Dot_Net,0.5716534,0.3424954,0.07550437
61810f6aaa1e377bab2a57715875df91e8cc65cf9e2c6e28c52a0984e4eb8d64,Win32,0.973811,0.7254788,0.82147264
6b839588d5999976fd27baefbbd6a3bdf51f683212f914a437f6e05031f8dc4a,Win32,0.14536391,0.14888431,0.062393475
6ed4cda311d837f115ee18c3112a4ac7a8985a920c840e60829dfd99b8168f05,Win32,0.31832317,0.29404914,0.43931407
6f4e69806873269b512518b25ad43e8adbfe01d1ffe5aba7f99164214c706b7f,Win32,0.94224054,0.75111467,0.37472025
70e1ceade5f8751f023eeea9b33c66c9627a13e40ce89ed7dc5680c6e12ec61a,Win32,0.8845541,0.75773126,0.37455684
7290299f1b8644934ce2219e43468add214545c27bec9a2c26ed7a9d2ca95603,Win64,0.105008826,0.14201194,0.06484305
7b8e64b717dadc0e2e0da5b269d01500c287ca935927ed53847be75c4fa85022,Win32,0.029069675,0.041525442,0.25689158
7f61cfe55cb9d94c6aff59ae4848a284d64ad025af5e7b2c84b44d91f8bd1e59,Win32,0.04674187,0.031735487,0.06740518
8c4dff7c13aebe81763bdde35f4df377e4a6302c5400d13a3695cc5b7f6f4ad4,Win32,0.06952289,0.07895794,0.05420793
8f8c61c06213693c41544dfd52a48dd8da073ede9d3ff14e9d14cf2f1bc9db10,Win32,0.03712003,0.0414427,0.05154741
99c9b8b2b8c4decd29a9b249cf1a1c1a1dd08b52e32f71aab3f837faabc86267,Win32,0.0734554,0.19486721,0.044461668
9e894ad05914f462996ce47740d1d9e436096a6a0620e8499a28b9e2f7b8cad1,Win64,0.9629443,0.9741814,0.9465723
a5b40c859b3f163a01d16547a2d8847f46549aee0765b3de2b48f778f1e8a864,Win32,0.25105065,0.15904938,0.07048072
ce0093b5ffb6f44fe702c2021084db4bbd513d6bade75f6c7bb2b0072d30a123,Win32,0.84360176,0.9015869,0.87185043
d16a9ab9ca65674d6bcf953362fde467d18da0139dda1ea92be860b050e5ff34,Win32,0.19179428,0.10744108,0.08785903
d25b163725eb368d6024542932bf5dffea0b4f2a9443f7c2628a8fa5c403110e,Win32,0.061523687,0.067068964,0.06656223
e3c6904b727ecfe7864ea014f093f3a755579d7791c450d6f3cdbc798d1ea307,Win32,0.8367489,0.8786084,0.39876407
eebea75c3f1709b1b553532240fbfe47cb3829956f53b6d5fee5e906eb5f29aa,Win32,0.15925337,0.15847115,0.07800928
f5dfa92d3181f173fd2c0ecdcfb9ce77c9eadb2101b353533fbdcf6b716ff074,Win64,0.9377241,0.88981575,0.79087555
0523a2bd2ec39a74b1c99271a6afe969381cb58e8f6f882dfabe2de8cf12921c,Win32,0.07423896,0.052266773,0.06575083
0c2134043d6f1ea1d88842bc140f25c48c9121681700380c7e0da3d05051b021,Win32,0.11850143,0.07805972,0.066250086
18710932b11aa6851300ca865f9060f7e55105d13b20bc5b2bb27c99d07406f0,Win32,0.28199863,0.625443,0.62094426
1a33f41fb9b888119331e85928d654e705fe8bebce7eb06cfbfa09021591119b,Win32,0.3069393,0.3181996,0.09818449
209e2161ef65eefc555c558d61a2c80c87fc34c3fe5dc34600456a051f5f0640,Win32,0.16846907,0.09985602,0.087934405
20a962c975b4bc43086c8fcb41d1417a15b134b6f15626c2b159c2dd31f8e470,Win64,0.30412608,0.23537579,0.17076403
2388745d1599cde147d959de40b4456320f0000a7803ecbbdea7fc5d15663562,Win32,0.43344703,0.5929529,0.37597874
26986d53f26d73a9e6ae3df637ac310419a1aeb334638891ff03b117579082f0,Win64,0.806975,0.43941283,0.34857497
27ed09b6bbce8c6306640adf76d6dd1f3b97c406915d72b215165fe1c5615ac7,Win32,0.39572877,0.26984435,0.3809228
2879f28a7e4445ecfb50b09429aa7a3cba889528ff83db5506e8bd6387142563,Win32,0.035897456,0.019678364,0.06279304
2a53c5b9378c80126a4556109f68961db70bd15d8641835447bc336c17ea003c,Win64,0.058358666,0.028817812,0.06816207
2af6b1dcdf1a361675e9f9c4179dcc7224b3e221043da8123bf3c3a163e9bfd5,Win32,0.05395577,0.021779682,0.022125892
2dfae17445e50c5cbf058acb064e28a46baca0a8156ce19cedc77a2d2efaa2c5,Win64,0.01898679,0.0023498232,0.01583597
2e2823603f6e59a353bec4dc30dfd7e434aa704734cff7c6a1aee377040b25fc,Win64,0.91526973,0.65268636,0.66547513
2e7964a353a93155e8f6b3b56eef3f772fadcd74d66d02546f3d774de36734b3,Win32,0.733517,0.7278332,0.5253379
310e4105f1901742c3bf53cf99d8951e62bd4278d018d146b756919ce86aadb1,Win32,0.15228358,0.10279488,0.18215357
3260c1e806429a61577901fcdf070a19d150730fbfc12c626279fd032d1b0d30,Win32,0.22227347,0.29404914,0.43941718
3ac61f7671207c10bf29cbc8e59dddea28e7b8716ca7292413f8fad8d340b9fb,Win32,0.7155094,0.8967839,0.39858112
3d926f939fc5080977912866e28430b2dc73a532d418b4c3e0476e1c62caad5d,Win64,0.66283804,0.2614136,0.34220693
3e7ae6e59d54bc0f079ddf13cf4fd34a550e57b1789273c5dce369edd7823b85,Win64,0.65370715,0.6818357,0.5575459
3fcbde0919ae24a19f5ffd028011466691cd367e16dbc71544f980dd601f95c1,Win32,0.17542298,0.11469061,0.07440626
46a6192eed066d294935df1f0d1f37bb22eb4210dd5301ecd0a1180542029382,Win64,0.78306866,0.43941283,0.34936526
55a70c1bb8ce3ce46077a0c6623ee4c44d84070b30d70d871db07f28a5ab6f03,Win64,0.40878785,0.07319826,0.024436016
647246ad315d2ee6f871efed19e46565807e6956e34120569e0d5fd81982b356,Win64,0.85139126,0.37698168,0.3469677
7a21980babea7973bd41e587b04c12ff7c3507907eeb612de7674bb928e2c320,Win64,0.4934538,0.64283305,0.52554446
905202bc652f8c3eb1c71db5ecbd0d4504d65c9c2cf1758f5d394dfda8fd46ec,Win32,0.86551607,0.9359455,0.39631683
915079f04aaf66d1a076b2b513570d72ca8a9c745eeb61e4fcfc3bb749ac7a66,Win64,0.088152416,0.0878521,0.025602523
9505d9c4f828befb7fb6833d38a28b69492408dbdd4bd25412cbefe627357af8,Win64,0.06998242,0.37750465,0.58171034
9ee70c8f4a18ef95f87155f6b8958cd95c7dec025713c4808fe96c66d02bb7ec,Win32,0.83508337,0.4033852,0.37485623
a668d363b4250cafb9dd5102d0b871189a4bf35c312f26f1ea250514084cde3a,Win64,0.037132617,0.043491326,0.042510472
af46fe814c20abd44917a0ec75ddcd18c67c7e90d0dc483df46b96e2defb9db1,Win32,0.06982396,0.0054657194,0.08147781
b72d5cf932ae3f456a66ec66dff7799a2ac557e6d26b6f0b7c6809d95222b366,Dot_Net,0.2398703,0.54876,0.117556565
bdde0b81dc9c114f990794d6f5d5fa9a197d1021f5979d8a40ba524dbdbacbb5,Win64,0.1581367,0.16394469,0.1475318
c0a2cbc841633a41717f0c3498966ac1ddab22cfd638eb4e48c152d8e7f1f54e,Win64,0.66283804,0.2614136,0.34220693
d601141552644fcbdde5f1a645836172d696517bf05cae254248757f354cc22a,Win32,0.13447692,0.05628008,0.3337937
df055da8448adc373956bcd0da7f24d9a9b063e78cb1366c8b4f21fbb7cea8e9,Win32,0.5985704,0.44800383,0.4615249
e6de11062b276e3a3c66121d9deea248cde61ea076ef043ecbf08a899910ee84,Dot_Net,0.718739,0.9137069,0.027660526
e9925958c696748737292ae4cf8d1fe71d7cc17b2249cfa51c25f962a212b464,Win64,0.088245064,0.08617192,0.05500287
e99d78a7e129ec7a2ef5ac678e6665558149e8309f4a97fb43c05b436a0fd61c,Win64,0.6311272,0.63671064,0.5280173
feb996301acf2a5b183f3ccbe61dfa067856fd73f672021c2004bebbe738afbd,Dot_Net,0.11395956,0.11694924,0.047196776
12391d03618e9bf2379a488c61ea0352eafa023667bf4a2a7a9d1e11fd0fc7e3,Win32,0.21087535,0.086287305,0.06731899
284eadaf3fa3de3f25c365b09102a00c568fb98821db5534528dfcd9c7969492,Win64,0.033112843,0.041177724,0.0635317
333a8bf348c373606036cc66150ec0e081cc5dea509dc56327371711ace7f5dd,Win32,0.18651971,0.10593345,0.09752477
33929fd21ddd60082a51ce6febaabe98bab58a3b615012284fc290edca62b813,Win64,0.20618105,0.4075255,0.54730153
45e164b0d55a85d572066a4e69a64413c1372e976568cb10bb885cd10d75b4a8,Win32,0.30325475,0.30367485,0.3884305
51b0e9e666d1a4658b003ad015e1d3650f68bd4b798cbca488a5d887d707af5e,Win64,0.6403917,0.47403485,0.64630115
532cdd2dcd376252fabcd00657d532645017beceee4b6eb2dff5cc616f262a53,Win64,0.92455065,0.6401191,0.66980845
63272cb5c9bbe9bdb6201b473845fc00ab3d3a6f3b0dba7d9806a25f0a8f147e,Win64,0.6358653,0.50781846,0.6248049
640a8fd77733b4afd59aa1958624f1d9bc970bd8fa871a43c1dfa877132c5aff,Win32,0.19681217,0.0553434,0.06457808
8329303aff8218f92be18890c94f28c558ecda285c5cc8f46d75fea3ccd7a2e8,Win32,0.86014354,0.44383568,0.37471932
a1af62c4cae7eb01939beb0adb4adc83296d85a49462b399d14cf814d50627d3,Win32,0.5985704,0.44800383,0.46150285
a96fe50184b75b256ad57832aa624d3b6863a227bdb42f1aacffc321a6485b76,Win32,0.03712003,0.0414427,0.05154741
b90c0d48d373728d0c6c2dbe876cbcb0ecf71f025ba5779309032b27e1671e18,Win64,0.49306676,0.48496756,0.142782
cdc0fb29da798b96a2913cb9b652c948fdf17eddce7027a23bc9915bffa4e5af,Win32,0.21873672,0.060960334,0.065697014
d3b3efafb5ca3fe6708819ec922b7f01fe559a467ff9e7fc0f71e6f345b0db84,Win64,0.29690012,0.20409666,0.0893346
e5b7835b3f1c400b39bf74f647b79e959291939a5f8c031ab44d8dfab16a6c9a,Win64,0.23731318,0.20409666,0.08866266
efb5fa047697f73f7c93a3b27e17856e188b6d6c87b9552732241e9dffdf3bcc,Win32,0.18499872,0.12743106,0.09947706
f3186b78e7aeb21a91e3e26672c4e337c8cc78f207e2f883a31d06abe127586e,Win64,0.25836968,0.23537579,0.17035864
fd56a8e51b24bb158978752811315529aed8d40aed39394bdad0aba01fbbed0e,Win32,0.4041805,0.2735782,0.23860501
07fa230f87f124df341195f323822a280940541850a4d665b6be8e5a0812ca98,Win32,0.41722807,0.3631859,0.46329305
0a933fff8e5d32ac7b87edd9f5f8849d2df06e2443931db621d76f1606468ba0,Win32,0.21517733,0.06553239,0.069683656
0b90595485d86cf39e3a2caedff562f29cd90a6ea1735c5cee6c2e60eb89a827,Win32,0.22545232,0.04015118,0.07195972
0c5cc73e5b61c48ee3f961ea0b3a3f2ad4da03aec6dc5d41383c9e0e9e6c6b15,Win32,0.20574136,0.043160733,0.06637746
0fc4a3038430b5b4585e9775c5cf3d88ba5ea7a1fb26002887eb19b0ebcacf30,Win64,0.6403917,0.47403485,0.64631945
10318c19d6bbc7286b948301d8eae9bb3af4433e8b016817f4bcca524de4ed32,Win32,0.5327439,0.6567201,0.51732093
11550f1813c0f4f4bd7a74cfffb25324c3a60cd9f025af5717b53ea8c2d53df0,Win32,0.18975179,0.119437926,0.097054124
11bef3891d2910b92adb88ca41ef3e7dbe8cd29d8ab72109941382db261b8be5,Win64,0.62324595,0.5778658,0.61901754
1802814af2c0d1aff1b862f0b5703e14feeb91605311a99dd0adfa5e476a5b12,Win32,0.23331891,0.24611464,0.099205524
183c6aa694124103e3896ee7b71175f4a81d9533218617cb80d60d9307b53c90,Win32,0.1380156,0.058607757,0.1915995
26f8e1ac12713afd437fcb5e1b1d402cfc8d0bcdd664d9160ced2f68d9a24d0f,Win64,0.033112843,0.041177724,0.063532054
2ae446e179f0e5abc4e00e3914ae70800e2e10809f7a49cb386ae068db8daa83,Win32,0.03712003,0.0414427,0.05154741
3803bc844a4565b035931e5bf86c9bebd5d0e56fb2610d2bc4936b4c0eaaf664,Win64,0.43136817,0.1685486,0.16000672
386b3b512ad496b0b62c4258af9ae44431f869c2c398a0eb20b5f18f7a082842,Win32,0.2794536,0.1433878,0.08328562
3c3546bc5ce7f630b9b7e20f9a6f415a1e40d1f4b65f9478b0c681fbf2896c92,Win32,0.44407505,0.29963347,0.4390052
4ce56d0ea98f33a1db5fe21cd703d5952f0992c44bc006e2f1120409415c1ef9,Win32,0.4424258,0.4061671,0.37582055
4d4e969dcd90478d0d6af1d0d8681389e070d02f55c6ee707dc1d3d5fc891ece,Win32,0.2212427,0.061966307,0.072233655
4e270c43445ca3bbd41a8ac04850fc5c4bee65af18b1fdb4489bcf710be69343,Win64,0.92555094,0.6401191,0.6708857
547d7da5c9b05a164595891912b893ebbad341081e8abf7cfd52235a0e8d3123,Win32,0.15967007,0.18496554,0.13654974
5be7367442e27e8170ae3dd57c8f781e3fb22b810517b662d66808e1184490d1,Win64,0.3083364,0.028817812,0.06809298
5e2027f1e7b9c384239f286df01a64a83fc2930571d3a732c76bd2155a993fc0,Win32,0.41722807,0.3631859,0.46329305
6fcdc775a417b0065ce6e8132684d6eddd4d79f3cd2314d49aab01b843c03e1d,Win32,0.21924612,0.10139399,0.087741256
77b56500f68bd910ff56dbd449b7fd5de2352da6f4267aa69dfe491ef88ca4a7,Win32,0.72314334,0.85773414,0.39980775
79d6e01af7ba0a35b8d554341ae8f79c55db3dd8d8ecc3f5874e3c64f2cbcf60,Win32,0.7277788,0.65074086,0.52620286
7b7678a42cf49d7d1f9313fecccedc85cf1f31587772f5dff0d6344d3f20510e,Win32,0.03712003,0.0414427,0.05154741
89f8f59fa07c5c1c99f2e56a60d9a9f41279f14753c236e7ef5df08da0a373e3,Win32,0.213737,0.051443357,0.06564415
97b8209a7e39ca7bcd256abb70903b4415f8c2e56ef6de0bd1edf8d55f2008ab,Win64,0.33422476,0.06362302,0.06175111
983cc3baaf33c3369132609392c1a2c8d23321e90cc0afb57468311c7bc54124,Win32,0.26282942,0.17728154,0.07797149
99920e6036a008f13bacf08125ae1a6b85856012c1e58a705bb4151cc2a06d76,Dot_Net,0.5158157,0.8178334,0.3209092
9bbe903adb2230c40a1da4e07bf6d96f59b5fc9baeb8ad1f1b494fdb9df05134,Win64,0.9528972,0.9382874,0.92051935
9be2cadeec260ff0c4975b9db3129b3167b99af06fb4b900d36ee70c6b9704fe,Win32,0.05199578,0.016254693,0.053816594
a00dec985ad3d76863232dadcb77a8dc79fe32b81c01175e8de89db3acd3a3c8,Win32,0.6641579,0.6567201,0.51733357
a02414d1a315036b63ef1e986105701482b3d87b9afc2bff51cfcc7871c2ea21,Win32,0.21584907,0.10936992,0.09018417
a1f1915e33ab4522cef174a12165a3db547e50bcc18efcb55f5cd0cfd777b0bb,Win32,0.19681217,0.0553434,0.06455808
a4c38218a9b470914bee94554f6a561f734b5ee899bb845aad0abade603b0f63,Win32,0.52116716,0.67023605,0.5173145
a5b084f15bb6ddf203ff1aa79d533688ef91f43052428db1a120dad8963d3e01,Win32,0.4124019,0.4061671,0.3757946
ce31ff1a34b7387f7f68451ced4fc3e7548a278a004c23b7aa8295cab29db261,Win32,0.5843226,0.6077162,0.6189871
d46aff5783815f089cfcebea5be0446535c044ce06508887d1c6a50f92be960c,Win32,0.03712003,0.0414427,0.05154741
d48ea31242bbe08792490d7d064b541fd3d2b9d38b1a40e0ffb599a6abdb0b4c,Win32,0.7836515,0.7346238,0.60817385
d4a41bbfef1b71e6a04c23989f14eff64b3d4d41dd5911e1f75741069c4bc5dc,Win64,0.038753383,0.039596975,0.05522865
df9d459856b2e72fca8ff65d6731a0452fd326cd05ec3f3c8bcfead73b46dcc5,Win32,0.2754424,0.041384436,0.06572777
dfc50a15ada28581da1d5c1e3e58891b14a0c54f413034439cd623d3888e6ae1,Win32,0.41520786,0.67023605,0.51728684
e1b656b6ec6c9007602c1a87a84e850eb344149d0612dc63f29191bdbfcba556,Win64,0.4074781,0.5508784,0.62114763
ebf0508ddf812f115dabaaa4d3dbc72ad6d84da88c1d5004b95ee53cb00d0ff0,Win32,0.03712003,0.0414427,0.05154741
ed4940070a2199ff54ccfc21cc3f88a26efc1466aa1bff7c7b6703a1f0fa9227,Win32,0.31012917,0.37305623,0.3880564
f1ed51a83b8b46382ecb986d86db83d7610cdc86cb3f6db364c2539c5f5d1f71,Win64,0.733517,0.7278332,0.5253379
f2003f08f702c94094c6377e2a44389b2ec85c9504cf237c1d369e2beef511a0,Win32,0.23541439,0.11899256,0.085848324
f267d713866d54217158ab1b2b7c240e366fd9bfd12e4cfceeadfa867d18542e,Win32,0.41722807,0.3631859,0.46329305
f87fd542bb025283e84b27aeec07be8dc7eb76f528966a9d08861019369acbd9,Win32,0.03712003,0.0414427,0.05154741
f9f30e7047da4a731c1512b3f080057343556d5abfe3c1e897ff66d7a88c1017,Win32,0.8795218,0.44383568,0.37476778
fda72675e98719f84301463629ce097f59bb373dd515ef4f32dafd47c2b8eb19,Win64,0.2042917,0.4075255,0.54711807
fe5c401813c963e0e5e4221817ff14a8766393c2fc72e270891c44e103707351,Win32,0.41722807,0.3631859,0.46329305
01a3b67220f6797e3c87bec28599010f03bbc8e1c30ed8635d8baa3be9ebf71c,Win32,0.21446861,0.07721398,0.067435615
01d034fb6029e78e009d3342d3f2757358bdad7deb9dfd830a94617dd16d4fe0,Win32,0.20007002,0.038914185,0.06572479
033c8ff2ab171e053cd2bc184477e95df02819012c0310fd5393c838da85cc11,Win32,0.44286466,0.39913434,0.21228898
0372e07f89e67fb20f18395f61f23bdc97f0f84c2ee4c79475cf4ed9931edeed,Win32,0.22155932,0.06153696,0.069711626
03b8011e07f610e5bbf8ecfa8a196cb54abac34796bbb7f3d0fa12481e37f264,Win32,0.22405979,0.04015118,0.07198212
07a37c4a8c3fb64f5a7e1fa333042720261fe07f5bc61cbe50ed69062aa546a1,Win32,0.23425749,0.10767658,0.08763656
083a01b44f9a095f28e77e21aeb5cc81a5cbdb771f85574eb5d0a7b167ad2ab7,Win64,0.733517,0.7278332,0.5253379
09ad1819f6cef5c46dea599f5e39da3439a359b6906e02a3ed5e26049246ee73,Win32,0.16695789,0.15650105,0.13671139
10bfe9bd8ce84acef945eb75efbb04c10cbce4b543231ebd0999090ff0b75801,Win32,0.23541999,0.06353644,0.07801776
1107636189031cf7be8529f4223356ddf48b2caded0aba8fb2ca5d43e28d2e98,Win32,0.31604794,0.29963347,0.43917218
13cc279eb70d103b98beb6f250135f01848915661502dab7064c6e2381a3c5d0,Win32,0.17980982,0.104368225,0.099155806
140f40810ee2a8d857b5d4145383ecb49f5fe1bf83385b0058bbffc6a402cdf0,Win32,0.07000448,0.21181762,0.43277937
14ef436e3be8b767a9f37e3ae8682b786804a6eb22bad0bc7a5a5f36a35409cf,Win64,0.6787397,0.6360044,0.52780443
176a6419e6520bd136c20561345c91236d99c0a2047de527aac1cabd206d2c7c,Win32,0.3488643,0.29963347,0.43900466
1773b55414e46cb3482897c6061d5900e917cf84ad39d6ea9bc0f164459eefca,Win32,0.19553904,0.05003724,0.064610854
194c286ec51657d9a26df9ebde972c22d1ba7d7415bf9dbea8a967e3376656f4,Win64,0.036725827,0.040887564,0.061916858
1d90179aaa85baf7b90a8700dcf85a9e978b38ed52e2ebcbe3dc170964c1b52f,Win32,0.088245064,0.08617192,0.055007473
227ffd550bde630b52b1266170e7ac5688dba90b224da5238716f77a692473ef,Win64,0.7146019,0.76593477,0.5802878
242ca06caa927c61a94c03f2379a41ab99559c032e098637054460efaa23359b,Win32,0.7550339,0.8479414,0.40000227
29114e4883fe71f4bdca135fbd3abed562b423080dafc7e9cc2f680f69391cd5,Win32,0.41899058,0.42073536,0.061137218
29aa5178c52de7231e19e98a2e74bdf8338c1aa1fd7d0237802b2d3aaa564267,Win32,0.2122778,0.06558065,0.06672626
2df95c2286d19af7165f77a13bfcd619c5dcd367ede910d5ae663e12bb7ba3e9,Win32,0.03712003,0.0414427,0.05154741
2ebe2ea40938f58ec6d09a9cc381d17a064e49915b7e0f3a663c3cd049581864,Win32,0.18091728,0.10593345,0.096497945
36fc4d035f18071766fbe80cad51418293fb50db9e173562203876ca89121602,Win32,0.17362088,0.016766904,0.06285466
3d638a8fda81ed79409ca3aa0a2d2d1fcc7ca28f845ab92ed51f942d8d2a8af0,Win64,0.5732403,0.29104483,0.11361112
450fe0ec0c8c7b0cfe44da1c4095b46958bde7eed19d1e7e8eb35dc43d417b84,Win32,0.22618414,0.06598524,0.07222407
4649ee1327a33556ad708683afcbcf343d14f6a2fde286ff6cfd357111e24f7f,Win32,0.10586524,0.08617192,0.054945596
488465741e320d7c6ac22fc60e83ec1453398801f67f965e018d79e48ed62219,Win32,0.23109257,0.09502423,0.08601789
514154b48a28aa9ff4e2d645395ada6b42444944a271f21849697f128ebc73f5,Win64,0.78287566,0.73121786,0.54271567
52395f2957c79382a57ba6a679469023cb52ad710cb58e3c7e77adcae4ae5bcd,Win32,0.35934135,0.39913434,0.21208566
5480e3f18605919da17b3a22d38099e6e72df5a1e08f397798c36c61c9e4845c,Win64,0.17285919,0.171226,0.17533554
55cabdc9e45c7346b94a112c85125fab822a0777fd63173138540a61b39efa3d,Win64,0.62324595,0.5778658,0.6191221
69636d64ffa7379d3c56cc9d2b8b3938040d75ae970d4dc3a64633a0f0032ce1,Win64,0.6599171,0.5578478,0.7327629
6a3095d572991c4943f7a27dff4798d3b5286280115f7fab77a0a472ca0abdd9,Win32,0.48139605,0.046211403,0.07804546
738f68f4d2611df6cc771981ca2abecf4d56e032b78f7529ad9f3747d3a6ed84,Win64,0.602574,0.65074086,0.526268
7d01cc3e92032bbbe2f4491dea1dccece91e30a3abf40452d323df6efb3c20a7,Win32,0.05696636,0.13398187,0.36173517
7db5ed983861518096711b14d2bd8dd058781ef5ba9b18eb706986eb4673ab05,Win32,0.12969474,0.24858908,0.20137757
84249685a114f18a211ad9179bebdf7f60a5356a1a4c524943cc99a92070237a,Win32,0.59572965,0.60017544,0.59160537
8631ad1f873caef36d1d7b54d4cdeb7cda5c5280b2ff4a3dc50cfda4be931a0c,Win64,0.03712003,0.0414427,0.05154741
8cd6f2e868ad382bf8aeeba5342b697bb6be5578038a64dccdbf11d3f13f2d69,Win64,0.620456,0.85892475,0.79971933
92c7a49c939fb6e72e91ad1f6c9332ec8e7b94928a0eb2590441cc3334d3cf0d,Dot_Net,0.2275722,0.2961945,0.3046871
97f148fbe3ac5e1978c08d2ca8ed70953baad323a5fd442d8431438d5ac9257a,Win64,0.55021375,0.7705113,0.60783285
a32ec757d449ccdcb36311e32559c092c97a85eaeac5343bbfb8988513f0850c,Win32,0.10640748,0.08617192,0.05490285
acca5ec5b7053cc6c1b0daf18aa590c37d8f07a238ce8b69eb339d5aabcc9706,Win32,0.7589883,0.85773414,0.39995354
b4eb8f594e339b8730b0dea01a9529cad9c016636fe228644348293409bc10cc,Win32,0.44186047,0.035466094,0.07230403
b7886a177512819cf86348fbe6791b0152f4cd989f7a77e5e9b2048e5e5c0272,Win32,0.5118963,0.4540172,0.39221966
baf9df8b0632a0ab28015d73f815bae6e85124c287a48f51979854b66e4db945,Win32,0.001164156,0.002281674,0.002239808
cbdfe04b8f754e5e6150936ee604f0a478b79c6d0466ee155775ead575adea90,Dot_Net,0.17622338,0.06382829,0.19661053
cd705b1735101a6bcf62e6d02c894f17bc723aa4dd7d950ee45f8ea6af9cfc0f,Win32,0.39048728,0.29963347,0.43905902
dc8b64f5978f28cfb9e6508dab31d1b188f9aa5b56b77e36235d279448d2817b,Win64,0.050475262,0.074673615,0.052848484
e1bd0809b6f57f1fc58480a0cf3a400f53075adfaac18237d709617235c8230e,Win32,0.037132617,0.043491326,0.042510472
f0c31e5090b1cb87e95699d2f3accde2d61a7a68f071de486efb28a1694dbc6d,Win64,0.92555094,0.6401191,0.6703221
f3cdf9293bb4830e9c6468a2aa89574efa78b041a02e1bc38c0e54c917769e96,Win64,0.9071814,0.8378292,0.7262575
fad1bf61d38d750f341cdc09174af3c2d4368b19db62171bc5d7be6401eb8c00,Win64,0.28966552,0.4689263,0.33731547
fd60cfb9a217fe06eaa82a982485fd053d5586268544baa8f129288ee578a503,Win32,0.6262508,0.766062,0.66587573
ff8a98db815737fcbe238786e516e1052ae06fe99c54994ba454fd565f2eaafe,Win32,0.0755287,0.083542354,0.056468807
048bbae4f646286d577895708a2c4f44e15f5e8b45205a4079f75f1b4628652f,Win32,0.20134087,0.031560004,0.06572843
065bb245fee50ff5931610737df5c54283e31f9731ce58684963f61233259f22,Win32,0.22389376,0.05895831,0.07186084
06fb5837088b58d221ecf25e8b32063af4b681b8cdf3f26f58fc16d7ac2a61af,Win32,0.2652264,0.096801236,0.17507733
0ad92970483494bd1d0f00b00f660a0ff2973d2ace55532022a8ddaf573e1d64,Win32,0.18091728,0.10593345,0.09690407
0ec97018ecb9460c4b04b988459701e39a9c8d56b38403ea31d384f319dbede2,Win32,0.5721244,0.6567201,0.51724225
1be72211cdd8c1d78ccdcd048341adf2e2d6a8c7da83e8f7ffcac8e88410839c,Win32,0.15844691,0.08513727,0.18201967
1cce1d1ce6f2053780b575436614336770284fe945a753922dd200b0d0cfaae9,Win32,0.45392838,0.29963347,0.43911475
1dcf16871022ae277768945a14f5ec6bcc2b089ad496c1f5a105ae714ad7896f,Win32,0.06071335,0.080294944,0.053137217
20789e5d6feda9c0d7ed9239ef91d5b0fc33fd38d51a61e4640ac821d69670c1,Win32,0.2309352,0.065832675,0.07803778
24d77b297c870a023f5f1531ac63525e7b3617c7cd546e55424f5daef512832b,Win32,0.2169073,0.054446097,0.06972279
268fd32df666c30b4a7eb8f7867d168527e11b6087585ab3c3616211ec02c20f,Win32,0.6777742,0.63632613,0.54269004
2a4733a1f252326a07871ce27652eb746edfae556df3cd04f711ed0eb0ac7df1,Win64,0.91926974,0.65268636,0.6660257
2bf47f20c8813ec3a50b0c8fd7f218a43ad4538d4101313751a0d3fcd7ab8062,Win32,0.19553904,0.05003724,0.064521536
3018ce19644ce883c8dc2f0c3dc5d2fd393ff4d19df53957aeea897c25222e3e,Win32,0.20626949,0.06854029,0.06733566
303c5f763817e677564f878d8f2d0ccaf2feffe34464a0d7d11ed4c2b16a44f8,Win32,0.18116339,0.11313901,0.099330775
336decf919bc941ce86781eef3776e0841a0569dba387f8694474d40794363bb,Win32,0.17362088,0.016766904,0.06280755
382a2a9097f2fa1b7c23a5fef8882b277da9d9f5a546fe7c3e1721d12c158def,Win32,0.23425749,0.10767658,0.08587919
4135e6898365b41ce0e6c20e8fe9cefeb2918a38d1bb60dc20efe21723781202,Win32,0.3928382,0.33197618,0.4374982
426ac04e0fef596157769344a82c08e39ffe5a9ec7e8e47428273b2b882556eb,Win32,0.16675945,0.13641939,0.13669786
4559dd6d5b9d533be6d9144f72cbf42ef8bae228c8aaabb0aa64bd53967ec8a2,Win32,0.037132617,0.043491326,0.042510472
47bbd668683ce4362899590f022bcd14e3a49e34332f775bde7c1690bcf44464,Win32,0.20329174,0.031560004,0.065855406
48781277b91d75f13e7d05e40d048330dcb1220d1f307d75d0426383adc09ada,Win32,0.45462173,0.33197618,0.4374398
49f615f524df0ba5599d864d59b887c178a3a68729821c64623936da2f0a5683,Win64,0.39227724,0.33556816,0.0730457
559559d845b292b0c76efcd0e9ec2eee9a95b057dba1d87f333001967e7ce897,Win32,0.21811597,0.040854637,0.07100888
62e4962ee7376e89954b1351e5833ade6c156deef7cf44cf9fc3ad20b395175f,Win32,0.22055934,0.05697194,0.072270684
667c8c68b4de0b26ac4334f5fce2d857108d191613529ae8660ba0478c3b86ca,Win32,0.061923686,0.22996289,0.43216184
6d8ba587f1c7a1f1e54b1b0916013652016456e1260bf4fa7592d20a40641c40,Win64,0.109133855,0.075785555,0.07291607
75b2ae91b0b6d488e9b244084d9c1ea5981f989aeb652c077eaa397c491f4fb1,Win32,0.7938424,0.65753365,0.49893638
8d1c9e785ee2351b049fa0f4c08d3a596ae4aa809066bd5358e742ed690a8be2,Win32,0.03712003,0.0414427,0.05154741
97652cf9341e494bc9ed3b8db99f23447017c06782357abdea17e0a67e317b2a,Win32,0.03712003,0.0414427,0.05154741
a0cb046feb0945bca41cab4a5365d5d054077d8f23b6600fad936d6404f8cd8f,Win32,0.74860626,0.8479414,0.40014058
a4b976d2f863911c09d191fea08090b88eb4667c52c5c7474ae7ff2b16307722,Win32,0.1800529,0.1869422,0.035795756
b67ca4bb083811b3d960d4a1d8379f5018c7a9d254163ea157bd27cc7bca73c8,Win32,0.3283676,0.29963347,0.43902728
d8019d6a715b48ed0474a79e27e1c48f05b252008bf784ba56fc7094edf09d35,Win64,0.6700691,0.5778658,0.6208552
dc4d88f2f2028924c595687c9996a5923b160edc21e757891b3e9d0bc44ee330,Win32,0.74643296,0.66802603,0.79260945
e547334a28b9aa9e9fbbec9a9c7b2fb658605290c43def16efcb1cb2f79250a6,Win32,0.35525784,0.3148993,0.37593618
e979e9d2d825e7c569350ebb17f2508e49bbd91fc1f6f9f098b1adf94d5f22c5,Win64,0.23915465,0.15930133,0.17078982
e9e3581db1aae002899c7e7db2b53176369341acda9b67459513fb2850ff16d3,Win32,0.32764858,0.11499907,0.089827515
ebf824db8f229fd7304ab78b182b365304d1faa9d3dc3adf03233057446f0ad1,Win32,0.27550972,0.041384436,0.06566
f6ae4d6ab18a99cd0ab7e7c5e8ae6399157be870fb50ad350fb5a61ab7636d86,Win64,0.7024375,0.7540565,0.65251386
f950702e60b5fbbe9626c6c7823a5bae0b184ced8002c73b44e9aa1191334ea5,Win64,0.733517,0.7278332,0.5253379
0054c8788a6693a743ddd5c76c361d8007060c641f399974411e75e2d2e73d62,Win32,0.8433509,0.79413766,0.77505237
053e50a86e448d96fbd5a5e88be207e5b8727ef694565d403f87796aedbb27d8,Win32,0.18533792,0.07275216,0.09864576
05581f5bbe679eb9e3c5dce72e0a7933ea28e3e9135ce2c7663f53d2d864202e,Win32,0.23053248,0.07613466,0.07791094
0718da2cd809bdc2f20d8af45638be0d55970f8808da4d5c5073dda7fdf47c52,Win64,0.9151364,0.65268636,0.6651634
072f99ead6a61394f0a36a215f1923da9d136bf5e13523e872acc8494877bab6,Win32,0.16369088,0.13209632,0.0885022
082382219a593fb4be8780380c5455c5c72ba6e471fd2237262dfc5de9a60d04,Win32,0.21427464,0.0702152,0.067351446
082d1d61ee3a4a6031906febc07508c93eb37992fe5ea137697d58395ec35c9a,Win32,0.18223134,0.09765973,0.09648857
111b5e8eefb6dffa76daa7cbe0f2bcb2b289b1bc2f0b2f901ad3856bf62ee79a,Win64,0.48027554,0.33654386,0.072125845
1211c466caacff53db95c3f0f48a08306c686b2a28f9cb086beef6b2bcdebab7,Win32,0.6472233,0.73226607,0.37544683
1ddbabcda5cfb286dcb1b2995bcaaedc0482c34b4693c52bb9753b848b6df71d,Win32,0.23056212,0.054966584,0.072154276
1e57334866a34dcf6cf76a5cb7b41c50e3350ebb0f951a6118b470ee2f26d3c3,Win32,0.19553904,0.04741043,0.064491704
1f8213145e566098fc8432f85291db775c200e3ffa4429884fe5f157ced8c45f,Win32,0.10109128,0.006692163,0.02541918
1f9221a853f190a8ef37cc6bf07ded3b6716f574ddb982038a04a8ec6f02f421,Win32,0.2721569,0.19682096,0.102946684
2185a16e88ab44e0250fceb764cc7efabfa07c75eb5833968dea894613d40e9c,Win64,0.8841537,0.6298074,0.63301194
274bc8654566fd4daaae9678c762ef7c9b7bb1fe0158153f3a37259e951ac797,Win32,0.17994784,0.017058687,0.06283864
2b9c7d3a34711a2ad679bdd86763bbeb33a44183cd1ede356a3dbef99d6ede5f,Win32,0.6087795,0.43364558,0.37568688
2bfa652e31d5016203ce693c04fcfcf0c117dabbdf401b6fe3b531dfaf116e28,Win32,0.23325722,0.09499247,0.08698955
2cff966ff42c67ddf2348c613f047b4285937971a1ca63bba1320b18c6161e7b,Win32,0.58448714,0.48604798,0.6381428
2d8ce6880fb20c6f2108496570875b537cb7c7993a599fac8895a95bb8f9df9e,Win32,0.6764018,0.4692654,0.3751175
2fecafa726bd4bf0ec05256ce08c859ced662d3d81812d2776b3820df7c88317,Win32,0.21855849,0.05305011,0.07089861
34daf9c93d8a9c9b04adb5b83f9b8347178b50879dbcaacf272dd4b6b316b99b,Win32,0.2169073,0.054446097,0.06969355
353895eb1b0f97c96fd5747d52126281ac4400f69d91123c3939a5b8ef6c85f2,Win32,0.7250517,0.85773414,0.39996058
373672db55382d59253ac152dd92696971c2b44cb37d2509fa68fd0bcae3607d,Win64,0.6437441,0.6293916,0.5293435
387742cf000ce9e7d295aec526733685ebd2c69b95ade2a45841080695dacba6,Win32,0.20573653,0.04100758,0.06564209
3e3a41bf36324da62075e91956789484997487e7a435b852ae5e70490666e292,Win32,0.15842433,0.13641939,0.1366854
492ffd5024c4b2ae460de6ae6d13b9ecf79941b6e398ecf389bc33c062ab449e,Win32,0.15844691,0.08787453,0.18190025
49bbb64f39ced216e06b549359562fa134fdda2d373fcbed9a095cf00942f459,Win32,0.21107927,0.06745053,0.06690298
4b631e4ff7ed1b4b9e378681855c3f48e94c4285b08c5df3111e506e8a328ca0,Dot_Net,0.2952439,0.05702302,0.05822355
4b6bb0f4915572f26cf07d3a8340af1408b596e5e05477d6d39e3bdaa587dd8c,Win64,0.733517,0.7278332,0.5253379
4c0e5925ac269f0825b7c41417c1124bada3b82c5e7e0ff55278b5bfa9367e4a,Win64,0.8296833,0.7601889,0.70161444
58762b29ffd0e19f4f9d3073c029009f06eb08eecfd7844299abdd03f6b938f1,Win64,0.07293337,0.112886034,0.057627648
59cf2150ab83323c9a9be553d6b9224454b69469487fc8590a9091d81a2250dd,Win64,0.6007368,0.6382967,0.8059283
5e1a123a2b394d9f9160e7c3a99aa90c47d8f1ee35710a98dddf6649ee5a360c,Win32,0.23425749,0.10767658,0.085820936
5e6358f4f3996d0431d1d4aaae4dc1bb2d90d9a160ec9e1ff106b9e97f2cde60,Win64,0.20163114,0.023336511,0.07531175
64cae8dcc76976b53a4f910d75987bce5ee6db623d3248fcfb6523da934645cd,Win32,0.97010636,0.88023686,0.8938108
67904f8b65f6cd8cf2aea274798fe93617fc875649d952e7b728865145554c9f,Win32,0.21792123,0.06279755,0.07257458
693731b1ff6e49f698e0aee2a97ae5d7ddbbd104ddec86e0d27bbd0e52e4b0a3,Win32,0.19017126,0.09564992,0.17742826
699ea7e96825b68e9a68164e0a6f291453e401d8e2bdf352f7c138f8fd502d7f,Win32,0.8617425,0.44383568,0.37471533
737fd3383357d283d2b9d6e9e594023b44f9d3c53548ad86f6739d896dce681a,Win32,0.28868744,0.21880823,0.33781466
74575e861a8d91c76b64743e63fe5bf78efd2d3a9a830a9988181ce40522e567,Win64,0.13320088,0.171226,0.1600237
78eebcde60ac19a92dc4b1f1878e37da7fb0cbcfd75de35887e8abdd57faef38,Win32,0.2347884,0.058277592,0.07867056
7c1eca52d0e29a05b815a27b077418bf6d3e1217af59d412a2f070f61e8b8648,Dot_Net,0.18788181,0.249319,0.29960078
803513b0a6d7ea362d8a18c2bf23d3175db2889d0bc1d132b73938da73c5748d,Win64,0.8176598,0.70201975,0.18981563
887f02b89004d1c11ff3891be78cac9b5563c66bcded1e71de24ce6ea66281c1,Win32,0.3873886,0.7238581,0.43825006
8f2b83642bcb3cba0e57f3121c5072568c374afa62638f9a99c0d3b1ff351ff9,Win32,0.701573,0.6746723,0.3997554
8f3ac86cf97e98e7f37580e92c96be87416507c277eb09e24fca0a7983e383f5,Win64,0.8734237,0.7892141,0.6357272
94a1e0994d5e1d7831ead7b86d7800df119ef20464f3c706342b1507f703e132,Win32,0.38492498,0.29963347,0.4391818
a383fd24d5f9a9dfed359170ed84a347ec18aeb14304a348d2a997460b1759c3,Win32,0.2809071,0.24538046,0.22248419
b15501a367fba7c392a64d4894b6ae4b32116b37003c0764624b088f906dd0ad,Win64,0.0755287,0.083542354,0.05649131
c7073f41188a24b99f12b0b13b14f9e407848786a62bc3b212cc550adb2936a3,Win32,0.16378665,0.123108625,0.08843597
cad4c50ac2d841b6d5597633bd4a5a69b04f66a4b970644ca3edcefc68a1a212,Win32,0.75832224,0.85773414,0.4000216
d625553fe33f1158d9836a3de96f2a800fe1dacff0a395710b7028d5bea5ddd3,Win64,0.14009963,0.016915563,0.031499855
dd74724683b0a552df1967e418cfa11751e8b8ecd92add5a38616cde624459bf,Win32,0.20473681,0.04100758,0.06569872
de67d11c45c859e2898418ebe9726375699211ffe64e43d1aa3f8e869b01e876,Dot_Net,0.9972402,0.99384516,0.9838921
e45da9593dba24c3f02f6d19075c399f6a35d58ef06a95633102532a24c1b3ff,Win32,0.6577401,0.6360044,0.52775645
e7053c2cc3e5c6d66b7ef5686b43a45c9cc2695dc67b3dea4878a35b27537b5e,Win64,0.66662246,0.47403485,0.64489496
004ed0c4c3beadf297651f8f7dbfae41c8103e248f33fab9194213809e9cb7be,Win32,0.1739462,0.016975584,0.062779665
0053be564665d5f46f9a5e80e446411e02b2a128bf0f9d34d36ec4c8e9dcfe88,Win32,0.4029618,0.29963347,0.43918818
00a31c4f2fe27fa8c8942ba02003ca48e15917e1ebc6e99eb4e466a4e81afa94,Win64,0.60373366,0.6293916,0.5292694
00d5dafe33afc28764d0c2b798ebc8d4723f237e8654a403ca82b55069663bd0,Win32,0.21811597,0.040854637,0.070941254
0262718e39c9a284fee9022a3ed33fb3ceee4445a67e5fcd285a43764f61c2ec,Win32,0.45745483,0.29963347,0.43916458
04119b21dbd649e74a33e66e3da7bd2cb8d9a66496b63c37b0d79cfa80218b61,Win32,0.19782652,0.09354069,0.096743144
078ee1eb4da5596f6f0065a7857db356daf7bca3577a02d591568823d403a3fc,Win32,0.7609091,0.61451703,0.650051
090f2677f42a1e07b591ea921a01b4a892cffa32529644a669278133411b60c8,Win64,0.9812195,0.9160251,0.80177736
093825c6dbcf5b3904e770148f5a111be196e7b5d000ceb5cd162bb29aa25c3d,Win64,0.6682372,0.5778658,0.6191834
0c7c204c3d8b5dba436abc7ad290b081621a917715b2759a8af47b7949b44794,Win32,0.18049684,0.110123694,0.09888479
0c94402e0bdb0c08769ff9c0c4c4801d816b19c0533042484e9538d0d279d763,Win32,0.70308375,0.6993781,0.39986327
0d9396a6859f0f9bf7bbb0b65e2b1e6261b6fc86694ba4a104979d08ac9414dd,Win32,0.22140889,0.05037887,0.07227683
0efa18904dc4db5a98a93242ace4a880f1c15e6819193b4ff8c067e2a49c8c4a,Win32,0.95129746,0.9003284,0.9025649
11fd80caa2f6e470fef80da0e4fad24607e7d410a066eb7d08005135e6e496db,Win32,0.2018752,0.045409925,0.06551437
1545bc789eacba497cc9e8232d01e0c08826a148e09f79e8172dada3604901d8,Win32,0.22318248,0.06884874,0.06955413
1558e33ee9416b91b9e3921909aca6028befca4dd5bb8889f8484daa90a4d20a,Win64,0.9151364,0.65268636,0.6650486
167a1fb3ffdcb7bd745f5ee059058410ebcbda298d4340747ad602fdcedab155,Win32,0.23112361,0.09327454,0.08693202
189fc8c76039172febc8a66c9fc530c83277c6703550cfbcf16d71b660470592,Win32,0.75832224,0.85773414,0.40003973
19b5d563d307ee0386065ca840b802d52fb04fe820e471c23534b5b362dc82bb,Win32,0.0017776735,0.011394245,0.022251662
1c61f845bf31bdd2f11745d269e3b8bfc826bbae0a357291540fbed713ce09f2,Win32,0.70308375,0.6993781,0.39989114
1d5752004f69983488297f21b78e7cb86165ef93543a2b361d3da646945fad15,Win32,0.2305815,0.10139399,0.08570305
2014c84faf5d71a5a5cc77713e136e1ebe789565aa12ce0731a8add53bca078f,Dot_Net,0.1392302,0.07528321,0.2686325
21da7fe5053a7687fab5bcb8ea5f55839f128449f5390c751a00120fff09598f,Win64,0.733517,0.7278332,0.5253379
2363629be3b25b8159e4bff659e90b7d0918ee5768190af0d57574f569d8a555,Win32,0.20780073,0.07746557,0.067395344
236dc2e79e0827248b66c54f6e009807631cfac4e13e1c602d218837c749c078,Win32,0.19380549,0.0442896,0.06447114
27f325be33ede05815db2b0d031d38db0525a9ea0f455c18895de10fa6ae0fc9,Win32,0.21287644,0.08099944,0.06752288
285e781366fdf24299d7df2c1474c12ff2a5078d505b5b89eb3463a145a4bcce,Win64,0.17345935,0.14201194,0.06551152
29d50def852c5e1316d08dbc3e4e33c9f7d87c025af0fbbf5233d72ca1cce6e5,Win32,0.12755154,0.028517673,0.106650315
2d925507756af6ad1c1540197b657a2e6f8fb38e88129cfcd69379bbdd9e30ad,Win32,0.22470853,0.09150264,0.1566837
2ee89103364a130a49c793d283d7b95c10b03272550a0d5e9200d74b1f567459,Win32,0.15844691,0.08787453,0.18198948
395dc6fd189de88c5dc8dce8a76aca65478a6df7793960823c35ddc11d6a761a,Win32,0.59572965,0.60017544,0.59160537
39768c722ab26f7b0023299060a44a6edb6a2d231e0180d2245c06e3df47de33,Win64,0.34831285,0.08495131,0.071013734
3a647b99838e4a76dff4bce2a809d1f8f4618bd81f85ecaf823df7712b7817f9,Dot_Net,0.11395956,0.11694924,0.047196776
3e8b6a4c9d2b05dc300f7d5eefdbeade4973c1cc8be110ad8c21f583ec14a610,Win64,0.6358653,0.50781846,0.6247749
3f96178de51004dcc28b05ced3b330518109447f975b9d679e72f86a77d9eb0f,Win32,0.23186485,0.0699023,0.07780113
479b57c5f8ab0d09fe07f0891f5ba28704a6dbb672b271252b1c507bd30a7b14,Win32,0.20573653,0.04100758,0.065583624
4bc1bd934d03cccc27ad83bf3ead0934a64c31735c723d674b1e7cf7bf7991be,Win32,0.14958653,0.028517673,0.10525969
5de592443fb0ed32c5c61dba0238997013c6bb5e9d85f91a604145c668bcf098,Win32,0.037132617,0.043491326,0.042510472
5eef08e968092f5867e4daee6d9a3d160248fede539e6e9ada535feaf7490960,Win32,0.59572965,0.60017544,0.59160537
626a6932007c4dd33c9eb80d870e81a671a63362e6d6771cd2b0c9121fb55acd,Win32,0.23417015,0.10050251,0.08991015
664df76df1198583a4cfcc6809612b746415fddb11ded94bba02bfe15364bc25,Win32,0.25065893,0.29963347,0.4389095
695691d00c259fe357209683c38a94f806141ea88e37626c7fb887ec7dc7aa88,Win64,0.11741325,0.00559569,0.0008461096
712cf94fc347d5b80f59c61556b9ad1cd7d4f05edd37352adc592093d3bbdf34,Dot_Net,0.733517,0.7278332,0.5253379
7262e1b71c337ef9dc127e02cea7cef996990e32a409ea69b4de607037672c88,Win32,0.33500847,0.49769586,0.25071535
753fcdd6e2461f6f97d63708fe7bfba3382926dd4536846e0fb53e8dffafdf44,Win64,0.059496522,0.059958674,0.051976576
7750d279e9304ee78632227221c1d2498d8d8b5c741a74d27fc5968bb6ddea22,Win64,0.03712003,0.0414427,0.05154741
7fca06e656ede09a2871e153464ca0d4bb68ef3f8f726a434a98e61f00343786,Win32,0.22056825,0.06598524,0.07261653
8fb3b63f3f9d1bb62448299d27801b9b7b429b4fb61fad3cead3ee9ad0f9a524,Win32,0.12319733,0.0062776143,0.04332259
93df5e4b28f679af94aa59b4295018981728011747d87a19656b326ba820e6ea,Win32,0.41736647,0.44448122,0.5977853
95be858514d3065766d5ee16cbbbd15553060b7f1ed74253092334336fa65f1f,Win64,0.74325436,0.7345906,0.5861771
97d26881f8551369ab7d71878c3060116ba18071f9a4cd3df865b17d95084fc5,Win64,0.89554167,0.8704098,0.5720437
9f1e3f6017a2158c2f06e2084011f4548d8fde70740f16577ab6c648ab871a27,Win32,0.1560233,0.1260206,0.13669804
a28eccafc922fb0cb11768e1ac36a7b3a666454d54a2df6bd7e945e87ad6e8df,Win32,0.66391754,0.3953846,0.3751737
aa58c362ff0495513a4a2b0cd3a52d995159c09df8e5a3f120358125564b5b86,Win32,0.49022192,0.29963347,0.43911266
b272c8b5936bcde1f32b19ffdd9b2731057bddafe548be527d3c5582a4024123,Win64,0.66462356,0.47403485,0.645001
b6aedab1dd4b14b2854af0749632c65d84364607bba59d41668e3a32faae0109,Win32,0.10529188,0.0061950157,0.025403181
ba9f6eebc92420c04c69f04abf71d92759ecb0ac491ed67b8444130b4db07304,Win64,0.8911347,0.76793003,0.63805604
bf8e0991a9f21beeeccfa68c3a54a2e2292aea74013d58f8ee766ead9a6927e0,Win64,0.20431218,0.4075255,0.54764974
c831aebefaf218907d8164288a8249755c47f68b5a6dd223dcef2d150d8df396,Win64,0.6999716,0.7601889,0.7011063
cb8f04b878bfba50b9a3d0ef822d7476b9873f9ffcf7d3ef8ecde375ed547f09,Win32,0.59572965,0.60017544,0.59160537
dd67a80d1a8e2769cba1297e9b6731abef3fe1c63b779ba768862441c60a28fa,Win32,0.19243816,0.030770358,0.06454856
de831e277cd089c89df856c63d3e215c1366b327d2a6ded9a628f2cd01846c35,Win64,0.881932,0.6298074,0.63307416
df9764f2318335233dcff927b72879a8d6807700cccbd00cb0b8d237573dd19c,Win32,0.28772163,0.07130918,0.07078509
dfb9c772fde4bfd93bace4a05def2d03f32b6c0cefec02386902242a0fc270e7,Win64,0.103723265,0.083542354,0.056123313
e273bb6b8e84c776d85193d434b407c79b2c8f3c9d92269bcc9bf84a88701831,Win32,0.23400623,0.07613466,0.07844025
e77233505be5c090c197aac8f8bc2f069db6277eace2a3b9f41cc834222c09ab,Win32,0.52201575,0.14040741,0.18443517
ec3cf0b83742fccfbb31a9f26e6096b18dc7c16c71443c6010430d0cca5b775c,Win32,0.341239,0.14070526,0.3305477
f97388cbcfc50b07d92b14e17cce21b024c5dfef2393591c1db50dd2b63b3031,Win32,0.3297713,0.29963347,0.43904942
041a55c8a05c3ff0e9704b3f0d06fd9370bdcda828d516d6ee5b7dcbb7e7a08e,Win32,0.21706198,0.041943926,0.06964679
04290691f6af0835a5eba0d08bda8b65eb2b23391c53a837cf41f394b925cbb7,Win32,0.21004944,0.0702152,0.06727156
05c32360913168c71800cd4040bef9bf3fa0e87f682036312826574747937ad2,Win32,0.34068707,0.29963347,0.43891776
05ddb9d6b91baf217e23b308a4758231cde9a6f6ad43e0770d69c5a5105338e5,Win32,0.16302106,0.082094595,0.18192586
085e52c895025f5241481ddbcae48731c5a67234dcb64ec55e836505ca3a2e82,Win32,0.20504749,0.044244904,0.06618048
0894d290b87f3291c42e50e068a515fa9a5dacf867e7249b04a1fba900634598,Win32,0.16492575,0.1674578,0.13635395
0902aae5f4dc54149490f124f88881cc32c69d2554c5020765d633bf3cf56e02,Dot_Net,0.86867815,0.8660256,0.9064099
09286de89061f17e95b3fe806c90c7c120682b4ee787986777ec13c7699bebf6,Win32,0.6800869,0.6993781,0.39988744
09299c9cc7996b7136d50c95c5a48c389bc4826560769174ccd76aeb4f08b958,Win32,0.17528105,0.016653635,0.062795065
0944f98e953a8242f8c9a8f1e43a7f07191d1c6c431f4291d80909947c3b51d4,Win32,0.22011705,0.040854637,0.07089367
0c88a91832e69ee91fb18028318fb8b6babee7588fe28be6141714f9436523dd,Win64,0.60373366,0.6293916,0.5292694
120a34116e4278e765e2dc0eda832da42ce28b408d5264b71d9dff936608f86c,Win32,0.21621037,0.08225492,0.06751859
15bd3eb3a3ebe8aec5845b731286854e5c58b0c42d68de390dfd11741a0593da,Win32,0.19553904,0.05003724,0.064432114
2037e4133aa2ca08f116b2660b627c4eb27ddfc69a6d09894b87ba5e21b35b3b,Win32,0.17916182,0.11313901,0.09868467
209b99f400345072ca85e959ea078f884d60f94ec647c7769154884d7f8b152b,Win32,0.21984388,0.06598524,0.07208112
21b909ad65edeb5eafec9c60c138d5a51b75fde1726c88e5124e98cd58e68f3f,Win32,0.49934062,0.29963347,0.439089
22a35833fd88d4622b3b626932e20debc984e6311eb54bb25d93e9e6f7bfb91b,Win32,0.23425749,0.10767658,0.08573427
22b70c6410b889715d4df189e583327578fb18edeec1f73ab8aeea7d6d9f88be,Win64,0.60856277,0.38487124,0.59178793
25d40d5cdf43d04afa765072829d3221eabde9598e958c09364fb416efe71cea,Win32,0.2018752,0.045409925,0.06551275
2bf2588d818f6f36d371dbf61aae188ef1e20c017ac63b2f25716fa925dccb9c,Win32,0.23133522,0.058277592,0.0779146
2d046b60c282ea52806f6909baa0f0d2eeb4dce2c51895834c42fb8fc72a0e3c,Win32,0.2449026,0.09502423,0.087027214
2dc119979db7af6999e4e003cdd827987f5d60035049a8f9998a66eda1864453,Dot_Net,0.2002045,0.23464994,0.30076063
32063f46fd6a4dd8c1deb33c6bd158f24855951a7816b61f13c621a4f6c64749,Win64,0.768576,0.7433666,0.60825366
380152bb4273cde8190533cee904d9f15f3b3b1384a326254143ff120d143f4e,Win32,0.3713515,0.32321125,0.21535067
3f49d23c2acbfa8d1ec0a09cdc8bc0c3715ad1be50c53a35d43f096bab9a4551,Win64,0.49639836,0.7622672,0.80508626
41794b5b46fb063d7e934eef590f059fa8e6875aff628adcf85b8449f7d3b027,Win32,0.037132617,0.043491326,0.042510472
428927ed34fd9331b3b265fc25e1924983a9cbb1655f5858b3868e6314d0ec61,Win32,0.18158382,0.10593345,0.09665548
45c62aa659473e71c44f81ec6829528c8d35c131c9f69cbdf2b6c4e703bb3cea,Win32,0.6839765,0.7674453,0.47802046
46f3882b93354ac971ed1476023a0cd29caf991282242fe2c545c0782816ff45,Win64,0.03712003,0.0414427,0.05154741
4a893b735971788617ef648764ca4bc60393b7814daee905d4263650f696c717,Win32,0.25228438,0.29963347,0.4391497
4e512d56d0a540da3961d3cde92e90ade671d1a1b97b9aaa7761a2e8e95e8196,Win32,0.28361818,0.07605941,0.19595526
505e2606b61348f130125f356f695202f4ded17ed51ae23369a027f417030835,Win32,0.74752754,0.8479414,0.40014017
533ac542fb72945c1b39ebb027f9539e762908380f18aeed1642367379996845,Win64,0.1769985,0.14888431,0.06280716
53db7a6ad7c62e7d4e5ccc93f8460add875710024b88360bd806a7e40dd05aea,Win64,0.9136168,0.9808585,0.9866093
584404f554d8563ea994d10039fecf58025fa278138ad6c3f5a2375a968b60ad,Win32,0.59572965,0.60017544,0.59160537
589fd3435cd2a36d7325fcf2c406ff4b14b3f2d1737de0ce2da7ff3c878b70a4,Win64,0.9629443,0.9741814,0.9465723
59cc038942bc60fafa4d7d657accc112554691848f081019a15f151119caf124,Win32,0.2030464,0.044244904,0.06630179
5d58c2ab2367504b32848cb2fc7c38dd6e6d5fedfb0dce19091f52ad58c72567,Win32,0.35787857,0.3148993,0.3760278
64f8a28f7ecb32404ff0021f49eb209bef170a509062398885196f03fe5959bb,Win32,0.124279454,0.29404914,0.43927497
6e36883b6d9f1f51d513a02388e6e5ba980cbced8d605b3cd6fa6838b6a114b2,Dot_Net,0.733517,0.7278332,0.5253379
73f5213f105ae7b336d91e511a6b38d2bd118943577c7cf67be60689c2c7da6c,Win32,0.15064172,0.054907057,0.2075051
73fe16ce4548dc31a189a3194bcc6bda1fe8c8ee8b939bb58a17401c2dffd80a,Win64,0.105138615,0.17646553,0.19333367
75ccfbc797e9003b4b2495d8c29362f86a9d2d1d92ab3dcda7874eb4370e813a,Win32,0.017941704,0.14448175,0.14811584
785456010407ad1cab82b60489a807124c774180c4eceeffb41160dd2bee86c4,Win32,0.22252478,0.100469135,0.08968876
82e2169f8f883012fa1151da48b05051f6546d4d26199386471d1bc158c9a8df,Win32,0.1827932,0.023245016,0.039707746
84269987a6e6b33259f422a8c878f37a406b4a2d1ddf7b349864b094ff50e175,Win32,0.07305042,0.081436165,0.053634964
890f60a81d5c2597194af58b1521b1517e025a4a95d292a4c161d842658e5e31,Win32,0.751035,0.8479414,0.40014568
90888d7d6c1e7e54c3e21064aba0773abfca84c15ccf644bde92feefcd76f43e,Win64,0.6682372,0.5778658,0.61918825
9a226c7c194d8b0e69165d18a2ef1ccd54d9484efe6cb2dc852e7e9e758b1f41,Win32,0.19136742,0.03640453,0.064410314
9b698d4bc6d60a5a0529d1bd483f5b1f7feb3ec903ad38c9a9b3773b3adf5d78,Win32,0.36322007,0.061142784,0.06286265
9fed67003a401c25b0cdd65ca6d5d16d9f413480db7fcd95066462643e218226,Win64,0.8937872,0.86111575,0.7373595
a4303b09bd1bbdeff4bc6124ea2a6c8176c856a64a9d67a67e4bd07c9c1f0ef3,Dot_Net,0.11395956,0.11694924,0.047196776
a603bf7898cf1bd08d86d12995f003306bb56eb57d44c5b0fa6efbb188549c0f,Win64,0.7116904,0.71690017,0.59164065
a711664448c357f42ca2caf9bc0a92fe92ccfac38c1deddb2cc9bd9fd2c7a55e,Win32,0.4723407,0.83390546,0.40031818
af488b5c1f3388f1d14da507b4058d5203fa4a2555c55be92160f38ccde79b3d,Win32,0.43738967,0.7238581,0.43814287
b215912cd3659e502357e9670810c09c62e3036d8ac1e4e7734b516a4fec0f2d,Win32,0.3142942,0.29963347,0.43897218
b8546673e42f678f87963cddb24d0f2a5ec0d4aec53ea2c932f3446f66320f9b,Win32,0.15931445,0.16394469,0.14699551
b899d5e5f16d0c4e364871a0c38ba8af0981ef168c81f48f66a1976fe85becdb,Win32,0.27174932,0.09703999,0.38124886
cef7332531c5039459942260c5868f9dd438a37971e7b1ea70874afbcfdf875e,Win32,0.62155676,0.7167135,0.70923704
d5cf1598d167429999926724f4b00472aef0ac88fc9b92a2fe57d6ff8603c1d0,Win32,0.19718437,0.08654535,0.28842288
ebffb7303cbcf7e1c259bd2f32d8fd6f1538073080cae9254a0f3d24a9be8e91,Win64,0.074841745,0.07895794,0.054320578
f5f7de9dbe0d660170e5bbabe46ee44bcfde622e4eb40d14245087aa8ffcccaa,Win64,0.681269,0.6543809,0.5321811
fbb693900bb4d94e17184ebc68c2477b4cbdad33da61a2891867b31463fa8af9,Dot_Net,0.11395956,0.11694924,0.047196776
010cc14fc400c0810172ef2a380f2db693842b05fc8c04866120f44b213d130a,Win32,0.22162491,0.06884874,0.06949946
0173f46adcd78110c73f1dee1189de38a2ca01d60483ee2da7470658a9557ff4,Win32,0.22619599,0.07154488,0.07774769
03f894ef0655f308f2c1c2d960ca743ac457e6f27aa01cb6af61bde68587ec57,Win32,0.75565654,0.8479414,0.40014225
06da45734487701af04131ef0de605acd5bdb59e5b527e9782dd573a1dc17d32,Win32,0.15429096,0.12230488,0.13662611
072d2be0684fa70051221b19356c68b0f2129d0bf3f55eff95d8e0d0784d1ac8,Win32,0.095337406,0.05925942,0.107511826
0889f4a134797d8db0639c0f534446fcda272836a5b673e93927dc7765191e93,Win32,0.17528105,0.016653635,0.06275954
0b1c2b0f22bd7dd652a8a1ad0468a7d83306e770daad1c12e937d2dc7df26055,Win32,0.19553904,0.05003724,0.064393826
0b4b11b3169bce56c69c6084645b471741ffbba29394ce03620c9961e245c0bb,Win32,0.21792123,0.061966307,0.07246029
0c4660fff96037bf0bff27c9f41a04dca126f3a297bfd60d9039c48d38adf458,Win32,0.23425749,0.10767658,0.08567407
0ce481c9b6f08906329600e7569ceffcd9ee8908951ccfcdccfb51e869123721,Win32,0.21811597,0.040854637,0.07086307
0d9a63618937826a31eadffc720ae24911b829e73d42e52847f7b1d688e08034,Win32,0.22822694,0.054966584,0.072107345
0f1b35b386cc827c68c2131b06aeade9b6b4c611272bcf80167445a7873195bf,Win32,0.15844691,0.08787453,0.18178414
0fe9f10c71ced3557aaf0f784dfdb527c835c03000e0f064ca0bf531a04d0ce7,Win64,0.733517,0.7278332,0.5253379
100b40fdcecec3a8f2ad8d4ba3ef2451f0e45895b55e125a70dc3a2ddea63abe,Win32,0.18091728,0.10593345,0.096316166
10205bbf1ee743bdbcf5fa567925e99805b68fe8d4c8500bc63a538dc2dfc4e8,Win32,0.23245792,0.09327454,0.0868952
1164a8f550cdcca584fbef5b09a9acb89fa79fbde89a66e92e1b45dcaa982c8e,Dot_Net,0.5326072,0.59621084,0.5264607
133b254cf141513f033e243e0efabaf4ad324543ff5b7c3cab842bcc0bc6ea51,Win32,0.008283548,0.063337766,0.041788116
1399ed77349aebfeefd34837b25e19e64ec563e16cbba804be66f48edddbc128,Win32,0.20156485,0.036328007,0.08631065
13ffc0eb88903f989e1c547107d0f7c790936fb5c90214b6b9a379a231741c98,Win32,0.03368585,0.03176368,0.22895566
184631d3b0e796fbf769b28530cf696ff871b3bbf260b5fc0d9076fceba130e1,Win32,0.05969129,0.07540055,0.052210312
1896ab744e436ca52a1c6c64a4608dbb8e5597e35d13be1f3c56bc65eb44e532,Win64,0.3072439,0.085988276,0.057594847
1a86fa2f1d360e6cfc661dd26459509db7e6c6299be5821806900df09a66d842,Win32,0.22172548,0.09866296,0.08957899
1cb8103e9fc2873e429fd761ad75d4c981c3f3b2269fb62487334c96437118ba,Win32,0.16530852,0.0205296,0.04222623
1e77e515a499e512da73b49852a91490c3a3565c2577177bae6a978c5aaa6087,Win64,0.61916333,0.6397523,0.5304224
1f8a893c2e9d93434d5fff38d3d8fe43e5538292ec75e61491ef2d9635b08843,Win32,0.63741606,0.6360044,0.52783245
2022b93110b4fae267208402143e93ebf5c4aa297f5e132d392f308f4c956601,Win32,0.20346558,0.03205578,0.06627296
205e89974eafd5a928a7d820fbf9f11b1b023df481213fbb3d62a8af9a447b58,Win32,0.1986745,0.045409925,0.0654832
23be6da44fb4f4a4c41d4e86ecf12e173b484b60baa5af91503af454dd70f688,Win32,0.31048486,0.45628977,0.20947868
25b97bfb8a38d714ba2dffc1b6d2f4d7c4a926e9a2cbe46a94ba3b7b3c7546f9,Win32,0.20980401,0.07721398,0.06713335
37c77426181bc9689c7b6f627d0ad0902ea8b8482e718abdefad9c9188b2a9c8,Win32,0.18049684,0.110123694,0.09878735
3dcacff4eaf6e6e5dbb07f34d368d1e3947f3cb1af3ff9bbd16062c338b3599a,Win32,0.19197334,0.03818078,0.086492166
43aba500789a1170260be36296223b4610ca10c969f7beb7c6ec0623ce99eefd,Win32,0.2704287,0.29963347,0.4391651
44c2ca2a7b550dd97987d0ad2c15d9768070948c8bebeef82a2715decd4c9474,Win32,0.004700861,0.025505852,0.015466166
492395059567539be747cb733d119dacde9e4e19ca6394770315884a1681e4ae,Win32,0.75019264,0.8479414,0.40014184
49ccfa66eb3483941d24b73ebda0b03c3214e26be17e43e482fd835e6586e1ad,Win32,0.7576996,0.85773414,0.4000664
50f04ea817a63f7c7f8bd02ad042fff331af6cd7898414abaf2c6b62d82bb570,Win32,0.16895172,0.21181762,0.43269435
59a438cec9f8901b2c16f3a15e6efa2128235b303a05347aadb6f0fb490bbaed,Win64,0.10675875,0.1685486,0.16002584
653a5e591dd3b2c4fc07143f5076c213a1f063b847c8dcc1d4130f48506f09f3,Win32,0.23917973,0.18119533,0.21227714
69c93c136957d1cee9f4b82dff8cd2c79d717e53fad9562c9403a90292a7573e,Win32,0.43090641,0.83390546,0.4003893
69f122fada814b22fccbd32747465b91a1df94e0442b4ca24e3eed5559b11824,Win32,0.6730234,0.6077162,0.6189743
706afe36862e40866765972c16e76868c64592821a0643a0bac67fa825c3e139,Win64,0.6462877,0.5163973,0.3314943
77fc96ecb873f3a79363fcfd44b323a7cca534f9f05792960bc3e0c383db77f0,Win64,0.60856277,0.38487124,0.5918362
78bf1463e9b10e41ac9d3b810af81b5c493dc29114cceaf21a18fbd94a383b9a,Win32,0.037132617,0.043491326,0.042510472
85ea530e9f79ce2e4656f447be43ec8ebbd5670bcb2360708ef51fd72386af38,Win64,0.733517,0.7278332,0.5253379
8bca893c7d3b40a22722c6292030b2ddfce9cf462114cd71d33073f60c323256,Win32,0.5828055,0.29963347,0.4390194
94e0d6353145b30efabe1116c42aa45a059bcb533606e63af7717fa14644e49f,Win32,0.3129688,0.32237503,0.3441148
9e2e7f30b9e51836bf0a5d8b6b17317946e29832b845c1efe11b48c3f9f6ff32,Win32,0.5414126,0.68931127,0.71728575
a6671199445b27d887b3d2b79bb4857b184ec7dd893b9235df212cf834731772,Dot_Net,0.23859432,0.3611763,0.3391646
ac1acbc2565c5b57680d1f0a8b5512d621950eb61263b73ab282d0c8dc3490ab,Win32,0.12741864,0.07354118,0.052062724
b36029baa0d07c0dff7b02fd27c303fd148e720328ea8c4e75c0c4b91fc0b1b1,Win32,0.19243816,0.026477842,0.064460084
c477934f3112c456f966f26fef526265568666d12c3a7403011f52a9673a7d23,Win32,0.9857141,0.89581424,0.37425593
d21b2ec086f7c51d10c7e0dce5eb82bcd7635e1ccab8d4b5c7d5474d92033c3d,Win32,0.29095685,0.2184968,0.33666307
d5ff17296978c99091c405320d6b4f5ad4680b637ca9eb67c82ca2ee7e88e4ec,Win32,0.20254067,0.043160733,0.066123314
de48e45085a95bce929118d79438aa16905d40f998c7d0fb07cd1352852ccb2b,Dot_Net,0.9450314,0.87387633,0.9987038
e4b06d32b35cf5d7c513abd7a5f440d48ff52fb73882366b4529b05653bb620c,Win32,0.16868284,0.13214017,0.46411926
f33238a0651b53c0dab72482cdfb8c33091acdc4a6baaebff1f4c27a16e2ccda,Win64,0.733517,0.7278332,0.5253379
f3e4b02b2af547d5dddf9f02507ddc6853918086dd9ff526e4e1833273eeb9fa,Win32,0.29347557,0.2525108,0.21515134
f4b52b241aef485c22b4e126c1b6a0d9bf3cd54356d45e065481af29f20b3d4e,Dot_Net,0.3137381,0.5443016,0.42711362
03c13e05cab4e108211770fce9eb3f603091284179e2b923829066c7846ab2b0,Win64,0.11423054,0.077986464,0.016591668
043a19ed6a8903bd99ffef3960ce6a5a74a9dc505ba06185419f6350c1760df0,Win32,0.53497803,0.7433666,0.60826206
0539729bda108920044b13c2d405e8b856d7945722c0435ee0cbf92484cb25c0,Win32,0.16835633,0.08787453,0.18168531
062bc397ae5982d11d7c841fe0d7559ead4ce2177572bdaa08f14324c1602df7,Win32,0.733517,0.7278332,0.5253379
084ecb46a4d91b31d68bc3585be85b905d0d618a51cf92a56611325982751dbd,Win32,0.23525831,0.09499247,0.08684908
0865373b28708318c42ac88247bd98407c08b49dd53bbe95c583dd3740cdccc0,Win32,0.1739462,0.016975584,0.06268177
0ba9eefc452e2fced8f4400a530e2344ca1d4d1528dbc86ee0448498724577ab,Win32,0.21013345,0.033793196,0.06618074
0bd59145a8cbd6fed315045594a956683c7694f7abf85767bd5b67c625865c84,Win32,0.20624273,0.053566877,0.06544222
0bda8ea6fb5f46f110c18e72bcef514d5cdf5270f310e7286d3d03a263ed8772,Dot_Net,0.27990174,0.072883755,0.0675334
0de00e10a856966af5a510119afe5b8be4c577f4de92142b39851258bbdfbe73,Win64,0.17088664,0.2297083,0.18343668
0e43be0377f90b36295d464f331238a4aefcb3c5bda03500a6bab883967605e7,Win32,0.21790996,0.061966307,0.07192496
0e94c580bce2539ccb7fd2051e8408a9b1733de608ddf109b55c4a86da1ef977,Win32,0.751032,0.85773414,0.40011004
1120623f2505fd45913780d81e119ba1fe12585c2e684e01a94082adb09fa6af,Win32,0.18489897,0.09765973,0.09651002
146573a527df1c518016a03cd390932aac0c9cf54bd5a2e854b5395cd7cf2870,Win32,0.004700861,0.025505852,0.015466158
17147007b7d6362d0917768c309705eab366454a133c1dc18e1b653ca31895d4,Win32,0.16492575,0.1674578,0.1361891
1728cdfe1702c2fc71e857f85fa70305aa44149e7984e032c02040c95e89100d,Win32,0.49726117,0.60780036,0.6431118
22cc3fe7bd64540e1960685cf7e77fe550b06f7204bc751a332420651c35fe0c,Win32,0.224079,0.11899256,0.087558694
2384ddf17997203347e787b3bdbfab0fb81368eddc4856cb5faf184507508f6d,Win32,0.43950546,0.83390546,0.40040588
23a259d3338565c432b29d968af7ffc1fde5114fb9ec28236e43b2ed506f6c0d,Win32,0.17982836,0.11313901,0.09864225
246a94ad12960ac77a1ae8358c7f6b4e1bbf0fa67788a59a95c4deb0d8c7ca51,Win32,0.30969563,0.68368554,0.4383073
259e5597fcd46f59d02fee80d99af8d57c5d3b11ef89fd961699333a85db349c,Win32,0.22522637,0.057866253,0.070754215
26b22f07b324aac0512b4ad7d327701f36ec10b211adbe012042657b85237a98,Win32,0.21446861,0.07721398,0.0671622
278dd3deb14fbf3f19019270b6f1ca3995dc0ba2d0a432e91dfecc642e9c27b0,Win32,0.2169073,0.054446097,0.06956477
28c5726a680b6f4d3c5855c24d284aaa1032b5b5773e15c36ebdeafa5c4b99b5,Win32,0.03712003,0.0414427,0.05154741
29b663dfc3254571155e715868929f3dbca3e25b9dc91c03fd3c05710a281013,Win32,0.22786485,0.0699023,0.07771102
2b3eb7f7f9b59e01bd713549619ae387b2815a00e4ec56304a5918ba5f933001,Win32,0.1974792,0.04741043,0.06431565
2c906dec62e7ebd3e5bf070975c3fff153a2fa85dfd036f1194edd6cc4c4dd7c,Win32,0.20720161,0.06197749,0.06658863
33e58f403a995fd6502dd0671b210fe8d3cc76118dd1828dcbdd7e050b764697,Win32,0.16030896,0.021270564,0.040374517
37bc7a9a996c71020bbb57350225174228fd130a24351964c2293369cbd9bd6c,Win32,0.35401687,0.31828183,0.43935242
399ae33ea4d484dc915fdd29a351e2e561e327529295353c64401100c1de1dbf,Win32,0.23425749,0.10767658,0.08568079
3ef1776d4737b31dfc6be6e61afc2d368701662c89c590fa6febbe8434a60ec8,Dot_Net,0.733517,0.7278332,0.5253379
47fa9dfd3521e55370ec808809c2e53fc50a7482f040f0d1124ccc164c7f0add,Win32,0.22065172,0.09249183,0.06755046
4bd38502771718fb2f2ba918b691922e250717f7a86b80dfe9318163b37418a7,Win64,0.35419112,0.520812,0.15652633
5b4520c068383fe4190e578dad817c638018e58837f6399bd6039bfd692584b9,Win32,0.4433259,0.76780605,0.43870375
5ce24ec885d719755410502e2a48f5f5fa5cda9ea6a9f5a2298e6908cff63100,Win32,0.20427252,0.06854029,0.06702892
5d3a41e2c6b854d12b70cea9000cafe1f3877bbccc51ca20f29da2e47f79a088,Win64,0.111461855,0.005924595,0.047395233
638b5fde30400a7df967b98a6b712ff9db1f458100a4aa680a6b6f5a17e5f8bc,Dot_Net,0.7326542,0.7345906,0.5704863
6a396d013be5f965671e1e08eb2660d213014718ac27fe10c7aea5c38a268346,Win32,0.004700861,0.025505852,0.015349947
6bfabef3f316e51aeb7e2a91666730e0286a5a9ac560d36258973227ac39e6e6,Win64,0.37066138,0.21564181,0.07097598
74d9d459bae173fdac842a6104f018d3e5047fef90a12dca473f72965baeb22e,Dot_Net,0.1392302,0.07528321,0.26876613
7bb1d8d1a61290f3014e26c371385dc79fc328b5d53c215753dff5c0fb37d702,Win64,0.15864672,0.15904938,0.07216091
7f44cf8705daaeb23a9bb6b80cec4ac3744743c1eac6ce21c11133f64b99be09,Win32,0.75565654,0.8479414,0.40013686
81b13d84a2db3b1d9bd19908c5de0dc135dbcff09d87bd660c60e390e3d1d849,Win64,0.26253116,0.07754222,0.053094704
88450ae2c0c19d2a3a54e7b2c029998ed3daf68e78fbd664aea50c7ed582f544,Win64,0.12946907,0.005246257,0.04510299
99a2b3c47c3073b7fa37fc124c7fc4f03f1e9069da4246af9cf7e74d4080d459,Win64,0.33072853,0.2206902,0.07415232
a6ba6e6099e3cba413af6f1942496bc4d662b1edbd4ca37290354e1bacb8aab5,Win32,0.008134622,0.079405375,0.043439616
c23e31e962885184e343d7f402561853515a44256a20e78f74e5e597090b4f41,Win32,0.24972795,0.29489172,0.33304262
c63405fceaecb96618f075c8243ee54607cee915e07a97f04823144fb7ef5d4b,Win32,0.095337406,0.05925942,0.107511826
ca782ddabe618c19a013f09094ca2401bd2593ed0bd5fced6b907fc27c9d80bb,Win32,0.31884405,0.6604899,0.43785176
cf957eedee66f9d17a3bc5bcd09c9118428986f3b86cf5f45f3e2a2725735e7f,Win32,0.4062797,0.29963347,0.43906775
e03a35db73624e7c2b2539581cfd1ef38b2335403003bcd1fb5b3604ae8eff5a,Win32,0.05969129,0.07540055,0.052200876
e3cbf6219138530e1d1a85666d9b32d9ca93de8a2a741b62cdbe0a8bece77e8f,Win64,0.63224757,0.38487124,0.5911326
f3f06967105931055590ce827e734c1900470bd1d8dc0f7a37a2b5567cf6a051,Dot_Net,0.015174476,0.015118226,0.017213196
026cc0f2c4cd389016d30ad9e8de7504cce9d9944f4c625fee1496ed1afe56c7,Dot_Net,0.32956195,0.45576003,0.4258729
0536e77469550cf67e61176cf6d45369c020357bd071619198506e37fe0abf84,Win32,0.00800362,0.07709425,0.043002572
067199b28cd38185975bae15878f158aa183ded22d12ea79a1194c05f08cf523,Win32,0.6391786,0.6360044,0.5277851
076ae977406710f581dea16ffb109886292e7bd3e745068eefbaa8c8a4e0ce31,Win64,0.8843284,0.7021341,0.6091469
07dd6a475623a537bf26a0c1226b1f1ba51f6321703e56171b6711a82e566ae3,Win64,0.15917115,0.009588853,0.024185829
1030989ee8d17dffd68132ae7ab39350b79f3f39da9378120e3a2c03a9315ee4,Win64,0.13197257,0.3861809,0.12337544
13e8b56bdd486f138923f66e3c6319d3d296968febfebd8224a656b559960f9e,Win64,0.09136504,0.010570584,0.027361596
15d560d780d57da56e1f4bdb8865a454a7f2d01d3f0db308945fa5a20b56754e,Win32,0.0026997717,0.023523286,0.015311313
18dbea258ab117eaeb1dc9aa093e31298a58896af2c264cee017382f452ee520,Win32,0.65839565,0.6360044,0.527794
194d149b714c75dffd5a42d830367c6273e2933a12ab503c48f6238cc6c08229,Win32,0.021461248,0.12725428,0.16651352
210d687bd3e308b2787ee0e8d51164e58d2414fb094320bf2b225809ab401967,Win64,0.03712003,0.0414427,0.05154741
26e77cac9a5c26d5e3a6c6ee5ee17355e41c176c31b9a97eb6593b6413a3c910,Win32,0.03712003,0.0414427,0.05154741
2bd08d5f14837502d6b0e6d8dff1fa4bee53baf0789ca400a4ada2361eec8f7f,Win64,0.15416335,0.012974239,0.034672793
2fced32b63af883616c0315b63dbe9aa17aeb494b9f898603c6245462da1d20a,Dot_Net,0.015174476,0.015118226,0.017213196
30ca6ba1a0bb9636364e031c6e5f593a45ee18c24637eaa50e81cc6e144d6009,Win32,0.61326915,0.6293916,0.52922106
3495af856e4c55417a885fadaac3622baa14b33fa4473d45d04c55aa0a0fd258,Win64,0.095014885,0.37750465,0.57814294
3a6cf8efe936090b0c5b3426ef8c0e34fc57b13c9d05a37b213d648e88dfb8d2,Dot_Net,0.733517,0.7278332,0.5253379
3c561b1c9eaa9618dc3c93a7da4ee2b97f583dae79dda146b931587a8dadbaab,Win32,0.18363662,0.03618516,0.08634168
49710c3ea9cb4ad2b0f7e452a5448a472acb8da323a91efa787dba990f5eddca,Win64,0.63224757,0.38487124,0.5910334
497c6ab60f7916a9f28ad641cbe26aecc7fe6dc7df596e6402c58de17ffe93b2,Win64,0.5524911,0.87854254,0.6590088
4b62fc86273cdc424125a34d6142162000ab8b97190bf6af428d3599e4f4c175,Win64,0.733517,0.7278332,0.5253379
4b6d3d3347bfb273546d29832e0a31ac1cfcb9fea91a2d44d471bfadb608d324,Win32,0.75832224,0.8479414,0.40014508
4be7c94c77a4baac3e6765a3cbc6318af3b2e0a2682b68f3e697e5739c30ead3,Win32,0.31781262,0.5445942,0.23472708
4d73f4cc5d65eebafb5ff210c2925d021b48ae55318f1f200bd02d03add75060,Win64,0.059068676,0.074673615,0.052866656
4ede3a420668f92bb22bf1e9846c2358f04bf59f7629223cf1ee92932d4dc05b,Dot_Net,0.8115813,0.97636,0.9959375
4efaf2bf6468b05099865a64195aa211fa600cf0bb1bad4d1d3a02973d49ec02,Win32,0.31281477,0.07076025,0.48138392
4f1f86ea807389b244958c02555426ca6077ae16ad941eb635b8dcc900f90d34,Win64,0.9918781,0.9883427,0.9830211
5512225d0590add1fabccec98b035d39f7c03a2d469c0042fb846a864de0d0a2,Win64,0.733517,0.7278332,0.5253379
55436bb445aa56341eba11a4f4d23d51541882ff6908b943832e4ee43d49a047,Win32,0.14838614,0.026634224,0.10171867
5aa763db738fbd88be6571e139aa83741a218790907427a13aac5e6e72bc5848,Win64,0.6399147,0.5163973,0.33202276
5f556d5a1546b6ef280e96fac968843202b48621dc8cad5102c0422fc9dbb19e,Win64,0.733517,0.7278332,0.5253379
63da48ce46ecbda2e81ac07d5d10aa5213af255d4fe82dc3b3c61e18aca61e2e,Win64,0.007439653,0.030079547,0.06333722
689c66b68201df94a09eb18b0965d966d555e7b30b30a52411dcb60c16948a28,Win32,0.33276126,0.37495777,0.31225422
6e2b037adf8eca148ae8897a2663f22ccde9385fed7685ad3492fdaf13943669,Win32,0.4155108,0.29963347,0.43885902
70305c04ffb2403a3ed387cb2c81c1c8c21cc809de57741636ac325036097f81,Dot_Net,0.733517,0.7278332,0.5253379
76fc2073177c7744811adb0f4df5063107d3be78fa4f54ba1509d7565cb053c7,Win32,0.6367422,0.83390546,0.400465
8023846179d55130a9289914a3ea26f5232ab29b88342e350cacf5856ecbcaee,Win64,0.18164937,0.23590322,0.17747107
84dcd73bacd3becba86255a021b936052b929cfdb852c3e5cc240bedf2b48217,Dot_Net,0.989582,0.9805139,0.96866786
85e68a8c48a25cfc4475ef961dff5aa71ca9acd24af50d8b57018238a74c53f6,Win64,0.11997389,0.009456921,0.04724489
934f64dd94a285568a950575d35670283fa8bd9007abd7ba50d9cbf316b6b4ea,Win64,0.06285187,0.074673615,0.052581083
9389e2508d33f4739aefd4e8b20fade08ae50ffd498dbfd8b409941ab7ef267b,Win32,0.0061501404,0.038776506,0.05173172
941958511261a0e7a5eb236fe1b487cfb9db4e2c2de76462664c0befb423c7ac,Win32,0.7530355,0.85773414,0.40008023
a80f288938c09e82da283c770dc1f67426cd39fbf8107dbf92cc368758774153,Win64,0.03712003,0.0414427,0.05154741
bfb5614a331baae96d92398e1ed8049081c66e4e65f6a6416a61b10b49e0b0fc,Win32,0.7482727,0.8479414,0.40027753
c1a3cf681bbda6da3049c09863a30808b1459555d54f04de2a7a4e8b27784396,Win32,0.66276187,0.8479414,0.4001654
c6810d878d852042ade6fe1a686b06f840a9921e132654051078e033d9028789,Win32,0.96981144,0.6353571,0.6321598
ce08c38979f668890c545730aab7269f742011013aac624112efd7dac9514bf6,Win64,0.89855313,0.7679916,0.575997
cf29b2e9501892effedbc907e79ed4d919e8862aa71aba1cc58f47f0c1006e59,Win32,0.99641705,0.9952232,0.99753475
d0218344f310e412220313a7a14f49aec23f4428c6b9cf944dd2ea2ca57222b0,Win64,0.084475234,0.07858094,0.053418387
d29c8b6edf557ea78654c11ab0868639f6bf3e70f0de42a7333833b6f8636328,Dot_Net,0.733517,0.7278332,0.5253379
d5707c0f4c550a8b68f3737e78443c1da4f4bdee0bdc1161242f882f572175cb,Win64,0.12086289,0.16133854,0.13710773
ec5b6b48dd1e7ae9d2cbbbf47fe1ec895e87cc16a26cbfe2b5b53f544dafa2bc,Win32,0.004700861,0.025505852,0.015349947
f3a0b8cc574060434ecee41c3e7a98876639d39c8ae1bb03ea0fe60d5262c136,Win64,0.006120074,0.002658599,0.015610722
f641e1d9b1097fc2015ea9ea785e8f4c679851a7f352d5053724ef8ccc61118c,Win32,0.3051488,0.502954,0.21501805
f843076a525c411889b35c5f8314a9da20af56d21bbe37634d1162bccd92d132,Win64,0.733517,0.7278332,0.5253379
fbf90971f5ae390bc834999c0647213fa1bc380354006c82033556da6f612f74,Win32,0.20690255,0.18225569,0.08351528
0272a754b12fb82d9a01f69655a437f4c95e481d3f67a1cc3af85adeb810492f,Win32,0.2564327,0.15234645,0.10385434
05e9f85f00f2ab71db6bfec26d3ab6f4ce2209baa7d2bda1f54aec8b24a317c3,Win32,0.59572965,0.60017544,0.59160537
0b5164c92d4488ed0776d56b6295851e732f373b11ee1e90548ccbcbbb7725a1,Dot_Net,0.8463217,0.8700705,0.79016346
0b7953df4fd6c51a8668d6a7c729d28e9ff7c0757e1799c3949daa54830a0c70,Win64,0.828035,0.56663793,0.6739026
12afa40e51f659a90a2ace16fec2ececfdc53cf9f3292f4a2a7a1227436bf657,Win32,0.0877414,0.13708088,0.4650915
18e425fabddfbf99780d4582f81ccb116e8b5b739890f07ad2d13e07878158fc,Win64,0.10556946,0.17210838,0.12577254
1917b2705b9fa96152de41ff8be6e2ea882bb73ab7893726d44fa54fe852b50e,Win32,0.61543685,0.6360044,0.52782494
1aaddb27a66a0e07c8d0f3eccdfb2190f9c7807b0919a8fe40c9d4704fe50595,Win32,0.57932675,0.5372153,0.57557803
1be0d86ee915936a139393a0014cff80a4a22e7e0f9aef3b12ed3417917ea44f,Win64,0.6418469,0.38487124,0.590963
226702bca33b24146d63802b71f7da87543adbd77461b035eb71c95d88371b3a,Win64,0.1519032,0.14969663,0.06738176
280127598ccac32944cfae6c2c1ac71a1dfec0b3b725ad4578a7e7469494320b,Win32,0.010512368,0.07321644,0.04273793
2e9d7c5591db5ba87844a549fe6f0a39e07c38d477fc62eda584763d303525f6,Win64,0.733517,0.7278332,0.5253379
2f8492e88ec698fad791d30fa83aede1eb48dca8573b8843b08607c31a05dd23,Win32,0.8363377,0.75071126,0.6508469
30a85f7c1a9f2995d46f34203031316138124149d5487231b7daa3e57b58e1ba,Win64,0.5533778,0.8666701,0.29217485
31dbb65f151cc7dd7266f19be7bfb8329a39806f2c99265e1b488505607e0160,Win64,0.733517,0.7278332,0.5253379
399d3d727e8133d00d7c80081b39df282f90f6610b3090bad4f4504b8225c1b7,Win64,0.48275608,0.30121264,0.61892664
575fc1598d5a100c3891e58621a649feff66e9363bc6e452aee70d5154611928,Win32,0.115846105,0.109472595,0.19154336
58fbfce8eadde5007d9b9d3a1850538270f4a71cebb9abaadca3172c80ff6111,Win32,0.6430305,0.63671064,0.52810484
6dae04b373b1642e77163a392a14101c05f95f45445f33a171232fa8c921e3fc,Win32,0.4051772,0.32551214,0.07272367
70cddfb133894575e90e6582fcf437fd4265c83681d48cea0731657079a300ac,Win64,0.9635902,0.89654225,0.84120905
7399b0057a84901e4322b506e1f60a883ccb8650198c366778f63434dd59fa97,Win64,0.04468237,0.0034079363,0.016368687
787035e8ab808fee287d665e487fb71394aaaf265881595d75d7239ab52957e4,Win64,0.20006937,0.1611481,0.06922106
7a8e799f707ae87d61c71dfe8773d784743e892aee45ed8fcaa98ec10fe84116,Win32,0.10311112,0.034805633,0.2811471
7c10489680a5a7522647e7d2a354ee07eec70d33e2bad05c5ad40867ebc1e7d2,Win64,0.10138089,0.008730801,0.045794047
7e556c4358d2d7885163ccc51e345942efb8e13ef2bf387202925cfd62a2f647,Dot_Net,0.11395956,0.11694924,0.047196776
7f083c82467924ff353b5d120281258f6131f13bd445f7a951a02ad30c876f57,Win64,0.73538166,0.72528595,0.5413067
82b44c2155ae2a3a2181798cb6dd2efe46784a3cdea590fc19c9c760cabfac94,Dot_Net,0.13235706,0.008995468,0.021892687
8671946dac620c3da971d88fa79002a5c1f4bbcd18656d4baa7d80fee5ea463a,Win64,0.19050726,0.2890927,0.16870268
8aa58577168a3ffac18645a0f8d080e667f3fe19cbc1b26a3c4035b99924aefd,Win32,0.32013333,0.19903068,0.252082
8fcfe4e0b0986a5c8e3506aa8cfa2cbe3066517ccf121ee081412cbc56e59fe1,Win32,0.3011488,0.502954,0.21512061
918392c40bf7e495f423a2d807d116c8f1630c53362e6ab0cad58b5d7b1acfd6,Win32,0.4034207,0.29963347,0.4388985
a9dd5ebf5e2570c495ecfe43efed98dfc2dba36c7374dc53f53c2030a4c33bd7,Win32,0.44867784,0.4619893,0.24197426
bbd50d219a4080b6aa4512d946355b418d529cf092608459d73f397787c5cc69,Win64,0.733517,0.7278332,0.5253379
bd48834ed8fd535fce2749bf63133fa4ddbd43cf582fb9651568adead625f61a,Win64,0.11187637,0.009456921,0.04724706
c613a7a9ecc096765ae675a784a90b6708e1612cfc6a092618a0f16f700e237e,Win64,0.71277446,0.5425006,0.6230237
cb54a84a1f0efe779885c25d542f81738fd3eaf702d7c40a7388a41d46e95f4a,Win64,0.1062473,0.0065796063,0.046213467
d19129e37186143375fe7e7f853e058588accb42f909d5bcac65995d030397d0,Win64,0.733517,0.7278332,0.5253379
d25f068d07d145e9410ff32ae467f273339f601cc26dfb556126b999be85ea96,Win32,0.33286968,0.045376547,0.06253524
e1e654308cc0026d6b8eb36bb7023957fb517b508e72a7fabc4a19f32cbc815d,Win64,0.79770964,0.71447384,0.54714036
ec9e948c0da2128d274945962ee0a1984331f4b41f93e90dea1a5c7d5caf5103,Win32,0.070237555,0.05582055,0.022592636
ed9e58c44e69af2befe170d52f24dd5d6e40da15550435a05bc88fcaaad3f979,Win32,0.14427277,0.028517673,0.103497654
ef35e3d843043518bacc8245bf32cc2dda251b5a61b6fe48a9c0a94eab46142b,Dot_Net,0.19371325,0.20969369,0.29931656
f1de0e36cec1816cd6e615748266fe88507ddb0505dbb054dd995fd16efcf7c5,Win64,0.03712003,0.0414427,0.05154741
011ba8d870cc2b14c32b0dfc257ac21986d6ccb075ac3496b9e5a61b8907ed63,Dot_Net,0.5880348,0.931197,0.0983231
07a3526e0efb73be44f9db1f3eed7599d0344711cc87b41d56c13c134cce1526,Win32,0.29545578,0.11204317,0.08258012
0bef874d8dab4fcf8024227ccc870ed7f6fb9c6d5db0ffe5d447948c26c3cad8,Dot_Net,0.015174476,0.015118226,0.017213196
10a27dc90bdada542a51f72580052a70e58aea8cf5724c59c6f1f85c4322b5d5,Win64,0.8581074,0.8272506,0.7069529
1109c9e3c990ee576f839e2237277e6ff060637a0f6d976ee4b360fcdef2c4d6,Win32,0.38491774,0.5166058,0.5182023
15d26e051248b864e37e9ff930d31858cdaedfdb87c98dec4243f723bed7e1b7,Win32,0.4677752,0.675283,0.6116822
15f763d96fdb72c371757ed4197ed4f798fbb035d72191f61b7d5f11e4251d46,Win32,0.256298,0.15965872,0.1037982
19be07520c3d4054d4028d691bdf9437c1bf1160487f69d902fa1cf63f656439,Dot_Net,0.10698991,0.06423073,0.073633395
27c8b2fc3bd2ee02a3b41eeb08949ccd8f1c24f7c563e40cba5cecbf079f675c,Win64,0.828035,0.56663793,0.67503667
29cba7484b4b8a1821f68e017343d59e7d93def49ce8db1a88c6f6309858b9e3,Win32,0.34815025,0.14237498,0.18247217
2ef886a8a67509d25708026b2ea18ce3f6e5a2fecd7b43a900e43dddab9a7935,Win32,0.31505764,0.04016322,0.06143557
3299d5136ae0f7421c9fc4f8485a183b724a85782f4651ab3f9bf2aa8bcfa416,Win64,0.120133795,0.004821693,0.04507598
33e0677b9f7f666e28111b5ad01fb93854c7cb94fe14fb63f3535bf6a872e760,Win32,0.042273797,0.12496199,0.23859881
3a298d910cf20e324e7fead154b892f9ede2328af409c7ceb2c6e5e8e1395ae8,Win32,0.48644897,0.6920313,0.61061555
4b1176b4054554e69d758411f43c6dd7088a957cb938eba7b93996ab597e4447,Win32,0.82152677,0.75071126,0.6509377
53b9c26e4be8fc9cc1a4ce59a5aadc342fa99a68ed43fc95c14cd2d2a09f6f62,Win32,0.51939255,0.59621084,0.5266973
5b8f64e090c7c9012e656c222682dfae7910669c7b7afaca35829cd1cc2eac17,Win64,0.20004484,0.15414144,0.08149603
5c37857f57a81a2deeab997e617bf8a6febe9b8e92eda30f204bcb1a2c19e62d,Win32,0.4278465,0.6965613,0.6099362
6db09f73052ca6629b5b8fd68ec0b32bd92a6f6bd1a98ae9172273b8777d1520,Dot_Net,0.70801115,0.7619187,0.69236326
7231871fb0cdad9a4fe4467d9b6dc5db71986d5c3747c1bc52630f97714a30e6,Win64,0.37921986,0.19749025,0.3935197
7e9a1d19b80301bd2f0e7571f68541d712469ef6538b3ce30c066b0a057684de,Win64,0.733517,0.7278332,0.5253379
84a0eae4e91f7225c639a4346bc5167b5795a7ff3a980c4afa708e01a70c76be,Win64,0.40807083,0.26925305,0.06706317
9d6941eb78fe79304173ad70f563a515b157ec15781d997e7f878ece37b4e119,Win64,0.32635292,0.03820338,0.06329452
a23816a70747942b0b581d31a3dacc95041231e70bcea7f64ba19f5cd7265797,Dot_Net,0.9106185,0.93600744,0.8845192
a3229a8a550cd643fd7b33c1265ca01b22370129d7374a099a3ac343c0e5bf3a,Win32,0.82743114,0.6047972,0.6161661
a542b1f3c9f70ae48272ed328b73ed41895b91cc73a54a0a58a397018b9b2fcc,Win64,0.80638367,0.7433666,0.60828096
a5a76981b9dcd98f83669724813de4c3682dada705e67f60bae2812f18fa09fe,Win64,0.6001739,0.64283305,0.52558976
aa50fe51a64a39d55ff5cd185860f3cd849678b16a187489e9a8863b6f51f56d,Win32,0.4122842,0.6920313,0.6106997
abce4d7f8ee8edac0baaf3d873b4d70f8a3ee8db8cc4fb4b1e3fb4df27c9d476,Win64,0.733517,0.7278332,0.5253379
b2d9daaab59fff13eeb29ff42f3b4f619cf2923fa984e65cafece52f1da96822,Win64,0.79658663,0.60889655,0.7252497
c5aa9b73977734caad3fd1fd3c6724da7d3ea97fb776d33b184248e82ce0689e,Win32,0.08178357,0.035584223,0.10410668
c863090a2f509cd75c66e749246d46b72f13ddc737bfdba4428a28e8bd6acc14,Win32,0.14491007,0.13214017,0.4644899
ccb5f81de1b3cdff2aa4fee060fbd13fe37e6ce998a42113e3482fc9c3c6ee96,Dot_Net,0.11395956,0.11694924,0.047196776
ddc0eef362bbf8d8eb6a7be6ac9f69df8dd9a5a2a2a1736d5ac176c9e925a287,Win32,0.14524406,0.058607757,0.19130768
e155ea2b44fa476545731eb597af6f7360d4501566fb0004f43945b1e7a8137d,Win32,0.002776442,0.0010363833,0.0018492049
ef84a998fdc17cc0cf630e8e00586d6bc2ade522c21686053d026b6649d5115b,Win32,0.12451712,0.024692446,0.101868555
f21adea32996071e9ef6c1f5bad7bf26ff5ffefd9f1898041ba757dc37279597,Win32,0.33209997,0.044203755,0.06250892
f25a9cfd594b8314f3676a8b65fbb9d6256711c45803ea4d3339a9e3ea548ee9,Win32,0.50952274,0.6447429,0.606257
fe89e96df42ed479c2f14d4d106df10f37d832b23578d6f975168c55f92ae415,Dot_Net,0.9773107,0.9363034,0.9124756
ff43dce3e6d8c7deadec02af76817f02cfe770f6d1599c96dd979e07c189c51b,Win32,0.12536232,0.18342799,0.024506466
